fileA	fileB	revsA	revsB	shared	weight	crossPackage	crossModule
junit-jupiter-api/src/main/java/org/junit/jupiter/api/condition/DisabledIf.java	junit-jupiter-api/src/main/java/org/junit/jupiter/api/condition/EnabledIf.java	22	27	22	1.00	false	false
junit-jupiter-api/src/main/java/org/junit/jupiter/api/extension/AfterAllCallback.java	junit-jupiter-api/src/main/java/org/junit/jupiter/api/extension/BeforeAllCallback.java	22	21	21	1.00	false	false
junit-platform-suite-api/src/main/java/org/junit/platform/suite/api/ExcludeTags.java	junit-platform-suite-api/src/main/java/org/junit/platform/suite/api/IncludeTags.java	21	22	21	1.00	false	false
junit-jupiter-api/src/main/java/org/junit/jupiter/api/extension/AfterAllCallback.java	junit-jupiter-api/src/main/java/org/junit/jupiter/api/extension/AfterEachCallback.java	22	20	20	1.00	false	false
junit-jupiter-api/src/main/java/org/junit/jupiter/api/extension/AfterAllCallback.java	junit-jupiter-api/src/main/java/org/junit/jupiter/api/extension/BeforeEachCallback.java	22	20	20	1.00	false	false
junit-jupiter-api/src/main/java/org/junit/jupiter/api/extension/BeforeAllCallback.java	junit-jupiter-api/src/main/java/org/junit/jupiter/api/extension/BeforeEachCallback.java	21	20	20	1.00	false	false
junit-jupiter-api/src/main/java/org/junit/jupiter/api/condition/DisabledOnJre.java	junit-jupiter-api/src/main/java/org/junit/jupiter/api/condition/EnabledOnJre.java	20	19	19	1.00	false	false
junit-jupiter-api/src/main/java/org/junit/jupiter/api/condition/DisabledOnOs.java	junit-jupiter-api/src/main/java/org/junit/jupiter/api/condition/EnabledOnOs.java	19	19	19	1.00	false	false
junit-jupiter-api/src/main/java/org/junit/jupiter/api/condition/DisabledIfEnvironmentVariable.java	junit-jupiter-api/src/main/java/org/junit/jupiter/api/condition/EnabledIfEnvironmentVariable.java	17	18	17	1.00	false	false
junit-jupiter-api/src/main/java/org/junit/jupiter/api/condition/DisabledIfSystemProperty.java	junit-jupiter-api/src/main/java/org/junit/jupiter/api/condition/EnabledIfSystemProperty.java	17	18	17	1.00	false	false
junit-jupiter-api/src/main/java/org/junit/jupiter/api/AssertFalse.java	junit-jupiter-api/src/main/java/org/junit/jupiter/api/AssertTrue.java	12	13	12	1.00	false	false
junit-jupiter-api/src/main/java/org/junit/jupiter/api/condition/DisabledForJreRange.java	junit-jupiter-api/src/main/java/org/junit/jupiter/api/condition/EnabledForJreRange.java	13	12	12	1.00	false	false
junit-jupiter-api/src/main/java/org/junit/jupiter/api/extension/AfterAllCallback.java	junit-jupiter-api/src/main/java/org/junit/jupiter/api/extension/AfterTestExecutionCallback.java	22	12	12	1.00	false	false
junit-jupiter-api/src/main/java/org/junit/jupiter/api/extension/AfterEachCallback.java	junit-jupiter-api/src/main/java/org/junit/jupiter/api/extension/AfterTestExecutionCallback.java	20	12	12	1.00	false	false
junit-jupiter-api/src/main/java/org/junit/jupiter/api/extension/AfterTestExecutionCallback.java	junit-jupiter-api/src/main/java/org/junit/jupiter/api/extension/BeforeAllCallback.java	12	21	12	1.00	false	false
junit-jupiter-api/src/main/java/org/junit/jupiter/api/extension/AfterTestExecutionCallback.java	junit-jupiter-api/src/main/java/org/junit/jupiter/api/extension/BeforeEachCallback.java	12	20	12	1.00	false	false
junit-platform-engine/src/main/java/org/junit/platform/engine/support/descriptor/DirectorySource.java	junit-platform-engine/src/main/java/org/junit/platform/engine/support/descriptor/FileSource.java	11	15	11	1.00	false	false
junit-jupiter-api/src/main/java/org/junit/jupiter/api/AssertArrayEquals.java	junit-jupiter-api/src/main/java/org/junit/jupiter/api/AssertIterableEquals.java	10	16	10	1.00	false	false
junit-platform-console/src/main/java/org/junit/platform/console/command/DiscoverTestsCommand.java	junit-platform-console/src/main/java/org/junit/platform/console/command/ExecuteTestsCommand.java	10	17	10	1.00	false	false
junit-jupiter-migrationsupport/src/main/java/org/junit/jupiter/migrationsupport/rules/adapter/AbstractTestRuleAdapter.java	junit-jupiter-migrationsupport/src/main/java/org/junit/jupiter/migrationsupport/rules/adapter/ExternalResourceAdapter.java	17	9	9	1.00	false	false
junit-platform-suite-api/src/main/java/org/junit/platform/suite/api/ExcludeEngines.java	junit-platform-suite-api/src/main/java/org/junit/platform/suite/api/IncludeEngines.java	9	13	9	1.00	false	false
junit-jupiter-api/src/main/java/org/junit/jupiter/api/AssertArrayEquals.java	junit-jupiter-api/src/main/java/org/junit/jupiter/api/AssertNotSame.java	10	8	8	1.00	false	false
junit-jupiter-api/src/main/java/org/junit/jupiter/api/AssertArrayEquals.java	junit-jupiter-api/src/main/java/org/junit/jupiter/api/AssertSame.java	10	8	8	1.00	false	false
junit-jupiter-api/src/main/java/org/junit/jupiter/api/AssertFalse.java	junit-jupiter-api/src/main/java/org/junit/jupiter/api/AssertNotNull.java	12	8	8	1.00	false	false
junit-jupiter-api/src/main/java/org/junit/jupiter/api/AssertIterableEquals.java	junit-jupiter-api/src/main/java/org/junit/jupiter/api/AssertNotSame.java	16	8	8	1.00	false	false
junit-jupiter-api/src/main/java/org/junit/jupiter/api/AssertIterableEquals.java	junit-jupiter-api/src/main/java/org/junit/jupiter/api/AssertSame.java	16	8	8	1.00	false	false
junit-jupiter-api/src/main/java/org/junit/jupiter/api/AssertNotNull.java	junit-jupiter-api/src/main/java/org/junit/jupiter/api/AssertNull.java	8	9	8	1.00	false	false
junit-jupiter-api/src/main/java/org/junit/jupiter/api/AssertNotNull.java	junit-jupiter-api/src/main/java/org/junit/jupiter/api/AssertTrue.java	8	13	8	1.00	false	false
junit-jupiter-api/src/main/java/org/junit/jupiter/api/AssertNotSame.java	junit-jupiter-api/src/main/java/org/junit/jupiter/api/AssertSame.java	8	8	8	1.00	false	false
junit-jupiter-migrationsupport/src/main/java/org/junit/jupiter/migrationsupport/rules/ExternalResourceSupport.java	junit-jupiter-migrationsupport/src/main/java/org/junit/jupiter/migrationsupport/rules/member/TestRuleAnnotatedMember.java	23	8	8	1.00	true	false
junit-platform-console/src/main/java/org/junit/platform/console/command/CommandResult.java	junit-platform-console/src/main/java/org/junit/platform/console/command/ExecuteTestsCommand.java	8	17	8	1.00	false	false
junit-platform-suite-engine/src/main/java/org/junit/platform/suite/engine/ClassSelectorResolver.java	junit-platform-suite-engine/src/main/java/org/junit/platform/suite/engine/DiscoverySelectorResolver.java	10	8	8	1.00	false	false
junit-platform-testkit/src/main/java/org/junit/platform/testkit/engine/Event.java	junit-platform-testkit/src/main/java/org/junit/platform/testkit/engine/TerminationInfo.java	12	8	8	1.00	false	false
junit-jupiter-api/src/main/java/org/junit/jupiter/api/condition/DisabledIfEnvironmentVariableCondition.java	junit-jupiter-api/src/main/java/org/junit/jupiter/api/condition/EnabledIfEnvironmentVariableCondition.java	7	8	7	1.00	false	false
junit-jupiter-migrationsupport/src/main/java/org/junit/jupiter/migrationsupport/rules/TestRuleSupport.java	junit-jupiter-migrationsupport/src/main/java/org/junit/jupiter/migrationsupport/rules/member/AbstractTestRuleAnnotatedMember.java	34	7	7	1.00	true	false
junit-jupiter-migrationsupport/src/main/java/org/junit/jupiter/migrationsupport/rules/adapter/AbstractTestRuleAdapter.java	junit-jupiter-migrationsupport/src/main/java/org/junit/jupiter/migrationsupport/rules/adapter/GenericBeforeAndAfterAdvice.java	17	7	7	1.00	false	false
junit-jupiter-migrationsupport/src/main/java/org/junit/jupiter/migrationsupport/rules/adapter/AbstractTestRuleAdapter.java	junit-jupiter-migrationsupport/src/main/java/org/junit/jupiter/migrationsupport/rules/member/AbstractTestRuleAnnotatedMember.java	17	7	7	1.00	true	false
junit-jupiter-api/src/main/java/org/junit/jupiter/api/DisplayNameGeneration.java	junit-jupiter-api/src/main/java/org/junit/jupiter/api/DisplayNameGenerator.java	6	35	6	1.00	false	false
junit-jupiter-api/src/main/java/org/junit/jupiter/api/condition/DisabledForJreRangeCondition.java	junit-jupiter-api/src/main/java/org/junit/jupiter/api/condition/EnabledForJreRangeCondition.java	6	6	6	1.00	false	false
junit-jupiter-engine/src/main/java/module-info.java	junit-jupiter/src/main/java/module-info.java	17	6	6	1.00	false	true
junit-jupiter-engine/src/main/java/org/junit/jupiter/engine/descriptor/TestMethodTestDescriptor.java	junit-jupiter-engine/src/main/java/org/junit/jupiter/engine/execution/AfterEachMethodAdapter.java	196	6	6	1.00	true	false
junit-jupiter-engine/src/main/java/org/junit/jupiter/engine/descriptor/TestMethodTestDescriptor.java	junit-jupiter-engine/src/main/java/org/junit/jupiter/engine/execution/BeforeEachMethodAdapter.java	196	6	6	1.00	true	false
junit-jupiter-engine/src/main/java/org/junit/jupiter/engine/execution/AfterEachMethodAdapter.java	junit-jupiter-engine/src/main/java/org/junit/jupiter/engine/execution/BeforeEachMethodAdapter.java	6	6	6	1.00	false	false
junit-jupiter-migrationsupport/src/main/java/module-info.java	junit-jupiter/src/main/java/module-info.java	10	6	6	1.00	false	true
junit-jupiter-params/src/main/java/module-info.java	junit-jupiter/src/main/java/module-info.java	10	6	6	1.00	false	true
junit-platform-launcher/src/main/java/org/junit/platform/launcher/core/DelegatingLauncher.java	junit-platform-launcher/src/main/java/org/junit/platform/launcher/core/SessionPerRequestLauncher.java	6	8	6	1.00	false	false
junit-jupiter-migrationsupport/src/main/java/org/junit/jupiter/migrationsupport/rules/adapter/package-info.java	junit-jupiter-migrationsupport/src/main/java/org/junit/jupiter/migrationsupport/rules/member/package-info.java	5	5	5	1.00	true	false
junit-jupiter-params/src/main/java/org/junit/jupiter/params/AfterParameterizedClassInvocation.java	junit-jupiter-params/src/main/java/org/junit/jupiter/params/BeforeParameterizedClassInvocation.java	5	6	5	1.00	false	false
junit-jupiter-params/src/main/java/org/junit/jupiter/params/aggregator/ArgumentAccessException.java	junit-jupiter-params/src/main/java/org/junit/jupiter/params/aggregator/ArgumentsAggregationException.java	6	5	5	1.00	false	false
junit-jupiter-params/src/main/java/org/junit/jupiter/params/provider/CsvFileSources.java	junit-jupiter-params/src/main/java/org/junit/jupiter/params/provider/CsvSources.java	5	5	5	1.00	false	false
junit-jupiter-params/src/main/java/org/junit/jupiter/params/provider/CsvFileSources.java	junit-jupiter-params/src/main/java/org/junit/jupiter/params/provider/EnumSources.java	5	5	5	1.00	false	false
junit-jupiter-params/src/main/java/org/junit/jupiter/params/provider/CsvFileSources.java	junit-jupiter-params/src/main/java/org/junit/jupiter/params/provider/FieldSources.java	5	5	5	1.00	false	false
junit-jupiter-params/src/main/java/org/junit/jupiter/params/provider/CsvFileSources.java	junit-jupiter-params/src/main/java/org/junit/jupiter/params/provider/MethodSources.java	5	5	5	1.00	false	false
junit-jupiter-params/src/main/java/org/junit/jupiter/params/provider/CsvFileSources.java	junit-jupiter-params/src/main/java/org/junit/jupiter/params/provider/ValueSources.java	5	5	5	1.00	false	false
junit-jupiter-params/src/main/java/org/junit/jupiter/params/provider/CsvSources.java	junit-jupiter-params/src/main/java/org/junit/jupiter/params/provider/EnumSources.java	5	5	5	1.00	false	false
junit-jupiter-params/src/main/java/org/junit/jupiter/params/provider/CsvSources.java	junit-jupiter-params/src/main/java/org/junit/jupiter/params/provider/FieldSources.java	5	5	5	1.00	false	false
junit-jupiter-params/src/main/java/org/junit/jupiter/params/provider/CsvSources.java	junit-jupiter-params/src/main/java/org/junit/jupiter/params/provider/MethodSources.java	5	5	5	1.00	false	false
junit-jupiter-params/src/main/java/org/junit/jupiter/params/provider/CsvSources.java	junit-jupiter-params/src/main/java/org/junit/jupiter/params/provider/ValueSources.java	5	5	5	1.00	false	false
junit-jupiter-params/src/main/java/org/junit/jupiter/params/provider/EnumSources.java	junit-jupiter-params/src/main/java/org/junit/jupiter/params/provider/FieldSources.java	5	5	5	1.00	false	false
junit-jupiter-params/src/main/java/org/junit/jupiter/params/provider/EnumSources.java	junit-jupiter-params/src/main/java/org/junit/jupiter/params/provider/MethodSources.java	5	5	5	1.00	false	false
junit-jupiter-params/src/main/java/org/junit/jupiter/params/provider/EnumSources.java	junit-jupiter-params/src/main/java/org/junit/jupiter/params/provider/ValueSources.java	5	5	5	1.00	false	false
junit-jupiter-params/src/main/java/org/junit/jupiter/params/provider/FieldSources.java	junit-jupiter-params/src/main/java/org/junit/jupiter/params/provider/MethodSources.java	5	5	5	1.00	false	false
junit-jupiter-params/src/main/java/org/junit/jupiter/params/provider/FieldSources.java	junit-jupiter-params/src/main/java/org/junit/jupiter/params/provider/ValueSources.java	5	5	5	1.00	false	false
junit-jupiter-params/src/main/java/org/junit/jupiter/params/provider/MethodSources.java	junit-jupiter-params/src/main/java/org/junit/jupiter/params/provider/ValueSources.java	5	5	5	1.00	false	false
junit-platform-launcher/src/main/java/org/junit/platform/launcher/core/DefaultLauncherConfig.java	junit-platform-launcher/src/main/java/org/junit/platform/launcher/core/LauncherConfig.java	5	7	5	1.00	false	false
junit-platform-launcher/src/main/java/org/junit/platform/launcher/core/DefaultLauncherConfig.java	junit-platform-launcher/src/main/java/org/junit/platform/launcher/core/LauncherFactory.java	5	32	5	1.00	false	false
junit-platform-reporting/src/main/java/org/junit/platform/reporting/open/xml/JUnitFactory.java	junit-platform-reporting/src/main/java/org/junit/platform/reporting/open/xml/Type.java	7	5	5	1.00	false	false
junit-platform-reporting/src/main/java/org/junit/platform/reporting/open/xml/OpenTestReportGeneratingListener.java	junit-platform-reporting/src/main/java/org/junit/platform/reporting/open/xml/Type.java	40	5	5	1.00	false	false
junit-platform-suite-api/src/main/java/org/junit/platform/suite/api/ConfigurationParameter.java	junit-platform-suite-engine/src/main/java/org/junit/platform/suite/engine/SuiteLauncherDiscoveryRequestBuilder.java	5	31	5	1.00	true	true
junit-platform-suite-api/src/main/java/org/junit/platform/suite/api/ExcludePackages.java	junit-platform-suite-api/src/main/java/org/junit/platform/suite/api/IncludePackages.java	5	5	5	1.00	false	false
junit-platform-testkit/src/main/java/org/junit/platform/testkit/engine/Event.java	junit-platform-testkit/src/main/java/org/junit/platform/testkit/engine/EventStatistics.java	12	5	5	1.00	false	false
junit-platform-testkit/src/main/java/org/junit/platform/testkit/engine/EventConditions.java	junit-platform-testkit/src/main/java/org/junit/platform/testkit/engine/EventStatistics.java	59	5	5	1.00	false	false
junit-platform-testkit/src/main/java/org/junit/platform/testkit/engine/EventStatistics.java	junit-platform-testkit/src/main/java/org/junit/platform/testkit/engine/EventType.java	5	7	5	1.00	false	false
junit-platform-testkit/src/main/java/org/junit/platform/testkit/engine/EventStatistics.java	junit-platform-testkit/src/main/java/org/junit/platform/testkit/engine/Events.java	5	25	5	1.00	false	false
junit-jupiter-api/src/main/java/org/junit/jupiter/api/ClassTemplate.java	junit-jupiter-api/src/main/java/org/junit/jupiter/api/extension/AfterClassTemplateInvocationCallback.java	9	4	4	1.00	true	false
junit-jupiter-api/src/main/java/org/junit/jupiter/api/ClassTemplate.java	junit-jupiter-api/src/main/java/org/junit/jupiter/api/extension/BeforeClassTemplateInvocationCallback.java	9	4	4	1.00	true	false
junit-jupiter-api/src/main/java/org/junit/jupiter/api/DisplayNameGenerator.java	junit-jupiter-api/src/main/java/org/junit/jupiter/api/IndicativeSentencesGeneration.java	35	4	4	1.00	false	false
junit-jupiter-api/src/main/java/org/junit/jupiter/api/Timeout.java	junit-jupiter-engine/src/main/java/org/junit/jupiter/engine/extension/TimeoutConfiguration.java	11	4	4	1.00	true	true
junit-jupiter-api/src/main/java/org/junit/jupiter/api/condition/DisabledForJreRange.java	junit-jupiter-api/src/main/java/org/junit/jupiter/api/condition/DisabledInNativeImage.java	13	4	4	1.00	false	false
junit-jupiter-api/src/main/java/org/junit/jupiter/api/condition/DisabledIf.java	junit-jupiter-api/src/main/java/org/junit/jupiter/api/condition/DisabledInNativeImage.java	22	4	4	1.00	false	false
junit-jupiter-api/src/main/java/org/junit/jupiter/api/condition/DisabledIfSystemPropertyCondition.java	junit-jupiter-api/src/main/java/org/junit/jupiter/api/condition/EnabledIfSystemPropertyCondition.java	4	5	4	1.00	false	false
junit-jupiter-api/src/main/java/org/junit/jupiter/api/condition/DisabledInNativeImage.java	junit-jupiter-api/src/main/java/org/junit/jupiter/api/condition/DisabledOnJre.java	4	20	4	1.00	false	false
junit-jupiter-api/src/main/java/org/junit/jupiter/api/condition/DisabledInNativeImage.java	junit-jupiter-api/src/main/java/org/junit/jupiter/api/condition/EnabledIf.java	4	27	4	1.00	false	false
junit-jupiter-api/src/main/java/org/junit/jupiter/api/condition/DisabledOnOs.java	junit-jupiter-api/src/main/java/org/junit/jupiter/api/condition/DisabledOnOsCondition.java	19	4	4	1.00	false	false
junit-jupiter-api/src/main/java/org/junit/jupiter/api/condition/DisabledOnOs.java	junit-jupiter-api/src/main/java/org/junit/jupiter/api/condition/EnabledOnOsCondition.java	19	4	4	1.00	false	false
junit-jupiter-api/src/main/java/org/junit/jupiter/api/condition/DisabledOnOsCondition.java	junit-jupiter-api/src/main/java/org/junit/jupiter/api/condition/EnabledOnOs.java	4	19	4	1.00	false	false
junit-jupiter-api/src/main/java/org/junit/jupiter/api/condition/DisabledOnOsCondition.java	junit-jupiter-api/src/main/java/org/junit/jupiter/api/condition/EnabledOnOsCondition.java	4	4	4	1.00	false	false
junit-jupiter-api/src/main/java/org/junit/jupiter/api/condition/EnabledOnOs.java	junit-jupiter-api/src/main/java/org/junit/jupiter/api/condition/EnabledOnOsCondition.java	19	4	4	1.00	false	false
junit-jupiter-api/src/main/java/org/junit/jupiter/api/extension/AfterClassTemplateInvocationCallback.java	junit-jupiter-api/src/main/java/org/junit/jupiter/api/extension/BeforeClassTemplateInvocationCallback.java	4	4	4	1.00	false	false
junit-jupiter-engine/src/main/java/org/junit/jupiter/engine/discovery/AbstractAnnotatedDescriptorWrapper.java	junit-jupiter-engine/src/main/java/org/junit/jupiter/engine/discovery/ClassOrderingVisitor.java	4	14	4	1.00	false	false
junit-jupiter-engine/src/main/java/org/junit/jupiter/engine/execution/ConstructorInvocation.java	junit-jupiter-engine/src/main/java/org/junit/jupiter/engine/execution/MethodInvocation.java	4	6	4	1.00	false	false
junit-jupiter-engine/src/main/java/org/junit/jupiter/engine/extension/TimeoutConfiguration.java	junit-jupiter-engine/src/main/java/org/junit/jupiter/engine/extension/TimeoutExtension.java	4	17	4	1.00	false	false
junit-jupiter-params/src/main/java/org/junit/jupiter/params/converter/ArgumentConversionException.java	junit-jupiter-params/src/main/java/org/junit/jupiter/params/converter/package-info.java	11	4	4	1.00	false	false
junit-jupiter-params/src/main/java/org/junit/jupiter/params/converter/package-info.java	junit-jupiter-params/src/main/java/org/junit/jupiter/params/provider/package-info.java	4	5	4	1.00	true	false
junit-jupiter-params/src/main/java/org/junit/jupiter/params/provider/EmptySource.java	junit-jupiter-params/src/main/java/org/junit/jupiter/params/provider/NullAndEmptySource.java	10	4	4	1.00	false	false
junit-jupiter-params/src/main/java/org/junit/jupiter/params/provider/MethodArgumentsProvider.java	junit-jupiter-params/src/main/java/org/junit/jupiter/params/support/package-info.java	61	4	4	1.00	true	false
junit-jupiter-params/src/main/java/org/junit/jupiter/params/provider/NullAndEmptySource.java	junit-jupiter-params/src/main/java/org/junit/jupiter/params/provider/NullSource.java	4	7	4	1.00	false	false
junit-platform-commons/src/main/java/org/junit/platform/commons/support/conversion/ConversionSupport.java	junit-platform-commons/src/main/java/org/junit/platform/commons/support/conversion/StringToJavaTimeConverter.java	8	4	4	1.00	false	false
junit-platform-commons/src/main/java/org/junit/platform/commons/support/conversion/StringToCommonJavaTypesConverter.java	junit-platform-commons/src/main/java/org/junit/platform/commons/support/conversion/StringToJavaTimeConverter.java	7	4	4	1.00	false	false
junit-platform-commons/src/main/java/org/junit/platform/commons/support/conversion/StringToJavaTimeConverter.java	junit-platform-commons/src/main/java/org/junit/platform/commons/support/conversion/StringToNumberConverter.java	4	5	4	1.00	false	false
junit-platform-console/src/main/java/org/junit/platform/console/command/ConsoleTestExecutor.java	junit-platform-console/src/main/java/org/junit/platform/console/options/Details.java	57	4	4	1.00	true	false
junit-platform-console/src/main/java/org/junit/platform/console/command/MainCommand.java	junit-platform-console/src/main/java/org/junit/platform/console/command/ManifestVersionProvider.java	23	4	4	1.00	false	false
junit-platform-console/src/main/java/org/junit/platform/console/options/TestConsoleOutputOptions.java	junit-platform-console/src/main/java/org/junit/platform/console/options/TestConsoleOutputOptionsMixin.java	4	10	4	1.00	false	false
junit-platform-engine/src/main/java/org/junit/platform/engine/reporting/OutputDirectoryProvider.java	junit-platform-testkit/src/main/java/org/junit/platform/testkit/engine/EngineTestKit.java	4	37	4	1.00	true	true
junit-platform-engine/src/main/java/org/junit/platform/engine/support/hierarchical/CompositeLock.java	junit-platform-engine/src/main/java/org/junit/platform/engine/support/hierarchical/NopLock.java	8	4	4	1.00	false	false
junit-platform-engine/src/main/java/org/junit/platform/engine/support/hierarchical/DefaultParallelExecutionConfiguration.java	junit-platform-engine/src/main/java/org/junit/platform/engine/support/hierarchical/DefaultParallelExecutionConfigurationStrategy.java	4	14	4	1.00	false	false
junit-platform-engine/src/main/java/org/junit/platform/engine/support/hierarchical/ForkJoinPoolHierarchicalTestExecutorService.java	junit-platform-engine/src/main/java/org/junit/platform/engine/support/hierarchical/NopLock.java	25	4	4	1.00	false	false
junit-platform-engine/src/main/java/org/junit/platform/engine/support/hierarchical/NopLock.java	junit-platform-engine/src/main/java/org/junit/platform/engine/support/hierarchical/ResourceLock.java	4	7	4	1.00	false	false
junit-platform-engine/src/main/java/org/junit/platform/engine/support/hierarchical/NopLock.java	junit-platform-engine/src/main/java/org/junit/platform/engine/support/hierarchical/SingleLock.java	4	8	4	1.00	false	false
junit-platform-launcher/src/main/java/org/junit/platform/launcher/TagFilter.java	junit-platform-launcher/src/main/java/org/junit/platform/launcher/tagexpression/ParseResults.java	36	4	4	1.00	true	false
junit-platform-launcher/src/main/java/org/junit/platform/launcher/TagFilter.java	junit-platform-launcher/src/main/java/org/junit/platform/launcher/tagexpression/TagExpression.java	36	4	4	1.00	true	false
junit-platform-launcher/src/main/java/org/junit/platform/launcher/tagexpression/Operator.java	junit-platform-launcher/src/main/java/org/junit/platform/launcher/tagexpression/ParseStatus.java	4	7	4	1.00	false	false
junit-platform-launcher/src/main/java/org/junit/platform/launcher/tagexpression/Operator.java	junit-platform-launcher/src/main/java/org/junit/platform/launcher/tagexpression/ShuntingYard.java	4	5	4	1.00	false	false
junit-platform-launcher/src/main/java/org/junit/platform/launcher/tagexpression/ParseStatus.java	junit-platform-launcher/src/main/java/org/junit/platform/launcher/tagexpression/TagExpression.java	7	4	4	1.00	false	false
junit-platform-launcher/src/main/java/org/junit/platform/launcher/tagexpression/ParseStatus.java	junit-platform-launcher/src/main/java/org/junit/platform/launcher/tagexpression/Token.java	7	4	4	1.00	false	false
junit-platform-launcher/src/main/java/org/junit/platform/launcher/tagexpression/TagExpression.java	junit-platform-launcher/src/main/java/org/junit/platform/launcher/tagexpression/Tokenizer.java	4	6	4	1.00	false	false
junit-platform-reporting/src/main/java/org/junit/platform/reporting/open/xml/JUnitFactory.java	junit-platform-reporting/src/main/java/org/junit/platform/reporting/open/xml/LegacyReportingName.java	7	4	4	1.00	false	false
junit-platform-reporting/src/main/java/org/junit/platform/reporting/open/xml/JUnitFactory.java	junit-platform-reporting/src/main/java/org/junit/platform/reporting/open/xml/UniqueId.java	7	4	4	1.00	false	false
junit-platform-reporting/src/main/java/org/junit/platform/reporting/open/xml/LegacyReportingName.java	junit-platform-reporting/src/main/java/org/junit/platform/reporting/open/xml/OpenTestReportGeneratingListener.java	4	40	4	1.00	false	false
junit-platform-reporting/src/main/java/org/junit/platform/reporting/open/xml/LegacyReportingName.java	junit-platform-reporting/src/main/java/org/junit/platform/reporting/open/xml/Type.java	4	5	4	1.00	false	false
junit-platform-reporting/src/main/java/org/junit/platform/reporting/open/xml/OpenTestReportGeneratingListener.java	junit-platform-reporting/src/main/java/org/junit/platform/reporting/open/xml/UniqueId.java	40	4	4	1.00	false	false
junit-vintage-engine/src/main/java/org/junit/vintage/engine/descriptor/RunnerRequest.java	junit-vintage-engine/src/main/java/org/junit/vintage/engine/execution/RunnerExecutor.java	4	16	4	1.00	true	false
junit-vintage-engine/src/main/java/org/junit/vintage/engine/descriptor/package-info.java	junit-vintage-engine/src/main/java/org/junit/vintage/engine/discovery/package-info.java	4	4	4	1.00	true	false
junit-vintage-engine/src/main/java/org/junit/vintage/engine/descriptor/package-info.java	junit-vintage-engine/src/main/java/org/junit/vintage/engine/execution/package-info.java	4	4	4	1.00	true	false
junit-vintage-engine/src/main/java/org/junit/vintage/engine/descriptor/package-info.java	junit-vintage-engine/src/main/java/org/junit/vintage/engine/package-info.java	4	4	4	1.00	true	false
junit-vintage-engine/src/main/java/org/junit/vintage/engine/discovery/package-info.java	junit-vintage-engine/src/main/java/org/junit/vintage/engine/execution/package-info.java	4	4	4	1.00	true	false
junit-vintage-engine/src/main/java/org/junit/vintage/engine/discovery/package-info.java	junit-vintage-engine/src/main/java/org/junit/vintage/engine/package-info.java	4	4	4	1.00	true	false
junit-vintage-engine/src/main/java/org/junit/vintage/engine/execution/package-info.java	junit-vintage-engine/src/main/java/org/junit/vintage/engine/package-info.java	4	4	4	1.00	true	false
junit-jupiter-api/src/main/java/org/junit/jupiter/api/Constants.java	junit-jupiter-engine/src/main/java/org/junit/jupiter/engine/config/DefaultJupiterConfiguration.java	3	34	3	1.00	true	true
junit-jupiter-api/src/main/java/org/junit/jupiter/api/Disabled.java	junit-jupiter-api/src/main/java/org/junit/jupiter/api/condition/EnabledInNativeImage.java	23	3	3	1.00	true	false
junit-jupiter-api/src/main/java/org/junit/jupiter/api/MethodOrderer.java	junit-jupiter-api/src/main/java/org/junit/jupiter/api/MethodOrdererContext.java	37	3	3	1.00	false	false
junit-jupiter-api/src/main/java/org/junit/jupiter/api/condition/DisabledForJreRange.java	junit-jupiter-api/src/main/java/org/junit/jupiter/api/condition/EnabledInNativeImage.java	13	3	3	1.00	false	false
junit-jupiter-api/src/main/java/org/junit/jupiter/api/condition/DisabledIf.java	junit-jupiter-api/src/main/java/org/junit/jupiter/api/condition/EnabledInNativeImage.java	22	3	3	1.00	false	false
junit-jupiter-api/src/main/java/org/junit/jupiter/api/condition/DisabledIfEnvironmentVariable.java	junit-jupiter-api/src/main/java/org/junit/jupiter/api/condition/EnabledInNativeImage.java	17	3	3	1.00	false	false
junit-jupiter-api/src/main/java/org/junit/jupiter/api/condition/DisabledIfSystemProperty.java	junit-jupiter-api/src/main/java/org/junit/jupiter/api/condition/EnabledInNativeImage.java	17	3	3	1.00	false	false
junit-jupiter-api/src/main/java/org/junit/jupiter/api/condition/DisabledInNativeImage.java	junit-jupiter-api/src/main/java/org/junit/jupiter/api/condition/EnabledInNativeImage.java	4	3	3	1.00	false	false
junit-jupiter-api/src/main/java/org/junit/jupiter/api/condition/DisabledOnJre.java	junit-jupiter-api/src/main/java/org/junit/jupiter/api/condition/DisabledOnJreCondition.java	20	3	3	1.00	false	false
junit-jupiter-api/src/main/java/org/junit/jupiter/api/condition/DisabledOnJre.java	junit-jupiter-api/src/main/java/org/junit/jupiter/api/condition/EnabledInNativeImage.java	20	3	3	1.00	false	false
junit-jupiter-api/src/main/java/org/junit/jupiter/api/condition/DisabledOnJre.java	junit-jupiter-api/src/main/java/org/junit/jupiter/api/condition/EnabledOnJreCondition.java	20	3	3	1.00	false	false
junit-jupiter-api/src/main/java/org/junit/jupiter/api/condition/DisabledOnJreCondition.java	junit-jupiter-api/src/main/java/org/junit/jupiter/api/condition/EnabledOnJre.java	3	19	3	1.00	false	false
junit-jupiter-api/src/main/java/org/junit/jupiter/api/condition/DisabledOnJreCondition.java	junit-jupiter-api/src/main/java/org/junit/jupiter/api/condition/EnabledOnJreCondition.java	3	3	3	1.00	false	false
junit-jupiter-api/src/main/java/org/junit/jupiter/api/condition/DisabledOnOs.java	junit-jupiter-api/src/main/java/org/junit/jupiter/api/condition/EnabledInNativeImage.java	19	3	3	1.00	false	false
junit-jupiter-api/src/main/java/org/junit/jupiter/api/condition/EnabledForJreRange.java	junit-jupiter-api/src/main/java/org/junit/jupiter/api/condition/EnabledInNativeImage.java	12	3	3	1.00	false	false
junit-jupiter-api/src/main/java/org/junit/jupiter/api/condition/EnabledIf.java	junit-jupiter-api/src/main/java/org/junit/jupiter/api/condition/EnabledInNativeImage.java	27	3	3	1.00	false	false
junit-jupiter-api/src/main/java/org/junit/jupiter/api/condition/EnabledIfEnvironmentVariable.java	junit-jupiter-api/src/main/java/org/junit/jupiter/api/condition/EnabledInNativeImage.java	18	3	3	1.00	false	false
junit-jupiter-api/src/main/java/org/junit/jupiter/api/condition/EnabledIfSystemProperty.java	junit-jupiter-api/src/main/java/org/junit/jupiter/api/condition/EnabledInNativeImage.java	18	3	3	1.00	false	false
junit-jupiter-api/src/main/java/org/junit/jupiter/api/condition/EnabledInNativeImage.java	junit-jupiter-api/src/main/java/org/junit/jupiter/api/condition/EnabledOnJre.java	3	19	3	1.00	false	false
junit-jupiter-api/src/main/java/org/junit/jupiter/api/condition/EnabledInNativeImage.java	junit-jupiter-api/src/main/java/org/junit/jupiter/api/condition/EnabledOnOs.java	3	19	3	1.00	false	false
junit-jupiter-api/src/main/java/org/junit/jupiter/api/condition/EnabledOnJre.java	junit-jupiter-api/src/main/java/org/junit/jupiter/api/condition/EnabledOnJreCondition.java	19	3	3	1.00	false	false
junit-jupiter-api/src/main/java/org/junit/jupiter/api/extension/ExecutableInvoker.java	junit-jupiter-api/src/main/java/org/junit/jupiter/api/extension/ExtensionContext.java	3	107	3	1.00	false	false
junit-jupiter-api/src/main/java/org/junit/jupiter/api/extension/ExtensionContext.java	junit-platform-engine/src/main/java/org/junit/platform/engine/support/store/Namespace.java	107	3	3	1.00	true	true
junit-jupiter-api/src/main/java/org/junit/jupiter/api/extension/LifecycleMethodExecutionExceptionHandler.java	junit-jupiter-api/src/main/java/org/junit/jupiter/api/extension/TestExecutionExceptionHandler.java	3	12	3	1.00	false	false
junit-jupiter-api/src/main/java/org/junit/jupiter/api/extension/TestInstanceFactory.java	junit-jupiter-api/src/main/java/org/junit/jupiter/api/extension/TestInstanceFactoryContext.java	14	3	3	1.00	false	false
junit-jupiter-api/src/main/java/org/junit/jupiter/api/parallel/ResourceAccessMode.java	junit-jupiter-api/src/main/java/org/junit/jupiter/api/parallel/Resources.java	3	8	3	1.00	false	false
junit-jupiter-api/src/main/java/org/junit/jupiter/api/util/ReadsDefaultLocale.java	junit-jupiter-api/src/main/java/org/junit/jupiter/api/util/ReadsDefaultTimeZone.java	3	3	3	1.00	false	false
junit-jupiter-api/src/main/java/org/junit/jupiter/api/util/ReadsDefaultLocale.java	junit-jupiter-api/src/main/java/org/junit/jupiter/api/util/WritesDefaultLocale.java	3	3	3	1.00	false	false
junit-jupiter-api/src/main/java/org/junit/jupiter/api/util/ReadsDefaultLocale.java	junit-jupiter-api/src/main/java/org/junit/jupiter/api/util/WritesDefaultTimeZone.java	3	3	3	1.00	false	false
junit-jupiter-api/src/main/java/org/junit/jupiter/api/util/ReadsDefaultTimeZone.java	junit-jupiter-api/src/main/java/org/junit/jupiter/api/util/WritesDefaultLocale.java	3	3	3	1.00	false	false
junit-jupiter-api/src/main/java/org/junit/jupiter/api/util/ReadsDefaultTimeZone.java	junit-jupiter-api/src/main/java/org/junit/jupiter/api/util/WritesDefaultTimeZone.java	3	3	3	1.00	false	false
junit-jupiter-api/src/main/java/org/junit/jupiter/api/util/ReadsSystemProperty.java	junit-jupiter-api/src/main/java/org/junit/jupiter/api/util/WritesSystemProperty.java	3	3	3	1.00	false	false
junit-jupiter-api/src/main/java/org/junit/jupiter/api/util/WritesDefaultLocale.java	junit-jupiter-api/src/main/java/org/junit/jupiter/api/util/WritesDefaultTimeZone.java	3	3	3	1.00	false	false
junit-jupiter-engine/src/main/java/org/junit/jupiter/engine/config/DefaultJupiterConfiguration.java	junit-platform-engine/src/main/java/org/junit/platform/engine/support/hierarchical/ParallelHierarchicalTestExecutorServiceFactory.java	34	3	3	1.00	true	true
junit-jupiter-engine/src/main/java/org/junit/jupiter/engine/descriptor/Filterable.java	junit-jupiter-engine/src/main/java/org/junit/jupiter/engine/descriptor/TestFactoryTestDescriptor.java	3	69	3	1.00	false	false
junit-jupiter-engine/src/main/java/org/junit/jupiter/engine/descriptor/Filterable.java	junit-jupiter-engine/src/main/java/org/junit/jupiter/engine/descriptor/TestTemplateTestDescriptor.java	3	60	3	1.00	false	false
junit-jupiter-engine/src/main/java/org/junit/jupiter/engine/discovery/AbstractAnnotatedDescriptorWrapper.java	junit-jupiter-engine/src/main/java/org/junit/jupiter/engine/discovery/DefaultClassDescriptor.java	4	3	3	1.00	false	false
junit-jupiter-engine/src/main/java/org/junit/jupiter/engine/discovery/AbstractOrderingVisitor.java	junit-jupiter-engine/src/main/java/org/junit/jupiter/engine/discovery/DefaultClassDescriptor.java	14	3	3	1.00	false	false
junit-jupiter-engine/src/main/java/org/junit/jupiter/engine/discovery/ClassOrderingVisitor.java	junit-jupiter-engine/src/main/java/org/junit/jupiter/engine/discovery/DefaultClassDescriptor.java	14	3	3	1.00	false	false
junit-jupiter-engine/src/main/java/org/junit/jupiter/engine/discovery/DefaultClassDescriptor.java	junit-jupiter-engine/src/main/java/org/junit/jupiter/engine/discovery/DefaultMethodDescriptor.java	3	7	3	1.00	false	false
junit-jupiter-engine/src/main/java/org/junit/jupiter/engine/discovery/package-info.java	junit-jupiter-engine/src/main/java/org/junit/jupiter/engine/execution/package-info.java	6	3	3	1.00	true	false
junit-jupiter-engine/src/main/java/org/junit/jupiter/engine/discovery/package-info.java	junit-jupiter-engine/src/main/java/org/junit/jupiter/engine/extension/package-info.java	6	3	3	1.00	true	false
junit-jupiter-engine/src/main/java/org/junit/jupiter/engine/execution/package-info.java	junit-jupiter-engine/src/main/java/org/junit/jupiter/engine/extension/package-info.java	3	3	3	1.00	true	false
junit-jupiter-engine/src/main/java/org/junit/jupiter/engine/extension/SameThreadTimeoutInvocation.java	junit-jupiter-engine/src/main/java/org/junit/jupiter/engine/extension/TimeoutExceptionFactory.java	7	3	3	1.00	false	false
junit-jupiter-engine/src/main/java/org/junit/jupiter/engine/extension/SeparateThreadTimeoutInvocation.java	junit-jupiter-engine/src/main/java/org/junit/jupiter/engine/extension/TimeoutExceptionFactory.java	11	3	3	1.00	false	false
junit-jupiter-engine/src/main/java/org/junit/jupiter/engine/extension/TimeoutExceptionFactory.java	junit-jupiter-engine/src/main/java/org/junit/jupiter/engine/extension/TimeoutExtension.java	3	17	3	1.00	false	false
junit-jupiter-migrationsupport/src/main/java/org/junit/jupiter/migrationsupport/EnableJUnit4MigrationSupport.java	junit-jupiter-migrationsupport/src/main/java/org/junit/jupiter/migrationsupport/conditions/IgnoreCondition.java	3	8	3	1.00	true	false
junit-jupiter-migrationsupport/src/main/java/org/junit/jupiter/migrationsupport/EnableJUnit4MigrationSupport.java	junit-jupiter-migrationsupport/src/main/java/org/junit/jupiter/migrationsupport/rules/EnableRuleMigrationSupport.java	3	7	3	1.00	true	false
junit-jupiter-migrationsupport/src/main/java/org/junit/jupiter/migrationsupport/conditions/IgnoreCondition.java	junit-jupiter-migrationsupport/src/main/java/org/junit/jupiter/migrationsupport/conditions/package-info.java	8	3	3	1.00	false	false
junit-jupiter-migrationsupport/src/main/java/org/junit/jupiter/migrationsupport/conditions/IgnoreCondition.java	junit-jupiter-migrationsupport/src/main/java/org/junit/jupiter/migrationsupport/package-info.java	8	3	3	1.00	true	false
junit-jupiter-migrationsupport/src/main/java/org/junit/jupiter/migrationsupport/conditions/package-info.java	junit-jupiter-migrationsupport/src/main/java/org/junit/jupiter/migrationsupport/package-info.java	3	3	3	1.00	true	false
junit-jupiter-migrationsupport/src/main/java/org/junit/jupiter/migrationsupport/rules/EnableRuleMigrationSupport.java	junit-jupiter-migrationsupport/src/main/java/org/junit/jupiter/migrationsupport/rules/adapter/ExpectedExceptionAdapter.java	7	3	3	1.00	true	false
junit-jupiter-migrationsupport/src/main/java/org/junit/jupiter/migrationsupport/rules/ExpectedExceptionSupport.java	junit-jupiter-migrationsupport/src/main/java/org/junit/jupiter/migrationsupport/rules/adapter/ExpectedExceptionAdapter.java	13	3	3	1.00	true	false
junit-jupiter-migrationsupport/src/main/java/org/junit/jupiter/migrationsupport/rules/TestRuleSupport.java	junit-jupiter-migrationsupport/src/main/java/org/junit/jupiter/migrationsupport/rules/adapter/ExpectedExceptionAdapter.java	34	3	3	1.00	true	false
junit-jupiter-migrationsupport/src/main/java/org/junit/jupiter/migrationsupport/rules/adapter/AbstractTestRuleAdapter.java	junit-jupiter-migrationsupport/src/main/java/org/junit/jupiter/migrationsupport/rules/adapter/ExpectedExceptionAdapter.java	17	3	3	1.00	false	false
junit-jupiter-migrationsupport/src/main/java/org/junit/jupiter/migrationsupport/rules/adapter/ExpectedExceptionAdapter.java	junit-jupiter-migrationsupport/src/main/java/org/junit/jupiter/migrationsupport/rules/adapter/GenericBeforeAndAfterAdvice.java	3	7	3	1.00	false	false
junit-jupiter-params/src/main/java/org/junit/jupiter/params/AfterParameterizedClassInvocationMethodInvoker.java	junit-jupiter-params/src/main/java/org/junit/jupiter/params/BeforeParameterizedClassInvocationMethodInvoker.java	3	3	3	1.00	false	false
junit-jupiter-params/src/main/java/org/junit/jupiter/params/AfterParameterizedClassInvocationMethodInvoker.java	junit-jupiter-params/src/main/java/org/junit/jupiter/params/ParameterizedClass.java	3	8	3	1.00	false	false
junit-jupiter-params/src/main/java/org/junit/jupiter/params/AfterParameterizedClassInvocationMethodInvoker.java	junit-jupiter-params/src/main/java/org/junit/jupiter/params/ParameterizedClassContext.java	3	10	3	1.00	false	false
junit-jupiter-params/src/main/java/org/junit/jupiter/params/AfterParameterizedClassInvocationMethodInvoker.java	junit-jupiter-params/src/main/java/org/junit/jupiter/params/ParameterizedClassInvocationContext.java	3	6	3	1.00	false	false
junit-jupiter-params/src/main/java/org/junit/jupiter/params/BeforeParameterizedClassInvocationMethodInvoker.java	junit-jupiter-params/src/main/java/org/junit/jupiter/params/ParameterizedClass.java	3	8	3	1.00	false	false
junit-jupiter-params/src/main/java/org/junit/jupiter/params/BeforeParameterizedClassInvocationMethodInvoker.java	junit-jupiter-params/src/main/java/org/junit/jupiter/params/ParameterizedClassContext.java	3	10	3	1.00	false	false
junit-jupiter-params/src/main/java/org/junit/jupiter/params/BeforeParameterizedClassInvocationMethodInvoker.java	junit-jupiter-params/src/main/java/org/junit/jupiter/params/ParameterizedClassInvocationContext.java	3	6	3	1.00	false	false
junit-jupiter-params/src/main/java/org/junit/jupiter/params/DefaultParameterInfo.java	junit-jupiter-params/src/main/java/org/junit/jupiter/params/ResolverFacade.java	3	19	3	1.00	false	false
junit-jupiter-params/src/main/java/org/junit/jupiter/params/ParameterizedClassContext.java	junit-jupiter-params/src/main/java/org/junit/jupiter/params/ParameterizedTestContext.java	10	3	3	1.00	false	false
junit-jupiter-params/src/main/java/org/junit/jupiter/params/provider/EnumSource.java	junit-jupiter-params/src/main/java/org/junit/jupiter/params/provider/NullEnum.java	27	3	3	1.00	false	false
junit-platform-commons/src/main/java/module-info.java	junit-platform-suite/src/main/java/module-info.java	21	3	3	1.00	false	true
junit-platform-commons/src/main/java/org/junit/platform/commons/support/ReflectionSupport.java	junit-platform-commons/src/main/java/org/junit/platform/commons/support/ResourceSupport.java	45	3	3	1.00	false	false
junit-platform-commons/src/main/java/org/junit/platform/commons/support/ReflectionSupport.java	junit-platform-engine/src/main/java/org/junit/platform/engine/support/discovery/ResourceContainerSelectorResolver.java	45	3	3	1.00	true	true
junit-platform-commons/src/main/java/org/junit/platform/commons/support/ResourceSupport.java	junit-platform-engine/src/main/java/org/junit/platform/engine/discovery/DiscoverySelectors.java	3	82	3	1.00	true	true
junit-platform-commons/src/main/java/org/junit/platform/commons/support/conversion/StringToBooleanConverter.java	junit-platform-commons/src/main/java/org/junit/platform/commons/support/conversion/StringToCharacterConverter.java	3	3	3	1.00	false	false
junit-platform-commons/src/main/java/org/junit/platform/commons/support/conversion/StringToBooleanConverter.java	junit-platform-commons/src/main/java/org/junit/platform/commons/support/conversion/StringToClassConverter.java	3	5	3	1.00	false	false
junit-platform-commons/src/main/java/org/junit/platform/commons/support/conversion/StringToBooleanConverter.java	junit-platform-commons/src/main/java/org/junit/platform/commons/support/conversion/StringToEnumConverter.java	3	3	3	1.00	false	false
junit-platform-commons/src/main/java/org/junit/platform/commons/support/conversion/StringToBooleanConverter.java	junit-platform-commons/src/main/java/org/junit/platform/commons/support/conversion/StringToNumberConverter.java	3	5	3	1.00	false	false
junit-platform-commons/src/main/java/org/junit/platform/commons/support/conversion/StringToCharacterConverter.java	junit-platform-commons/src/main/java/org/junit/platform/commons/support/conversion/StringToClassConverter.java	3	5	3	1.00	false	false
junit-platform-commons/src/main/java/org/junit/platform/commons/support/conversion/StringToCharacterConverter.java	junit-platform-commons/src/main/java/org/junit/platform/commons/support/conversion/StringToEnumConverter.java	3	3	3	1.00	false	false
junit-platform-commons/src/main/java/org/junit/platform/commons/support/conversion/StringToCharacterConverter.java	junit-platform-commons/src/main/java/org/junit/platform/commons/support/conversion/StringToNumberConverter.java	3	5	3	1.00	false	false
junit-platform-commons/src/main/java/org/junit/platform/commons/support/conversion/StringToClassConverter.java	junit-platform-commons/src/main/java/org/junit/platform/commons/support/conversion/StringToEnumConverter.java	5	3	3	1.00	false	false
junit-platform-commons/src/main/java/org/junit/platform/commons/support/conversion/StringToEnumConverter.java	junit-platform-commons/src/main/java/org/junit/platform/commons/support/conversion/StringToNumberConverter.java	3	5	3	1.00	false	false
junit-platform-commons/src/main/java/org/junit/platform/commons/util/ReflectionUtils.java	junit-platform-engine/src/main/java/org/junit/platform/engine/support/discovery/ResourceContainerSelectorResolver.java	287	3	3	1.00	true	true
junit-platform-configuration-api/src/main/java/org/junit/platform/configuration/api/ConfigurationParameter.java	junit-platform-configuration-processor/src/main/java/org/junit/platform/configuration/processor/ConfigurationMetadataAnnotationProcessor.java	3	4	3	1.00	true	true
junit-platform-console/src/main/java/org/junit/platform/console/command/CommandFacade.java	junit-platform-console/src/main/java/org/junit/platform/console/command/OutputStreamConfig.java	8	3	3	1.00	false	false
junit-platform-console/src/main/java/org/junit/platform/console/command/MainCommand.java	junit-platform-console/src/main/java/org/junit/platform/console/command/OutputStreamConfig.java	23	3	3	1.00	false	false
junit-platform-engine/src/main/java/org/junit/platform/engine/discovery/DiscoverySelectors.java	junit-platform-engine/src/main/java/org/junit/platform/engine/support/discovery/ResourceContainerSelectorResolver.java	82	3	3	1.00	true	false
junit-platform-engine/src/main/java/org/junit/platform/engine/support/hierarchical/NodeExecutionAdvisor.java	junit-platform-engine/src/main/java/org/junit/platform/engine/support/hierarchical/NodeTreeWalker.java	3	9	3	1.00	false	false
junit-platform-launcher/src/main/java/org/junit/platform/launcher/LauncherSessionListener.java	junit-platform-launcher/src/main/java/org/junit/platform/launcher/core/LauncherFactory.java	3	32	3	1.00	true	false
junit-platform-launcher/src/main/java/org/junit/platform/launcher/TagFilter.java	junit-platform-launcher/src/main/java/org/junit/platform/launcher/tagexpression/DequeStack.java	36	3	3	1.00	true	false
junit-platform-launcher/src/main/java/org/junit/platform/launcher/TagFilter.java	junit-platform-launcher/src/main/java/org/junit/platform/launcher/tagexpression/Operators.java	36	3	3	1.00	true	false
junit-platform-launcher/src/main/java/org/junit/platform/launcher/TagFilter.java	junit-platform-launcher/src/main/java/org/junit/platform/launcher/tagexpression/ParseResult.java	36	3	3	1.00	true	false
junit-platform-launcher/src/main/java/org/junit/platform/launcher/TagFilter.java	junit-platform-launcher/src/main/java/org/junit/platform/launcher/tagexpression/Parser.java	36	3	3	1.00	true	false
junit-platform-launcher/src/main/java/org/junit/platform/launcher/TagFilter.java	junit-platform-launcher/src/main/java/org/junit/platform/launcher/tagexpression/package-info.java	36	3	3	1.00	true	false
junit-platform-launcher/src/main/java/org/junit/platform/launcher/tagexpression/DequeStack.java	junit-platform-launcher/src/main/java/org/junit/platform/launcher/tagexpression/Operator.java	3	4	3	1.00	false	false
junit-platform-launcher/src/main/java/org/junit/platform/launcher/tagexpression/DequeStack.java	junit-platform-launcher/src/main/java/org/junit/platform/launcher/tagexpression/Operators.java	3	3	3	1.00	false	false
junit-platform-launcher/src/main/java/org/junit/platform/launcher/tagexpression/DequeStack.java	junit-platform-launcher/src/main/java/org/junit/platform/launcher/tagexpression/ParseStatus.java	3	7	3	1.00	false	false
junit-platform-launcher/src/main/java/org/junit/platform/launcher/tagexpression/DequeStack.java	junit-platform-launcher/src/main/java/org/junit/platform/launcher/tagexpression/Parser.java	3	3	3	1.00	false	false
junit-platform-launcher/src/main/java/org/junit/platform/launcher/tagexpression/DequeStack.java	junit-platform-launcher/src/main/java/org/junit/platform/launcher/tagexpression/ShuntingYard.java	3	5	3	1.00	false	false
junit-platform-launcher/src/main/java/org/junit/platform/launcher/tagexpression/DequeStack.java	junit-platform-launcher/src/main/java/org/junit/platform/launcher/tagexpression/TagExpression.java	3	4	3	1.00	false	false
junit-platform-launcher/src/main/java/org/junit/platform/launcher/tagexpression/DequeStack.java	junit-platform-launcher/src/main/java/org/junit/platform/launcher/tagexpression/Tokenizer.java	3	6	3	1.00	false	false
junit-platform-launcher/src/main/java/org/junit/platform/launcher/tagexpression/Operator.java	junit-platform-launcher/src/main/java/org/junit/platform/launcher/tagexpression/Operators.java	4	3	3	1.00	false	false
junit-platform-launcher/src/main/java/org/junit/platform/launcher/tagexpression/Operator.java	junit-platform-launcher/src/main/java/org/junit/platform/launcher/tagexpression/Parser.java	4	3	3	1.00	false	false
junit-platform-launcher/src/main/java/org/junit/platform/launcher/tagexpression/Operator.java	junit-platform-launcher/src/main/java/org/junit/platform/launcher/tagexpression/TokenWith.java	4	3	3	1.00	false	false
junit-platform-launcher/src/main/java/org/junit/platform/launcher/tagexpression/Operators.java	junit-platform-launcher/src/main/java/org/junit/platform/launcher/tagexpression/ParseStatus.java	3	7	3	1.00	false	false
junit-platform-launcher/src/main/java/org/junit/platform/launcher/tagexpression/Operators.java	junit-platform-launcher/src/main/java/org/junit/platform/launcher/tagexpression/Parser.java	3	3	3	1.00	false	false
junit-platform-launcher/src/main/java/org/junit/platform/launcher/tagexpression/Operators.java	junit-platform-launcher/src/main/java/org/junit/platform/launcher/tagexpression/ShuntingYard.java	3	5	3	1.00	false	false
junit-platform-launcher/src/main/java/org/junit/platform/launcher/tagexpression/Operators.java	junit-platform-launcher/src/main/java/org/junit/platform/launcher/tagexpression/TagExpression.java	3	4	3	1.00	false	false
junit-platform-launcher/src/main/java/org/junit/platform/launcher/tagexpression/Operators.java	junit-platform-launcher/src/main/java/org/junit/platform/launcher/tagexpression/Tokenizer.java	3	6	3	1.00	false	false
junit-platform-launcher/src/main/java/org/junit/platform/launcher/tagexpression/ParseResult.java	junit-platform-launcher/src/main/java/org/junit/platform/launcher/tagexpression/ParseStatus.java	3	7	3	1.00	false	false
junit-platform-launcher/src/main/java/org/junit/platform/launcher/tagexpression/ParseResult.java	junit-platform-launcher/src/main/java/org/junit/platform/launcher/tagexpression/TagExpression.java	3	4	3	1.00	false	false
junit-platform-launcher/src/main/java/org/junit/platform/launcher/tagexpression/ParseResult.java	junit-platform-launcher/src/main/java/org/junit/platform/launcher/tagexpression/Tokenizer.java	3	6	3	1.00	false	false
junit-platform-launcher/src/main/java/org/junit/platform/launcher/tagexpression/ParseResult.java	junit-platform-launcher/src/main/java/org/junit/platform/launcher/tagexpression/package-info.java	3	3	3	1.00	false	false
junit-platform-launcher/src/main/java/org/junit/platform/launcher/tagexpression/ParseStatus.java	junit-platform-launcher/src/main/java/org/junit/platform/launcher/tagexpression/Parser.java	7	3	3	1.00	false	false
junit-platform-launcher/src/main/java/org/junit/platform/launcher/tagexpression/ParseStatus.java	junit-platform-launcher/src/main/java/org/junit/platform/launcher/tagexpression/TokenWith.java	7	3	3	1.00	false	false
junit-platform-launcher/src/main/java/org/junit/platform/launcher/tagexpression/ParseStatus.java	junit-platform-launcher/src/main/java/org/junit/platform/launcher/tagexpression/package-info.java	7	3	3	1.00	false	false
junit-platform-launcher/src/main/java/org/junit/platform/launcher/tagexpression/Parser.java	junit-platform-launcher/src/main/java/org/junit/platform/launcher/tagexpression/ShuntingYard.java	3	5	3	1.00	false	false
junit-platform-launcher/src/main/java/org/junit/platform/launcher/tagexpression/Parser.java	junit-platform-launcher/src/main/java/org/junit/platform/launcher/tagexpression/TagExpression.java	3	4	3	1.00	false	false
junit-platform-launcher/src/main/java/org/junit/platform/launcher/tagexpression/Parser.java	junit-platform-launcher/src/main/java/org/junit/platform/launcher/tagexpression/Tokenizer.java	3	6	3	1.00	false	false
junit-platform-launcher/src/main/java/org/junit/platform/launcher/tagexpression/ShuntingYard.java	junit-platform-launcher/src/main/java/org/junit/platform/launcher/tagexpression/TokenWith.java	5	3	3	1.00	false	false
junit-platform-launcher/src/main/java/org/junit/platform/launcher/tagexpression/TagExpression.java	junit-platform-launcher/src/main/java/org/junit/platform/launcher/tagexpression/package-info.java	4	3	3	1.00	false	false
junit-platform-launcher/src/main/java/org/junit/platform/launcher/tagexpression/Token.java	junit-platform-launcher/src/main/java/org/junit/platform/launcher/tagexpression/TokenWith.java	4	3	3	1.00	false	false
junit-platform-launcher/src/main/java/org/junit/platform/launcher/tagexpression/Tokenizer.java	junit-platform-launcher/src/main/java/org/junit/platform/launcher/tagexpression/package-info.java	6	3	3	1.00	false	false
junit-platform-suite-api/src/main/java/module-info.java	junit-platform-suite/src/main/java/module-info.java	12	3	3	1.00	false	true
junit-platform-suite-api/src/main/java/org/junit/platform/suite/api/ConfigurationParameter.java	junit-platform-suite-api/src/main/java/org/junit/platform/suite/api/SelectClasspathResource.java	5	3	3	1.00	false	false
junit-platform-suite-api/src/main/java/org/junit/platform/suite/api/ConfigurationParameter.java	junit-platform-suite-api/src/main/java/org/junit/platform/suite/api/SelectDirectories.java	5	3	3	1.00	false	false
junit-platform-suite-api/src/main/java/org/junit/platform/suite/api/ConfigurationParameter.java	junit-platform-suite-api/src/main/java/org/junit/platform/suite/api/SelectFile.java	5	3	3	1.00	false	false
junit-platform-suite-api/src/main/java/org/junit/platform/suite/api/ConfigurationParameter.java	junit-platform-suite-api/src/main/java/org/junit/platform/suite/api/SelectModules.java	5	3	3	1.00	false	false
junit-platform-suite-api/src/main/java/org/junit/platform/suite/api/ConfigurationParameter.java	junit-platform-suite-api/src/main/java/org/junit/platform/suite/api/SelectUris.java	5	3	3	1.00	false	false
junit-platform-suite-api/src/main/java/org/junit/platform/suite/api/SelectClasspathResource.java	junit-platform-suite-api/src/main/java/org/junit/platform/suite/api/SelectDirectories.java	3	3	3	1.00	false	false
junit-platform-suite-api/src/main/java/org/junit/platform/suite/api/SelectClasspathResource.java	junit-platform-suite-api/src/main/java/org/junit/platform/suite/api/SelectFile.java	3	3	3	1.00	false	false
junit-platform-suite-api/src/main/java/org/junit/platform/suite/api/SelectClasspathResource.java	junit-platform-suite-api/src/main/java/org/junit/platform/suite/api/SelectModules.java	3	3	3	1.00	false	false
junit-platform-suite-api/src/main/java/org/junit/platform/suite/api/SelectClasspathResource.java	junit-platform-suite-api/src/main/java/org/junit/platform/suite/api/SelectUris.java	3	3	3	1.00	false	false
junit-platform-suite-api/src/main/java/org/junit/platform/suite/api/SelectClasspathResource.java	junit-platform-suite-engine/src/main/java/org/junit/platform/suite/engine/SuiteLauncherDiscoveryRequestBuilder.java	3	31	3	1.00	true	true
junit-platform-suite-api/src/main/java/org/junit/platform/suite/api/SelectDirectories.java	junit-platform-suite-api/src/main/java/org/junit/platform/suite/api/SelectFile.java	3	3	3	1.00	false	false
junit-platform-suite-api/src/main/java/org/junit/platform/suite/api/SelectDirectories.java	junit-platform-suite-api/src/main/java/org/junit/platform/suite/api/SelectModules.java	3	3	3	1.00	false	false
junit-platform-suite-api/src/main/java/org/junit/platform/suite/api/SelectDirectories.java	junit-platform-suite-api/src/main/java/org/junit/platform/suite/api/SelectUris.java	3	3	3	1.00	false	false
junit-platform-suite-api/src/main/java/org/junit/platform/suite/api/SelectDirectories.java	junit-platform-suite-engine/src/main/java/org/junit/platform/suite/engine/SuiteLauncherDiscoveryRequestBuilder.java	3	31	3	1.00	true	true
junit-platform-suite-api/src/main/java/org/junit/platform/suite/api/SelectFile.java	junit-platform-suite-api/src/main/java/org/junit/platform/suite/api/SelectModules.java	3	3	3	1.00	false	false
junit-platform-suite-api/src/main/java/org/junit/platform/suite/api/SelectFile.java	junit-platform-suite-api/src/main/java/org/junit/platform/suite/api/SelectUris.java	3	3	3	1.00	false	false
junit-platform-suite-api/src/main/java/org/junit/platform/suite/api/SelectFile.java	junit-platform-suite-engine/src/main/java/org/junit/platform/suite/engine/SuiteLauncherDiscoveryRequestBuilder.java	3	31	3	1.00	true	true
junit-platform-suite-api/src/main/java/org/junit/platform/suite/api/SelectModules.java	junit-platform-suite-api/src/main/java/org/junit/platform/suite/api/SelectUris.java	3	3	3	1.00	false	false
junit-platform-suite-api/src/main/java/org/junit/platform/suite/api/SelectModules.java	junit-platform-suite-engine/src/main/java/org/junit/platform/suite/engine/SuiteLauncherDiscoveryRequestBuilder.java	3	31	3	1.00	true	true
junit-platform-suite-api/src/main/java/org/junit/platform/suite/api/SelectUris.java	junit-platform-suite-engine/src/main/java/org/junit/platform/suite/engine/SuiteLauncherDiscoveryRequestBuilder.java	3	31	3	1.00	true	true
junit-platform-suite-engine/src/main/java/module-info.java	junit-platform-suite/src/main/java/module-info.java	11	3	3	1.00	false	true
junit-start/src/main/java/org/junit/start/JUnit.java	junit-start/src/main/java/org/junit/start/package-info.java	4	3	3	1.00	false	false
junit-jupiter-engine/src/main/java/org/junit/jupiter/engine/config/CachingJupiterConfiguration.java	junit-jupiter-engine/src/main/java/org/junit/jupiter/engine/config/DefaultJupiterConfiguration.java	23	34	22	0.96	false	false
junit-jupiter-engine/src/main/java/org/junit/jupiter/engine/config/CachingJupiterConfiguration.java	junit-jupiter-engine/src/main/java/org/junit/jupiter/engine/config/JupiterConfiguration.java	23	28	22	0.96	false	false
junit-jupiter-api/src/main/java/org/junit/jupiter/api/AfterEach.java	junit-jupiter-api/src/main/java/org/junit/jupiter/api/BeforeEach.java	20	21	19	0.95	false	false
junit-jupiter-api/src/main/java/org/junit/jupiter/api/extension/AfterEachCallback.java	junit-jupiter-api/src/main/java/org/junit/jupiter/api/extension/BeforeAllCallback.java	20	21	19	0.95	false	false
junit-jupiter-api/src/main/java/org/junit/jupiter/api/extension/AfterEachCallback.java	junit-jupiter-api/src/main/java/org/junit/jupiter/api/extension/BeforeEachCallback.java	20	20	19	0.95	false	false
junit-jupiter-api/src/main/java/org/junit/jupiter/api/condition/EnabledIfEnvironmentVariable.java	junit-jupiter-api/src/main/java/org/junit/jupiter/api/condition/EnabledIfSystemProperty.java	18	18	17	0.94	false	false
junit-jupiter-api/src/main/java/org/junit/jupiter/api/condition/DisabledIfEnvironmentVariable.java	junit-jupiter-api/src/main/java/org/junit/jupiter/api/condition/DisabledIfSystemProperty.java	17	17	16	0.94	false	false
junit-jupiter-api/src/main/java/org/junit/jupiter/api/condition/DisabledIfEnvironmentVariable.java	junit-jupiter-api/src/main/java/org/junit/jupiter/api/condition/EnabledIfSystemProperty.java	17	18	16	0.94	false	false
junit-jupiter-api/src/main/java/org/junit/jupiter/api/condition/DisabledIfSystemProperty.java	junit-jupiter-api/src/main/java/org/junit/jupiter/api/condition/EnabledIfEnvironmentVariable.java	17	18	16	0.94	false	false
junit-jupiter-api/src/main/java/org/junit/jupiter/api/AfterAll.java	junit-jupiter-api/src/main/java/org/junit/jupiter/api/BeforeAll.java	30	30	28	0.93	false	false
junit-jupiter-engine/src/main/java/org/junit/jupiter/engine/descriptor/TestMethodTestDescriptor.java	junit-jupiter-engine/src/main/java/org/junit/jupiter/engine/execution/TestInstancesProvider.java	196	14	13	0.93	true	false
junit-platform-suite-api/src/main/java/org/junit/platform/suite/api/SelectClasses.java	junit-platform-suite-api/src/main/java/org/junit/platform/suite/api/SelectPackages.java	15	14	13	0.93	false	false
junit-platform-suite-api/src/main/java/org/junit/platform/suite/api/IncludeEngines.java	junit-platform-suite-api/src/main/java/org/junit/platform/suite/api/IncludeTags.java	13	22	12	0.92	false	false
junit-jupiter-api/src/main/java/org/junit/jupiter/api/extension/AfterTestExecutionCallback.java	junit-jupiter-api/src/main/java/org/junit/jupiter/api/extension/BeforeTestExecutionCallback.java	12	13	11	0.92	false	false
junit-platform-console/src/main/java/org/junit/platform/console/command/BaseCommand.java	junit-platform-console/src/main/java/org/junit/platform/console/command/MainCommand.java	12	23	11	0.92	false	false
junit-jupiter-params/src/main/java/org/junit/jupiter/params/converter/ConvertWith.java	junit-jupiter-params/src/main/java/org/junit/jupiter/params/converter/JavaTimeConversionPattern.java	11	14	10	0.91	false	false
junit-jupiter-engine/src/main/java/module-info.java	junit-jupiter-migrationsupport/src/main/java/module-info.java	17	10	9	0.90	false	true
junit-platform-console/src/main/java/org/junit/platform/console/command/DiscoverTestsCommand.java	junit-platform-console/src/main/java/org/junit/platform/console/command/MainCommand.java	10	23	9	0.90	false	false
junit-platform-console/src/main/java/org/junit/platform/console/options/TestConsoleOutputOptionsMixin.java	junit-platform-console/src/main/java/org/junit/platform/console/options/TestDiscoveryOptionsMixin.java	10	24	9	0.90	false	false
junit-platform-suite-engine/src/main/java/org/junit/platform/suite/engine/ClassSelectorResolver.java	junit-platform-suite-engine/src/main/java/org/junit/platform/suite/engine/SuiteTestDescriptor.java	10	28	9	0.90	false	false
junit-jupiter-engine/src/main/java/org/junit/jupiter/engine/descriptor/ClassExtensionContext.java	junit-jupiter-engine/src/main/java/org/junit/jupiter/engine/descriptor/JupiterEngineExtensionContext.java	41	19	17	0.89	false	false
junit-jupiter-engine/src/main/java/org/junit/jupiter/engine/descriptor/JupiterEngineExtensionContext.java	junit-jupiter-engine/src/main/java/org/junit/jupiter/engine/descriptor/MethodExtensionContext.java	19	42	17	0.89	false	false
junit-jupiter-engine/src/main/java/org/junit/jupiter/engine/config/DefaultJupiterConfiguration.java	junit-jupiter-engine/src/main/java/org/junit/jupiter/engine/config/JupiterConfiguration.java	34	28	25	0.89	false	false
junit-jupiter-migrationsupport/src/main/java/org/junit/jupiter/migrationsupport/rules/ExternalResourceSupport.java	junit-jupiter-migrationsupport/src/main/java/org/junit/jupiter/migrationsupport/rules/VerifierSupport.java	23	18	16	0.89	false	false
junit-jupiter-api/src/main/java/org/junit/jupiter/api/AssertFalse.java	junit-jupiter-api/src/main/java/org/junit/jupiter/api/AssertNull.java	12	9	8	0.89	false	false
junit-jupiter-api/src/main/java/org/junit/jupiter/api/AssertNull.java	junit-jupiter-api/src/main/java/org/junit/jupiter/api/AssertTrue.java	9	13	8	0.89	false	false
junit-jupiter-migrationsupport/src/main/java/org/junit/jupiter/migrationsupport/rules/ExternalResourceSupport.java	junit-jupiter-migrationsupport/src/main/java/org/junit/jupiter/migrationsupport/rules/adapter/ExternalResourceAdapter.java	23	9	8	0.89	true	false
junit-jupiter-migrationsupport/src/main/java/org/junit/jupiter/migrationsupport/rules/adapter/ExternalResourceAdapter.java	junit-jupiter-migrationsupport/src/main/java/org/junit/jupiter/migrationsupport/rules/member/TestRuleAnnotatedField.java	9	16	8	0.89	true	false
junit-jupiter-params/src/main/java/org/junit/jupiter/params/provider/FieldSource.java	junit-jupiter-params/src/main/java/org/junit/jupiter/params/provider/MethodSource.java	9	45	8	0.89	false	false
junit-platform-console/src/main/java/org/junit/platform/console/command/DiscoverTestsCommand.java	junit-platform-console/src/main/java/org/junit/platform/console/command/ListTestEnginesCommand.java	10	9	8	0.89	false	false
junit-platform-console/src/main/java/org/junit/platform/console/command/ExecuteTestsCommand.java	junit-platform-console/src/main/java/org/junit/platform/console/command/ListTestEnginesCommand.java	17	9	8	0.89	false	false
junit-platform-console/src/main/java/org/junit/platform/console/command/ListTestEnginesCommand.java	junit-platform-console/src/main/java/org/junit/platform/console/command/MainCommand.java	9	23	8	0.89	false	false
junit-platform-engine/src/main/java/org/junit/platform/engine/discovery/DirectorySelector.java	junit-platform-engine/src/main/java/org/junit/platform/engine/discovery/FileSelector.java	9	10	8	0.89	false	false
junit-platform-suite-api/src/main/java/org/junit/platform/suite/api/ExcludeEngines.java	junit-platform-suite-api/src/main/java/org/junit/platform/suite/api/ExcludeTags.java	9	21	8	0.89	false	false
junit-platform-suite-api/src/main/java/org/junit/platform/suite/api/ExcludeEngines.java	junit-platform-suite-api/src/main/java/org/junit/platform/suite/api/IncludeTags.java	9	22	8	0.89	false	false
junit-jupiter-api/src/main/java/org/junit/jupiter/api/condition/DisabledIfEnvironmentVariable.java	junit-jupiter-api/src/main/java/org/junit/jupiter/api/condition/DisabledOnJre.java	17	20	15	0.88	false	false
junit-jupiter-api/src/main/java/org/junit/jupiter/api/condition/DisabledIfEnvironmentVariable.java	junit-jupiter-api/src/main/java/org/junit/jupiter/api/condition/DisabledOnOs.java	17	19	15	0.88	false	false
junit-jupiter-api/src/main/java/org/junit/jupiter/api/condition/DisabledIfEnvironmentVariable.java	junit-jupiter-api/src/main/java/org/junit/jupiter/api/condition/EnabledOnJre.java	17	19	15	0.88	false	false
junit-jupiter-api/src/main/java/org/junit/jupiter/api/condition/DisabledIfEnvironmentVariable.java	junit-jupiter-api/src/main/java/org/junit/jupiter/api/condition/EnabledOnOs.java	17	19	15	0.88	false	false
junit-jupiter-api/src/main/java/org/junit/jupiter/api/condition/DisabledIfSystemProperty.java	junit-jupiter-api/src/main/java/org/junit/jupiter/api/condition/DisabledOnJre.java	17	20	15	0.88	false	false
junit-jupiter-api/src/main/java/org/junit/jupiter/api/condition/DisabledIfSystemProperty.java	junit-jupiter-api/src/main/java/org/junit/jupiter/api/condition/DisabledOnOs.java	17	19	15	0.88	false	false
junit-jupiter-api/src/main/java/org/junit/jupiter/api/condition/DisabledIfSystemProperty.java	junit-jupiter-api/src/main/java/org/junit/jupiter/api/condition/EnabledOnJre.java	17	19	15	0.88	false	false
junit-jupiter-api/src/main/java/org/junit/jupiter/api/condition/DisabledIfSystemProperty.java	junit-jupiter-api/src/main/java/org/junit/jupiter/api/condition/EnabledOnOs.java	17	19	15	0.88	false	false
junit-jupiter-engine/src/main/java/org/junit/jupiter/engine/descriptor/ClassTestDescriptor.java	junit-jupiter-engine/src/main/java/org/junit/jupiter/engine/descriptor/NestedClassTestDescriptor.java	198	67	59	0.88	false	false
junit-platform-engine/src/main/java/org/junit/platform/engine/discovery/ClassSelector.java	junit-platform-engine/src/main/java/org/junit/platform/engine/discovery/MethodSelector.java	33	46	29	0.88	false	false
junit-jupiter-engine/src/main/java/org/junit/jupiter/engine/descriptor/ClassExtensionContext.java	junit-jupiter-engine/src/main/java/org/junit/jupiter/engine/descriptor/MethodExtensionContext.java	41	42	36	0.88	false	false
junit-jupiter-api/src/main/java/org/junit/jupiter/api/AssertArrayEquals.java	junit-jupiter-api/src/main/java/org/junit/jupiter/api/AssertEquals.java	10	8	7	0.88	false	false
junit-jupiter-api/src/main/java/org/junit/jupiter/api/AssertArrayEquals.java	junit-jupiter-api/src/main/java/org/junit/jupiter/api/AssertNotNull.java	10	8	7	0.88	false	false
junit-jupiter-api/src/main/java/org/junit/jupiter/api/AssertEquals.java	junit-jupiter-api/src/main/java/org/junit/jupiter/api/AssertFalse.java	8	12	7	0.88	false	false
junit-jupiter-api/src/main/java/org/junit/jupiter/api/AssertEquals.java	junit-jupiter-api/src/main/java/org/junit/jupiter/api/AssertIterableEquals.java	8	16	7	0.88	false	false
junit-jupiter-api/src/main/java/org/junit/jupiter/api/AssertEquals.java	junit-jupiter-api/src/main/java/org/junit/jupiter/api/AssertNotEquals.java	8	10	7	0.88	false	false
junit-jupiter-api/src/main/java/org/junit/jupiter/api/AssertEquals.java	junit-jupiter-api/src/main/java/org/junit/jupiter/api/AssertNotNull.java	8	8	7	0.88	false	false
junit-jupiter-api/src/main/java/org/junit/jupiter/api/AssertEquals.java	junit-jupiter-api/src/main/java/org/junit/jupiter/api/AssertNotSame.java	8	8	7	0.88	false	false
junit-jupiter-api/src/main/java/org/junit/jupiter/api/AssertEquals.java	junit-jupiter-api/src/main/java/org/junit/jupiter/api/AssertNull.java	8	9	7	0.88	false	false
junit-jupiter-api/src/main/java/org/junit/jupiter/api/AssertEquals.java	junit-jupiter-api/src/main/java/org/junit/jupiter/api/AssertSame.java	8	8	7	0.88	false	false
junit-jupiter-api/src/main/java/org/junit/jupiter/api/AssertEquals.java	junit-jupiter-api/src/main/java/org/junit/jupiter/api/AssertThrows.java	8	23	7	0.88	false	false
junit-jupiter-api/src/main/java/org/junit/jupiter/api/AssertEquals.java	junit-jupiter-api/src/main/java/org/junit/jupiter/api/AssertTimeout.java	8	30	7	0.88	false	false
junit-jupiter-api/src/main/java/org/junit/jupiter/api/AssertEquals.java	junit-jupiter-api/src/main/java/org/junit/jupiter/api/AssertTrue.java	8	13	7	0.88	false	false
junit-jupiter-api/src/main/java/org/junit/jupiter/api/AssertEquals.java	junit-jupiter-api/src/main/java/org/junit/jupiter/api/AssertionUtils.java	8	22	7	0.88	false	false
junit-jupiter-api/src/main/java/org/junit/jupiter/api/AssertFalse.java	junit-jupiter-api/src/main/java/org/junit/jupiter/api/AssertNotSame.java	12	8	7	0.88	false	false
junit-jupiter-api/src/main/java/org/junit/jupiter/api/AssertFalse.java	junit-jupiter-api/src/main/java/org/junit/jupiter/api/AssertSame.java	12	8	7	0.88	false	false
junit-jupiter-api/src/main/java/org/junit/jupiter/api/AssertIterableEquals.java	junit-jupiter-api/src/main/java/org/junit/jupiter/api/AssertNotNull.java	16	8	7	0.88	false	false
junit-jupiter-api/src/main/java/org/junit/jupiter/api/AssertNotEquals.java	junit-jupiter-api/src/main/java/org/junit/jupiter/api/AssertNotNull.java	10	8	7	0.88	false	false
junit-jupiter-api/src/main/java/org/junit/jupiter/api/AssertNotEquals.java	junit-jupiter-api/src/main/java/org/junit/jupiter/api/AssertNotSame.java	10	8	7	0.88	false	false
junit-jupiter-api/src/main/java/org/junit/jupiter/api/AssertNotEquals.java	junit-jupiter-api/src/main/java/org/junit/jupiter/api/AssertSame.java	10	8	7	0.88	false	false
junit-jupiter-api/src/main/java/org/junit/jupiter/api/AssertNotNull.java	junit-jupiter-api/src/main/java/org/junit/jupiter/api/AssertNotSame.java	8	8	7	0.88	false	false
junit-jupiter-api/src/main/java/org/junit/jupiter/api/AssertNotNull.java	junit-jupiter-api/src/main/java/org/junit/jupiter/api/AssertSame.java	8	8	7	0.88	false	false
junit-jupiter-api/src/main/java/org/junit/jupiter/api/AssertNotNull.java	junit-jupiter-api/src/main/java/org/junit/jupiter/api/AssertThrows.java	8	23	7	0.88	false	false
junit-jupiter-api/src/main/java/org/junit/jupiter/api/AssertNotNull.java	junit-jupiter-api/src/main/java/org/junit/jupiter/api/AssertTimeout.java	8	30	7	0.88	false	false
junit-jupiter-api/src/main/java/org/junit/jupiter/api/AssertNotNull.java	junit-jupiter-api/src/main/java/org/junit/jupiter/api/AssertionUtils.java	8	22	7	0.88	false	false
junit-jupiter-api/src/main/java/org/junit/jupiter/api/AssertNotSame.java	junit-jupiter-api/src/main/java/org/junit/jupiter/api/AssertNull.java	8	9	7	0.88	false	false
junit-jupiter-api/src/main/java/org/junit/jupiter/api/AssertNotSame.java	junit-jupiter-api/src/main/java/org/junit/jupiter/api/AssertThrows.java	8	23	7	0.88	false	false
junit-jupiter-api/src/main/java/org/junit/jupiter/api/AssertNotSame.java	junit-jupiter-api/src/main/java/org/junit/jupiter/api/AssertTimeout.java	8	30	7	0.88	false	false
junit-jupiter-api/src/main/java/org/junit/jupiter/api/AssertNotSame.java	junit-jupiter-api/src/main/java/org/junit/jupiter/api/AssertTrue.java	8	13	7	0.88	false	false
junit-jupiter-api/src/main/java/org/junit/jupiter/api/AssertNull.java	junit-jupiter-api/src/main/java/org/junit/jupiter/api/AssertSame.java	9	8	7	0.88	false	false
junit-jupiter-api/src/main/java/org/junit/jupiter/api/AssertSame.java	junit-jupiter-api/src/main/java/org/junit/jupiter/api/AssertThrows.java	8	23	7	0.88	false	false
junit-jupiter-api/src/main/java/org/junit/jupiter/api/AssertSame.java	junit-jupiter-api/src/main/java/org/junit/jupiter/api/AssertTimeout.java	8	30	7	0.88	false	false
junit-jupiter-api/src/main/java/org/junit/jupiter/api/AssertSame.java	junit-jupiter-api/src/main/java/org/junit/jupiter/api/AssertTrue.java	8	13	7	0.88	false	false
junit-jupiter-migrationsupport/src/main/java/org/junit/jupiter/migrationsupport/rules/VerifierSupport.java	junit-jupiter-migrationsupport/src/main/java/org/junit/jupiter/migrationsupport/rules/adapter/VerifierAdapter.java	18	8	7	0.88	true	false
junit-jupiter-migrationsupport/src/main/java/org/junit/jupiter/migrationsupport/rules/adapter/AbstractTestRuleAdapter.java	junit-jupiter-migrationsupport/src/main/java/org/junit/jupiter/migrationsupport/rules/adapter/VerifierAdapter.java	17	8	7	0.88	false	false
junit-jupiter-migrationsupport/src/main/java/org/junit/jupiter/migrationsupport/rules/adapter/AbstractTestRuleAdapter.java	junit-jupiter-migrationsupport/src/main/java/org/junit/jupiter/migrationsupport/rules/member/TestRuleAnnotatedMember.java	17	8	7	0.88	true	false
junit-jupiter-migrationsupport/src/main/java/org/junit/jupiter/migrationsupport/rules/adapter/ExternalResourceAdapter.java	junit-jupiter-migrationsupport/src/main/java/org/junit/jupiter/migrationsupport/rules/adapter/VerifierAdapter.java	9	8	7	0.88	false	false
junit-jupiter-migrationsupport/src/main/java/org/junit/jupiter/migrationsupport/rules/adapter/ExternalResourceAdapter.java	junit-jupiter-migrationsupport/src/main/java/org/junit/jupiter/migrationsupport/rules/member/TestRuleAnnotatedMember.java	9	8	7	0.88	true	false
junit-jupiter-migrationsupport/src/main/java/org/junit/jupiter/migrationsupport/rules/adapter/VerifierAdapter.java	junit-jupiter-migrationsupport/src/main/java/org/junit/jupiter/migrationsupport/rules/member/TestRuleAnnotatedField.java	8	16	7	0.88	true	false
junit-jupiter-migrationsupport/src/main/java/org/junit/jupiter/migrationsupport/rules/member/TestRuleAnnotatedField.java	junit-jupiter-migrationsupport/src/main/java/org/junit/jupiter/migrationsupport/rules/member/TestRuleAnnotatedMember.java	16	8	7	0.88	false	false
junit-platform-commons/src/main/java/org/junit/platform/commons/support/AnnotationSupport.java	junit-platform-commons/src/main/java/org/junit/platform/commons/support/ClassSupport.java	46	8	7	0.88	false	false
junit-platform-commons/src/main/java/org/junit/platform/commons/support/ClassSupport.java	junit-platform-commons/src/main/java/org/junit/platform/commons/support/ReflectionSupport.java	8	45	7	0.88	false	false
junit-platform-console/src/main/java/org/junit/platform/console/command/CommandFacade.java	junit-platform-console/src/main/java/org/junit/platform/console/command/MainCommand.java	8	23	7	0.88	false	false
junit-platform-engine/src/main/java/org/junit/platform/engine/support/hierarchical/CompositeLock.java	junit-platform-engine/src/main/java/org/junit/platform/engine/support/hierarchical/SingleLock.java	8	8	7	0.88	false	false
junit-platform-launcher/src/main/java/org/junit/platform/launcher/core/DefaultLauncherSession.java	junit-platform-launcher/src/main/java/org/junit/platform/launcher/core/SessionPerRequestLauncher.java	10	8	7	0.88	false	false
junit-platform-suite-engine/src/main/java/org/junit/platform/suite/engine/DiscoverySelectorResolver.java	junit-platform-suite-engine/src/main/java/org/junit/platform/suite/engine/SuiteTestDescriptor.java	8	28	7	0.88	false	false
junit-platform-testkit/src/main/java/org/junit/platform/testkit/engine/EngineExecutionResults.java	junit-platform-testkit/src/main/java/org/junit/platform/testkit/engine/TerminationInfo.java	17	8	7	0.88	false	false
junit-platform-testkit/src/main/java/org/junit/platform/testkit/engine/EventConditions.java	junit-platform-testkit/src/main/java/org/junit/platform/testkit/engine/TerminationInfo.java	59	8	7	0.88	false	false
junit-jupiter-params/src/main/java/org/junit/jupiter/params/provider/CsvFileSource.java	junit-jupiter-params/src/main/java/org/junit/jupiter/params/provider/ValueSource.java	52	21	18	0.86	false	false
junit-jupiter-params/src/main/java/org/junit/jupiter/params/provider/MethodSource.java	junit-jupiter-params/src/main/java/org/junit/jupiter/params/provider/ValueSource.java	45	21	18	0.86	false	false
junit-jupiter-engine/src/main/java/org/junit/jupiter/engine/descriptor/ClassTestDescriptor.java	junit-jupiter-engine/src/main/java/org/junit/jupiter/engine/execution/TestInstancesProvider.java	198	14	12	0.86	true	false
junit-jupiter-api/src/main/java/org/junit/jupiter/api/MethodOrderer.java	junit-jupiter-engine/src/main/java/org/junit/jupiter/engine/discovery/DefaultMethodDescriptor.java	37	7	6	0.86	true	true
junit-jupiter-migrationsupport/src/main/java/org/junit/jupiter/migrationsupport/rules/ExternalResourceSupport.java	junit-jupiter-migrationsupport/src/main/java/org/junit/jupiter/migrationsupport/rules/adapter/GenericBeforeAndAfterAdvice.java	23	7	6	0.86	true	false
junit-jupiter-migrationsupport/src/main/java/org/junit/jupiter/migrationsupport/rules/ExternalResourceSupport.java	junit-jupiter-migrationsupport/src/main/java/org/junit/jupiter/migrationsupport/rules/member/AbstractTestRuleAnnotatedMember.java	23	7	6	0.86	true	false
junit-jupiter-migrationsupport/src/main/java/org/junit/jupiter/migrationsupport/rules/TestRuleSupport.java	junit-jupiter-migrationsupport/src/main/java/org/junit/jupiter/migrationsupport/rules/adapter/GenericBeforeAndAfterAdvice.java	34	7	6	0.86	true	false
junit-jupiter-migrationsupport/src/main/java/org/junit/jupiter/migrationsupport/rules/adapter/ExternalResourceAdapter.java	junit-jupiter-migrationsupport/src/main/java/org/junit/jupiter/migrationsupport/rules/adapter/GenericBeforeAndAfterAdvice.java	9	7	6	0.86	false	false
junit-jupiter-migrationsupport/src/main/java/org/junit/jupiter/migrationsupport/rules/adapter/ExternalResourceAdapter.java	junit-jupiter-migrationsupport/src/main/java/org/junit/jupiter/migrationsupport/rules/member/AbstractTestRuleAnnotatedMember.java	9	7	6	0.86	true	false
junit-jupiter-migrationsupport/src/main/java/org/junit/jupiter/migrationsupport/rules/adapter/GenericBeforeAndAfterAdvice.java	junit-jupiter-migrationsupport/src/main/java/org/junit/jupiter/migrationsupport/rules/member/TestRuleAnnotatedField.java	7	16	6	0.86	true	false
junit-jupiter-migrationsupport/src/main/java/org/junit/jupiter/migrationsupport/rules/adapter/GenericBeforeAndAfterAdvice.java	junit-jupiter-migrationsupport/src/main/java/org/junit/jupiter/migrationsupport/rules/member/TestRuleAnnotatedMember.java	7	8	6	0.86	true	false
junit-jupiter-migrationsupport/src/main/java/org/junit/jupiter/migrationsupport/rules/member/AbstractTestRuleAnnotatedMember.java	junit-jupiter-migrationsupport/src/main/java/org/junit/jupiter/migrationsupport/rules/member/TestRuleAnnotatedField.java	7	16	6	0.86	false	false
junit-jupiter-migrationsupport/src/main/java/org/junit/jupiter/migrationsupport/rules/member/AbstractTestRuleAnnotatedMember.java	junit-jupiter-migrationsupport/src/main/java/org/junit/jupiter/migrationsupport/rules/member/TestRuleAnnotatedMember.java	7	8	6	0.86	false	false
junit-jupiter-migrationsupport/src/main/java/org/junit/jupiter/migrationsupport/rules/member/AbstractTestRuleAnnotatedMember.java	junit-jupiter-migrationsupport/src/main/java/org/junit/jupiter/migrationsupport/rules/member/TestRuleAnnotatedMethod.java	7	11	6	0.86	false	false
junit-platform-engine/src/main/java/org/junit/platform/engine/support/hierarchical/ForkJoinPoolHierarchicalTestExecutorService.java	junit-platform-engine/src/main/java/org/junit/platform/engine/support/hierarchical/ParallelExecutionConfiguration.java	25	7	6	0.86	false	false
junit-platform-engine/src/main/java/org/junit/platform/engine/support/hierarchical/ForkJoinPoolHierarchicalTestExecutorService.java	junit-platform-engine/src/main/java/org/junit/platform/engine/support/hierarchical/ResourceLock.java	25	7	6	0.86	false	false
junit-platform-launcher/src/main/java/org/junit/platform/launcher/TagFilter.java	junit-platform-launcher/src/main/java/org/junit/platform/launcher/tagexpression/ParseStatus.java	36	7	6	0.86	true	false
junit-platform-launcher/src/main/java/org/junit/platform/launcher/core/LauncherConfig.java	junit-platform-launcher/src/main/java/org/junit/platform/launcher/core/LauncherFactory.java	7	32	6	0.86	false	false
junit-platform-reporting/src/main/java/org/junit/platform/reporting/open/xml/JUnitFactory.java	junit-platform-reporting/src/main/java/org/junit/platform/reporting/open/xml/OpenTestReportGeneratingListener.java	7	40	6	0.86	false	false
junit-jupiter-params/src/main/java/org/junit/jupiter/params/provider/CsvFileSource.java	junit-jupiter-params/src/main/java/org/junit/jupiter/params/provider/CsvSource.java	52	54	44	0.85	false	false
junit-jupiter-api/src/main/java/org/junit/jupiter/api/condition/DisabledForJreRange.java	junit-jupiter-api/src/main/java/org/junit/jupiter/api/condition/DisabledOnJre.java	13	20	11	0.85	false	false
junit-jupiter-api/src/main/java/org/junit/jupiter/api/extension/AfterAllCallback.java	junit-jupiter-api/src/main/java/org/junit/jupiter/api/extension/BeforeTestExecutionCallback.java	22	13	11	0.85	false	false
junit-jupiter-api/src/main/java/org/junit/jupiter/api/extension/AfterEachCallback.java	junit-jupiter-api/src/main/java/org/junit/jupiter/api/extension/BeforeTestExecutionCallback.java	20	13	11	0.85	false	false
junit-jupiter-api/src/main/java/org/junit/jupiter/api/extension/BeforeAllCallback.java	junit-jupiter-api/src/main/java/org/junit/jupiter/api/extension/BeforeTestExecutionCallback.java	21	13	11	0.85	false	false
junit-jupiter-api/src/main/java/org/junit/jupiter/api/extension/BeforeEachCallback.java	junit-jupiter-api/src/main/java/org/junit/jupiter/api/extension/BeforeTestExecutionCallback.java	20	13	11	0.85	false	false
junit-platform-suite-api/src/main/java/org/junit/platform/suite/api/ExcludeTags.java	junit-platform-suite-api/src/main/java/org/junit/platform/suite/api/IncludeEngines.java	21	13	11	0.85	false	false
junit-jupiter-engine/src/main/java/org/junit/jupiter/engine/descriptor/JupiterEngineExtensionContext.java	junit-jupiter-engine/src/main/java/org/junit/jupiter/engine/descriptor/TestTemplateExtensionContext.java	19	22	16	0.84	false	false
junit-jupiter-api/src/main/java/org/junit/jupiter/api/condition/DisabledOnJre.java	junit-jupiter-api/src/main/java/org/junit/jupiter/api/condition/EnabledIfEnvironmentVariable.java	20	18	15	0.83	false	false
junit-jupiter-api/src/main/java/org/junit/jupiter/api/condition/DisabledOnJre.java	junit-jupiter-api/src/main/java/org/junit/jupiter/api/condition/EnabledIfSystemProperty.java	20	18	15	0.83	false	false
junit-jupiter-api/src/main/java/org/junit/jupiter/api/condition/DisabledOnOs.java	junit-jupiter-api/src/main/java/org/junit/jupiter/api/condition/EnabledIfEnvironmentVariable.java	19	18	15	0.83	false	false
junit-jupiter-api/src/main/java/org/junit/jupiter/api/condition/DisabledOnOs.java	junit-jupiter-api/src/main/java/org/junit/jupiter/api/condition/EnabledIfSystemProperty.java	19	18	15	0.83	false	false
junit-jupiter-api/src/main/java/org/junit/jupiter/api/condition/EnabledIfEnvironmentVariable.java	junit-jupiter-api/src/main/java/org/junit/jupiter/api/condition/EnabledOnJre.java	18	19	15	0.83	false	false
junit-jupiter-api/src/main/java/org/junit/jupiter/api/condition/EnabledIfEnvironmentVariable.java	junit-jupiter-api/src/main/java/org/junit/jupiter/api/condition/EnabledOnOs.java	18	19	15	0.83	false	false
junit-jupiter-api/src/main/java/org/junit/jupiter/api/condition/EnabledIfSystemProperty.java	junit-jupiter-api/src/main/java/org/junit/jupiter/api/condition/EnabledOnJre.java	18	19	15	0.83	false	false
junit-jupiter-api/src/main/java/org/junit/jupiter/api/condition/EnabledIfSystemProperty.java	junit-jupiter-api/src/main/java/org/junit/jupiter/api/condition/EnabledOnOs.java	18	19	15	0.83	false	false
junit-jupiter-api/src/main/java/org/junit/jupiter/api/condition/DisabledOnJre.java	junit-jupiter-api/src/main/java/org/junit/jupiter/api/condition/EnabledForJreRange.java	20	12	10	0.83	false	false
junit-jupiter-api/src/main/java/org/junit/jupiter/api/condition/EnabledForJreRange.java	junit-jupiter-api/src/main/java/org/junit/jupiter/api/condition/EnabledOnJre.java	12	19	10	0.83	false	false
junit-platform-console/src/main/java/module-info.java	junit-platform-suite-api/src/main/java/module-info.java	14	12	10	0.83	false	true
junit-platform-engine/src/main/java/module-info.java	junit-platform-suite-api/src/main/java/module-info.java	16	12	10	0.83	false	true
junit-platform-reporting/src/main/java/module-info.java	junit-platform-suite-api/src/main/java/module-info.java	17	12	10	0.83	false	true
junit-platform-suite-api/src/main/java/module-info.java	junit-platform-testkit/src/main/java/module-info.java	12	14	10	0.83	false	true
junit-jupiter-engine/src/main/java/org/junit/jupiter/engine/descriptor/ClassTestDescriptor.java	junit-jupiter-engine/src/main/java/org/junit/jupiter/engine/execution/AfterEachMethodAdapter.java	198	6	5	0.83	true	false
junit-jupiter-engine/src/main/java/org/junit/jupiter/engine/descriptor/ClassTestDescriptor.java	junit-jupiter-engine/src/main/java/org/junit/jupiter/engine/execution/BeforeEachMethodAdapter.java	198	6	5	0.83	true	false
junit-jupiter-engine/src/main/java/org/junit/jupiter/engine/discovery/predicates/IsTestFactoryMethod.java	junit-jupiter-engine/src/main/java/org/junit/jupiter/engine/discovery/predicates/IsTestTemplateMethod.java	15	6	5	0.83	false	false
junit-jupiter-engine/src/main/java/org/junit/jupiter/engine/discovery/predicates/IsTestMethod.java	junit-jupiter-engine/src/main/java/org/junit/jupiter/engine/discovery/predicates/IsTestTemplateMethod.java	22	6	5	0.83	false	false
junit-jupiter-engine/src/main/java/org/junit/jupiter/engine/discovery/predicates/IsTestTemplateMethod.java	junit-jupiter-engine/src/main/java/org/junit/jupiter/engine/discovery/predicates/IsTestableMethod.java	6	16	5	0.83	false	false
junit-jupiter/src/main/java/module-info.java	junit-platform-commons/src/main/java/module-info.java	6	21	5	0.83	false	true
junit-jupiter/src/main/java/module-info.java	junit-platform-console/src/main/java/module-info.java	6	14	5	0.83	false	true
junit-jupiter/src/main/java/module-info.java	junit-platform-engine/src/main/java/module-info.java	6	16	5	0.83	false	true
junit-jupiter/src/main/java/module-info.java	junit-platform-launcher/src/main/java/module-info.java	6	24	5	0.83	false	true
junit-jupiter/src/main/java/module-info.java	junit-platform-reporting/src/main/java/module-info.java	6	17	5	0.83	false	true
junit-jupiter/src/main/java/module-info.java	junit-platform-suite-api/src/main/java/module-info.java	6	12	5	0.83	false	true
junit-jupiter/src/main/java/module-info.java	junit-platform-testkit/src/main/java/module-info.java	6	14	5	0.83	false	true
junit-jupiter/src/main/java/module-info.java	junit-vintage-engine/src/main/java/module-info.java	6	19	5	0.83	false	true
junit-platform-engine/src/main/java/org/junit/platform/engine/discovery/ClassSelector.java	junit-platform-engine/src/main/java/org/junit/platform/engine/discovery/UriSelector.java	33	6	5	0.83	false	false
junit-platform-engine/src/main/java/org/junit/platform/engine/discovery/ClasspathResourceSelector.java	junit-platform-engine/src/main/java/org/junit/platform/engine/discovery/UriSelector.java	14	6	5	0.83	false	false
junit-platform-engine/src/main/java/org/junit/platform/engine/discovery/ClasspathRootSelector.java	junit-platform-engine/src/main/java/org/junit/platform/engine/discovery/UriSelector.java	35	6	5	0.83	false	false
junit-platform-engine/src/main/java/org/junit/platform/engine/discovery/DirectorySelector.java	junit-platform-engine/src/main/java/org/junit/platform/engine/discovery/UriSelector.java	9	6	5	0.83	false	false
junit-platform-engine/src/main/java/org/junit/platform/engine/discovery/FileSelector.java	junit-platform-engine/src/main/java/org/junit/platform/engine/discovery/UriSelector.java	10	6	5	0.83	false	false
junit-platform-engine/src/main/java/org/junit/platform/engine/discovery/MethodSelector.java	junit-platform-engine/src/main/java/org/junit/platform/engine/discovery/UriSelector.java	46	6	5	0.83	false	false
junit-platform-engine/src/main/java/org/junit/platform/engine/discovery/PackageSelector.java	junit-platform-engine/src/main/java/org/junit/platform/engine/discovery/UriSelector.java	28	6	5	0.83	false	false
junit-platform-engine/src/main/java/org/junit/platform/engine/discovery/UniqueIdSelector.java	junit-platform-engine/src/main/java/org/junit/platform/engine/discovery/UriSelector.java	32	6	5	0.83	false	false
junit-platform-launcher/src/main/java/org/junit/platform/launcher/core/DefaultLauncherSession.java	junit-platform-launcher/src/main/java/org/junit/platform/launcher/core/DelegatingLauncher.java	10	6	5	0.83	false	false
junit-vintage-engine/src/main/java/org/junit/vintage/engine/descriptor/OrFilter.java	junit-vintage-engine/src/main/java/org/junit/vintage/engine/discovery/VintageDiscoverer.java	6	71	5	0.83	true	false
junit-platform-engine/src/main/java/org/junit/platform/engine/discovery/PackageSelector.java	junit-platform-engine/src/main/java/org/junit/platform/engine/discovery/UniqueIdSelector.java	28	32	23	0.82	false	false
junit-jupiter-engine/src/main/java/org/junit/jupiter/engine/descriptor/ClassExtensionContext.java	junit-jupiter-engine/src/main/java/org/junit/jupiter/engine/descriptor/TestTemplateExtensionContext.java	41	22	18	0.82	false	false
junit-jupiter-engine/src/main/java/org/junit/jupiter/engine/descriptor/MethodExtensionContext.java	junit-jupiter-engine/src/main/java/org/junit/jupiter/engine/descriptor/TestTemplateExtensionContext.java	42	22	18	0.82	false	false
junit-jupiter-api/src/main/java/org/junit/jupiter/api/DynamicContainer.java	junit-jupiter-api/src/main/java/org/junit/jupiter/api/DynamicNode.java	11	11	9	0.82	false	false
junit-jupiter-api/src/main/java/org/junit/jupiter/api/DynamicContainer.java	junit-jupiter-api/src/main/java/org/junit/jupiter/api/DynamicTest.java	11	30	9	0.82	false	false
junit-jupiter-api/src/main/java/org/junit/jupiter/api/DynamicNode.java	junit-jupiter-api/src/main/java/org/junit/jupiter/api/DynamicTest.java	11	30	9	0.82	false	false
junit-jupiter-migrationsupport/src/main/java/org/junit/jupiter/migrationsupport/rules/TestRuleSupport.java	junit-jupiter-migrationsupport/src/main/java/org/junit/jupiter/migrationsupport/rules/member/TestRuleAnnotatedMethod.java	34	11	9	0.82	true	false
junit-jupiter-params/src/main/java/org/junit/jupiter/params/converter/ArgumentConversionException.java	junit-jupiter-params/src/main/java/org/junit/jupiter/params/converter/ArgumentConverter.java	11	20	9	0.82	false	false
junit-jupiter-params/src/main/java/org/junit/jupiter/params/converter/ArgumentConverter.java	junit-jupiter-params/src/main/java/org/junit/jupiter/params/converter/ConvertWith.java	20	11	9	0.82	false	false
junit-jupiter-params/src/main/java/org/junit/jupiter/params/provider/ArgumentsSource.java	junit-jupiter-params/src/main/java/org/junit/jupiter/params/provider/ArgumentsSources.java	15	11	9	0.82	false	false
junit-jupiter-params/src/main/java/org/junit/jupiter/params/provider/ArgumentsSources.java	junit-jupiter-params/src/main/java/org/junit/jupiter/params/provider/CsvFileSource.java	11	52	9	0.82	false	false
junit-jupiter-params/src/main/java/org/junit/jupiter/params/provider/ArgumentsSources.java	junit-jupiter-params/src/main/java/org/junit/jupiter/params/provider/CsvSource.java	11	54	9	0.82	false	false
junit-jupiter-params/src/main/java/org/junit/jupiter/params/provider/ArgumentsSources.java	junit-jupiter-params/src/main/java/org/junit/jupiter/params/provider/MethodSource.java	11	45	9	0.82	false	false
junit-platform-engine/src/main/java/org/junit/platform/engine/support/descriptor/ClassSource.java	junit-platform-engine/src/main/java/org/junit/platform/engine/support/descriptor/DirectorySource.java	22	11	9	0.82	false	false
junit-platform-engine/src/main/java/org/junit/platform/engine/support/descriptor/DirectorySource.java	junit-platform-engine/src/main/java/org/junit/platform/engine/support/descriptor/MethodSource.java	11	27	9	0.82	false	false
junit-jupiter-params/src/main/java/org/junit/jupiter/params/provider/CsvSource.java	junit-jupiter-params/src/main/java/org/junit/jupiter/params/provider/ValueSource.java	54	21	17	0.81	false	false
junit-jupiter-api/src/main/java/org/junit/jupiter/api/AfterAll.java	junit-jupiter-api/src/main/java/org/junit/jupiter/api/AfterEach.java	30	20	16	0.80	false	false
junit-jupiter-api/src/main/java/org/junit/jupiter/api/AfterEach.java	junit-jupiter-api/src/main/java/org/junit/jupiter/api/BeforeAll.java	20	30	16	0.80	false	false
junit-jupiter-api/src/main/java/org/junit/jupiter/api/AssertArrayEquals.java	junit-jupiter-api/src/main/java/org/junit/jupiter/api/AssertFalse.java	10	12	8	0.80	false	false
junit-jupiter-api/src/main/java/org/junit/jupiter/api/AssertArrayEquals.java	junit-jupiter-api/src/main/java/org/junit/jupiter/api/AssertThrows.java	10	23	8	0.80	false	false
junit-jupiter-api/src/main/java/org/junit/jupiter/api/AssertArrayEquals.java	junit-jupiter-api/src/main/java/org/junit/jupiter/api/AssertTimeout.java	10	30	8	0.80	false	false
junit-jupiter-api/src/main/java/org/junit/jupiter/api/AssertArrayEquals.java	junit-jupiter-api/src/main/java/org/junit/jupiter/api/AssertTrue.java	10	13	8	0.80	false	false
junit-jupiter-api/src/main/java/org/junit/jupiter/api/extension/InvocationInterceptor.java	junit-jupiter-api/src/main/java/org/junit/jupiter/api/extension/TestInstancePreConstructCallback.java	17	10	8	0.80	false	false
junit-jupiter-engine/src/main/java/module-info.java	junit-jupiter-params/src/main/java/module-info.java	17	10	8	0.80	false	true
junit-jupiter-migrationsupport/src/main/java/module-info.java	junit-jupiter-params/src/main/java/module-info.java	10	10	8	0.80	false	true
junit-jupiter-migrationsupport/src/main/java/module-info.java	junit-platform-console/src/main/java/module-info.java	10	14	8	0.80	false	true
junit-jupiter-migrationsupport/src/main/java/module-info.java	junit-platform-engine/src/main/java/module-info.java	10	16	8	0.80	false	true
junit-jupiter-migrationsupport/src/main/java/module-info.java	junit-platform-launcher/src/main/java/module-info.java	10	24	8	0.80	false	true
junit-jupiter-migrationsupport/src/main/java/module-info.java	junit-platform-reporting/src/main/java/module-info.java	10	17	8	0.80	false	true
junit-jupiter-migrationsupport/src/main/java/module-info.java	junit-platform-suite-api/src/main/java/module-info.java	10	12	8	0.80	false	true
junit-jupiter-migrationsupport/src/main/java/module-info.java	junit-platform-testkit/src/main/java/module-info.java	10	14	8	0.80	false	true
junit-jupiter-migrationsupport/src/main/java/module-info.java	junit-vintage-engine/src/main/java/module-info.java	10	19	8	0.80	false	true
junit-jupiter-params/src/main/java/module-info.java	junit-platform-testkit/src/main/java/module-info.java	10	14	8	0.80	false	true
junit-platform-commons/src/main/java/org/junit/platform/commons/util/ClasspathFileVisitor.java	junit-platform-commons/src/main/java/org/junit/platform/commons/util/DefaultClasspathScanner.java	10	68	8	0.80	false	false
junit-jupiter-api/src/main/java/org/junit/jupiter/api/ClassOrderer.java	junit-jupiter-api/src/main/java/org/junit/jupiter/api/TestClassOrder.java	14	5	4	0.80	false	false
junit-jupiter-api/src/main/java/org/junit/jupiter/api/ClassTemplate.java	junit-jupiter-api/src/main/java/org/junit/jupiter/api/extension/ClassTemplateInvocationContext.java	9	5	4	0.80	true	false
junit-jupiter-api/src/main/java/org/junit/jupiter/api/MethodDescriptor.java	junit-jupiter-api/src/main/java/org/junit/jupiter/api/MethodOrderer.java	5	37	4	0.80	false	false
junit-jupiter-api/src/main/java/org/junit/jupiter/api/TestClassOrder.java	junit-jupiter-api/src/main/java/org/junit/jupiter/api/TestMethodOrder.java	5	11	4	0.80	false	false
junit-jupiter-api/src/main/java/org/junit/jupiter/api/TestReporter.java	junit-jupiter-engine/src/main/java/org/junit/jupiter/engine/extension/DefaultTestReporter.java	27	5	4	0.80	true	true
junit-jupiter-api/src/main/java/org/junit/jupiter/api/condition/EnabledIfEnvironmentVariableCondition.java	junit-jupiter-api/src/main/java/org/junit/jupiter/api/condition/EnabledIfSystemPropertyCondition.java	8	5	4	0.80	false	false
junit-jupiter-api/src/main/java/org/junit/jupiter/api/condition/EnabledIfSystemProperty.java	junit-jupiter-api/src/main/java/org/junit/jupiter/api/condition/EnabledIfSystemPropertyCondition.java	18	5	4	0.80	false	false
junit-jupiter-api/src/main/java/org/junit/jupiter/api/extension/ExtendWith.java	junit-jupiter-api/src/main/java/org/junit/jupiter/api/extension/Extensions.java	37	5	4	0.80	false	false
junit-jupiter-api/src/main/java/org/junit/jupiter/api/extension/ExtensionContext.java	junit-jupiter-engine/src/main/java/org/junit/jupiter/engine/extension/DefaultTestReporter.java	107	5	4	0.80	true	true
junit-jupiter-api/src/main/java/org/junit/jupiter/api/io/CleanupMode.java	junit-jupiter-api/src/main/java/org/junit/jupiter/api/io/TempDir.java	5	28	4	0.80	false	false
junit-jupiter-engine/src/main/java/org/junit/jupiter/engine/descriptor/AbstractExtensionContext.java	junit-jupiter-engine/src/main/java/org/junit/jupiter/engine/extension/DefaultTestReporter.java	67	5	4	0.80	true	false
junit-jupiter-engine/src/main/java/org/junit/jupiter/engine/descriptor/ClassExtensionContext.java	junit-jupiter-engine/src/main/java/org/junit/jupiter/engine/descriptor/ClassTemplateInvocationExtensionContext.java	41	5	4	0.80	false	false
junit-jupiter-engine/src/main/java/org/junit/jupiter/engine/execution/DefaultExecutableInvoker.java	junit-jupiter-engine/src/main/java/org/junit/jupiter/engine/execution/ParameterResolutionUtils.java	5	84	4	0.80	false	false
junit-jupiter-migrationsupport/src/main/java/org/junit/jupiter/migrationsupport/rules/ExternalResourceSupport.java	junit-jupiter-migrationsupport/src/main/java/org/junit/jupiter/migrationsupport/rules/adapter/package-info.java	23	5	4	0.80	true	false
junit-jupiter-migrationsupport/src/main/java/org/junit/jupiter/migrationsupport/rules/ExternalResourceSupport.java	junit-jupiter-migrationsupport/src/main/java/org/junit/jupiter/migrationsupport/rules/member/package-info.java	23	5	4	0.80	true	false
junit-jupiter-migrationsupport/src/main/java/org/junit/jupiter/migrationsupport/rules/ExternalResourceSupport.java	junit-jupiter-migrationsupport/src/main/java/org/junit/jupiter/migrationsupport/rules/package-info.java	23	5	4	0.80	false	false
junit-jupiter-migrationsupport/src/main/java/org/junit/jupiter/migrationsupport/rules/TestRuleSupport.java	junit-jupiter-migrationsupport/src/main/java/org/junit/jupiter/migrationsupport/rules/adapter/package-info.java	34	5	4	0.80	true	false
junit-jupiter-migrationsupport/src/main/java/org/junit/jupiter/migrationsupport/rules/TestRuleSupport.java	junit-jupiter-migrationsupport/src/main/java/org/junit/jupiter/migrationsupport/rules/member/package-info.java	34	5	4	0.80	true	false
junit-jupiter-migrationsupport/src/main/java/org/junit/jupiter/migrationsupport/rules/VerifierSupport.java	junit-jupiter-migrationsupport/src/main/java/org/junit/jupiter/migrationsupport/rules/adapter/package-info.java	18	5	4	0.80	true	false
junit-jupiter-migrationsupport/src/main/java/org/junit/jupiter/migrationsupport/rules/VerifierSupport.java	junit-jupiter-migrationsupport/src/main/java/org/junit/jupiter/migrationsupport/rules/member/package-info.java	18	5	4	0.80	true	false
junit-jupiter-migrationsupport/src/main/java/org/junit/jupiter/migrationsupport/rules/adapter/AbstractTestRuleAdapter.java	junit-jupiter-migrationsupport/src/main/java/org/junit/jupiter/migrationsupport/rules/adapter/package-info.java	17	5	4	0.80	false	false
junit-jupiter-migrationsupport/src/main/java/org/junit/jupiter/migrationsupport/rules/adapter/AbstractTestRuleAdapter.java	junit-jupiter-migrationsupport/src/main/java/org/junit/jupiter/migrationsupport/rules/member/package-info.java	17	5	4	0.80	true	false
junit-jupiter-migrationsupport/src/main/java/org/junit/jupiter/migrationsupport/rules/adapter/package-info.java	junit-jupiter-migrationsupport/src/main/java/org/junit/jupiter/migrationsupport/rules/member/AbstractTestRuleAnnotatedMember.java	5	7	4	0.80	true	false
junit-jupiter-migrationsupport/src/main/java/org/junit/jupiter/migrationsupport/rules/adapter/package-info.java	junit-jupiter-migrationsupport/src/main/java/org/junit/jupiter/migrationsupport/rules/member/TestRuleAnnotatedMember.java	5	8	4	0.80	true	false
junit-jupiter-migrationsupport/src/main/java/org/junit/jupiter/migrationsupport/rules/adapter/package-info.java	junit-jupiter-migrationsupport/src/main/java/org/junit/jupiter/migrationsupport/rules/package-info.java	5	5	4	0.80	true	false
junit-jupiter-migrationsupport/src/main/java/org/junit/jupiter/migrationsupport/rules/member/AbstractTestRuleAnnotatedMember.java	junit-jupiter-migrationsupport/src/main/java/org/junit/jupiter/migrationsupport/rules/member/package-info.java	7	5	4	0.80	false	false
junit-jupiter-migrationsupport/src/main/java/org/junit/jupiter/migrationsupport/rules/member/TestRuleAnnotatedMember.java	junit-jupiter-migrationsupport/src/main/java/org/junit/jupiter/migrationsupport/rules/member/package-info.java	8	5	4	0.80	false	false
junit-jupiter-migrationsupport/src/main/java/org/junit/jupiter/migrationsupport/rules/member/package-info.java	junit-jupiter-migrationsupport/src/main/java/org/junit/jupiter/migrationsupport/rules/package-info.java	5	5	4	0.80	true	false
junit-jupiter-params/src/main/java/org/junit/jupiter/params/converter/ArgumentConversionException.java	junit-jupiter-params/src/main/java/org/junit/jupiter/params/provider/package-info.java	11	5	4	0.80	true	false
junit-jupiter-params/src/main/java/org/junit/jupiter/params/provider/CsvArgumentsProvider.java	junit-jupiter-params/src/main/java/org/junit/jupiter/params/provider/package-info.java	51	5	4	0.80	false	false
junit-jupiter-params/src/main/java/org/junit/jupiter/params/provider/CsvFileArgumentsProvider.java	junit-jupiter-params/src/main/java/org/junit/jupiter/params/provider/package-info.java	44	5	4	0.80	false	false
junit-jupiter-params/src/main/java/org/junit/jupiter/params/provider/CsvFileSource.java	junit-jupiter-params/src/main/java/org/junit/jupiter/params/provider/package-info.java	52	5	4	0.80	false	false
junit-jupiter-params/src/main/java/org/junit/jupiter/params/provider/CsvSource.java	junit-jupiter-params/src/main/java/org/junit/jupiter/params/provider/package-info.java	54	5	4	0.80	false	false
junit-jupiter-params/src/main/java/org/junit/jupiter/params/provider/MethodArgumentsProvider.java	junit-jupiter-params/src/main/java/org/junit/jupiter/params/provider/package-info.java	61	5	4	0.80	false	false
junit-jupiter-params/src/main/java/org/junit/jupiter/params/provider/MethodSource.java	junit-jupiter-params/src/main/java/org/junit/jupiter/params/provider/package-info.java	45	5	4	0.80	false	false
junit-platform-commons/src/main/java/module-info.java	junit-platform-commons/src/main/java/org/junit/platform/commons/support/conversion/package-info.java	21	5	4	0.80	true	false
junit-platform-commons/src/main/java/org/junit/platform/commons/support/conversion/ConversionSupport.java	junit-platform-commons/src/main/java/org/junit/platform/commons/support/conversion/StringToNumberConverter.java	8	5	4	0.80	false	false
junit-platform-commons/src/main/java/org/junit/platform/commons/support/conversion/FallbackStringToObjectConverter.java	junit-platform-commons/src/main/java/org/junit/platform/commons/support/conversion/StringToClassConverter.java	10	5	4	0.80	false	false
junit-platform-commons/src/main/java/org/junit/platform/commons/support/conversion/StringToClassConverter.java	junit-platform-commons/src/main/java/org/junit/platform/commons/support/conversion/StringToNumberConverter.java	5	5	4	0.80	false	false
junit-platform-commons/src/main/java/org/junit/platform/commons/support/conversion/StringToCommonJavaTypesConverter.java	junit-platform-commons/src/main/java/org/junit/platform/commons/support/conversion/StringToNumberConverter.java	7	5	4	0.80	false	false
junit-platform-console/src/main/java/org/junit/platform/console/output/DetailsPrintingListener.java	junit-platform-console/src/main/java/org/junit/platform/console/output/FlatPrintingListener.java	5	50	4	0.80	false	false
junit-platform-engine/src/main/java/org/junit/platform/engine/discovery/DiscoverySelectors.java	junit-platform-engine/src/main/java/org/junit/platform/engine/discovery/FilePosition.java	82	5	4	0.80	false	false
junit-platform-engine/src/main/java/org/junit/platform/engine/discovery/DiscoverySelectors.java	junit-platform-engine/src/main/java/org/junit/platform/engine/discovery/IterationSelector.java	82	5	4	0.80	false	false
junit-platform-engine/src/main/java/org/junit/platform/engine/support/hierarchical/ForkJoinPoolHierarchicalTestExecutorService.java	junit-platform-engine/src/main/java/org/junit/platform/engine/support/hierarchical/HierarchicalTestExecutorService.java	25	5	4	0.80	false	false
junit-platform-engine/src/main/java/org/junit/platform/engine/support/hierarchical/ForkJoinPoolHierarchicalTestExecutorService.java	junit-platform-engine/src/main/java/org/junit/platform/engine/support/hierarchical/SameThreadHierarchicalTestExecutorService.java	25	5	4	0.80	false	false
junit-platform-engine/src/main/java/org/junit/platform/engine/support/hierarchical/HierarchicalTestExecutorService.java	junit-platform-engine/src/main/java/org/junit/platform/engine/support/hierarchical/Node.java	5	28	4	0.80	false	false
junit-platform-engine/src/main/java/org/junit/platform/engine/support/hierarchical/HierarchicalTestExecutorService.java	junit-platform-engine/src/main/java/org/junit/platform/engine/support/hierarchical/NodeTestTask.java	5	27	4	0.80	false	false
junit-platform-engine/src/main/java/org/junit/platform/engine/support/hierarchical/HierarchicalTestExecutorService.java	junit-platform-engine/src/main/java/org/junit/platform/engine/support/hierarchical/ParallelExecutionConfiguration.java	5	7	4	0.80	false	false
junit-platform-engine/src/main/java/org/junit/platform/engine/support/hierarchical/NodeTestTask.java	junit-platform-engine/src/main/java/org/junit/platform/engine/support/hierarchical/NodeTestTaskContext.java	27	5	4	0.80	false	false
junit-platform-engine/src/main/java/org/junit/platform/engine/support/hierarchical/NodeTestTask.java	junit-platform-engine/src/main/java/org/junit/platform/engine/support/hierarchical/SameThreadHierarchicalTestExecutorService.java	27	5	4	0.80	false	false
junit-platform-launcher/src/main/java/org/junit/platform/launcher/core/DefaultLauncher.java	junit-platform-launcher/src/main/java/org/junit/platform/launcher/core/DefaultLauncherConfig.java	142	5	4	0.80	false	false
junit-platform-launcher/src/main/java/org/junit/platform/launcher/tagexpression/ParseStatus.java	junit-platform-launcher/src/main/java/org/junit/platform/launcher/tagexpression/ShuntingYard.java	7	5	4	0.80	false	false
junit-platform-launcher/src/main/java/org/junit/platform/launcher/tagexpression/ShuntingYard.java	junit-platform-launcher/src/main/java/org/junit/platform/launcher/tagexpression/Tokenizer.java	5	6	4	0.80	false	false
junit-platform-suite-api/src/main/java/org/junit/platform/suite/api/ConfigurationParameter.java	junit-platform-suite-api/src/main/java/org/junit/platform/suite/api/Suite.java	5	11	4	0.80	false	false
junit-platform-suite-api/src/main/java/org/junit/platform/suite/api/ExcludeClassNamePatterns.java	junit-platform-suite-api/src/main/java/org/junit/platform/suite/api/ExcludeEngines.java	5	9	4	0.80	false	false
junit-platform-suite-api/src/main/java/org/junit/platform/suite/api/ExcludeClassNamePatterns.java	junit-platform-suite-api/src/main/java/org/junit/platform/suite/api/ExcludePackages.java	5	5	4	0.80	false	false
junit-platform-suite-api/src/main/java/org/junit/platform/suite/api/ExcludeClassNamePatterns.java	junit-platform-suite-api/src/main/java/org/junit/platform/suite/api/ExcludeTags.java	5	21	4	0.80	false	false
junit-platform-suite-api/src/main/java/org/junit/platform/suite/api/ExcludeClassNamePatterns.java	junit-platform-suite-api/src/main/java/org/junit/platform/suite/api/IncludeClassNamePatterns.java	5	8	4	0.80	false	false
junit-platform-suite-api/src/main/java/org/junit/platform/suite/api/ExcludeClassNamePatterns.java	junit-platform-suite-api/src/main/java/org/junit/platform/suite/api/IncludeEngines.java	5	13	4	0.80	false	false
junit-platform-suite-api/src/main/java/org/junit/platform/suite/api/ExcludeClassNamePatterns.java	junit-platform-suite-api/src/main/java/org/junit/platform/suite/api/IncludePackages.java	5	5	4	0.80	false	false
junit-platform-suite-api/src/main/java/org/junit/platform/suite/api/ExcludeClassNamePatterns.java	junit-platform-suite-api/src/main/java/org/junit/platform/suite/api/IncludeTags.java	5	22	4	0.80	false	false
junit-platform-suite-api/src/main/java/org/junit/platform/suite/api/ExcludeClassNamePatterns.java	junit-platform-suite-api/src/main/java/org/junit/platform/suite/api/SelectClasses.java	5	15	4	0.80	false	false
junit-platform-suite-api/src/main/java/org/junit/platform/suite/api/ExcludeClassNamePatterns.java	junit-platform-suite-api/src/main/java/org/junit/platform/suite/api/SelectPackages.java	5	14	4	0.80	false	false
junit-platform-suite-api/src/main/java/org/junit/platform/suite/api/ExcludeEngines.java	junit-platform-suite-api/src/main/java/org/junit/platform/suite/api/ExcludePackages.java	9	5	4	0.80	false	false
junit-platform-suite-api/src/main/java/org/junit/platform/suite/api/ExcludeEngines.java	junit-platform-suite-api/src/main/java/org/junit/platform/suite/api/IncludePackages.java	9	5	4	0.80	false	false
junit-platform-suite-api/src/main/java/org/junit/platform/suite/api/ExcludePackages.java	junit-platform-suite-api/src/main/java/org/junit/platform/suite/api/ExcludeTags.java	5	21	4	0.80	false	false
junit-platform-suite-api/src/main/java/org/junit/platform/suite/api/ExcludePackages.java	junit-platform-suite-api/src/main/java/org/junit/platform/suite/api/IncludeClassNamePatterns.java	5	8	4	0.80	false	false
junit-platform-suite-api/src/main/java/org/junit/platform/suite/api/ExcludePackages.java	junit-platform-suite-api/src/main/java/org/junit/platform/suite/api/IncludeEngines.java	5	13	4	0.80	false	false
junit-platform-suite-api/src/main/java/org/junit/platform/suite/api/ExcludePackages.java	junit-platform-suite-api/src/main/java/org/junit/platform/suite/api/IncludeTags.java	5	22	4	0.80	false	false
junit-platform-suite-api/src/main/java/org/junit/platform/suite/api/ExcludePackages.java	junit-platform-suite-api/src/main/java/org/junit/platform/suite/api/SelectClasses.java	5	15	4	0.80	false	false
junit-platform-suite-api/src/main/java/org/junit/platform/suite/api/ExcludePackages.java	junit-platform-suite-api/src/main/java/org/junit/platform/suite/api/SelectPackages.java	5	14	4	0.80	false	false
junit-platform-suite-api/src/main/java/org/junit/platform/suite/api/ExcludeTags.java	junit-platform-suite-api/src/main/java/org/junit/platform/suite/api/IncludePackages.java	21	5	4	0.80	false	false
junit-platform-suite-api/src/main/java/org/junit/platform/suite/api/IncludeClassNamePatterns.java	junit-platform-suite-api/src/main/java/org/junit/platform/suite/api/IncludePackages.java	8	5	4	0.80	false	false
junit-platform-suite-api/src/main/java/org/junit/platform/suite/api/IncludeEngines.java	junit-platform-suite-api/src/main/java/org/junit/platform/suite/api/IncludePackages.java	13	5	4	0.80	false	false
junit-platform-suite-api/src/main/java/org/junit/platform/suite/api/IncludePackages.java	junit-platform-suite-api/src/main/java/org/junit/platform/suite/api/IncludeTags.java	5	22	4	0.80	false	false
junit-platform-suite-api/src/main/java/org/junit/platform/suite/api/IncludePackages.java	junit-platform-suite-api/src/main/java/org/junit/platform/suite/api/SelectClasses.java	5	15	4	0.80	false	false
junit-platform-suite-api/src/main/java/org/junit/platform/suite/api/IncludePackages.java	junit-platform-suite-api/src/main/java/org/junit/platform/suite/api/SelectPackages.java	5	14	4	0.80	false	false
junit-platform-suite-engine/src/main/java/org/junit/platform/suite/engine/SuiteLauncher.java	junit-platform-suite-engine/src/main/java/org/junit/platform/suite/engine/SuiteTestEngine.java	8	5	4	0.80	false	false
junit-platform-suite-engine/src/main/java/org/junit/platform/suite/engine/SuiteTestDescriptor.java	junit-platform-suite-engine/src/main/java/org/junit/platform/suite/engine/SuiteTestEngine.java	28	5	4	0.80	false	false
junit-platform-testkit/src/main/java/org/junit/platform/testkit/engine/EngineExecutionResults.java	junit-platform-testkit/src/main/java/org/junit/platform/testkit/engine/EventStatistics.java	17	5	4	0.80	false	false
junit-platform-testkit/src/main/java/org/junit/platform/testkit/engine/EventStatistics.java	junit-platform-testkit/src/main/java/org/junit/platform/testkit/engine/ExecutionRecorder.java	5	15	4	0.80	false	false
junit-platform-testkit/src/main/java/org/junit/platform/testkit/engine/EventStatistics.java	junit-platform-testkit/src/main/java/org/junit/platform/testkit/engine/Executions.java	5	12	4	0.80	false	false
junit-vintage-engine/src/main/java/org/junit/vintage/engine/discovery/RunnerTestDescriptorPostProcessor.java	junit-vintage-engine/src/main/java/org/junit/vintage/engine/support/UniqueIdStringifier.java	25	5	4	0.80	true	false
junit-vintage-engine/src/main/java/org/junit/vintage/engine/support/UniqueIdReader.java	junit-vintage-engine/src/main/java/org/junit/vintage/engine/support/UniqueIdStringifier.java	9	5	4	0.80	false	false
junit-jupiter-api/src/main/java/org/junit/jupiter/api/condition/DisabledOnJre.java	junit-jupiter-api/src/main/java/org/junit/jupiter/api/condition/DisabledOnOs.java	20	19	15	0.79	false	false
junit-jupiter-api/src/main/java/org/junit/jupiter/api/condition/DisabledOnJre.java	junit-jupiter-api/src/main/java/org/junit/jupiter/api/condition/EnabledOnOs.java	20	19	15	0.79	false	false
junit-jupiter-api/src/main/java/org/junit/jupiter/api/condition/DisabledOnOs.java	junit-jupiter-api/src/main/java/org/junit/jupiter/api/condition/EnabledOnJre.java	19	19	15	0.79	false	false
junit-jupiter-api/src/main/java/org/junit/jupiter/api/condition/EnabledOnJre.java	junit-jupiter-api/src/main/java/org/junit/jupiter/api/condition/EnabledOnOs.java	19	19	15	0.79	false	false
junit-platform-engine/src/main/java/org/junit/platform/engine/discovery/ClasspathRootSelector.java	junit-platform-engine/src/main/java/org/junit/platform/engine/discovery/PackageSelector.java	35	28	22	0.79	false	false
junit-jupiter-api/src/main/java/org/junit/jupiter/api/ClassOrderer.java	junit-jupiter-api/src/main/java/org/junit/jupiter/api/MethodOrderer.java	14	37	11	0.79	false	false
junit-jupiter-params/src/main/java/org/junit/jupiter/params/converter/ArgumentConverter.java	junit-jupiter-params/src/main/java/org/junit/jupiter/params/converter/SimpleArgumentConverter.java	20	14	11	0.79	false	false
junit-platform-console/src/main/java/module-info.java	junit-platform-testkit/src/main/java/module-info.java	14	14	11	0.79	false	true
junit-platform-engine/src/main/java/org/junit/platform/engine/discovery/ClasspathResourceSelector.java	junit-platform-engine/src/main/java/org/junit/platform/engine/discovery/DiscoverySelectors.java	14	82	11	0.79	false	false
junit-platform-engine/src/main/java/org/junit/platform/engine/support/descriptor/ClassSource.java	junit-platform-engine/src/main/java/org/junit/platform/engine/support/descriptor/PackageSource.java	22	14	11	0.79	false	false
junit-platform-engine/src/main/java/org/junit/platform/engine/support/descriptor/MethodSource.java	junit-platform-engine/src/main/java/org/junit/platform/engine/support/descriptor/PackageSource.java	27	14	11	0.79	false	false
junit-jupiter-api/src/main/java/org/junit/jupiter/api/AssertArrayEquals.java	junit-jupiter-api/src/main/java/org/junit/jupiter/api/AssertNull.java	10	9	7	0.78	false	false
junit-jupiter-api/src/main/java/org/junit/jupiter/api/AssertIterableEquals.java	junit-jupiter-api/src/main/java/org/junit/jupiter/api/AssertNull.java	16	9	7	0.78	false	false
junit-jupiter-api/src/main/java/org/junit/jupiter/api/AssertNotEquals.java	junit-jupiter-api/src/main/java/org/junit/jupiter/api/AssertNull.java	10	9	7	0.78	false	false
junit-jupiter-api/src/main/java/org/junit/jupiter/api/AssertNull.java	junit-jupiter-api/src/main/java/org/junit/jupiter/api/AssertThrows.java	9	23	7	0.78	false	false
junit-jupiter-api/src/main/java/org/junit/jupiter/api/AssertNull.java	junit-jupiter-api/src/main/java/org/junit/jupiter/api/AssertTimeout.java	9	30	7	0.78	false	false
junit-jupiter-api/src/main/java/org/junit/jupiter/api/AssertNull.java	junit-jupiter-api/src/main/java/org/junit/jupiter/api/AssertionUtils.java	9	22	7	0.78	false	false
junit-jupiter-engine/src/main/java/org/junit/jupiter/engine/descriptor/ClassExtensionContext.java	junit-jupiter-engine/src/main/java/org/junit/jupiter/engine/descriptor/DynamicExtensionContext.java	41	9	7	0.78	false	false
junit-jupiter-engine/src/main/java/org/junit/jupiter/engine/descriptor/DynamicExtensionContext.java	junit-jupiter-engine/src/main/java/org/junit/jupiter/engine/descriptor/JupiterEngineExtensionContext.java	9	19	7	0.78	false	false
junit-jupiter-engine/src/main/java/org/junit/jupiter/engine/descriptor/DynamicExtensionContext.java	junit-jupiter-engine/src/main/java/org/junit/jupiter/engine/descriptor/MethodExtensionContext.java	9	42	7	0.78	false	false
junit-jupiter-engine/src/main/java/org/junit/jupiter/engine/descriptor/DynamicExtensionContext.java	junit-jupiter-engine/src/main/java/org/junit/jupiter/engine/descriptor/TestTemplateExtensionContext.java	9	22	7	0.78	false	false
junit-jupiter-migrationsupport/src/main/java/org/junit/jupiter/migrationsupport/rules/TestRuleSupport.java	junit-jupiter-migrationsupport/src/main/java/org/junit/jupiter/migrationsupport/rules/adapter/ExternalResourceAdapter.java	34	9	7	0.78	true	false
junit-jupiter-migrationsupport/src/main/java/org/junit/jupiter/migrationsupport/rules/adapter/ExternalResourceAdapter.java	junit-jupiter-migrationsupport/src/main/java/org/junit/jupiter/migrationsupport/rules/member/TestRuleAnnotatedMethod.java	9	11	7	0.78	true	false
junit-platform-commons/src/main/java/org/junit/platform/commons/util/CollectionUtils.java	junit-platform-commons/src/main/java/org/junit/platform/commons/util/FunctionUtils.java	37	9	7	0.78	false	false
junit-platform-commons/src/main/java/org/junit/platform/commons/util/ExceptionUtils.java	junit-platform-commons/src/main/java/org/junit/platform/commons/util/FunctionUtils.java	24	9	7	0.78	false	false
junit-platform-console/src/main/java/org/junit/platform/console/command/ExecuteTestsCommand.java	junit-platform-console/src/main/java/org/junit/platform/console/options/AnsiColorOptionMixin.java	17	9	7	0.78	true	false
junit-platform-console/src/main/java/org/junit/platform/console/command/MainCommand.java	junit-platform-console/src/main/java/org/junit/platform/console/options/AnsiColorOptionMixin.java	23	9	7	0.78	true	false
junit-platform-console/src/main/java/org/junit/platform/console/output/TreeNode.java	junit-platform-console/src/main/java/org/junit/platform/console/output/TreePrinter.java	9	22	7	0.78	false	false
junit-platform-engine/src/main/java/org/junit/platform/engine/support/hierarchical/EngineExecutionContext.java	junit-platform-engine/src/main/java/org/junit/platform/engine/support/hierarchical/HierarchicalTestExecutor.java	9	44	7	0.78	false	false
junit-vintage-engine/src/main/java/org/junit/vintage/engine/discovery/RunnerTestDescriptorPostProcessor.java	junit-vintage-engine/src/main/java/org/junit/vintage/engine/support/UniqueIdReader.java	25	9	7	0.78	true	false
junit-jupiter-api/src/main/java/org/junit/jupiter/api/condition/DisabledForJreRange.java	junit-jupiter-api/src/main/java/org/junit/jupiter/api/condition/EnabledOnJre.java	13	19	10	0.77	false	false
junit-platform-suite-engine/src/main/java/org/junit/platform/suite/engine/AdditionalDiscoverySelectors.java	junit-platform-suite-engine/src/main/java/org/junit/platform/suite/engine/SuiteLauncherDiscoveryRequestBuilder.java	13	31	10	0.77	false	false
junit-platform-console/src/main/java/org/junit/platform/console/command/ExecuteTestsCommand.java	junit-platform-console/src/main/java/org/junit/platform/console/command/MainCommand.java	17	23	13	0.76	false	false
junit-jupiter-api/src/main/java/org/junit/jupiter/api/AfterAll.java	junit-jupiter-api/src/main/java/org/junit/jupiter/api/BeforeEach.java	30	21	16	0.76	false	false
junit-jupiter-api/src/main/java/org/junit/jupiter/api/BeforeAll.java	junit-jupiter-api/src/main/java/org/junit/jupiter/api/BeforeEach.java	30	21	16	0.76	false	false
junit-platform-engine/src/main/java/org/junit/platform/engine/discovery/ClassSelector.java	junit-platform-engine/src/main/java/org/junit/platform/engine/discovery/PackageSelector.java	33	28	21	0.75	false	false
junit-platform-commons/src/main/java/module-info.java	junit-platform-suite-api/src/main/java/module-info.java	21	12	9	0.75	false	true
junit-platform-console/src/main/java/org/junit/platform/console/command/BaseCommand.java	junit-platform-console/src/main/java/org/junit/platform/console/command/ExecuteTestsCommand.java	12	17	9	0.75	false	false
junit-platform-launcher/src/main/java/module-info.java	junit-platform-suite-api/src/main/java/module-info.java	24	12	9	0.75	false	true
junit-platform-suite-api/src/main/java/module-info.java	junit-vintage-engine/src/main/java/module-info.java	12	19	9	0.75	false	true
junit-platform-testkit/src/main/java/org/junit/platform/testkit/engine/Event.java	junit-platform-testkit/src/main/java/org/junit/platform/testkit/engine/EventConditions.java	12	59	9	0.75	false	false
junit-jupiter-api/src/main/java/org/junit/jupiter/api/AssertEquals.java	junit-jupiter-api/src/main/java/org/junit/jupiter/api/AssertLinesMatch.java	8	31	6	0.75	false	false
junit-jupiter-api/src/main/java/org/junit/jupiter/api/AssertNotSame.java	junit-jupiter-api/src/main/java/org/junit/jupiter/api/AssertionUtils.java	8	22	6	0.75	false	false
junit-jupiter-api/src/main/java/org/junit/jupiter/api/AssertSame.java	junit-jupiter-api/src/main/java/org/junit/jupiter/api/AssertionUtils.java	8	22	6	0.75	false	false
junit-jupiter-api/src/main/java/org/junit/jupiter/api/MethodOrderer.java	junit-jupiter-api/src/main/java/org/junit/jupiter/api/Order.java	37	8	6	0.75	false	false
junit-jupiter-migrationsupport/src/main/java/org/junit/jupiter/migrationsupport/rules/ExternalResourceSupport.java	junit-jupiter-migrationsupport/src/main/java/org/junit/jupiter/migrationsupport/rules/adapter/VerifierAdapter.java	23	8	6	0.75	true	false
junit-jupiter-migrationsupport/src/main/java/org/junit/jupiter/migrationsupport/rules/TestRuleSupport.java	junit-jupiter-migrationsupport/src/main/java/org/junit/jupiter/migrationsupport/rules/adapter/VerifierAdapter.java	34	8	6	0.75	true	false
junit-jupiter-migrationsupport/src/main/java/org/junit/jupiter/migrationsupport/rules/TestRuleSupport.java	junit-jupiter-migrationsupport/src/main/java/org/junit/jupiter/migrationsupport/rules/member/TestRuleAnnotatedMember.java	34	8	6	0.75	true	false
junit-jupiter-migrationsupport/src/main/java/org/junit/jupiter/migrationsupport/rules/VerifierSupport.java	junit-jupiter-migrationsupport/src/main/java/org/junit/jupiter/migrationsupport/rules/member/TestRuleAnnotatedMember.java	18	8	6	0.75	true	false
junit-jupiter-migrationsupport/src/main/java/org/junit/jupiter/migrationsupport/rules/adapter/VerifierAdapter.java	junit-jupiter-migrationsupport/src/main/java/org/junit/jupiter/migrationsupport/rules/member/TestRuleAnnotatedMethod.java	8	11	6	0.75	true	false
junit-jupiter-migrationsupport/src/main/java/org/junit/jupiter/migrationsupport/rules/member/TestRuleAnnotatedMember.java	junit-jupiter-migrationsupport/src/main/java/org/junit/jupiter/migrationsupport/rules/member/TestRuleAnnotatedMethod.java	8	11	6	0.75	false	false
junit-platform-console/src/main/java/org/junit/platform/console/command/CommandResult.java	junit-platform-console/src/main/java/org/junit/platform/console/command/MainCommand.java	8	23	6	0.75	false	false
junit-platform-launcher/src/main/java/org/junit/platform/launcher/jfr/FlightRecordingDiscoveryListener.java	junit-platform-launcher/src/main/java/org/junit/platform/launcher/jfr/FlightRecordingExecutionListener.java	8	19	6	0.75	false	false
junit-platform-suite-engine/src/main/java/org/junit/platform/suite/engine/DiscoverySelectorResolver.java	junit-platform-suite-engine/src/main/java/org/junit/platform/suite/engine/SuiteLauncherDiscoveryRequestBuilder.java	8	31	6	0.75	false	false
junit-platform-suite-engine/src/main/java/org/junit/platform/suite/engine/SuiteLauncher.java	junit-platform-suite-engine/src/main/java/org/junit/platform/suite/engine/SuiteTestDescriptor.java	8	28	6	0.75	false	false
junit-platform-testkit/src/main/java/org/junit/platform/testkit/engine/Execution.java	junit-platform-testkit/src/main/java/org/junit/platform/testkit/engine/TerminationInfo.java	9	8	6	0.75	false	false
junit-platform-testkit/src/main/java/org/junit/platform/testkit/engine/TerminationInfo.java	junit-platform-testkit/src/main/java/org/junit/platform/testkit/engine/TestExecutionResultConditions.java	8	25	6	0.75	false	false
junit-jupiter-api/src/main/java/org/junit/jupiter/api/AssertArrayEquals.java	junit-jupiter-api/src/main/java/org/junit/jupiter/api/AssertThrowsExactly.java	10	4	3	0.75	false	false
junit-jupiter-api/src/main/java/org/junit/jupiter/api/AssertDoesNotThrow.java	junit-jupiter-api/src/main/java/org/junit/jupiter/api/AssertThrowsExactly.java	12	4	3	0.75	false	false
junit-jupiter-api/src/main/java/org/junit/jupiter/api/AssertEquals.java	junit-jupiter-api/src/main/java/org/junit/jupiter/api/AssertThrowsExactly.java	8	4	3	0.75	false	false
junit-jupiter-api/src/main/java/org/junit/jupiter/api/AssertFalse.java	junit-jupiter-api/src/main/java/org/junit/jupiter/api/AssertThrowsExactly.java	12	4	3	0.75	false	false
junit-jupiter-api/src/main/java/org/junit/jupiter/api/AssertInstanceOf.java	junit-jupiter-api/src/main/java/org/junit/jupiter/api/AssertThrowsExactly.java	9	4	3	0.75	false	false
junit-jupiter-api/src/main/java/org/junit/jupiter/api/AssertIterableEquals.java	junit-jupiter-api/src/main/java/org/junit/jupiter/api/AssertThrowsExactly.java	16	4	3	0.75	false	false
junit-jupiter-api/src/main/java/org/junit/jupiter/api/AssertLinesMatch.java	junit-jupiter-api/src/main/java/org/junit/jupiter/api/AssertThrowsExactly.java	31	4	3	0.75	false	false
junit-jupiter-api/src/main/java/org/junit/jupiter/api/AssertNotEquals.java	junit-jupiter-api/src/main/java/org/junit/jupiter/api/AssertThrowsExactly.java	10	4	3	0.75	false	false
junit-jupiter-api/src/main/java/org/junit/jupiter/api/AssertNotNull.java	junit-jupiter-api/src/main/java/org/junit/jupiter/api/AssertThrowsExactly.java	8	4	3	0.75	false	false
junit-jupiter-api/src/main/java/org/junit/jupiter/api/AssertNotSame.java	junit-jupiter-api/src/main/java/org/junit/jupiter/api/AssertThrowsExactly.java	8	4	3	0.75	false	false
junit-jupiter-api/src/main/java/org/junit/jupiter/api/AssertNull.java	junit-jupiter-api/src/main/java/org/junit/jupiter/api/AssertThrowsExactly.java	9	4	3	0.75	false	false
junit-jupiter-api/src/main/java/org/junit/jupiter/api/AssertSame.java	junit-jupiter-api/src/main/java/org/junit/jupiter/api/AssertThrowsExactly.java	8	4	3	0.75	false	false
junit-jupiter-api/src/main/java/org/junit/jupiter/api/AssertThrows.java	junit-jupiter-api/src/main/java/org/junit/jupiter/api/AssertThrowsExactly.java	23	4	3	0.75	false	false
junit-jupiter-api/src/main/java/org/junit/jupiter/api/AssertThrowsExactly.java	junit-jupiter-api/src/main/java/org/junit/jupiter/api/AssertTimeout.java	4	30	3	0.75	false	false
junit-jupiter-api/src/main/java/org/junit/jupiter/api/AssertThrowsExactly.java	junit-jupiter-api/src/main/java/org/junit/jupiter/api/AssertTrue.java	4	13	3	0.75	false	false
junit-jupiter-api/src/main/java/org/junit/jupiter/api/AssertThrowsExactly.java	junit-jupiter-api/src/main/java/org/junit/jupiter/api/AssertionFailureBuilder.java	4	8	3	0.75	false	false
junit-jupiter-api/src/main/java/org/junit/jupiter/api/AssertThrowsExactly.java	junit-jupiter-api/src/main/java/org/junit/jupiter/api/AssertionUtils.java	4	22	3	0.75	false	false
junit-jupiter-api/src/main/java/org/junit/jupiter/api/AssertTimeoutPreemptively.java	junit-jupiter-api/src/main/java/org/junit/jupiter/api/timeout/PreemptiveTimeoutUtils.java	9	4	3	0.75	true	false
junit-jupiter-api/src/main/java/org/junit/jupiter/api/ClassTemplate.java	junit-jupiter-api/src/main/java/org/junit/jupiter/api/extension/ClassTemplateInvocationContextProvider.java	9	4	3	0.75	true	false
junit-jupiter-api/src/main/java/org/junit/jupiter/api/Disabled.java	junit-jupiter-api/src/main/java/org/junit/jupiter/api/condition/DisabledInNativeImage.java	23	4	3	0.75	true	false
junit-jupiter-api/src/main/java/org/junit/jupiter/api/IndicativeSentencesGeneration.java	junit-jupiter-engine/src/main/java/org/junit/jupiter/engine/descriptor/DisplayNameUtils.java	4	21	3	0.75	true	true
junit-jupiter-api/src/main/java/org/junit/jupiter/api/RepeatedTest.java	junit-jupiter-api/src/main/java/org/junit/jupiter/api/RepetitionInfo.java	10	4	3	0.75	false	false
junit-jupiter-api/src/main/java/org/junit/jupiter/api/RepetitionInfo.java	junit-jupiter-engine/src/main/java/org/junit/jupiter/engine/extension/RepeatedTestExtension.java	4	16	3	0.75	true	true
junit-jupiter-api/src/main/java/org/junit/jupiter/api/RepetitionInfo.java	junit-jupiter-engine/src/main/java/org/junit/jupiter/engine/extension/RepeatedTestInvocationContext.java	4	6	3	0.75	true	true
junit-jupiter-api/src/main/java/org/junit/jupiter/api/TestReporter.java	junit-platform-engine/src/main/java/org/junit/platform/engine/reporting/FileEntry.java	27	4	3	0.75	true	true
junit-jupiter-api/src/main/java/org/junit/jupiter/api/TestReporter.java	junit-platform-engine/src/main/java/org/junit/platform/engine/reporting/OutputDirectoryProvider.java	27	4	3	0.75	true	true
junit-jupiter-api/src/main/java/org/junit/jupiter/api/condition/DisabledIfEnvironmentVariable.java	junit-jupiter-api/src/main/java/org/junit/jupiter/api/condition/DisabledInNativeImage.java	17	4	3	0.75	false	false
junit-jupiter-api/src/main/java/org/junit/jupiter/api/condition/DisabledIfEnvironmentVariableCondition.java	junit-jupiter-api/src/main/java/org/junit/jupiter/api/condition/DisabledIfSystemPropertyCondition.java	7	4	3	0.75	false	false
junit-jupiter-api/src/main/java/org/junit/jupiter/api/condition/DisabledIfSystemProperty.java	junit-jupiter-api/src/main/java/org/junit/jupiter/api/condition/DisabledIfSystemPropertyCondition.java	17	4	3	0.75	false	false
junit-jupiter-api/src/main/java/org/junit/jupiter/api/condition/DisabledIfSystemProperty.java	junit-jupiter-api/src/main/java/org/junit/jupiter/api/condition/DisabledInNativeImage.java	17	4	3	0.75	false	false
junit-jupiter-api/src/main/java/org/junit/jupiter/api/condition/DisabledIfSystemPropertyCondition.java	junit-jupiter-api/src/main/java/org/junit/jupiter/api/condition/EnabledIfEnvironmentVariableCondition.java	4	8	3	0.75	false	false
junit-jupiter-api/src/main/java/org/junit/jupiter/api/condition/DisabledIfSystemPropertyCondition.java	junit-jupiter-api/src/main/java/org/junit/jupiter/api/condition/EnabledIfSystemProperty.java	4	18	3	0.75	false	false
junit-jupiter-api/src/main/java/org/junit/jupiter/api/condition/DisabledInNativeImage.java	junit-jupiter-api/src/main/java/org/junit/jupiter/api/condition/DisabledOnOs.java	4	19	3	0.75	false	false
junit-jupiter-api/src/main/java/org/junit/jupiter/api/condition/DisabledInNativeImage.java	junit-jupiter-api/src/main/java/org/junit/jupiter/api/condition/EnabledForJreRange.java	4	12	3	0.75	false	false
junit-jupiter-api/src/main/java/org/junit/jupiter/api/condition/DisabledInNativeImage.java	junit-jupiter-api/src/main/java/org/junit/jupiter/api/condition/EnabledIfEnvironmentVariable.java	4	18	3	0.75	false	false
junit-jupiter-api/src/main/java/org/junit/jupiter/api/condition/DisabledInNativeImage.java	junit-jupiter-api/src/main/java/org/junit/jupiter/api/condition/EnabledIfSystemProperty.java	4	18	3	0.75	false	false
junit-jupiter-api/src/main/java/org/junit/jupiter/api/condition/DisabledInNativeImage.java	junit-jupiter-api/src/main/java/org/junit/jupiter/api/condition/EnabledOnJre.java	4	19	3	0.75	false	false
junit-jupiter-api/src/main/java/org/junit/jupiter/api/condition/DisabledInNativeImage.java	junit-jupiter-api/src/main/java/org/junit/jupiter/api/condition/EnabledOnOs.java	4	19	3	0.75	false	false
junit-jupiter-api/src/main/java/org/junit/jupiter/api/extension/AfterClassTemplateInvocationCallback.java	junit-jupiter-api/src/main/java/org/junit/jupiter/api/extension/ClassTemplateInvocationContext.java	4	5	3	0.75	false	false
junit-jupiter-api/src/main/java/org/junit/jupiter/api/extension/AfterClassTemplateInvocationCallback.java	junit-jupiter-api/src/main/java/org/junit/jupiter/api/extension/ClassTemplateInvocationContextProvider.java	4	4	3	0.75	false	false
junit-jupiter-api/src/main/java/org/junit/jupiter/api/extension/BeforeClassTemplateInvocationCallback.java	junit-jupiter-api/src/main/java/org/junit/jupiter/api/extension/ClassTemplateInvocationContext.java	4	5	3	0.75	false	false
junit-jupiter-api/src/main/java/org/junit/jupiter/api/extension/BeforeClassTemplateInvocationCallback.java	junit-jupiter-api/src/main/java/org/junit/jupiter/api/extension/ClassTemplateInvocationContextProvider.java	4	4	3	0.75	false	false
junit-jupiter-api/src/main/java/org/junit/jupiter/api/extension/ClassTemplateInvocationContext.java	junit-jupiter-api/src/main/java/org/junit/jupiter/api/extension/ClassTemplateInvocationContextProvider.java	5	4	3	0.75	false	false
junit-jupiter-api/src/main/java/org/junit/jupiter/api/extension/ExtensionContext.java	junit-platform-engine/src/main/java/org/junit/platform/engine/reporting/FileEntry.java	107	4	3	0.75	true	true
junit-jupiter-api/src/main/java/org/junit/jupiter/api/extension/ExtensionContext.java	junit-platform-engine/src/main/java/org/junit/platform/engine/reporting/OutputDirectoryProvider.java	107	4	3	0.75	true	true
junit-jupiter-api/src/main/java/org/junit/jupiter/api/function/ThrowingConsumer.java	junit-jupiter-api/src/main/java/org/junit/jupiter/api/function/ThrowingSupplier.java	4	6	3	0.75	false	false
junit-jupiter-engine/src/main/java/org/junit/jupiter/engine/Constants.java	junit-jupiter-engine/src/main/java/org/junit/jupiter/engine/extension/TimeoutConfiguration.java	48	4	3	0.75	true	false
junit-jupiter-engine/src/main/java/org/junit/jupiter/engine/descriptor/AbstractExtensionContext.java	junit-platform-engine/src/main/java/org/junit/platform/engine/reporting/FileEntry.java	67	4	3	0.75	true	true
junit-jupiter-engine/src/main/java/org/junit/jupiter/engine/descriptor/ClassTestDescriptor.java	junit-jupiter-engine/src/main/java/org/junit/jupiter/engine/descriptor/DefaultTestInstanceFactoryContext.java	198	4	3	0.75	false	false
junit-jupiter-engine/src/main/java/org/junit/jupiter/engine/descriptor/DefaultTestInstanceFactoryContext.java	junit-jupiter-engine/src/main/java/org/junit/jupiter/engine/descriptor/NestedClassTestDescriptor.java	4	67	3	0.75	false	false
junit-jupiter-engine/src/main/java/org/junit/jupiter/engine/descriptor/DynamicDescendantFilter.java	junit-jupiter-engine/src/main/java/org/junit/jupiter/engine/descriptor/TestFactoryTestDescriptor.java	4	69	3	0.75	false	false
junit-jupiter-engine/src/main/java/org/junit/jupiter/engine/descriptor/DynamicDescendantFilter.java	junit-jupiter-engine/src/main/java/org/junit/jupiter/engine/descriptor/TestTemplateTestDescriptor.java	4	60	3	0.75	false	false
junit-jupiter-engine/src/main/java/org/junit/jupiter/engine/discovery/AbstractAnnotatedDescriptorWrapper.java	junit-jupiter-engine/src/main/java/org/junit/jupiter/engine/discovery/AbstractOrderingVisitor.java	4	14	3	0.75	false	false
junit-jupiter-engine/src/main/java/org/junit/jupiter/engine/discovery/AbstractAnnotatedDescriptorWrapper.java	junit-jupiter-engine/src/main/java/org/junit/jupiter/engine/discovery/DefaultMethodDescriptor.java	4	7	3	0.75	false	false
junit-jupiter-engine/src/main/java/org/junit/jupiter/engine/execution/ConstructorInvocation.java	junit-jupiter-engine/src/main/java/org/junit/jupiter/engine/execution/ParameterResolutionUtils.java	4	84	3	0.75	false	false
junit-jupiter-engine/src/main/java/org/junit/jupiter/engine/execution/ParameterResolutionUtils.java	junit-jupiter-engine/src/main/java/org/junit/jupiter/engine/support/MethodReflectionUtils.java	84	4	3	0.75	true	false
junit-jupiter-engine/src/main/java/org/junit/jupiter/engine/extension/DefaultTestReporter.java	junit-platform-engine/src/main/java/org/junit/platform/engine/reporting/FileEntry.java	5	4	3	0.75	true	true
junit-jupiter-engine/src/main/java/org/junit/jupiter/engine/extension/TimeoutExtension.java	junit-platform-launcher/src/main/java/org/junit/platform/launcher/core/LauncherPhase.java	17	4	3	0.75	true	true
junit-jupiter-engine/src/main/java/org/junit/jupiter/engine/support/MethodReflectionUtils.java	junit-platform-commons/src/main/java/org/junit/platform/commons/util/KotlinReflectionUtils.java	4	9	3	0.75	true	true
junit-jupiter-params/src/main/java/org/junit/jupiter/params/ParameterizedClassExtension.java	junit-jupiter-params/src/main/java/org/junit/jupiter/params/ParameterizedTestExtension.java	4	62	3	0.75	false	false
junit-jupiter-params/src/main/java/org/junit/jupiter/params/ParameterizedTestExtension.java	junit-jupiter-params/src/main/java/org/junit/jupiter/params/converter/package-info.java	62	4	3	0.75	true	false
junit-jupiter-params/src/main/java/org/junit/jupiter/params/ParameterizedTestExtension.java	junit-jupiter-params/src/main/java/org/junit/jupiter/params/support/package-info.java	62	4	3	0.75	true	false
junit-jupiter-params/src/main/java/org/junit/jupiter/params/aggregator/AggregateWith.java	junit-jupiter-params/src/main/java/org/junit/jupiter/params/aggregator/ArgumentAccessException.java	4	6	3	0.75	false	false
junit-jupiter-params/src/main/java/org/junit/jupiter/params/aggregator/AggregateWith.java	junit-jupiter-params/src/main/java/org/junit/jupiter/params/aggregator/ArgumentsAccessor.java	4	12	3	0.75	false	false
junit-jupiter-params/src/main/java/org/junit/jupiter/params/aggregator/AggregateWith.java	junit-jupiter-params/src/main/java/org/junit/jupiter/params/aggregator/ArgumentsAggregationException.java	4	5	3	0.75	false	false
junit-jupiter-params/src/main/java/org/junit/jupiter/params/aggregator/AggregateWith.java	junit-jupiter-params/src/main/java/org/junit/jupiter/params/aggregator/ArgumentsAggregator.java	4	11	3	0.75	false	false
junit-jupiter-params/src/main/java/org/junit/jupiter/params/aggregator/ArgumentsAggregator.java	junit-jupiter-params/src/main/java/org/junit/jupiter/params/aggregator/SimpleArgumentsAggregator.java	11	4	3	0.75	false	false
junit-jupiter-params/src/main/java/org/junit/jupiter/params/converter/ArgumentConversionException.java	junit-jupiter-params/src/main/java/org/junit/jupiter/params/support/package-info.java	11	4	3	0.75	true	false
junit-jupiter-params/src/main/java/org/junit/jupiter/params/converter/ArgumentConverter.java	junit-jupiter-params/src/main/java/org/junit/jupiter/params/converter/package-info.java	20	4	3	0.75	false	false
junit-jupiter-params/src/main/java/org/junit/jupiter/params/converter/ArgumentConverter.java	junit-jupiter-params/src/main/java/org/junit/jupiter/params/support/package-info.java	20	4	3	0.75	true	false
junit-jupiter-params/src/main/java/org/junit/jupiter/params/converter/ConvertWith.java	junit-jupiter-params/src/main/java/org/junit/jupiter/params/converter/package-info.java	11	4	3	0.75	false	false
junit-jupiter-params/src/main/java/org/junit/jupiter/params/converter/DefaultArgumentConverter.java	junit-jupiter-params/src/main/java/org/junit/jupiter/params/support/package-info.java	41	4	3	0.75	true	false
junit-jupiter-params/src/main/java/org/junit/jupiter/params/converter/JavaTimeArgumentConverter.java	junit-jupiter-params/src/main/java/org/junit/jupiter/params/converter/package-info.java	11	4	3	0.75	false	false
junit-jupiter-params/src/main/java/org/junit/jupiter/params/converter/JavaTimeArgumentConverter.java	junit-jupiter-params/src/main/java/org/junit/jupiter/params/support/package-info.java	11	4	3	0.75	true	false
junit-jupiter-params/src/main/java/org/junit/jupiter/params/converter/JavaTimeConversionPattern.java	junit-jupiter-params/src/main/java/org/junit/jupiter/params/converter/package-info.java	14	4	3	0.75	false	false
junit-jupiter-params/src/main/java/org/junit/jupiter/params/converter/package-info.java	junit-jupiter-params/src/main/java/org/junit/jupiter/params/provider/Arguments.java	4	23	3	0.75	true	false
junit-jupiter-params/src/main/java/org/junit/jupiter/params/converter/package-info.java	junit-jupiter-params/src/main/java/org/junit/jupiter/params/provider/ArgumentsSources.java	4	11	3	0.75	true	false
junit-jupiter-params/src/main/java/org/junit/jupiter/params/converter/package-info.java	junit-jupiter-params/src/main/java/org/junit/jupiter/params/provider/CsvArgumentsProvider.java	4	51	3	0.75	true	false
junit-jupiter-params/src/main/java/org/junit/jupiter/params/converter/package-info.java	junit-jupiter-params/src/main/java/org/junit/jupiter/params/provider/CsvFileArgumentsProvider.java	4	44	3	0.75	true	false
junit-jupiter-params/src/main/java/org/junit/jupiter/params/converter/package-info.java	junit-jupiter-params/src/main/java/org/junit/jupiter/params/provider/CsvFileSource.java	4	52	3	0.75	true	false
junit-jupiter-params/src/main/java/org/junit/jupiter/params/converter/package-info.java	junit-jupiter-params/src/main/java/org/junit/jupiter/params/provider/CsvSource.java	4	54	3	0.75	true	false
junit-jupiter-params/src/main/java/org/junit/jupiter/params/converter/package-info.java	junit-jupiter-params/src/main/java/org/junit/jupiter/params/provider/MethodArgumentsProvider.java	4	61	3	0.75	true	false
junit-jupiter-params/src/main/java/org/junit/jupiter/params/converter/package-info.java	junit-jupiter-params/src/main/java/org/junit/jupiter/params/provider/MethodSource.java	4	45	3	0.75	true	false
junit-jupiter-params/src/main/java/org/junit/jupiter/params/converter/package-info.java	junit-jupiter-params/src/main/java/org/junit/jupiter/params/support/package-info.java	4	4	3	0.75	true	false
junit-jupiter-params/src/main/java/org/junit/jupiter/params/provider/Arguments.java	junit-jupiter-params/src/main/java/org/junit/jupiter/params/support/package-info.java	23	4	3	0.75	true	false
junit-jupiter-params/src/main/java/org/junit/jupiter/params/provider/ArgumentsSource.java	junit-jupiter-params/src/main/java/org/junit/jupiter/params/provider/NullAndEmptySource.java	15	4	3	0.75	false	false
junit-jupiter-params/src/main/java/org/junit/jupiter/params/provider/ArgumentsSources.java	junit-jupiter-params/src/main/java/org/junit/jupiter/params/provider/NullAndEmptySource.java	11	4	3	0.75	false	false
junit-jupiter-params/src/main/java/org/junit/jupiter/params/provider/CsvArgumentsProvider.java	junit-jupiter-params/src/main/java/org/junit/jupiter/params/support/package-info.java	51	4	3	0.75	true	false
junit-jupiter-params/src/main/java/org/junit/jupiter/params/provider/CsvFileArgumentsProvider.java	junit-jupiter-params/src/main/java/org/junit/jupiter/params/support/package-info.java	44	4	3	0.75	true	false
junit-jupiter-params/src/main/java/org/junit/jupiter/params/provider/CsvFileSource.java	junit-jupiter-params/src/main/java/org/junit/jupiter/params/provider/NullAndEmptySource.java	52	4	3	0.75	false	false
junit-jupiter-params/src/main/java/org/junit/jupiter/params/provider/CsvSource.java	junit-jupiter-params/src/main/java/org/junit/jupiter/params/provider/NullAndEmptySource.java	54	4	3	0.75	false	false
junit-jupiter-params/src/main/java/org/junit/jupiter/params/provider/EnumSource.java	junit-jupiter-params/src/main/java/org/junit/jupiter/params/provider/NullAndEmptySource.java	27	4	3	0.75	false	false
junit-jupiter-params/src/main/java/org/junit/jupiter/params/provider/MethodSource.java	junit-jupiter-params/src/main/java/org/junit/jupiter/params/provider/NullAndEmptySource.java	45	4	3	0.75	false	false
junit-jupiter-params/src/main/java/org/junit/jupiter/params/provider/NullAndEmptySource.java	junit-jupiter-params/src/main/java/org/junit/jupiter/params/provider/ValueSource.java	4	21	3	0.75	false	false
junit-jupiter-params/src/main/java/org/junit/jupiter/params/provider/package-info.java	junit-jupiter-params/src/main/java/org/junit/jupiter/params/support/package-info.java	5	4	3	0.75	true	false
junit-platform-commons/src/main/java/module-info.java	junit-platform-commons/src/main/java/org/junit/platform/commons/support/scanning/package-info.java	21	4	3	0.75	true	false
junit-platform-commons/src/main/java/module-info.java	junit-platform-suite-api/src/main/java/org/junit/platform/suite/api/package-info.java	21	4	3	0.75	true	true
junit-platform-commons/src/main/java/org/junit/platform/commons/JUnitException.java	junit-platform-commons/src/main/java/org/junit/platform/commons/PreconditionViolationException.java	7	4	3	0.75	false	false
junit-platform-commons/src/main/java/org/junit/platform/commons/function/package-info.java	junit-platform-commons/src/main/java/org/junit/platform/commons/support/scanning/package-info.java	5	4	3	0.75	true	false
junit-platform-commons/src/main/java/org/junit/platform/commons/support/conversion/ConversionSupport.java	junit-platform-commons/src/main/java/org/junit/platform/commons/support/conversion/StringToObjectConverter.java	8	4	3	0.75	false	false
junit-platform-commons/src/main/java/org/junit/platform/commons/support/conversion/FallbackStringToObjectConverter.java	junit-platform-commons/src/main/java/org/junit/platform/commons/support/conversion/StringToJavaTimeConverter.java	10	4	3	0.75	false	false
junit-platform-commons/src/main/java/org/junit/platform/commons/support/conversion/FallbackStringToObjectConverter.java	junit-platform-commons/src/main/java/org/junit/platform/commons/support/conversion/StringToObjectConverter.java	10	4	3	0.75	false	false
junit-platform-commons/src/main/java/org/junit/platform/commons/support/conversion/StringToClassConverter.java	junit-platform-commons/src/main/java/org/junit/platform/commons/support/conversion/StringToJavaTimeConverter.java	5	4	3	0.75	false	false
junit-platform-commons/src/main/java/org/junit/platform/commons/support/conversion/StringToClassConverter.java	junit-platform-commons/src/main/java/org/junit/platform/commons/support/conversion/StringToObjectConverter.java	5	4	3	0.75	false	false
junit-platform-commons/src/main/java/org/junit/platform/commons/support/conversion/StringToCommonJavaTypesConverter.java	junit-platform-commons/src/main/java/org/junit/platform/commons/support/conversion/StringToObjectConverter.java	7	4	3	0.75	false	false
junit-platform-commons/src/main/java/org/junit/platform/commons/support/conversion/StringToJavaTimeConverter.java	junit-platform-commons/src/main/java/org/junit/platform/commons/support/conversion/StringToObjectConverter.java	4	4	3	0.75	false	false
junit-platform-commons/src/main/java/org/junit/platform/commons/support/conversion/StringToNumberConverter.java	junit-platform-commons/src/main/java/org/junit/platform/commons/support/conversion/StringToObjectConverter.java	5	4	3	0.75	false	false
junit-platform-commons/src/main/java/org/junit/platform/commons/support/conversion/package-info.java	junit-platform-commons/src/main/java/org/junit/platform/commons/support/scanning/package-info.java	5	4	3	0.75	true	false
junit-platform-commons/src/main/java/org/junit/platform/commons/support/package-info.java	junit-platform-commons/src/main/java/org/junit/platform/commons/support/scanning/package-info.java	6	4	3	0.75	true	false
junit-platform-console/src/main/java/org/junit/platform/console/command/BaseCommand.java	junit-platform-console/src/main/java/org/junit/platform/console/command/ManifestVersionProvider.java	12	4	3	0.75	false	false
junit-platform-console/src/main/java/org/junit/platform/console/command/CommandFacade.java	junit-platform-console/src/main/java/org/junit/platform/console/command/ManifestVersionProvider.java	8	4	3	0.75	false	false
junit-platform-console/src/main/java/org/junit/platform/console/command/ConsoleTestExecutor.java	junit-platform-console/src/main/java/org/junit/platform/console/options/TestConsoleOutputOptions.java	57	4	3	0.75	true	false
junit-platform-console/src/main/java/org/junit/platform/console/command/ConsoleTestExecutor.java	junit-platform-console/src/main/java/org/junit/platform/console/output/Style.java	57	4	3	0.75	true	false
junit-platform-console/src/main/java/org/junit/platform/console/command/DiscoveryRequestCreator.java	junit-platform-console/src/main/java/org/junit/platform/console/options/TestConsoleOutputOptions.java	72	4	3	0.75	true	false
junit-platform-console/src/main/java/org/junit/platform/console/command/ExecuteTestsCommand.java	junit-platform-console/src/main/java/org/junit/platform/console/options/TestConsoleOutputOptions.java	17	4	3	0.75	true	false
junit-platform-console/src/main/java/org/junit/platform/console/command/MainCommand.java	junit-platform-console/src/main/java/org/junit/platform/console/options/TestConsoleOutputOptions.java	23	4	3	0.75	true	false
junit-platform-console/src/main/java/org/junit/platform/console/options/Details.java	junit-platform-console/src/main/java/org/junit/platform/console/output/FlatPrintingListener.java	4	50	3	0.75	true	false
junit-platform-console/src/main/java/org/junit/platform/console/options/TestConsoleOutputOptions.java	junit-platform-console/src/main/java/org/junit/platform/console/options/TestDiscoveryOptionsMixin.java	4	24	3	0.75	false	false
junit-platform-console/src/main/java/org/junit/platform/console/options/package-info.java	junit-platform-engine/src/main/java/org/junit/platform/engine/package-info.java	4	5	3	0.75	true	true
junit-platform-console/src/main/java/org/junit/platform/console/output/ColorPalette.java	junit-platform-console/src/main/java/org/junit/platform/console/output/Style.java	5	4	3	0.75	false	false
junit-platform-engine/src/main/java/module-info.java	junit-platform-engine/src/main/java/org/junit/platform/engine/support/store/package-info.java	16	4	3	0.75	true	false
junit-platform-engine/src/main/java/org/junit/platform/engine/EngineDiscoveryRequest.java	junit-platform-engine/src/main/java/org/junit/platform/engine/reporting/OutputDirectoryProvider.java	21	4	3	0.75	true	false
junit-platform-engine/src/main/java/org/junit/platform/engine/ExecutionRequest.java	junit-platform-engine/src/main/java/org/junit/platform/engine/reporting/OutputDirectoryProvider.java	34	4	3	0.75	true	false
junit-platform-engine/src/main/java/org/junit/platform/engine/reporting/OutputDirectoryProvider.java	junit-platform-launcher/src/main/java/org/junit/platform/launcher/TestPlan.java	4	66	3	0.75	true	true
junit-platform-engine/src/main/java/org/junit/platform/engine/reporting/OutputDirectoryProvider.java	junit-platform-launcher/src/main/java/org/junit/platform/launcher/core/LauncherDiscoveryRequestBuilder.java	4	83	3	0.75	true	true
junit-platform-engine/src/main/java/org/junit/platform/engine/support/discovery/ClassContainerSelectorResolver.java	junit-platform-engine/src/main/java/org/junit/platform/engine/support/discovery/EngineDiscoveryRequestResolver.java	4	14	3	0.75	false	false
junit-platform-engine/src/main/java/org/junit/platform/engine/support/hierarchical/DefaultParallelExecutionConfiguration.java	junit-platform-engine/src/main/java/org/junit/platform/engine/support/hierarchical/ForkJoinPoolHierarchicalTestExecutorService.java	4	25	3	0.75	false	false
junit-platform-engine/src/main/java/org/junit/platform/engine/support/hierarchical/DefaultParallelExecutionConfiguration.java	junit-platform-engine/src/main/java/org/junit/platform/engine/support/hierarchical/ParallelExecutionConfiguration.java	4	7	3	0.75	false	false
junit-platform-engine/src/main/java/org/junit/platform/engine/support/hierarchical/DefaultParallelExecutionConfigurationStrategy.java	junit-platform-engine/src/main/java/org/junit/platform/engine/support/hierarchical/NopLock.java	14	4	3	0.75	false	false
junit-platform-engine/src/main/java/org/junit/platform/engine/support/hierarchical/ExclusiveResource.java	junit-platform-engine/src/main/java/org/junit/platform/engine/support/hierarchical/NopLock.java	7	4	3	0.75	false	false
junit-platform-engine/src/main/java/org/junit/platform/engine/support/hierarchical/LockManager.java	junit-platform-engine/src/main/java/org/junit/platform/engine/support/hierarchical/NopLock.java	10	4	3	0.75	false	false
junit-platform-launcher/src/main/java/org/junit/platform/launcher/LauncherSession.java	junit-platform-launcher/src/main/java/org/junit/platform/launcher/core/LauncherFactory.java	4	32	3	0.75	true	false
junit-platform-launcher/src/main/java/org/junit/platform/launcher/TagFilter.java	junit-platform-launcher/src/main/java/org/junit/platform/launcher/tagexpression/Operator.java	36	4	3	0.75	true	false
junit-platform-launcher/src/main/java/org/junit/platform/launcher/TagFilter.java	junit-platform-launcher/src/main/java/org/junit/platform/launcher/tagexpression/Token.java	36	4	3	0.75	true	false
junit-platform-launcher/src/main/java/org/junit/platform/launcher/core/EngineExecutionOrchestrator.java	junit-platform-launcher/src/main/java/org/junit/platform/launcher/core/LauncherPhase.java	30	4	3	0.75	false	false
junit-platform-launcher/src/main/java/org/junit/platform/launcher/tagexpression/Operator.java	junit-platform-launcher/src/main/java/org/junit/platform/launcher/tagexpression/TagExpression.java	4	4	3	0.75	false	false
junit-platform-launcher/src/main/java/org/junit/platform/launcher/tagexpression/Operator.java	junit-platform-launcher/src/main/java/org/junit/platform/launcher/tagexpression/Token.java	4	4	3	0.75	false	false
junit-platform-launcher/src/main/java/org/junit/platform/launcher/tagexpression/Operator.java	junit-platform-launcher/src/main/java/org/junit/platform/launcher/tagexpression/Tokenizer.java	4	6	3	0.75	false	false
junit-platform-launcher/src/main/java/org/junit/platform/launcher/tagexpression/ParseResults.java	junit-platform-launcher/src/main/java/org/junit/platform/launcher/tagexpression/ParseStatus.java	4	7	3	0.75	false	false
junit-platform-launcher/src/main/java/org/junit/platform/launcher/tagexpression/ParseResults.java	junit-platform-launcher/src/main/java/org/junit/platform/launcher/tagexpression/TagExpression.java	4	4	3	0.75	false	false
junit-platform-launcher/src/main/java/org/junit/platform/launcher/tagexpression/ParseResults.java	junit-platform-launcher/src/main/java/org/junit/platform/launcher/tagexpression/Tokenizer.java	4	6	3	0.75	false	false
junit-platform-launcher/src/main/java/org/junit/platform/launcher/tagexpression/ShuntingYard.java	junit-platform-launcher/src/main/java/org/junit/platform/launcher/tagexpression/TagExpression.java	5	4	3	0.75	false	false
junit-platform-launcher/src/main/java/org/junit/platform/launcher/tagexpression/ShuntingYard.java	junit-platform-launcher/src/main/java/org/junit/platform/launcher/tagexpression/Token.java	5	4	3	0.75	false	false
junit-platform-reporting/src/main/java/org/junit/platform/reporting/legacy/xml/XmlReportData.java	junit-platform-reporting/src/main/java/org/junit/platform/reporting/legacy/xml/XmlReportWriter.java	4	14	3	0.75	false	false
junit-platform-reporting/src/main/java/org/junit/platform/reporting/open/xml/Type.java	junit-platform-reporting/src/main/java/org/junit/platform/reporting/open/xml/UniqueId.java	5	4	3	0.75	false	false
junit-platform-suite-api/src/main/java/org/junit/platform/suite/api/ExcludeClassNamePatterns.java	junit-platform-suite-api/src/main/java/org/junit/platform/suite/api/package-info.java	5	4	3	0.75	false	false
junit-platform-suite-api/src/main/java/org/junit/platform/suite/api/ExcludeEngines.java	junit-platform-suite-api/src/main/java/org/junit/platform/suite/api/package-info.java	9	4	3	0.75	false	false
junit-platform-suite-api/src/main/java/org/junit/platform/suite/api/ExcludePackages.java	junit-platform-suite-api/src/main/java/org/junit/platform/suite/api/package-info.java	5	4	3	0.75	false	false
junit-platform-suite-api/src/main/java/org/junit/platform/suite/api/ExcludeTags.java	junit-platform-suite-api/src/main/java/org/junit/platform/suite/api/package-info.java	21	4	3	0.75	false	false
junit-platform-suite-api/src/main/java/org/junit/platform/suite/api/IncludeClassNamePatterns.java	junit-platform-suite-api/src/main/java/org/junit/platform/suite/api/package-info.java	8	4	3	0.75	false	false
junit-platform-suite-api/src/main/java/org/junit/platform/suite/api/IncludeEngines.java	junit-platform-suite-api/src/main/java/org/junit/platform/suite/api/package-info.java	13	4	3	0.75	false	false
junit-platform-suite-api/src/main/java/org/junit/platform/suite/api/IncludePackages.java	junit-platform-suite-api/src/main/java/org/junit/platform/suite/api/package-info.java	5	4	3	0.75	false	false
junit-platform-suite-api/src/main/java/org/junit/platform/suite/api/IncludeTags.java	junit-platform-suite-api/src/main/java/org/junit/platform/suite/api/package-info.java	22	4	3	0.75	false	false
junit-platform-suite-api/src/main/java/org/junit/platform/suite/api/SelectClasses.java	junit-platform-suite-api/src/main/java/org/junit/platform/suite/api/package-info.java	15	4	3	0.75	false	false
junit-platform-suite-api/src/main/java/org/junit/platform/suite/api/SelectMethod.java	junit-platform-suite-engine/src/main/java/org/junit/platform/suite/engine/SuiteLauncherDiscoveryRequestBuilder.java	4	31	3	0.75	true	true
junit-platform-suite-api/src/main/java/org/junit/platform/suite/api/SelectPackages.java	junit-platform-suite-api/src/main/java/org/junit/platform/suite/api/package-info.java	14	4	3	0.75	false	false
junit-vintage-engine/src/main/java/org/junit/vintage/engine/descriptor/RunnerRequest.java	junit-vintage-engine/src/main/java/org/junit/vintage/engine/discovery/VintageDiscoverer.java	4	71	3	0.75	true	false
platform-tooling-support-tests/src/main/java/platform/tooling/support/Helper.java	platform-tooling-support-tests/src/main/java/platform/tooling/support/MavenRepo.java	32	4	3	0.75	false	false
junit-jupiter-params/src/main/java/org/junit/jupiter/params/provider/ArgumentsSource.java	junit-jupiter-params/src/main/java/org/junit/jupiter/params/provider/CsvFileSource.java	15	52	11	0.73	false	false
junit-jupiter-params/src/main/java/org/junit/jupiter/params/provider/ArgumentsSource.java	junit-jupiter-params/src/main/java/org/junit/jupiter/params/provider/MethodSource.java	15	45	11	0.73	false	false
junit-jupiter-params/src/main/java/org/junit/jupiter/params/provider/CsvArgumentsProvider.java	junit-jupiter-params/src/main/java/org/junit/jupiter/params/provider/CsvFileArgumentsProvider.java	51	44	32	0.73	false	false
junit-platform-engine/src/main/java/org/junit/platform/engine/support/descriptor/ClassSource.java	junit-platform-engine/src/main/java/org/junit/platform/engine/support/descriptor/MethodSource.java	22	27	16	0.73	false	false
junit-jupiter-api/src/main/java/org/junit/jupiter/api/MethodOrderer.java	junit-jupiter-api/src/main/java/org/junit/jupiter/api/TestMethodOrder.java	37	11	8	0.73	false	false
junit-jupiter-migrationsupport/src/main/java/org/junit/jupiter/migrationsupport/rules/ExternalResourceSupport.java	junit-jupiter-migrationsupport/src/main/java/org/junit/jupiter/migrationsupport/rules/member/TestRuleAnnotatedMethod.java	23	11	8	0.73	true	false
junit-jupiter-migrationsupport/src/main/java/org/junit/jupiter/migrationsupport/rules/adapter/AbstractTestRuleAdapter.java	junit-jupiter-migrationsupport/src/main/java/org/junit/jupiter/migrationsupport/rules/member/TestRuleAnnotatedMethod.java	17	11	8	0.73	true	false
junit-jupiter-migrationsupport/src/main/java/org/junit/jupiter/migrationsupport/rules/member/TestRuleAnnotatedField.java	junit-jupiter-migrationsupport/src/main/java/org/junit/jupiter/migrationsupport/rules/member/TestRuleAnnotatedMethod.java	16	11	8	0.73	false	false
junit-jupiter-params/src/main/java/org/junit/jupiter/params/converter/ArgumentConversionException.java	junit-jupiter-params/src/main/java/org/junit/jupiter/params/converter/ConvertWith.java	11	11	8	0.73	false	false
junit-jupiter-params/src/main/java/org/junit/jupiter/params/converter/ArgumentConversionException.java	junit-jupiter-params/src/main/java/org/junit/jupiter/params/converter/JavaTimeConversionPattern.java	11	14	8	0.73	false	false
junit-jupiter-params/src/main/java/org/junit/jupiter/params/converter/ConvertWith.java	junit-jupiter-params/src/main/java/org/junit/jupiter/params/provider/CsvFileSource.java	11	52	8	0.73	true	false
junit-jupiter-params/src/main/java/org/junit/jupiter/params/converter/ConvertWith.java	junit-jupiter-params/src/main/java/org/junit/jupiter/params/provider/MethodSource.java	11	45	8	0.73	true	false
junit-platform-engine/src/main/java/org/junit/platform/engine/support/descriptor/DirectorySource.java	junit-platform-engine/src/main/java/org/junit/platform/engine/support/descriptor/PackageSource.java	11	14	8	0.73	false	false
junit-vintage-engine/src/main/java/org/junit/vintage/engine/discovery/ClassSelectorResolver.java	junit-vintage-engine/src/main/java/org/junit/vintage/engine/discovery/MethodSelectorResolver.java	18	19	13	0.72	false	false
junit-jupiter-engine/src/main/java/org/junit/jupiter/engine/Constants.java	junit-jupiter-engine/src/main/java/org/junit/jupiter/engine/config/JupiterConfiguration.java	48	28	20	0.71	true	false
junit-jupiter-engine/src/main/java/org/junit/jupiter/engine/descriptor/NestedClassTestDescriptor.java	junit-jupiter-engine/src/main/java/org/junit/jupiter/engine/execution/TestInstancesProvider.java	67	14	10	0.71	true	false
junit-jupiter-engine/src/main/java/org/junit/jupiter/engine/discovery/ClassOrderingVisitor.java	junit-jupiter-engine/src/main/java/org/junit/jupiter/engine/discovery/MethodOrderingVisitor.java	14	16	10	0.71	false	false
junit-jupiter-params/src/main/java/org/junit/jupiter/params/converter/ArgumentConverter.java	junit-jupiter-params/src/main/java/org/junit/jupiter/params/converter/JavaTimeConversionPattern.java	20	14	10	0.71	false	false
junit-platform-console/src/main/java/module-info.java	junit-platform-engine/src/main/java/module-info.java	14	16	10	0.71	false	true
junit-platform-console/src/main/java/module-info.java	junit-platform-launcher/src/main/java/module-info.java	14	24	10	0.71	false	true
junit-platform-console/src/main/java/module-info.java	junit-platform-reporting/src/main/java/module-info.java	14	17	10	0.71	false	true
junit-platform-console/src/main/java/module-info.java	junit-vintage-engine/src/main/java/module-info.java	14	19	10	0.71	false	true
junit-platform-engine/src/main/java/module-info.java	junit-platform-testkit/src/main/java/module-info.java	16	14	10	0.71	false	true
junit-platform-engine/src/main/java/org/junit/platform/engine/discovery/DiscoverySelectors.java	junit-platform-engine/src/main/java/org/junit/platform/engine/discovery/NestedMethodSelector.java	82	14	10	0.71	false	false
junit-platform-launcher/src/main/java/module-info.java	junit-platform-testkit/src/main/java/module-info.java	24	14	10	0.71	false	true
junit-platform-reporting/src/main/java/module-info.java	junit-platform-testkit/src/main/java/module-info.java	17	14	10	0.71	false	true
junit-platform-suite-api/src/main/java/org/junit/platform/suite/api/ExcludeTags.java	junit-platform-suite-api/src/main/java/org/junit/platform/suite/api/SelectPackages.java	21	14	10	0.71	false	false
junit-platform-suite-api/src/main/java/org/junit/platform/suite/api/IncludeTags.java	junit-platform-suite-api/src/main/java/org/junit/platform/suite/api/SelectPackages.java	22	14	10	0.71	false	false
junit-platform-testkit/src/main/java/module-info.java	junit-vintage-engine/src/main/java/module-info.java	14	19	10	0.71	false	true
junit-jupiter-engine/src/main/java/org/junit/jupiter/engine/descriptor/LifecycleMethodUtils.java	junit-platform-suite-engine/src/main/java/org/junit/platform/suite/engine/LifecycleMethodUtils.java	29	7	5	0.71	true	true
junit-jupiter-engine/src/main/java/org/junit/jupiter/engine/extension/SameThreadTimeoutInvocation.java	junit-jupiter-engine/src/main/java/org/junit/jupiter/engine/extension/TimeoutExtension.java	7	17	5	0.71	false	false
junit-jupiter-migrationsupport/src/main/java/org/junit/jupiter/migrationsupport/rules/EnableRuleMigrationSupport.java	junit-jupiter-migrationsupport/src/main/java/org/junit/jupiter/migrationsupport/rules/ExpectedExceptionSupport.java	7	13	5	0.71	false	false
junit-jupiter-migrationsupport/src/main/java/org/junit/jupiter/migrationsupport/rules/VerifierSupport.java	junit-jupiter-migrationsupport/src/main/java/org/junit/jupiter/migrationsupport/rules/adapter/GenericBeforeAndAfterAdvice.java	18	7	5	0.71	true	false
junit-jupiter-migrationsupport/src/main/java/org/junit/jupiter/migrationsupport/rules/VerifierSupport.java	junit-jupiter-migrationsupport/src/main/java/org/junit/jupiter/migrationsupport/rules/member/AbstractTestRuleAnnotatedMember.java	18	7	5	0.71	true	false
junit-jupiter-migrationsupport/src/main/java/org/junit/jupiter/migrationsupport/rules/adapter/GenericBeforeAndAfterAdvice.java	junit-jupiter-migrationsupport/src/main/java/org/junit/jupiter/migrationsupport/rules/adapter/VerifierAdapter.java	7	8	5	0.71	false	false
junit-jupiter-migrationsupport/src/main/java/org/junit/jupiter/migrationsupport/rules/adapter/GenericBeforeAndAfterAdvice.java	junit-jupiter-migrationsupport/src/main/java/org/junit/jupiter/migrationsupport/rules/member/AbstractTestRuleAnnotatedMember.java	7	7	5	0.71	true	false
junit-jupiter-migrationsupport/src/main/java/org/junit/jupiter/migrationsupport/rules/adapter/GenericBeforeAndAfterAdvice.java	junit-jupiter-migrationsupport/src/main/java/org/junit/jupiter/migrationsupport/rules/member/TestRuleAnnotatedMethod.java	7	11	5	0.71	true	false
junit-jupiter-migrationsupport/src/main/java/org/junit/jupiter/migrationsupport/rules/adapter/VerifierAdapter.java	junit-jupiter-migrationsupport/src/main/java/org/junit/jupiter/migrationsupport/rules/member/AbstractTestRuleAnnotatedMember.java	8	7	5	0.71	true	false
junit-jupiter-params/src/main/java/org/junit/jupiter/params/ParameterizedInvocationContext.java	junit-jupiter-params/src/main/java/org/junit/jupiter/params/ResolverFacade.java	7	19	5	0.71	false	false
junit-jupiter-params/src/main/java/org/junit/jupiter/params/provider/EmptySource.java	junit-jupiter-params/src/main/java/org/junit/jupiter/params/provider/NullSource.java	10	7	5	0.71	false	false
junit-platform-commons/src/main/java/org/junit/platform/commons/support/HierarchyTraversalMode.java	junit-platform-commons/src/main/java/org/junit/platform/commons/util/ReflectionUtils.java	7	287	5	0.71	true	false
junit-platform-console/src/main/java/org/junit/platform/console/command/ConsoleTestExecutor.java	junit-platform-console/src/main/java/org/junit/platform/console/command/CustomContextClassLoaderExecutor.java	57	7	5	0.71	false	false
junit-platform-engine/src/main/java/org/junit/platform/engine/ConfigurationParameters.java	junit-platform-engine/src/main/java/org/junit/platform/engine/support/config/PrefixedConfigurationParameters.java	20	7	5	0.71	true	false
junit-platform-engine/src/main/java/org/junit/platform/engine/TestSource.java	junit-platform-engine/src/main/java/org/junit/platform/engine/support/descriptor/FileSystemSource.java	7	11	5	0.71	true	false
junit-platform-engine/src/main/java/org/junit/platform/engine/discovery/DiscoverySelectors.java	junit-platform-engine/src/main/java/org/junit/platform/engine/discovery/ModuleSelector.java	82	7	5	0.71	false	false
junit-platform-engine/src/main/java/org/junit/platform/engine/support/hierarchical/CompositeLock.java	junit-platform-engine/src/main/java/org/junit/platform/engine/support/hierarchical/ResourceLock.java	8	7	5	0.71	false	false
junit-platform-engine/src/main/java/org/junit/platform/engine/support/hierarchical/ResourceLock.java	junit-platform-engine/src/main/java/org/junit/platform/engine/support/hierarchical/SingleLock.java	7	8	5	0.71	false	false
junit-platform-testkit/src/main/java/org/junit/platform/testkit/engine/Event.java	junit-platform-testkit/src/main/java/org/junit/platform/testkit/engine/EventType.java	12	7	5	0.71	false	false
junit-platform-testkit/src/main/java/org/junit/platform/testkit/engine/EventConditions.java	junit-platform-testkit/src/main/java/org/junit/platform/testkit/engine/EventType.java	59	7	5	0.71	false	false
junit-platform-testkit/src/main/java/org/junit/platform/testkit/engine/EventType.java	junit-platform-testkit/src/main/java/org/junit/platform/testkit/engine/Events.java	7	25	5	0.71	false	false
junit-platform-commons/src/main/java/org/junit/platform/commons/support/ReflectionSupport.java	junit-platform-commons/src/main/java/org/junit/platform/commons/util/ReflectionUtils.java	45	287	32	0.71	true	false
junit-jupiter-engine/src/main/java/org/junit/jupiter/engine/descriptor/JupiterEngineDescriptor.java	junit-jupiter-engine/src/main/java/org/junit/jupiter/engine/descriptor/TestMethodTestDescriptor.java	38	196	27	0.71	false	false
junit-jupiter-api/src/main/java/org/junit/jupiter/api/condition/DisabledIf.java	junit-jupiter-api/src/main/java/org/junit/jupiter/api/condition/DisabledIfEnvironmentVariable.java	22	17	12	0.71	false	false
junit-jupiter-api/src/main/java/org/junit/jupiter/api/condition/DisabledIf.java	junit-jupiter-api/src/main/java/org/junit/jupiter/api/condition/DisabledIfSystemProperty.java	22	17	12	0.71	false	false
junit-jupiter-api/src/main/java/org/junit/jupiter/api/condition/DisabledIfEnvironmentVariable.java	junit-jupiter-api/src/main/java/org/junit/jupiter/api/condition/EnabledIf.java	17	27	12	0.71	false	false
junit-jupiter-api/src/main/java/org/junit/jupiter/api/condition/DisabledIfSystemProperty.java	junit-jupiter-api/src/main/java/org/junit/jupiter/api/condition/EnabledIf.java	17	27	12	0.71	false	false
junit-jupiter-engine/src/main/java/module-info.java	junit-vintage-engine/src/main/java/module-info.java	17	19	12	0.71	false	true
junit-jupiter-api/src/main/java/org/junit/jupiter/api/TestReporter.java	junit-jupiter-api/src/main/java/org/junit/jupiter/api/extension/ExtensionContext.java	27	107	19	0.70	true	false
junit-jupiter-api/src/main/java/module-info.java	junit-jupiter-migrationsupport/src/main/java/module-info.java	17	10	7	0.70	false	true
junit-jupiter-api/src/main/java/module-info.java	junit-jupiter-params/src/main/java/module-info.java	17	10	7	0.70	false	true
junit-jupiter-api/src/main/java/org/junit/jupiter/api/AssertArrayEquals.java	junit-jupiter-api/src/main/java/org/junit/jupiter/api/AssertNotEquals.java	10	10	7	0.70	false	false
junit-jupiter-api/src/main/java/org/junit/jupiter/api/AssertArrayEquals.java	junit-jupiter-api/src/main/java/org/junit/jupiter/api/AssertionUtils.java	10	22	7	0.70	false	false
junit-jupiter-api/src/main/java/org/junit/jupiter/api/AssertFalse.java	junit-jupiter-api/src/main/java/org/junit/jupiter/api/AssertNotEquals.java	12	10	7	0.70	false	false
junit-jupiter-api/src/main/java/org/junit/jupiter/api/AssertIterableEquals.java	junit-jupiter-api/src/main/java/org/junit/jupiter/api/AssertNotEquals.java	16	10	7	0.70	false	false
junit-jupiter-api/src/main/java/org/junit/jupiter/api/AssertNotEquals.java	junit-jupiter-api/src/main/java/org/junit/jupiter/api/AssertThrows.java	10	23	7	0.70	false	false
junit-jupiter-api/src/main/java/org/junit/jupiter/api/AssertNotEquals.java	junit-jupiter-api/src/main/java/org/junit/jupiter/api/AssertTimeout.java	10	30	7	0.70	false	false
junit-jupiter-api/src/main/java/org/junit/jupiter/api/AssertNotEquals.java	junit-jupiter-api/src/main/java/org/junit/jupiter/api/AssertTrue.java	10	13	7	0.70	false	false
junit-jupiter-api/src/main/java/org/junit/jupiter/api/Tag.java	junit-jupiter-api/src/main/java/org/junit/jupiter/api/Tags.java	13	10	7	0.70	false	false
junit-jupiter-api/src/main/java/org/junit/jupiter/api/extension/ParameterResolver.java	junit-jupiter-api/src/main/java/org/junit/jupiter/api/extension/TestInstancePreConstructCallback.java	21	10	7	0.70	false	false
junit-jupiter-api/src/main/java/org/junit/jupiter/api/extension/TestInstanceFactory.java	junit-jupiter-api/src/main/java/org/junit/jupiter/api/extension/TestInstancePreConstructCallback.java	14	10	7	0.70	false	false
junit-jupiter-api/src/main/java/org/junit/jupiter/api/extension/TestInstancePostProcessor.java	junit-jupiter-api/src/main/java/org/junit/jupiter/api/extension/TestInstancePreConstructCallback.java	33	10	7	0.70	false	false
junit-jupiter-params/src/main/java/module-info.java	junit-platform-console/src/main/java/module-info.java	10	14	7	0.70	false	true
junit-jupiter-params/src/main/java/module-info.java	junit-platform-engine/src/main/java/module-info.java	10	16	7	0.70	false	true
junit-jupiter-params/src/main/java/module-info.java	junit-platform-launcher/src/main/java/module-info.java	10	24	7	0.70	false	true
junit-jupiter-params/src/main/java/module-info.java	junit-platform-reporting/src/main/java/module-info.java	10	17	7	0.70	false	true
junit-jupiter-params/src/main/java/module-info.java	junit-platform-suite-api/src/main/java/module-info.java	10	12	7	0.70	false	true
junit-jupiter-params/src/main/java/module-info.java	junit-vintage-engine/src/main/java/module-info.java	10	19	7	0.70	false	true
junit-platform-engine/src/main/java/org/junit/platform/engine/discovery/ClasspathResourceSelector.java	junit-platform-engine/src/main/java/org/junit/platform/engine/discovery/FileSelector.java	14	10	7	0.70	false	false
junit-platform-engine/src/main/java/org/junit/platform/engine/discovery/DiscoverySelectors.java	junit-platform-engine/src/main/java/org/junit/platform/engine/discovery/FileSelector.java	82	10	7	0.70	false	false
junit-platform-engine/src/main/java/org/junit/platform/engine/EngineExecutionListener.java	junit-platform-launcher/src/main/java/org/junit/platform/launcher/TestExecutionListener.java	23	44	16	0.70	true	true
junit-platform-launcher/src/main/java/org/junit/platform/launcher/LauncherDiscoveryRequest.java	junit-platform-launcher/src/main/java/org/junit/platform/launcher/core/LauncherDiscoveryRequestBuilder.java	23	83	16	0.70	true	false
junit-jupiter-migrationsupport/src/main/java/org/junit/jupiter/migrationsupport/rules/ExpectedExceptionSupport.java	junit-jupiter-migrationsupport/src/main/java/org/junit/jupiter/migrationsupport/rules/ExternalResourceSupport.java	13	23	9	0.69	false	false
junit-platform-suite-api/src/main/java/org/junit/platform/suite/api/IncludeEngines.java	junit-platform-suite-api/src/main/java/org/junit/platform/suite/api/SelectClasses.java	13	15	9	0.69	false	false
junit-platform-suite-api/src/main/java/org/junit/platform/suite/api/IncludeEngines.java	junit-platform-suite-api/src/main/java/org/junit/platform/suite/api/SelectPackages.java	13	14	9	0.69	false	false
junit-jupiter-engine/src/main/java/org/junit/jupiter/engine/descriptor/AbstractExtensionContext.java	junit-jupiter-engine/src/main/java/org/junit/jupiter/engine/descriptor/JupiterEngineExtensionContext.java	67	19	13	0.68	false	false
junit-jupiter-engine/src/main/java/org/junit/jupiter/engine/descriptor/ClassTestDescriptor.java	junit-jupiter-engine/src/main/java/org/junit/jupiter/engine/execution/JupiterEngineExecutionContext.java	198	36	24	0.67	true	false
junit-jupiter-engine/src/main/java/org/junit/jupiter/engine/descriptor/TestMethodTestDescriptor.java	junit-jupiter-engine/src/main/java/org/junit/jupiter/engine/execution/JupiterEngineExecutionContext.java	196	36	24	0.67	true	false
junit-jupiter-api/src/main/java/org/junit/jupiter/api/condition/DisabledIf.java	junit-jupiter-api/src/main/java/org/junit/jupiter/api/condition/EnabledIfEnvironmentVariable.java	22	18	12	0.67	false	false
junit-jupiter-api/src/main/java/org/junit/jupiter/api/condition/DisabledIf.java	junit-jupiter-api/src/main/java/org/junit/jupiter/api/condition/EnabledIfSystemProperty.java	22	18	12	0.67	false	false
junit-jupiter-api/src/main/java/org/junit/jupiter/api/condition/EnabledIf.java	junit-jupiter-api/src/main/java/org/junit/jupiter/api/condition/EnabledIfEnvironmentVariable.java	27	18	12	0.67	false	false
junit-jupiter-api/src/main/java/org/junit/jupiter/api/condition/EnabledIf.java	junit-jupiter-api/src/main/java/org/junit/jupiter/api/condition/EnabledIfSystemProperty.java	27	18	12	0.67	false	false
junit-jupiter-params/src/main/java/org/junit/jupiter/params/provider/ArgumentsSource.java	junit-jupiter-params/src/main/java/org/junit/jupiter/params/provider/CsvSource.java	15	54	10	0.67	false	false
junit-jupiter-params/src/main/java/org/junit/jupiter/params/provider/ArgumentsSource.java	junit-jupiter-params/src/main/java/org/junit/jupiter/params/provider/ValueSource.java	15	21	10	0.67	false	false
junit-platform-engine/src/main/java/org/junit/platform/engine/support/descriptor/ClassSource.java	junit-platform-engine/src/main/java/org/junit/platform/engine/support/descriptor/FileSource.java	22	15	10	0.67	false	false
junit-platform-engine/src/main/java/org/junit/platform/engine/support/descriptor/FileSource.java	junit-platform-engine/src/main/java/org/junit/platform/engine/support/descriptor/MethodSource.java	15	27	10	0.67	false	false
junit-platform-suite-api/src/main/java/org/junit/platform/suite/api/ExcludeTags.java	junit-platform-suite-api/src/main/java/org/junit/platform/suite/api/SelectClasses.java	21	15	10	0.67	false	false
junit-platform-suite-api/src/main/java/org/junit/platform/suite/api/IncludeTags.java	junit-platform-suite-api/src/main/java/org/junit/platform/suite/api/SelectClasses.java	22	15	10	0.67	false	false
junit-jupiter-api/src/main/java/org/junit/jupiter/api/AssertFalse.java	junit-jupiter-api/src/main/java/org/junit/jupiter/api/AssertIterableEquals.java	12	16	8	0.67	false	false
junit-jupiter-api/src/main/java/org/junit/jupiter/api/AssertFalse.java	junit-jupiter-api/src/main/java/org/junit/jupiter/api/AssertThrows.java	12	23	8	0.67	false	false
junit-jupiter-api/src/main/java/org/junit/jupiter/api/AssertFalse.java	junit-jupiter-api/src/main/java/org/junit/jupiter/api/AssertTimeout.java	12	30	8	0.67	false	false
junit-jupiter-api/src/main/java/org/junit/jupiter/api/AssertFalse.java	junit-jupiter-api/src/main/java/org/junit/jupiter/api/AssertionUtils.java	12	22	8	0.67	false	false
junit-jupiter-api/src/main/java/org/junit/jupiter/api/condition/DisabledIfEnvironmentVariable.java	junit-jupiter-api/src/main/java/org/junit/jupiter/api/condition/EnabledForJreRange.java	17	12	8	0.67	false	false
junit-jupiter-api/src/main/java/org/junit/jupiter/api/condition/DisabledIfSystemProperty.java	junit-jupiter-api/src/main/java/org/junit/jupiter/api/condition/EnabledForJreRange.java	17	12	8	0.67	false	false
junit-jupiter-api/src/main/java/org/junit/jupiter/api/condition/DisabledOnOs.java	junit-jupiter-api/src/main/java/org/junit/jupiter/api/condition/EnabledForJreRange.java	19	12	8	0.67	false	false
junit-jupiter-api/src/main/java/org/junit/jupiter/api/condition/EnabledForJreRange.java	junit-jupiter-api/src/main/java/org/junit/jupiter/api/condition/EnabledIfEnvironmentVariable.java	12	18	8	0.67	false	false
junit-jupiter-api/src/main/java/org/junit/jupiter/api/condition/EnabledForJreRange.java	junit-jupiter-api/src/main/java/org/junit/jupiter/api/condition/EnabledIfSystemProperty.java	12	18	8	0.67	false	false
junit-jupiter-api/src/main/java/org/junit/jupiter/api/condition/EnabledForJreRange.java	junit-jupiter-api/src/main/java/org/junit/jupiter/api/condition/EnabledOnOs.java	12	19	8	0.67	false	false
junit-jupiter-engine/src/main/java/module-info.java	junit-platform-suite-api/src/main/java/module-info.java	17	12	8	0.67	false	true
junit-platform-engine/src/main/java/org/junit/platform/engine/discovery/DiscoverySelectors.java	junit-platform-engine/src/main/java/org/junit/platform/engine/discovery/NestedClassSelector.java	82	12	8	0.67	false	false
junit-platform-testkit/src/main/java/org/junit/platform/testkit/engine/EngineExecutionResults.java	junit-platform-testkit/src/main/java/org/junit/platform/testkit/engine/Event.java	17	12	8	0.67	false	false
junit-platform-testkit/src/main/java/org/junit/platform/testkit/engine/Events.java	junit-platform-testkit/src/main/java/org/junit/platform/testkit/engine/Executions.java	25	12	8	0.67	false	false
junit-jupiter-engine/src/main/java/org/junit/jupiter/engine/descriptor/AbstractExtensionContext.java	junit-jupiter-engine/src/main/java/org/junit/jupiter/engine/descriptor/DynamicExtensionContext.java	67	9	6	0.67	false	false
junit-jupiter-engine/src/main/java/org/junit/jupiter/engine/descriptor/ClassBasedTestDescriptor.java	junit-jupiter-engine/src/main/java/org/junit/jupiter/engine/descriptor/ClassTemplateInvocationTestDescriptor.java	46	9	6	0.67	false	false
junit-jupiter-engine/src/main/java/org/junit/jupiter/engine/execution/JupiterEngineExecutionContext.java	junit-platform-engine/src/main/java/org/junit/platform/engine/support/hierarchical/EngineExecutionContext.java	36	9	6	0.67	true	true
junit-jupiter-migrationsupport/src/main/java/org/junit/jupiter/migrationsupport/rules/VerifierSupport.java	junit-jupiter-migrationsupport/src/main/java/org/junit/jupiter/migrationsupport/rules/adapter/ExternalResourceAdapter.java	18	9	6	0.67	true	false
junit-platform-commons/src/main/java/org/junit/platform/commons/util/AnnotationUtils.java	junit-platform-commons/src/main/java/org/junit/platform/commons/util/FunctionUtils.java	90	9	6	0.67	false	false
junit-platform-commons/src/main/java/org/junit/platform/commons/util/FunctionUtils.java	junit-platform-commons/src/main/java/org/junit/platform/commons/util/Preconditions.java	9	42	6	0.67	false	false
junit-platform-commons/src/main/java/org/junit/platform/commons/util/FunctionUtils.java	junit-platform-commons/src/main/java/org/junit/platform/commons/util/StringUtils.java	9	40	6	0.67	false	false
junit-platform-console/src/main/java/org/junit/platform/console/command/BaseCommand.java	junit-platform-console/src/main/java/org/junit/platform/console/command/ListTestEnginesCommand.java	12	9	6	0.67	false	false
junit-platform-console/src/main/java/org/junit/platform/console/command/BaseCommand.java	junit-platform-console/src/main/java/org/junit/platform/console/options/AnsiColorOptionMixin.java	12	9	6	0.67	true	false
junit-platform-console/src/main/java/org/junit/platform/console/command/DiscoverTestsCommand.java	junit-platform-console/src/main/java/org/junit/platform/console/options/AnsiColorOptionMixin.java	10	9	6	0.67	true	false
junit-platform-console/src/main/java/org/junit/platform/console/options/AnsiColorOptionMixin.java	junit-platform-console/src/main/java/org/junit/platform/console/options/TestDiscoveryOptionsMixin.java	9	24	6	0.67	false	false
junit-platform-engine/src/main/java/org/junit/platform/engine/discovery/ClasspathRootSelector.java	junit-platform-engine/src/main/java/org/junit/platform/engine/discovery/DirectorySelector.java	35	9	6	0.67	false	false
junit-platform-suite-api/src/main/java/org/junit/platform/suite/api/ExcludeEngines.java	junit-platform-suite-api/src/main/java/org/junit/platform/suite/api/SelectClasses.java	9	15	6	0.67	false	false
junit-platform-suite-api/src/main/java/org/junit/platform/suite/api/ExcludeEngines.java	junit-platform-suite-api/src/main/java/org/junit/platform/suite/api/SelectPackages.java	9	14	6	0.67	false	false
junit-platform-testkit/src/main/java/org/junit/platform/testkit/engine/EngineExecutionResults.java	junit-platform-testkit/src/main/java/org/junit/platform/testkit/engine/Execution.java	17	9	6	0.67	false	false
junit-platform-testkit/src/main/java/org/junit/platform/testkit/engine/Event.java	junit-platform-testkit/src/main/java/org/junit/platform/testkit/engine/Execution.java	12	9	6	0.67	false	false
junit-jupiter-api/src/main/java/module-info.java	junit-jupiter/src/main/java/module-info.java	17	6	4	0.67	false	true
junit-jupiter-api/src/main/java/org/junit/jupiter/api/condition/DisabledForJreRange.java	junit-jupiter-api/src/main/java/org/junit/jupiter/api/condition/DisabledForJreRangeCondition.java	13	6	4	0.67	false	false
junit-jupiter-api/src/main/java/org/junit/jupiter/api/condition/DisabledForJreRange.java	junit-jupiter-api/src/main/java/org/junit/jupiter/api/condition/EnabledForJreRangeCondition.java	13	6	4	0.67	false	false
junit-jupiter-api/src/main/java/org/junit/jupiter/api/condition/DisabledForJreRangeCondition.java	junit-jupiter-api/src/main/java/org/junit/jupiter/api/condition/EnabledForJreRange.java	6	12	4	0.67	false	false
junit-jupiter-api/src/main/java/org/junit/jupiter/api/condition/EnabledForJreRange.java	junit-jupiter-api/src/main/java/org/junit/jupiter/api/condition/EnabledForJreRangeCondition.java	12	6	4	0.67	false	false
junit-jupiter-engine/src/main/java/org/junit/jupiter/engine/descriptor/ClassBasedTestDescriptor.java	junit-jupiter-engine/src/main/java/org/junit/jupiter/engine/extension/ExtensionRegistrar.java	46	6	4	0.67	true	false
junit-jupiter-engine/src/main/java/org/junit/jupiter/engine/execution/MethodInvocation.java	junit-jupiter-engine/src/main/java/org/junit/jupiter/engine/execution/ParameterResolutionUtils.java	6	84	4	0.67	false	false
junit-jupiter-engine/src/main/java/org/junit/jupiter/engine/extension/ExtensionRegistrar.java	junit-jupiter-engine/src/main/java/org/junit/jupiter/engine/extension/MutableExtensionRegistry.java	6	25	4	0.67	false	false
junit-jupiter-params/src/main/java/org/junit/jupiter/params/EvaluatedArgumentSet.java	junit-jupiter-params/src/main/java/org/junit/jupiter/params/ParameterizedInvocationNameFormatter.java	6	36	4	0.67	false	false
junit-jupiter-params/src/main/java/org/junit/jupiter/params/aggregator/ArgumentAccessException.java	junit-jupiter-params/src/main/java/org/junit/jupiter/params/aggregator/ArgumentsAccessor.java	6	12	4	0.67	false	false
junit-platform-commons/src/main/java/org/junit/platform/commons/util/KotlinFunctionUtils.java	junit-platform-commons/src/main/java/org/junit/platform/commons/util/KotlinReflectionUtils.java	6	9	4	0.67	false	false
junit-platform-engine/src/main/java/org/junit/platform/engine/discovery/DiscoverySelectors.java	junit-platform-engine/src/main/java/org/junit/platform/engine/discovery/UriSelector.java	82	6	4	0.67	false	false
junit-platform-engine/src/main/java/org/junit/platform/engine/discovery/ModuleSelector.java	junit-platform-engine/src/main/java/org/junit/platform/engine/discovery/UriSelector.java	7	6	4	0.67	false	false
junit-platform-launcher/src/main/java/org/junit/platform/launcher/LauncherInterceptor.java	junit-platform-launcher/src/main/java/org/junit/platform/launcher/core/DefaultLauncherSession.java	6	10	4	0.67	true	false
junit-platform-launcher/src/main/java/org/junit/platform/launcher/TagFilter.java	junit-platform-launcher/src/main/java/org/junit/platform/launcher/tagexpression/Tokenizer.java	36	6	4	0.67	true	false
junit-platform-launcher/src/main/java/org/junit/platform/launcher/listeners/discovery/CompositeLauncherDiscoveryListener.java	junit-platform-launcher/src/main/java/org/junit/platform/launcher/listeners/discovery/LoggingLauncherDiscoveryListener.java	6	6	4	0.67	false	false
junit-platform-launcher/src/main/java/org/junit/platform/launcher/tagexpression/ParseStatus.java	junit-platform-launcher/src/main/java/org/junit/platform/launcher/tagexpression/Tokenizer.java	7	6	4	0.67	false	false
junit-vintage-engine/src/main/java/org/junit/vintage/engine/descriptor/OrFilter.java	junit-vintage-engine/src/main/java/org/junit/vintage/engine/discovery/UniqueIdFilter.java	6	14	4	0.67	true	false
junit-platform-engine/src/main/java/org/junit/platform/engine/discovery/ClasspathRootSelector.java	junit-platform-engine/src/main/java/org/junit/platform/engine/discovery/UniqueIdSelector.java	35	32	21	0.66	false	false
junit-jupiter-api/src/main/java/org/junit/jupiter/api/condition/DisabledIf.java	junit-jupiter-api/src/main/java/org/junit/jupiter/api/condition/DisabledOnJre.java	22	20	13	0.65	false	false
junit-jupiter-api/src/main/java/org/junit/jupiter/api/condition/DisabledOnJre.java	junit-jupiter-api/src/main/java/org/junit/jupiter/api/condition/EnabledIf.java	20	27	13	0.65	false	false
junit-jupiter-params/src/main/java/org/junit/jupiter/params/provider/CsvFileArgumentsProvider.java	junit-jupiter-params/src/main/java/org/junit/jupiter/params/provider/ValueArgumentsProvider.java	44	20	13	0.65	false	false
junit-jupiter-migrationsupport/src/main/java/org/junit/jupiter/migrationsupport/rules/TestRuleSupport.java	junit-jupiter-migrationsupport/src/main/java/org/junit/jupiter/migrationsupport/rules/adapter/AbstractTestRuleAdapter.java	34	17	11	0.65	true	false
junit-platform-engine/src/main/java/org/junit/platform/engine/discovery/MethodSelector.java	junit-platform-engine/src/main/java/org/junit/platform/engine/discovery/PackageSelector.java	46	28	18	0.64	false	false
junit-jupiter-api/src/main/java/org/junit/jupiter/api/extension/ParameterResolver.java	junit-jupiter-api/src/main/java/org/junit/jupiter/api/extension/TestInstanceFactory.java	21	14	9	0.64	false	false
junit-jupiter-engine/src/main/java/org/junit/jupiter/engine/discovery/AbstractOrderingVisitor.java	junit-jupiter-engine/src/main/java/org/junit/jupiter/engine/discovery/ClassOrderingVisitor.java	14	14	9	0.64	false	false
junit-jupiter-params/src/main/java/org/junit/jupiter/params/converter/JavaTimeConversionPattern.java	junit-jupiter-params/src/main/java/org/junit/jupiter/params/provider/CsvFileSource.java	14	52	9	0.64	true	false
junit-jupiter-params/src/main/java/org/junit/jupiter/params/converter/JavaTimeConversionPattern.java	junit-jupiter-params/src/main/java/org/junit/jupiter/params/provider/MethodSource.java	14	45	9	0.64	true	false
junit-jupiter-engine/src/main/java/org/junit/jupiter/engine/descriptor/DynamicTestTestDescriptor.java	junit-jupiter-engine/src/main/java/org/junit/jupiter/engine/descriptor/TestFactoryTestDescriptor.java	25	69	16	0.64	false	false
junit-jupiter-engine/src/main/java/org/junit/jupiter/engine/descriptor/AbstractExtensionContext.java	junit-jupiter-engine/src/main/java/org/junit/jupiter/engine/descriptor/TestTemplateExtensionContext.java	67	22	14	0.64	false	false
junit-jupiter-engine/src/main/java/org/junit/jupiter/engine/descriptor/TestMethodTestDescriptor.java	junit-jupiter-engine/src/main/java/org/junit/jupiter/engine/descriptor/TestTemplateExtensionContext.java	196	22	14	0.64	false	false
junit-jupiter-engine/src/main/java/org/junit/jupiter/engine/descriptor/TestTemplateExtensionContext.java	junit-jupiter-engine/src/main/java/org/junit/jupiter/engine/descriptor/TestTemplateTestDescriptor.java	22	60	14	0.64	false	false
junit-jupiter-engine/src/main/java/org/junit/jupiter/engine/config/DefaultJupiterConfiguration.java	junit-jupiter-engine/src/main/java/org/junit/jupiter/engine/config/EnumConfigurationParameterConverter.java	34	11	7	0.64	false	false
junit-jupiter-params/src/main/java/org/junit/jupiter/params/converter/ArgumentConversionException.java	junit-jupiter-params/src/main/java/org/junit/jupiter/params/converter/SimpleArgumentConverter.java	11	14	7	0.64	false	false
junit-jupiter-params/src/main/java/org/junit/jupiter/params/converter/ArgumentConversionException.java	junit-jupiter-params/src/main/java/org/junit/jupiter/params/provider/Arguments.java	11	23	7	0.64	true	false
junit-jupiter-params/src/main/java/org/junit/jupiter/params/converter/ArgumentConversionException.java	junit-jupiter-params/src/main/java/org/junit/jupiter/params/provider/ArgumentsProvider.java	11	19	7	0.64	true	false
junit-jupiter-params/src/main/java/org/junit/jupiter/params/converter/ArgumentConversionException.java	junit-jupiter-params/src/main/java/org/junit/jupiter/params/provider/CsvFileSource.java	11	52	7	0.64	true	false
junit-jupiter-params/src/main/java/org/junit/jupiter/params/converter/ArgumentConversionException.java	junit-jupiter-params/src/main/java/org/junit/jupiter/params/provider/CsvSource.java	11	54	7	0.64	true	false
junit-jupiter-params/src/main/java/org/junit/jupiter/params/converter/ArgumentConversionException.java	junit-jupiter-params/src/main/java/org/junit/jupiter/params/provider/MethodSource.java	11	45	7	0.64	true	false
junit-jupiter-params/src/main/java/org/junit/jupiter/params/converter/ConvertWith.java	junit-jupiter-params/src/main/java/org/junit/jupiter/params/provider/Arguments.java	11	23	7	0.64	true	false
junit-jupiter-params/src/main/java/org/junit/jupiter/params/converter/ConvertWith.java	junit-jupiter-params/src/main/java/org/junit/jupiter/params/provider/ArgumentsProvider.java	11	19	7	0.64	true	false
junit-jupiter-params/src/main/java/org/junit/jupiter/params/converter/ConvertWith.java	junit-jupiter-params/src/main/java/org/junit/jupiter/params/provider/CsvSource.java	11	54	7	0.64	true	false
junit-jupiter-params/src/main/java/org/junit/jupiter/params/provider/ArgumentsSources.java	junit-jupiter-params/src/main/java/org/junit/jupiter/params/provider/EnumSource.java	11	27	7	0.64	false	false
junit-jupiter-params/src/main/java/org/junit/jupiter/params/provider/ArgumentsSources.java	junit-jupiter-params/src/main/java/org/junit/jupiter/params/provider/ValueSource.java	11	21	7	0.64	false	false
junit-platform-engine/src/main/java/module-info.java	junit-platform-suite-engine/src/main/java/module-info.java	16	11	7	0.64	false	true
junit-platform-suite-api/src/main/java/module-info.java	junit-platform-suite-engine/src/main/java/module-info.java	12	11	7	0.64	false	true
junit-platform-suite-engine/src/main/java/module-info.java	junit-vintage-engine/src/main/java/module-info.java	11	19	7	0.64	false	true
junit-jupiter-api/src/main/java/org/junit/jupiter/api/condition/DisabledIf.java	junit-jupiter-api/src/main/java/org/junit/jupiter/api/condition/DisabledOnOs.java	22	19	12	0.63	false	false
junit-jupiter-api/src/main/java/org/junit/jupiter/api/condition/DisabledIf.java	junit-jupiter-api/src/main/java/org/junit/jupiter/api/condition/EnabledOnJre.java	22	19	12	0.63	false	false
junit-jupiter-api/src/main/java/org/junit/jupiter/api/condition/DisabledIf.java	junit-jupiter-api/src/main/java/org/junit/jupiter/api/condition/EnabledOnOs.java	22	19	12	0.63	false	false
junit-jupiter-api/src/main/java/org/junit/jupiter/api/condition/DisabledOnOs.java	junit-jupiter-api/src/main/java/org/junit/jupiter/api/condition/EnabledIf.java	19	27	12	0.63	false	false
junit-jupiter-api/src/main/java/org/junit/jupiter/api/condition/EnabledIf.java	junit-jupiter-api/src/main/java/org/junit/jupiter/api/condition/EnabledOnJre.java	27	19	12	0.63	false	false
junit-jupiter-api/src/main/java/org/junit/jupiter/api/condition/EnabledIf.java	junit-jupiter-api/src/main/java/org/junit/jupiter/api/condition/EnabledOnOs.java	27	19	12	0.63	false	false
junit-jupiter-engine/src/main/java/org/junit/jupiter/engine/discovery/ClassSelectorResolver.java	junit-jupiter-engine/src/main/java/org/junit/jupiter/engine/discovery/MethodSelectorResolver.java	21	19	12	0.63	false	false
junit-platform-engine/src/main/java/org/junit/platform/engine/DiscoverySelector.java	junit-platform-engine/src/main/java/org/junit/platform/engine/discovery/UniqueIdSelector.java	19	32	12	0.63	true	false
junit-jupiter-migrationsupport/src/main/java/org/junit/jupiter/migrationsupport/rules/adapter/AbstractTestRuleAdapter.java	junit-jupiter-migrationsupport/src/main/java/org/junit/jupiter/migrationsupport/rules/member/TestRuleAnnotatedField.java	17	16	10	0.63	true	false
junit-platform-engine/src/main/java/module-info.java	junit-platform-reporting/src/main/java/module-info.java	16	17	10	0.63	false	true
junit-platform-engine/src/main/java/module-info.java	junit-vintage-engine/src/main/java/module-info.java	16	19	10	0.63	false	true
junit-vintage-engine/src/main/java/org/junit/vintage/engine/VintageTestEngine.java	junit-vintage-engine/src/main/java/org/junit/vintage/engine/execution/RunnerExecutor.java	74	16	10	0.63	true	false
junit-jupiter-api/src/main/java/org/junit/jupiter/api/AssertLinesMatch.java	junit-jupiter-api/src/main/java/org/junit/jupiter/api/AssertNotNull.java	31	8	5	0.63	false	false
junit-jupiter-api/src/main/java/org/junit/jupiter/api/AssertLinesMatch.java	junit-jupiter-api/src/main/java/org/junit/jupiter/api/AssertNotSame.java	31	8	5	0.63	false	false
junit-jupiter-api/src/main/java/org/junit/jupiter/api/AssertLinesMatch.java	junit-jupiter-api/src/main/java/org/junit/jupiter/api/AssertSame.java	31	8	5	0.63	false	false
junit-jupiter-api/src/main/java/org/junit/jupiter/api/AssertNotNull.java	junit-jupiter-api/src/main/java/org/junit/jupiter/api/Assumptions.java	8	31	5	0.63	false	false
junit-jupiter-api/src/main/java/org/junit/jupiter/api/ClassTemplate.java	junit-jupiter-params/src/main/java/org/junit/jupiter/params/ParameterizedClass.java	9	8	5	0.63	true	true
junit-jupiter-migrationsupport/src/main/java/org/junit/jupiter/migrationsupport/rules/adapter/VerifierAdapter.java	junit-jupiter-migrationsupport/src/main/java/org/junit/jupiter/migrationsupport/rules/member/TestRuleAnnotatedMember.java	8	8	5	0.63	true	false
junit-platform-commons/src/main/java/org/junit/platform/commons/support/Resource.java	junit-platform-commons/src/main/java/org/junit/platform/commons/util/DefaultClasspathScanner.java	8	68	5	0.63	true	false
junit-platform-commons/src/main/java/org/junit/platform/commons/support/conversion/ConversionSupport.java	junit-platform-commons/src/main/java/org/junit/platform/commons/support/conversion/FallbackStringToObjectConverter.java	8	10	5	0.63	false	false
junit-platform-commons/src/main/java/org/junit/platform/commons/util/ClassUtils.java	junit-platform-commons/src/main/java/org/junit/platform/commons/util/ReflectionUtils.java	8	287	5	0.63	false	false
junit-platform-console/src/main/java/org/junit/platform/console/command/BaseCommand.java	junit-platform-console/src/main/java/org/junit/platform/console/command/CommandResult.java	12	8	5	0.63	false	false
junit-platform-console/src/main/java/org/junit/platform/console/command/CommandFacade.java	junit-platform-console/src/main/java/org/junit/platform/console/command/DiscoverTestsCommand.java	8	10	5	0.63	false	false
junit-platform-console/src/main/java/org/junit/platform/console/command/CommandFacade.java	junit-platform-console/src/main/java/org/junit/platform/console/command/ExecuteTestsCommand.java	8	17	5	0.63	false	false
junit-platform-engine/src/main/java/org/junit/platform/engine/support/hierarchical/CompositeLock.java	junit-platform-engine/src/main/java/org/junit/platform/engine/support/hierarchical/ForkJoinPoolHierarchicalTestExecutorService.java	8	25	5	0.63	false	false
junit-platform-engine/src/main/java/org/junit/platform/engine/support/hierarchical/ForkJoinPoolHierarchicalTestExecutorService.java	junit-platform-engine/src/main/java/org/junit/platform/engine/support/hierarchical/SingleLock.java	25	8	5	0.63	false	false
junit-platform-engine/src/main/java/org/junit/platform/engine/support/hierarchical/LockManager.java	junit-platform-engine/src/main/java/org/junit/platform/engine/support/hierarchical/SingleLock.java	10	8	5	0.63	false	false
junit-platform-launcher/src/main/java/org/junit/platform/launcher/core/DefaultLauncher.java	junit-platform-launcher/src/main/java/org/junit/platform/launcher/core/SessionPerRequestLauncher.java	142	8	5	0.63	false	false
junit-platform-launcher/src/main/java/org/junit/platform/launcher/core/EngineExecutionOrchestrator.java	junit-platform-suite-engine/src/main/java/org/junit/platform/suite/engine/SuiteLauncher.java	30	8	5	0.63	true	true
junit-platform-launcher/src/main/java/org/junit/platform/launcher/core/LauncherFactory.java	junit-platform-launcher/src/main/java/org/junit/platform/launcher/core/SessionPerRequestLauncher.java	32	8	5	0.63	false	false
junit-platform-testkit/src/main/java/org/junit/platform/testkit/engine/Events.java	junit-platform-testkit/src/main/java/org/junit/platform/testkit/engine/TerminationInfo.java	25	8	5	0.63	false	false
junit-platform-testkit/src/main/java/org/junit/platform/testkit/engine/ExecutionRecorder.java	junit-platform-testkit/src/main/java/org/junit/platform/testkit/engine/TerminationInfo.java	15	8	5	0.63	false	false
junit-jupiter-api/src/main/java/org/junit/jupiter/api/DisplayNameGenerator.java	junit-jupiter-engine/src/main/java/org/junit/jupiter/engine/descriptor/DisplayNameUtils.java	35	21	13	0.62	true	true
junit-platform-engine/src/main/java/org/junit/platform/engine/EngineDiscoveryRequest.java	junit-platform-launcher/src/main/java/org/junit/platform/launcher/core/DefaultDiscoveryRequest.java	21	72	13	0.62	true	true
junit-jupiter-api/src/main/java/org/junit/jupiter/api/AssertIterableEquals.java	junit-jupiter-api/src/main/java/org/junit/jupiter/api/AssertTrue.java	16	13	8	0.62	false	false
junit-jupiter-api/src/main/java/org/junit/jupiter/api/AssertThrows.java	junit-jupiter-api/src/main/java/org/junit/jupiter/api/AssertTrue.java	23	13	8	0.62	false	false
junit-jupiter-api/src/main/java/org/junit/jupiter/api/AssertTimeout.java	junit-jupiter-api/src/main/java/org/junit/jupiter/api/AssertTrue.java	30	13	8	0.62	false	false
junit-jupiter-api/src/main/java/org/junit/jupiter/api/AssertTrue.java	junit-jupiter-api/src/main/java/org/junit/jupiter/api/AssertionUtils.java	13	22	8	0.62	false	false
junit-jupiter-api/src/main/java/org/junit/jupiter/api/condition/DisabledForJreRange.java	junit-jupiter-api/src/main/java/org/junit/jupiter/api/condition/DisabledIf.java	13	22	8	0.62	false	false
junit-jupiter-api/src/main/java/org/junit/jupiter/api/condition/DisabledForJreRange.java	junit-jupiter-api/src/main/java/org/junit/jupiter/api/condition/DisabledIfEnvironmentVariable.java	13	17	8	0.62	false	false
junit-jupiter-api/src/main/java/org/junit/jupiter/api/condition/DisabledForJreRange.java	junit-jupiter-api/src/main/java/org/junit/jupiter/api/condition/DisabledIfSystemProperty.java	13	17	8	0.62	false	false
junit-jupiter-api/src/main/java/org/junit/jupiter/api/condition/DisabledForJreRange.java	junit-jupiter-api/src/main/java/org/junit/jupiter/api/condition/DisabledOnOs.java	13	19	8	0.62	false	false
junit-jupiter-api/src/main/java/org/junit/jupiter/api/condition/DisabledForJreRange.java	junit-jupiter-api/src/main/java/org/junit/jupiter/api/condition/EnabledIf.java	13	27	8	0.62	false	false
junit-jupiter-api/src/main/java/org/junit/jupiter/api/condition/DisabledForJreRange.java	junit-jupiter-api/src/main/java/org/junit/jupiter/api/condition/EnabledIfEnvironmentVariable.java	13	18	8	0.62	false	false
junit-jupiter-api/src/main/java/org/junit/jupiter/api/condition/DisabledForJreRange.java	junit-jupiter-api/src/main/java/org/junit/jupiter/api/condition/EnabledIfSystemProperty.java	13	18	8	0.62	false	false
junit-jupiter-api/src/main/java/org/junit/jupiter/api/condition/DisabledForJreRange.java	junit-jupiter-api/src/main/java/org/junit/jupiter/api/condition/EnabledOnOs.java	13	19	8	0.62	false	false
junit-jupiter-api/src/main/java/org/junit/jupiter/api/extension/ExtensionContext.java	junit-jupiter-engine/src/main/java/org/junit/jupiter/engine/execution/NamespaceAwareStore.java	107	13	8	0.62	true	true
junit-jupiter-migrationsupport/src/main/java/org/junit/jupiter/migrationsupport/rules/ExpectedExceptionSupport.java	junit-jupiter-migrationsupport/src/main/java/org/junit/jupiter/migrationsupport/rules/TestRuleSupport.java	13	34	8	0.62	false	false
junit-jupiter-migrationsupport/src/main/java/org/junit/jupiter/migrationsupport/rules/ExpectedExceptionSupport.java	junit-jupiter-migrationsupport/src/main/java/org/junit/jupiter/migrationsupport/rules/VerifierSupport.java	13	18	8	0.62	false	false
junit-platform-launcher/src/main/java/org/junit/platform/launcher/TestPlan.java	junit-platform-launcher/src/main/java/org/junit/platform/launcher/core/InternalTestPlan.java	66	18	11	0.61	true	false
junit-jupiter-engine/src/main/java/org/junit/jupiter/engine/Constants.java	junit-jupiter-engine/src/main/java/org/junit/jupiter/engine/config/CachingJupiterConfiguration.java	48	23	14	0.61	true	false
junit-platform-launcher/src/main/java/org/junit/platform/launcher/LauncherDiscoveryRequest.java	junit-platform-launcher/src/main/java/org/junit/platform/launcher/core/DefaultDiscoveryRequest.java	23	72	14	0.61	true	false
junit-platform-engine/src/main/java/org/junit/platform/engine/discovery/ClassNameFilter.java	junit-platform-engine/src/main/java/org/junit/platform/engine/discovery/IncludeClassNameFilter.java	25	27	15	0.60	false	false
junit-jupiter-params/src/main/java/org/junit/jupiter/params/provider/MethodArgumentsProvider.java	junit-jupiter-params/src/main/java/org/junit/jupiter/params/provider/ValueArgumentsProvider.java	61	20	12	0.60	false	false
junit-jupiter-engine/src/main/java/org/junit/jupiter/engine/descriptor/DynamicContainerTestDescriptor.java	junit-jupiter-engine/src/main/java/org/junit/jupiter/engine/descriptor/DynamicTestTestDescriptor.java	15	25	9	0.60	false	false
junit-platform-console/src/main/java/org/junit/platform/console/output/TreePrintingListener.java	junit-platform-console/src/main/java/org/junit/platform/console/output/VerboseTreePrintingListener.java	15	16	9	0.60	false	false
junit-jupiter-api/src/main/java/org/junit/jupiter/api/AssertLinesMatch.java	junit-jupiter-api/src/main/java/org/junit/jupiter/api/AssertNotEquals.java	31	10	6	0.60	false	false
junit-jupiter-api/src/main/java/org/junit/jupiter/api/AssertNotEquals.java	junit-jupiter-api/src/main/java/org/junit/jupiter/api/AssertionUtils.java	10	22	6	0.60	false	false
junit-jupiter-migrationsupport/src/main/java/module-info.java	junit-platform-commons/src/main/java/module-info.java	10	21	6	0.60	false	true
junit-jupiter-params/src/main/java/module-info.java	junit-platform-commons/src/main/java/module-info.java	10	21	6	0.60	false	true
junit-platform-console/src/main/java/org/junit/platform/console/ConsoleLauncher.java	junit-platform-console/src/main/java/org/junit/platform/console/command/DiscoverTestsCommand.java	61	10	6	0.60	true	false
junit-platform-console/src/main/java/org/junit/platform/console/command/BaseCommand.java	junit-platform-console/src/main/java/org/junit/platform/console/command/DiscoverTestsCommand.java	12	10	6	0.60	false	false
junit-platform-console/src/main/java/org/junit/platform/console/command/ExecuteTestsCommand.java	junit-platform-console/src/main/java/org/junit/platform/console/options/TestConsoleOutputOptionsMixin.java	17	10	6	0.60	true	false
junit-platform-console/src/main/java/org/junit/platform/console/command/MainCommand.java	junit-platform-console/src/main/java/org/junit/platform/console/options/TestConsoleOutputOptionsMixin.java	23	10	6	0.60	true	false
junit-platform-engine/src/main/java/org/junit/platform/engine/discovery/ClassSelector.java	junit-platform-engine/src/main/java/org/junit/platform/engine/discovery/FileSelector.java	33	10	6	0.60	false	false
junit-platform-engine/src/main/java/org/junit/platform/engine/discovery/ClasspathRootSelector.java	junit-platform-engine/src/main/java/org/junit/platform/engine/discovery/FileSelector.java	35	10	6	0.60	false	false
junit-platform-engine/src/main/java/org/junit/platform/engine/discovery/FileSelector.java	junit-platform-engine/src/main/java/org/junit/platform/engine/discovery/MethodSelector.java	10	46	6	0.60	false	false
junit-platform-engine/src/main/java/org/junit/platform/engine/support/descriptor/ClassSource.java	junit-platform-engine/src/main/java/org/junit/platform/engine/support/descriptor/ClasspathResourceSource.java	22	10	6	0.60	false	false
junit-platform-suite-engine/src/main/java/org/junit/platform/suite/engine/ClassSelectorResolver.java	junit-platform-suite-engine/src/main/java/org/junit/platform/suite/engine/SuiteLauncherDiscoveryRequestBuilder.java	10	31	6	0.60	false	false
junit-jupiter-api/src/main/java/org/junit/jupiter/api/AssertDoesNotThrow.java	junit-platform-commons/src/main/java/org/junit/platform/commons/util/ClassLoaderUtils.java	12	5	3	0.60	true	true
junit-jupiter-api/src/main/java/org/junit/jupiter/api/AssertThrows.java	junit-platform-commons/src/main/java/org/junit/platform/commons/util/ClassLoaderUtils.java	23	5	3	0.60	true	true
junit-jupiter-api/src/main/java/org/junit/jupiter/api/AssertionUtils.java	junit-platform-commons/src/main/java/org/junit/platform/commons/util/ClassLoaderUtils.java	22	5	3	0.60	true	true
junit-jupiter-api/src/main/java/org/junit/jupiter/api/MethodOrderer.java	junit-jupiter-api/src/main/java/org/junit/jupiter/api/TestClassOrder.java	37	5	3	0.60	false	false
junit-jupiter-api/src/main/java/org/junit/jupiter/api/MethodOrderer.java	junit-jupiter-engine/src/main/java/org/junit/jupiter/engine/discovery/DefaultMethodOrdererContext.java	37	5	3	0.60	true	true
junit-jupiter-api/src/main/java/org/junit/jupiter/api/Tags.java	junit-jupiter-api/src/main/java/org/junit/jupiter/api/extension/Extensions.java	10	5	3	0.60	true	false
junit-jupiter-api/src/main/java/org/junit/jupiter/api/TestClassOrder.java	junit-jupiter-engine/src/main/java/org/junit/jupiter/engine/discovery/AbstractOrderingVisitor.java	5	14	3	0.60	true	true
junit-jupiter-api/src/main/java/org/junit/jupiter/api/TestClassOrder.java	junit-jupiter-engine/src/main/java/org/junit/jupiter/engine/discovery/ClassOrderingVisitor.java	5	14	3	0.60	true	true
junit-jupiter-api/src/main/java/org/junit/jupiter/api/TestClassOrder.java	junit-jupiter-engine/src/main/java/org/junit/jupiter/engine/discovery/MethodOrderingVisitor.java	5	16	3	0.60	true	true
junit-jupiter-api/src/main/java/org/junit/jupiter/api/Timeout.java	junit-jupiter-engine/src/main/java/org/junit/jupiter/engine/extension/TimeoutDuration.java	11	5	3	0.60	true	true
junit-jupiter-api/src/main/java/org/junit/jupiter/api/condition/DisabledIfEnvironmentVariableCondition.java	junit-jupiter-api/src/main/java/org/junit/jupiter/api/condition/EnabledIfSystemPropertyCondition.java	7	5	3	0.60	false	false
junit-jupiter-api/src/main/java/org/junit/jupiter/api/condition/DisabledIfSystemProperty.java	junit-jupiter-api/src/main/java/org/junit/jupiter/api/condition/EnabledIfSystemPropertyCondition.java	17	5	3	0.60	false	false
junit-jupiter-api/src/main/java/org/junit/jupiter/api/condition/EnabledIfEnvironmentVariable.java	junit-jupiter-api/src/main/java/org/junit/jupiter/api/condition/EnabledIfSystemPropertyCondition.java	18	5	3	0.60	false	false
junit-jupiter-api/src/main/java/org/junit/jupiter/api/extension/ClassTemplateInvocationContext.java	junit-jupiter-api/src/main/java/org/junit/jupiter/api/extension/TestTemplateInvocationContext.java	5	11	3	0.60	false	false
junit-jupiter-api/src/main/java/org/junit/jupiter/api/extension/ClassTemplateInvocationContext.java	junit-jupiter-engine/src/main/java/org/junit/jupiter/engine/descriptor/ClassTemplateInvocationTestDescriptor.java	5	9	3	0.60	true	true
junit-jupiter-api/src/main/java/org/junit/jupiter/api/extension/ClassTemplateInvocationContext.java	junit-jupiter-engine/src/main/java/org/junit/jupiter/engine/descriptor/ClassTemplateTestDescriptor.java	5	13	3	0.60	true	true
junit-jupiter-api/src/main/java/org/junit/jupiter/api/extension/Extension.java	junit-jupiter-api/src/main/java/org/junit/jupiter/api/extension/Extensions.java	17	5	3	0.60	false	false
junit-jupiter-api/src/main/java/org/junit/jupiter/api/parallel/Execution.java	junit-jupiter-api/src/main/java/org/junit/jupiter/api/parallel/ResourceLocks.java	12	5	3	0.60	false	false
junit-jupiter-api/src/main/java/org/junit/jupiter/api/parallel/ResourceLock.java	junit-jupiter-api/src/main/java/org/junit/jupiter/api/parallel/ResourceLocks.java	11	5	3	0.60	false	false
junit-jupiter-engine/src/main/java/org/junit/jupiter/engine/descriptor/ClassBasedTestDescriptor.java	junit-jupiter-engine/src/main/java/org/junit/jupiter/engine/execution/DefaultExecutableInvoker.java	46	5	3	0.60	true	false
junit-jupiter-engine/src/main/java/org/junit/jupiter/engine/descriptor/ClassTemplateInvocationExtensionContext.java	junit-jupiter-engine/src/main/java/org/junit/jupiter/engine/descriptor/ClassTemplateInvocationTestDescriptor.java	5	9	3	0.60	false	false
junit-jupiter-engine/src/main/java/org/junit/jupiter/engine/descriptor/ClassTemplateInvocationExtensionContext.java	junit-jupiter-engine/src/main/java/org/junit/jupiter/engine/descriptor/DynamicExtensionContext.java	5	9	3	0.60	false	false
junit-jupiter-engine/src/main/java/org/junit/jupiter/engine/descriptor/ClassTemplateInvocationExtensionContext.java	junit-jupiter-engine/src/main/java/org/junit/jupiter/engine/descriptor/JupiterEngineExtensionContext.java	5	19	3	0.60	false	false
junit-jupiter-engine/src/main/java/org/junit/jupiter/engine/descriptor/ClassTemplateInvocationExtensionContext.java	junit-jupiter-engine/src/main/java/org/junit/jupiter/engine/descriptor/MethodExtensionContext.java	5	42	3	0.60	false	false
junit-jupiter-engine/src/main/java/org/junit/jupiter/engine/descriptor/ClassTemplateInvocationExtensionContext.java	junit-jupiter-engine/src/main/java/org/junit/jupiter/engine/descriptor/TestTemplateExtensionContext.java	5	22	3	0.60	false	false
junit-jupiter-engine/src/main/java/org/junit/jupiter/engine/descriptor/ExclusiveResourceCollector.java	junit-jupiter-engine/src/main/java/org/junit/jupiter/engine/descriptor/JupiterTestDescriptor.java	5	94	3	0.60	false	false
junit-jupiter-engine/src/main/java/org/junit/jupiter/engine/descriptor/ExclusiveResourceCollector.java	junit-jupiter-engine/src/main/java/org/junit/jupiter/engine/descriptor/MethodBasedTestDescriptor.java	5	30	3	0.60	false	false
junit-jupiter-engine/src/main/java/org/junit/jupiter/engine/descriptor/ExclusiveResourceCollector.java	junit-jupiter-engine/src/main/java/org/junit/jupiter/engine/descriptor/ResourceLockAware.java	5	7	3	0.60	false	false
junit-jupiter-engine/src/main/java/org/junit/jupiter/engine/discovery/DefaultMethodDescriptor.java	junit-jupiter-engine/src/main/java/org/junit/jupiter/engine/discovery/DefaultMethodOrdererContext.java	7	5	3	0.60	false	false
junit-jupiter-engine/src/main/java/org/junit/jupiter/engine/execution/DefaultExecutableInvoker.java	junit-jupiter-engine/src/main/java/org/junit/jupiter/engine/execution/InterceptingExecutableInvoker.java	5	7	3	0.60	false	false
junit-jupiter-engine/src/main/java/org/junit/jupiter/engine/execution/DefaultExecutableInvoker.java	junit-jupiter-engine/src/main/java/org/junit/jupiter/engine/execution/MethodInvocation.java	5	6	3	0.60	false	false
junit-jupiter-engine/src/main/java/org/junit/jupiter/engine/extension/SameThreadTimeoutInvocation.java	junit-jupiter-engine/src/main/java/org/junit/jupiter/engine/extension/TimeoutDuration.java	7	5	3	0.60	false	false
junit-jupiter-engine/src/main/java/org/junit/jupiter/engine/extension/TimeoutDuration.java	junit-jupiter-engine/src/main/java/org/junit/jupiter/engine/extension/TimeoutExtension.java	5	17	3	0.60	false	false
junit-jupiter-migrationsupport/src/main/java/org/junit/jupiter/migrationsupport/rules/ExpectedExceptionSupport.java	junit-jupiter-migrationsupport/src/main/java/org/junit/jupiter/migrationsupport/rules/adapter/package-info.java	13	5	3	0.60	true	false
junit-jupiter-migrationsupport/src/main/java/org/junit/jupiter/migrationsupport/rules/ExpectedExceptionSupport.java	junit-jupiter-migrationsupport/src/main/java/org/junit/jupiter/migrationsupport/rules/member/package-info.java	13	5	3	0.60	true	false
junit-jupiter-migrationsupport/src/main/java/org/junit/jupiter/migrationsupport/rules/ExpectedExceptionSupport.java	junit-jupiter-migrationsupport/src/main/java/org/junit/jupiter/migrationsupport/rules/package-info.java	13	5	3	0.60	false	false
junit-jupiter-migrationsupport/src/main/java/org/junit/jupiter/migrationsupport/rules/TestRuleSupport.java	junit-jupiter-migrationsupport/src/main/java/org/junit/jupiter/migrationsupport/rules/package-info.java	34	5	3	0.60	false	false
junit-jupiter-migrationsupport/src/main/java/org/junit/jupiter/migrationsupport/rules/VerifierSupport.java	junit-jupiter-migrationsupport/src/main/java/org/junit/jupiter/migrationsupport/rules/package-info.java	18	5	3	0.60	false	false
junit-jupiter-migrationsupport/src/main/java/org/junit/jupiter/migrationsupport/rules/adapter/AbstractTestRuleAdapter.java	junit-jupiter-migrationsupport/src/main/java/org/junit/jupiter/migrationsupport/rules/package-info.java	17	5	3	0.60	true	false
junit-jupiter-migrationsupport/src/main/java/org/junit/jupiter/migrationsupport/rules/adapter/ExternalResourceAdapter.java	junit-jupiter-migrationsupport/src/main/java/org/junit/jupiter/migrationsupport/rules/adapter/package-info.java	9	5	3	0.60	false	false
junit-jupiter-migrationsupport/src/main/java/org/junit/jupiter/migrationsupport/rules/adapter/ExternalResourceAdapter.java	junit-jupiter-migrationsupport/src/main/java/org/junit/jupiter/migrationsupport/rules/member/package-info.java	9	5	3	0.60	true	false
junit-jupiter-migrationsupport/src/main/java/org/junit/jupiter/migrationsupport/rules/adapter/GenericBeforeAndAfterAdvice.java	junit-jupiter-migrationsupport/src/main/java/org/junit/jupiter/migrationsupport/rules/adapter/package-info.java	7	5	3	0.60	false	false
junit-jupiter-migrationsupport/src/main/java/org/junit/jupiter/migrationsupport/rules/adapter/GenericBeforeAndAfterAdvice.java	junit-jupiter-migrationsupport/src/main/java/org/junit/jupiter/migrationsupport/rules/member/package-info.java	7	5	3	0.60	true	false
junit-jupiter-migrationsupport/src/main/java/org/junit/jupiter/migrationsupport/rules/adapter/VerifierAdapter.java	junit-jupiter-migrationsupport/src/main/java/org/junit/jupiter/migrationsupport/rules/adapter/package-info.java	8	5	3	0.60	false	false
junit-jupiter-migrationsupport/src/main/java/org/junit/jupiter/migrationsupport/rules/adapter/VerifierAdapter.java	junit-jupiter-migrationsupport/src/main/java/org/junit/jupiter/migrationsupport/rules/member/package-info.java	8	5	3	0.60	true	false
junit-jupiter-migrationsupport/src/main/java/org/junit/jupiter/migrationsupport/rules/adapter/package-info.java	junit-jupiter-migrationsupport/src/main/java/org/junit/jupiter/migrationsupport/rules/member/TestRuleAnnotatedField.java	5	16	3	0.60	true	false
junit-jupiter-migrationsupport/src/main/java/org/junit/jupiter/migrationsupport/rules/adapter/package-info.java	junit-jupiter-migrationsupport/src/main/java/org/junit/jupiter/migrationsupport/rules/member/TestRuleAnnotatedMethod.java	5	11	3	0.60	true	false
junit-jupiter-migrationsupport/src/main/java/org/junit/jupiter/migrationsupport/rules/member/AbstractTestRuleAnnotatedMember.java	junit-jupiter-migrationsupport/src/main/java/org/junit/jupiter/migrationsupport/rules/package-info.java	7	5	3	0.60	true	false
junit-jupiter-migrationsupport/src/main/java/org/junit/jupiter/migrationsupport/rules/member/TestRuleAnnotatedField.java	junit-jupiter-migrationsupport/src/main/java/org/junit/jupiter/migrationsupport/rules/member/package-info.java	16	5	3	0.60	false	false
junit-jupiter-migrationsupport/src/main/java/org/junit/jupiter/migrationsupport/rules/member/TestRuleAnnotatedMember.java	junit-jupiter-migrationsupport/src/main/java/org/junit/jupiter/migrationsupport/rules/package-info.java	8	5	3	0.60	true	false
junit-jupiter-migrationsupport/src/main/java/org/junit/jupiter/migrationsupport/rules/member/TestRuleAnnotatedMethod.java	junit-jupiter-migrationsupport/src/main/java/org/junit/jupiter/migrationsupport/rules/member/package-info.java	11	5	3	0.60	false	false
junit-jupiter-params/src/main/java/org/junit/jupiter/params/ParameterizedTestExtension.java	junit-jupiter-params/src/main/java/org/junit/jupiter/params/provider/package-info.java	62	5	3	0.60	true	false
junit-jupiter-params/src/main/java/org/junit/jupiter/params/ResolverFacade.java	junit-jupiter-params/src/main/java/org/junit/jupiter/params/support/ParameterInfo.java	19	5	3	0.60	true	false
junit-jupiter-params/src/main/java/org/junit/jupiter/params/aggregator/ArgumentsAccessor.java	junit-jupiter-params/src/main/java/org/junit/jupiter/params/aggregator/ArgumentsAggregationException.java	12	5	3	0.60	false	false
junit-jupiter-params/src/main/java/org/junit/jupiter/params/aggregator/ArgumentsAggregationException.java	junit-jupiter-params/src/main/java/org/junit/jupiter/params/aggregator/ArgumentsAggregator.java	5	11	3	0.60	false	false
junit-jupiter-params/src/main/java/org/junit/jupiter/params/converter/AnnotationBasedArgumentConverter.java	junit-jupiter-params/src/main/java/org/junit/jupiter/params/converter/JavaTimeArgumentConverter.java	5	11	3	0.60	false	false
junit-jupiter-params/src/main/java/org/junit/jupiter/params/converter/ArgumentConverter.java	junit-jupiter-params/src/main/java/org/junit/jupiter/params/provider/package-info.java	20	5	3	0.60	true	false
junit-jupiter-params/src/main/java/org/junit/jupiter/params/converter/ConvertWith.java	junit-jupiter-params/src/main/java/org/junit/jupiter/params/provider/package-info.java	11	5	3	0.60	true	false
junit-jupiter-params/src/main/java/org/junit/jupiter/params/converter/JavaTimeArgumentConverter.java	junit-jupiter-params/src/main/java/org/junit/jupiter/params/provider/package-info.java	11	5	3	0.60	true	false
junit-jupiter-params/src/main/java/org/junit/jupiter/params/converter/JavaTimeConversionPattern.java	junit-jupiter-params/src/main/java/org/junit/jupiter/params/provider/package-info.java	14	5	3	0.60	true	false
junit-jupiter-params/src/main/java/org/junit/jupiter/params/provider/Arguments.java	junit-jupiter-params/src/main/java/org/junit/jupiter/params/provider/package-info.java	23	5	3	0.60	false	false
junit-jupiter-params/src/main/java/org/junit/jupiter/params/provider/ArgumentsSources.java	junit-jupiter-params/src/main/java/org/junit/jupiter/params/provider/CsvFileSources.java	11	5	3	0.60	false	false
junit-jupiter-params/src/main/java/org/junit/jupiter/params/provider/ArgumentsSources.java	junit-jupiter-params/src/main/java/org/junit/jupiter/params/provider/CsvSources.java	11	5	3	0.60	false	false
junit-jupiter-params/src/main/java/org/junit/jupiter/params/provider/ArgumentsSources.java	junit-jupiter-params/src/main/java/org/junit/jupiter/params/provider/EnumSources.java	11	5	3	0.60	false	false
junit-jupiter-params/src/main/java/org/junit/jupiter/params/provider/ArgumentsSources.java	junit-jupiter-params/src/main/java/org/junit/jupiter/params/provider/FieldSources.java	11	5	3	0.60	false	false
junit-jupiter-params/src/main/java/org/junit/jupiter/params/provider/ArgumentsSources.java	junit-jupiter-params/src/main/java/org/junit/jupiter/params/provider/MethodSources.java	11	5	3	0.60	false	false
junit-jupiter-params/src/main/java/org/junit/jupiter/params/provider/ArgumentsSources.java	junit-jupiter-params/src/main/java/org/junit/jupiter/params/provider/ValueSources.java	11	5	3	0.60	false	false
junit-jupiter-params/src/main/java/org/junit/jupiter/params/provider/ArgumentsSources.java	junit-jupiter-params/src/main/java/org/junit/jupiter/params/provider/package-info.java	11	5	3	0.60	false	false
junit-jupiter-params/src/main/java/org/junit/jupiter/params/provider/CsvFileSource.java	junit-jupiter-params/src/main/java/org/junit/jupiter/params/provider/CsvFileSources.java	52	5	3	0.60	false	false
junit-jupiter-params/src/main/java/org/junit/jupiter/params/provider/CsvFileSource.java	junit-jupiter-params/src/main/java/org/junit/jupiter/params/provider/CsvSources.java	52	5	3	0.60	false	false
junit-jupiter-params/src/main/java/org/junit/jupiter/params/provider/CsvFileSource.java	junit-jupiter-params/src/main/java/org/junit/jupiter/params/provider/EnumSources.java	52	5	3	0.60	false	false
junit-jupiter-params/src/main/java/org/junit/jupiter/params/provider/CsvFileSource.java	junit-jupiter-params/src/main/java/org/junit/jupiter/params/provider/FieldSources.java	52	5	3	0.60	false	false
junit-jupiter-params/src/main/java/org/junit/jupiter/params/provider/CsvFileSource.java	junit-jupiter-params/src/main/java/org/junit/jupiter/params/provider/MethodSources.java	52	5	3	0.60	false	false
junit-jupiter-params/src/main/java/org/junit/jupiter/params/provider/CsvFileSource.java	junit-jupiter-params/src/main/java/org/junit/jupiter/params/provider/ValueSources.java	52	5	3	0.60	false	false
junit-jupiter-params/src/main/java/org/junit/jupiter/params/provider/CsvFileSources.java	junit-jupiter-params/src/main/java/org/junit/jupiter/params/provider/CsvSource.java	5	54	3	0.60	false	false
junit-jupiter-params/src/main/java/org/junit/jupiter/params/provider/CsvFileSources.java	junit-jupiter-params/src/main/java/org/junit/jupiter/params/provider/EnumSource.java	5	27	3	0.60	false	false
junit-jupiter-params/src/main/java/org/junit/jupiter/params/provider/CsvFileSources.java	junit-jupiter-params/src/main/java/org/junit/jupiter/params/provider/FieldSource.java	5	9	3	0.60	false	false
junit-jupiter-params/src/main/java/org/junit/jupiter/params/provider/CsvFileSources.java	junit-jupiter-params/src/main/java/org/junit/jupiter/params/provider/MethodSource.java	5	45	3	0.60	false	false
junit-jupiter-params/src/main/java/org/junit/jupiter/params/provider/CsvFileSources.java	junit-jupiter-params/src/main/java/org/junit/jupiter/params/provider/ValueSource.java	5	21	3	0.60	false	false
junit-jupiter-params/src/main/java/org/junit/jupiter/params/provider/CsvSource.java	junit-jupiter-params/src/main/java/org/junit/jupiter/params/provider/CsvSources.java	54	5	3	0.60	false	false
junit-jupiter-params/src/main/java/org/junit/jupiter/params/provider/CsvSource.java	junit-jupiter-params/src/main/java/org/junit/jupiter/params/provider/EnumSources.java	54	5	3	0.60	false	false
junit-jupiter-params/src/main/java/org/junit/jupiter/params/provider/CsvSource.java	junit-jupiter-params/src/main/java/org/junit/jupiter/params/provider/FieldSources.java	54	5	3	0.60	false	false
junit-jupiter-params/src/main/java/org/junit/jupiter/params/provider/CsvSource.java	junit-jupiter-params/src/main/java/org/junit/jupiter/params/provider/MethodSources.java	54	5	3	0.60	false	false
junit-jupiter-params/src/main/java/org/junit/jupiter/params/provider/CsvSource.java	junit-jupiter-params/src/main/java/org/junit/jupiter/params/provider/ValueSources.java	54	5	3	0.60	false	false
junit-jupiter-params/src/main/java/org/junit/jupiter/params/provider/CsvSources.java	junit-jupiter-params/src/main/java/org/junit/jupiter/params/provider/EnumSource.java	5	27	3	0.60	false	false
junit-jupiter-params/src/main/java/org/junit/jupiter/params/provider/CsvSources.java	junit-jupiter-params/src/main/java/org/junit/jupiter/params/provider/FieldSource.java	5	9	3	0.60	false	false
junit-jupiter-params/src/main/java/org/junit/jupiter/params/provider/CsvSources.java	junit-jupiter-params/src/main/java/org/junit/jupiter/params/provider/MethodSource.java	5	45	3	0.60	false	false
junit-jupiter-params/src/main/java/org/junit/jupiter/params/provider/CsvSources.java	junit-jupiter-params/src/main/java/org/junit/jupiter/params/provider/ValueSource.java	5	21	3	0.60	false	false
junit-jupiter-params/src/main/java/org/junit/jupiter/params/provider/EnumSource.java	junit-jupiter-params/src/main/java/org/junit/jupiter/params/provider/EnumSources.java	27	5	3	0.60	false	false
junit-jupiter-params/src/main/java/org/junit/jupiter/params/provider/EnumSource.java	junit-jupiter-params/src/main/java/org/junit/jupiter/params/provider/FieldSources.java	27	5	3	0.60	false	false
junit-jupiter-params/src/main/java/org/junit/jupiter/params/provider/EnumSource.java	junit-jupiter-params/src/main/java/org/junit/jupiter/params/provider/MethodSources.java	27	5	3	0.60	false	false
junit-jupiter-params/src/main/java/org/junit/jupiter/params/provider/EnumSource.java	junit-jupiter-params/src/main/java/org/junit/jupiter/params/provider/ValueSources.java	27	5	3	0.60	false	false
junit-jupiter-params/src/main/java/org/junit/jupiter/params/provider/EnumSources.java	junit-jupiter-params/src/main/java/org/junit/jupiter/params/provider/FieldSource.java	5	9	3	0.60	false	false
junit-jupiter-params/src/main/java/org/junit/jupiter/params/provider/EnumSources.java	junit-jupiter-params/src/main/java/org/junit/jupiter/params/provider/MethodSource.java	5	45	3	0.60	false	false
junit-jupiter-params/src/main/java/org/junit/jupiter/params/provider/EnumSources.java	junit-jupiter-params/src/main/java/org/junit/jupiter/params/provider/ValueSource.java	5	21	3	0.60	false	false
junit-jupiter-params/src/main/java/org/junit/jupiter/params/provider/FieldSource.java	junit-jupiter-params/src/main/java/org/junit/jupiter/params/provider/FieldSources.java	9	5	3	0.60	false	false
junit-jupiter-params/src/main/java/org/junit/jupiter/params/provider/FieldSource.java	junit-jupiter-params/src/main/java/org/junit/jupiter/params/provider/MethodSources.java	9	5	3	0.60	false	false
junit-jupiter-params/src/main/java/org/junit/jupiter/params/provider/FieldSource.java	junit-jupiter-params/src/main/java/org/junit/jupiter/params/provider/ValueSources.java	9	5	3	0.60	false	false
junit-jupiter-params/src/main/java/org/junit/jupiter/params/provider/FieldSources.java	junit-jupiter-params/src/main/java/org/junit/jupiter/params/provider/MethodSource.java	5	45	3	0.60	false	false
junit-jupiter-params/src/main/java/org/junit/jupiter/params/provider/FieldSources.java	junit-jupiter-params/src/main/java/org/junit/jupiter/params/provider/ValueSource.java	5	21	3	0.60	false	false
junit-jupiter-params/src/main/java/org/junit/jupiter/params/provider/MethodSource.java	junit-jupiter-params/src/main/java/org/junit/jupiter/params/provider/MethodSources.java	45	5	3	0.60	false	false
junit-jupiter-params/src/main/java/org/junit/jupiter/params/provider/MethodSource.java	junit-jupiter-params/src/main/java/org/junit/jupiter/params/provider/ValueSources.java	45	5	3	0.60	false	false
junit-jupiter-params/src/main/java/org/junit/jupiter/params/provider/MethodSources.java	junit-jupiter-params/src/main/java/org/junit/jupiter/params/provider/ValueSource.java	5	21	3	0.60	false	false
junit-jupiter-params/src/main/java/org/junit/jupiter/params/provider/ValueSource.java	junit-jupiter-params/src/main/java/org/junit/jupiter/params/provider/ValueSources.java	21	5	3	0.60	false	false
junit-platform-commons/src/main/java/module-info.java	junit-platform-commons/src/main/java/org/junit/platform/commons/function/package-info.java	21	5	3	0.60	true	false
junit-platform-commons/src/main/java/org/junit/platform/commons/function/package-info.java	junit-platform-commons/src/main/java/org/junit/platform/commons/support/conversion/package-info.java	5	5	3	0.60	true	false
junit-platform-commons/src/main/java/org/junit/platform/commons/function/package-info.java	junit-platform-commons/src/main/java/org/junit/platform/commons/support/package-info.java	5	6	3	0.60	true	false
junit-platform-commons/src/main/java/org/junit/platform/commons/package-info.java	junit-platform-commons/src/main/java/org/junit/platform/commons/util/package-info.java	5	5	3	0.60	true	false
junit-platform-commons/src/main/java/org/junit/platform/commons/support/AnnotationSupport.java	junit-platform-commons/src/main/java/org/junit/platform/commons/support/SearchOption.java	46	5	3	0.60	false	false
junit-platform-commons/src/main/java/org/junit/platform/commons/support/conversion/ConversionSupport.java	junit-platform-commons/src/main/java/org/junit/platform/commons/support/conversion/StringToClassConverter.java	8	5	3	0.60	false	false
junit-platform-commons/src/main/java/org/junit/platform/commons/support/conversion/FallbackStringToObjectConverter.java	junit-platform-commons/src/main/java/org/junit/platform/commons/support/conversion/StringToNumberConverter.java	10	5	3	0.60	false	false
junit-platform-commons/src/main/java/org/junit/platform/commons/support/conversion/StringToClassConverter.java	junit-platform-commons/src/main/java/org/junit/platform/commons/support/conversion/StringToCommonJavaTypesConverter.java	5	7	3	0.60	false	false
junit-platform-commons/src/main/java/org/junit/platform/commons/support/conversion/package-info.java	junit-platform-commons/src/main/java/org/junit/platform/commons/support/package-info.java	5	6	3	0.60	true	false
junit-platform-commons/src/main/java/org/junit/platform/commons/util/ClassLoaderUtils.java	junit-platform-commons/src/main/java/org/junit/platform/commons/util/ReflectionUtils.java	5	287	3	0.60	false	false
junit-platform-commons/src/main/java/org/junit/platform/commons/util/ClasspathScannerLoader.java	junit-platform-commons/src/main/java/org/junit/platform/commons/util/DefaultClasspathScanner.java	5	68	3	0.60	false	false
junit-platform-commons/src/main/java/org/junit/platform/commons/util/ClasspathScannerLoader.java	junit-platform-commons/src/main/java/org/junit/platform/commons/util/ModuleUtils.java	5	26	3	0.60	false	false
junit-platform-console/src/main/java/org/junit/platform/console/command/ConsoleTestExecutor.java	junit-platform-console/src/main/java/org/junit/platform/console/command/CustomClassLoaderCloseStrategy.java	57	5	3	0.60	false	false
junit-platform-console/src/main/java/org/junit/platform/console/command/ConsoleTestExecutor.java	junit-platform-console/src/main/java/org/junit/platform/console/output/DetailsPrintingListener.java	57	5	3	0.60	true	false
junit-platform-console/src/main/java/org/junit/platform/console/command/CustomClassLoaderCloseStrategy.java	junit-platform-console/src/main/java/org/junit/platform/console/command/CustomContextClassLoaderExecutor.java	5	7	3	0.60	false	false
junit-platform-console/src/main/java/org/junit/platform/console/options/TestConsoleOutputOptionsMixin.java	junit-platform-console/src/main/java/org/junit/platform/console/output/TestFeedPrintingListener.java	10	5	3	0.60	true	false
junit-platform-console/src/main/java/org/junit/platform/console/options/TestDiscoveryOptionsMixin.java	junit-platform-console/src/main/java/org/junit/platform/console/output/TestFeedPrintingListener.java	24	5	3	0.60	true	false
junit-platform-console/src/main/java/org/junit/platform/console/output/ColorPalette.java	junit-platform-console/src/main/java/org/junit/platform/console/output/FlatPrintingListener.java	5	50	3	0.60	false	false
junit-platform-console/src/main/java/org/junit/platform/console/output/ColorPalette.java	junit-platform-console/src/main/java/org/junit/platform/console/output/TreePrintingListener.java	5	15	3	0.60	false	false
junit-platform-console/src/main/java/org/junit/platform/console/output/ColorPalette.java	junit-platform-console/src/main/java/org/junit/platform/console/output/VerboseTreePrintingListener.java	5	16	3	0.60	false	false
junit-platform-console/src/main/java/org/junit/platform/console/output/DetailsPrintingListener.java	junit-platform-console/src/main/java/org/junit/platform/console/output/TestFeedPrintingListener.java	5	5	3	0.60	false	false
junit-platform-console/src/main/java/org/junit/platform/console/output/DetailsPrintingListener.java	junit-platform-console/src/main/java/org/junit/platform/console/output/TreePrintingListener.java	5	15	3	0.60	false	false
junit-platform-console/src/main/java/org/junit/platform/console/output/DetailsPrintingListener.java	junit-platform-console/src/main/java/org/junit/platform/console/output/VerboseTreePrintingListener.java	5	16	3	0.60	false	false
junit-platform-console/src/main/java/org/junit/platform/console/output/FlatPrintingListener.java	junit-platform-console/src/main/java/org/junit/platform/console/output/TestFeedPrintingListener.java	50	5	3	0.60	false	false
junit-platform-console/src/main/java/org/junit/platform/console/output/TestFeedPrintingListener.java	junit-platform-console/src/main/java/org/junit/platform/console/output/TreePrintingListener.java	5	15	3	0.60	false	false
junit-platform-console/src/main/java/org/junit/platform/console/output/TestFeedPrintingListener.java	junit-platform-console/src/main/java/org/junit/platform/console/output/VerboseTreePrintingListener.java	5	16	3	0.60	false	false
junit-platform-engine/src/main/java/org/junit/platform/engine/EngineDiscoveryListener.java	junit-platform-engine/src/main/java/org/junit/platform/engine/support/discovery/EngineDiscoveryRequestResolver.java	5	14	3	0.60	true	false
junit-platform-engine/src/main/java/org/junit/platform/engine/discovery/ClassSelector.java	junit-platform-engine/src/main/java/org/junit/platform/engine/discovery/DiscoverySelectorIdentifierParsers.java	33	5	3	0.60	false	false
junit-platform-engine/src/main/java/org/junit/platform/engine/discovery/ClasspathResourceSelector.java	junit-platform-engine/src/main/java/org/junit/platform/engine/discovery/DiscoverySelectorIdentifierParsers.java	14	5	3	0.60	false	false
junit-platform-engine/src/main/java/org/junit/platform/engine/discovery/ClasspathResourceSelector.java	junit-platform-engine/src/main/java/org/junit/platform/engine/discovery/FilePosition.java	14	5	3	0.60	false	false
junit-platform-engine/src/main/java/org/junit/platform/engine/discovery/DiscoverySelectorIdentifierParsers.java	junit-platform-engine/src/main/java/org/junit/platform/engine/discovery/DiscoverySelectors.java	5	82	3	0.60	false	false
junit-platform-engine/src/main/java/org/junit/platform/engine/discovery/DiscoverySelectorIdentifierParsers.java	junit-platform-engine/src/main/java/org/junit/platform/engine/discovery/FileSelector.java	5	10	3	0.60	false	false
junit-platform-engine/src/main/java/org/junit/platform/engine/discovery/DiscoverySelectorIdentifierParsers.java	junit-platform-engine/src/main/java/org/junit/platform/engine/discovery/MethodSelector.java	5	46	3	0.60	false	false
junit-platform-engine/src/main/java/org/junit/platform/engine/discovery/DiscoverySelectorIdentifierParsers.java	junit-platform-engine/src/main/java/org/junit/platform/engine/discovery/NestedClassSelector.java	5	12	3	0.60	false	false
junit-platform-engine/src/main/java/org/junit/platform/engine/discovery/DiscoverySelectorIdentifierParsers.java	junit-platform-engine/src/main/java/org/junit/platform/engine/discovery/NestedMethodSelector.java	5	14	3	0.60	false	false
junit-platform-engine/src/main/java/org/junit/platform/engine/discovery/FilePosition.java	junit-platform-engine/src/main/java/org/junit/platform/engine/discovery/FileSelector.java	5	10	3	0.60	false	false
junit-platform-engine/src/main/java/org/junit/platform/engine/support/hierarchical/DefaultParallelExecutionConfigurationStrategy.java	junit-platform-engine/src/main/java/org/junit/platform/engine/support/hierarchical/HierarchicalTestExecutorService.java	14	5	3	0.60	false	false
junit-platform-engine/src/main/java/org/junit/platform/engine/support/hierarchical/ExclusiveResource.java	junit-platform-engine/src/main/java/org/junit/platform/engine/support/hierarchical/HierarchicalTestExecutorService.java	7	5	3	0.60	false	false
junit-platform-engine/src/main/java/org/junit/platform/engine/support/hierarchical/HierarchicalTestEngine.java	junit-platform-engine/src/main/java/org/junit/platform/engine/support/hierarchical/HierarchicalTestExecutorService.java	17	5	3	0.60	false	false
junit-platform-engine/src/main/java/org/junit/platform/engine/support/hierarchical/HierarchicalTestExecutorService.java	junit-platform-engine/src/main/java/org/junit/platform/engine/support/hierarchical/ResourceLock.java	5	7	3	0.60	false	false
junit-platform-launcher/src/main/java/module-info.java	junit-platform-launcher/src/main/java/org/junit/platform/launcher/core/DefaultLauncherConfig.java	24	5	3	0.60	true	false
junit-platform-launcher/src/main/java/org/junit/platform/launcher/LauncherInterceptor.java	junit-platform-launcher/src/main/java/org/junit/platform/launcher/core/InterceptingLauncher.java	6	5	3	0.60	true	false
junit-platform-launcher/src/main/java/org/junit/platform/launcher/TagFilter.java	junit-platform-launcher/src/main/java/org/junit/platform/launcher/tagexpression/ShuntingYard.java	36	5	3	0.60	true	false
junit-platform-launcher/src/main/java/org/junit/platform/launcher/core/DefaultLauncher.java	junit-platform-launcher/src/main/java/org/junit/platform/launcher/core/InterceptingLauncher.java	142	5	3	0.60	false	false
junit-platform-launcher/src/main/java/org/junit/platform/launcher/core/DefaultLauncher.java	junit-platform-launcher/src/main/java/org/junit/platform/launcher/core/OutcomeDelayingEngineExecutionListener.java	142	5	3	0.60	false	false
junit-platform-launcher/src/main/java/org/junit/platform/launcher/core/DelegatingLauncher.java	junit-platform-launcher/src/main/java/org/junit/platform/launcher/core/InterceptingLauncher.java	6	5	3	0.60	false	false
junit-platform-launcher/src/main/java/org/junit/platform/launcher/core/EngineExecutionOrchestrator.java	junit-platform-suite-engine/src/main/java/org/junit/platform/suite/engine/SuiteTestEngine.java	30	5	3	0.60	true	true
junit-platform-launcher/src/main/java/org/junit/platform/launcher/core/HierarchicalOutputDirectoryCreator.java	junit-platform-launcher/src/main/java/org/junit/platform/launcher/core/LauncherDiscoveryRequestBuilder.java	5	83	3	0.60	false	false
junit-platform-launcher/src/main/java/org/junit/platform/launcher/core/HierarchicalOutputDirectoryCreator.java	junit-platform-launcher/src/main/java/org/junit/platform/launcher/core/LauncherDiscoveryResult.java	5	12	3	0.60	false	false
junit-platform-launcher/src/main/java/org/junit/platform/launcher/core/HierarchicalOutputDirectoryCreator.java	junit-platform-reporting/src/main/java/org/junit/platform/reporting/open/xml/OpenTestReportGeneratingListener.java	5	40	3	0.60	true	true
junit-platform-launcher/src/main/java/org/junit/platform/launcher/core/InterceptingLauncher.java	junit-platform-launcher/src/main/java/org/junit/platform/launcher/core/SessionPerRequestLauncher.java	5	8	3	0.60	false	false
junit-platform-launcher/src/main/java/org/junit/platform/launcher/tagexpression/ShuntingYard.java	junit-platform-launcher/src/main/java/org/junit/platform/launcher/tagexpression/TagExpressions.java	5	5	3	0.60	false	false
junit-platform-launcher/src/main/java/org/junit/platform/launcher/tagexpression/TagExpressions.java	junit-platform-launcher/src/main/java/org/junit/platform/launcher/tagexpression/Tokenizer.java	5	6	3	0.60	false	false
junit-platform-suite-api/src/main/java/org/junit/platform/suite/api/ConfigurationParameter.java	junit-platform-suite-engine/src/main/java/org/junit/platform/suite/engine/ClassSelectorResolver.java	5	10	3	0.60	true	true
junit-platform-suite-api/src/main/java/org/junit/platform/suite/api/ConfigurationParameter.java	junit-platform-suite-engine/src/main/java/org/junit/platform/suite/engine/DiscoverySelectorResolver.java	5	8	3	0.60	true	true
junit-platform-suite-api/src/main/java/org/junit/platform/suite/api/ConfigurationParameter.java	junit-platform-suite-engine/src/main/java/org/junit/platform/suite/engine/SuiteTestDescriptor.java	5	28	3	0.60	true	true
junit-platform-suite-api/src/main/java/org/junit/platform/suite/api/ExcludeClassNamePatterns.java	junit-platform-suite-api/src/main/java/org/junit/platform/suite/api/SuiteDisplayName.java	5	7	3	0.60	false	false
junit-platform-suite-api/src/main/java/org/junit/platform/suite/api/ExcludePackages.java	junit-platform-suite-api/src/main/java/org/junit/platform/suite/api/SuiteDisplayName.java	5	7	3	0.60	false	false
junit-platform-suite-api/src/main/java/org/junit/platform/suite/api/IncludePackages.java	junit-platform-suite-api/src/main/java/org/junit/platform/suite/api/SuiteDisplayName.java	5	7	3	0.60	false	false
junit-platform-testkit/src/main/java/org/junit/platform/testkit/engine/EventStatistics.java	junit-platform-testkit/src/main/java/org/junit/platform/testkit/engine/Execution.java	5	9	3	0.60	false	false
junit-platform-testkit/src/main/java/org/junit/platform/testkit/engine/EventStatistics.java	junit-platform-testkit/src/main/java/org/junit/platform/testkit/engine/TerminationInfo.java	5	8	3	0.60	false	false
junit-platform-testkit/src/main/java/org/junit/platform/testkit/engine/EventStatistics.java	junit-platform-testkit/src/main/java/org/junit/platform/testkit/engine/TestExecutionResultConditions.java	5	25	3	0.60	false	false
junit-vintage-engine/src/main/java/org/junit/vintage/engine/execution/RunListenerAdapter.java	junit-vintage-engine/src/main/java/org/junit/vintage/engine/support/UniqueIdStringifier.java	39	5	3	0.60	true	false
junit-vintage-engine/src/main/java/org/junit/vintage/engine/execution/RunnerExecutor.java	junit-vintage-engine/src/main/java/org/junit/vintage/engine/support/UniqueIdStringifier.java	16	5	3	0.60	true	false
junit-vintage-engine/src/main/java/org/junit/vintage/engine/execution/TestRun.java	junit-vintage-engine/src/main/java/org/junit/vintage/engine/support/UniqueIdStringifier.java	29	5	3	0.60	true	false
junit-jupiter-api/src/main/java/org/junit/jupiter/api/extension/Extension.java	junit-jupiter-api/src/main/java/org/junit/jupiter/api/extension/TestInstancePostProcessor.java	17	33	10	0.59	false	false
junit-jupiter-engine/src/main/java/org/junit/jupiter/engine/descriptor/DynamicNodeTestDescriptor.java	junit-jupiter-engine/src/main/java/org/junit/jupiter/engine/descriptor/JupiterTestDescriptor.java	17	94	10	0.59	false	false
junit-vintage-engine/src/main/java/org/junit/vintage/engine/descriptor/RunnerTestDescriptor.java	junit-vintage-engine/src/main/java/org/junit/vintage/engine/descriptor/VintageTestDescriptor.java	36	46	21	0.58	false	false
junit-jupiter-api/src/main/java/org/junit/jupiter/api/condition/DisabledIf.java	junit-jupiter-api/src/main/java/org/junit/jupiter/api/condition/EnabledForJreRange.java	22	12	7	0.58	false	false
junit-jupiter-api/src/main/java/org/junit/jupiter/api/condition/EnabledForJreRange.java	junit-jupiter-api/src/main/java/org/junit/jupiter/api/condition/EnabledIf.java	12	27	7	0.58	false	false
junit-jupiter-api/src/main/java/org/junit/jupiter/api/extension/TestExecutionExceptionHandler.java	junit-jupiter-engine/src/main/java/org/junit/jupiter/engine/descriptor/TestMethodTestDescriptor.java	12	196	7	0.58	true	true
junit-platform-engine/src/main/java/org/junit/platform/engine/discovery/NestedClassSelector.java	junit-platform-engine/src/main/java/org/junit/platform/engine/discovery/NestedMethodSelector.java	12	14	7	0.58	false	false
junit-platform-launcher/src/main/java/org/junit/platform/launcher/core/EngineDiscoveryOrchestrator.java	junit-platform-launcher/src/main/java/org/junit/platform/launcher/core/LauncherDiscoveryResult.java	27	12	7	0.58	false	false
junit-platform-testkit/src/main/java/org/junit/platform/testkit/engine/Event.java	junit-platform-testkit/src/main/java/org/junit/platform/testkit/engine/Events.java	12	25	7	0.58	false	false
junit-platform-testkit/src/main/java/org/junit/platform/testkit/engine/Event.java	junit-platform-testkit/src/main/java/org/junit/platform/testkit/engine/ExecutionRecorder.java	12	15	7	0.58	false	false
junit-jupiter-engine/src/main/java/org/junit/jupiter/engine/descriptor/JupiterEngineExtensionContext.java	junit-jupiter-engine/src/main/java/org/junit/jupiter/engine/descriptor/TestMethodTestDescriptor.java	19	196	11	0.58	false	false
junit-platform-engine/src/main/java/org/junit/platform/engine/DiscoverySelector.java	junit-platform-launcher/src/main/java/org/junit/platform/launcher/core/DefaultDiscoveryRequest.java	19	72	11	0.58	true	true
junit-platform-launcher/src/main/java/org/junit/platform/launcher/Launcher.java	junit-platform-launcher/src/main/java/org/junit/platform/launcher/core/DefaultLauncher.java	26	142	15	0.58	true	false
junit-jupiter-engine/src/main/java/org/junit/jupiter/engine/descriptor/ClassTestDescriptor.java	junit-jupiter-engine/src/main/java/org/junit/jupiter/engine/descriptor/TestMethodTestDescriptor.java	198	196	113	0.58	false	false
junit-jupiter-engine/src/main/java/org/junit/jupiter/engine/descriptor/MethodExtensionContext.java	junit-jupiter-engine/src/main/java/org/junit/jupiter/engine/descriptor/TestMethodTestDescriptor.java	42	196	24	0.57	false	false
junit-jupiter-params/src/main/java/org/junit/jupiter/params/provider/CsvArgumentsProvider.java	junit-jupiter-params/src/main/java/org/junit/jupiter/params/provider/EnumArgumentsProvider.java	51	21	12	0.57	false	false
junit-jupiter-params/src/main/java/org/junit/jupiter/params/provider/CsvFileArgumentsProvider.java	junit-jupiter-params/src/main/java/org/junit/jupiter/params/provider/EnumArgumentsProvider.java	44	21	12	0.57	false	false
junit-jupiter-params/src/main/java/org/junit/jupiter/params/provider/EnumArgumentsProvider.java	junit-jupiter-params/src/main/java/org/junit/jupiter/params/provider/MethodArgumentsProvider.java	21	61	12	0.57	false	false
junit-jupiter-params/src/main/java/org/junit/jupiter/params/provider/EnumSource.java	junit-jupiter-params/src/main/java/org/junit/jupiter/params/provider/ValueSource.java	27	21	12	0.57	false	false
junit-jupiter-api/src/main/java/org/junit/jupiter/api/extension/TestInstanceFactory.java	junit-jupiter-api/src/main/java/org/junit/jupiter/api/extension/TestInstancePostProcessor.java	14	33	8	0.57	false	false
junit-jupiter-engine/src/main/java/module-info.java	junit-platform-console/src/main/java/module-info.java	17	14	8	0.57	false	true
junit-jupiter-engine/src/main/java/module-info.java	junit-platform-testkit/src/main/java/module-info.java	17	14	8	0.57	false	true
junit-jupiter-engine/src/main/java/org/junit/jupiter/engine/discovery/AbstractOrderingVisitor.java	junit-jupiter-engine/src/main/java/org/junit/jupiter/engine/discovery/MethodOrderingVisitor.java	14	16	8	0.57	false	false
junit-jupiter-params/src/main/java/org/junit/jupiter/params/ParameterizedTestExtension.java	junit-jupiter-params/src/main/java/org/junit/jupiter/params/ParameterizedTestInvocationContext.java	62	14	8	0.57	false	false
junit-jupiter-params/src/main/java/org/junit/jupiter/params/converter/JavaTimeConversionPattern.java	junit-jupiter-params/src/main/java/org/junit/jupiter/params/provider/CsvSource.java	14	54	8	0.57	true	false
junit-platform-commons/src/main/java/module-info.java	junit-platform-console/src/main/java/module-info.java	21	14	8	0.57	false	true
junit-platform-commons/src/main/java/module-info.java	junit-platform-testkit/src/main/java/module-info.java	21	14	8	0.57	false	true
junit-platform-engine/src/main/java/org/junit/platform/engine/discovery/MethodSelector.java	junit-platform-engine/src/main/java/org/junit/platform/engine/discovery/NestedMethodSelector.java	46	14	8	0.57	false	false
junit-platform-engine/src/main/java/org/junit/platform/engine/support/descriptor/FileSource.java	junit-platform-engine/src/main/java/org/junit/platform/engine/support/descriptor/PackageSource.java	15	14	8	0.57	false	false
junit-jupiter-engine/src/main/java/org/junit/jupiter/engine/descriptor/ClassBasedTestDescriptor.java	junit-jupiter-engine/src/main/java/org/junit/jupiter/engine/execution/InterceptingExecutableInvoker.java	46	7	4	0.57	true	false
junit-jupiter-engine/src/main/java/org/junit/jupiter/engine/descriptor/MethodBasedTestDescriptor.java	junit-jupiter-engine/src/main/java/org/junit/jupiter/engine/descriptor/ResourceLockAware.java	30	7	4	0.57	false	false
junit-jupiter-engine/src/main/java/org/junit/jupiter/engine/descriptor/NestedClassTestDescriptor.java	junit-jupiter-engine/src/main/java/org/junit/jupiter/engine/descriptor/ResourceLockAware.java	67	7	4	0.57	false	false
junit-jupiter-engine/src/main/java/org/junit/jupiter/engine/discovery/predicates/IsTestableMethod.java	junit-platform-suite-engine/src/main/java/org/junit/platform/suite/engine/LifecycleMethodUtils.java	16	7	4	0.57	true	true
junit-jupiter-engine/src/main/java/org/junit/jupiter/engine/execution/InterceptingExecutableInvoker.java	junit-jupiter-engine/src/main/java/org/junit/jupiter/engine/execution/ParameterResolutionUtils.java	7	84	4	0.57	false	false
junit-jupiter-engine/src/main/java/org/junit/jupiter/engine/extension/SameThreadTimeoutInvocation.java	junit-jupiter-engine/src/main/java/org/junit/jupiter/engine/extension/SeparateThreadTimeoutInvocation.java	7	11	4	0.57	false	false
junit-jupiter-migrationsupport/src/main/java/org/junit/jupiter/migrationsupport/rules/EnableRuleMigrationSupport.java	junit-jupiter-migrationsupport/src/main/java/org/junit/jupiter/migrationsupport/rules/ExternalResourceSupport.java	7	23	4	0.57	false	false
junit-jupiter-migrationsupport/src/main/java/org/junit/jupiter/migrationsupport/rules/EnableRuleMigrationSupport.java	junit-jupiter-migrationsupport/src/main/java/org/junit/jupiter/migrationsupport/rules/VerifierSupport.java	7	18	4	0.57	false	false
junit-jupiter-params/src/main/java/org/junit/jupiter/params/ParameterizedInvocationContext.java	junit-jupiter-params/src/main/java/org/junit/jupiter/params/aggregator/DefaultArgumentsAccessor.java	7	13	4	0.57	true	false
junit-jupiter-params/src/main/java/org/junit/jupiter/params/ParameterizedInvocationContext.java	junit-jupiter-params/src/main/java/org/junit/jupiter/params/converter/DefaultArgumentConverter.java	7	41	4	0.57	true	false
junit-jupiter-params/src/main/java/org/junit/jupiter/params/provider/CsvFileSource.java	junit-jupiter-params/src/main/java/org/junit/jupiter/params/provider/NullSource.java	52	7	4	0.57	false	false
junit-jupiter-params/src/main/java/org/junit/jupiter/params/provider/CsvSource.java	junit-jupiter-params/src/main/java/org/junit/jupiter/params/provider/NullSource.java	54	7	4	0.57	false	false
junit-jupiter-params/src/main/java/org/junit/jupiter/params/provider/EnumSource.java	junit-jupiter-params/src/main/java/org/junit/jupiter/params/provider/NullSource.java	27	7	4	0.57	false	false
junit-jupiter-params/src/main/java/org/junit/jupiter/params/provider/MethodSource.java	junit-jupiter-params/src/main/java/org/junit/jupiter/params/provider/NullSource.java	45	7	4	0.57	false	false
junit-jupiter-params/src/main/java/org/junit/jupiter/params/provider/NullSource.java	junit-jupiter-params/src/main/java/org/junit/jupiter/params/provider/ValueSource.java	7	21	4	0.57	false	false
junit-platform-commons/src/main/java/org/junit/platform/commons/support/AnnotationSupport.java	junit-platform-commons/src/main/java/org/junit/platform/commons/support/HierarchyTraversalMode.java	46	7	4	0.57	false	false
junit-platform-commons/src/main/java/org/junit/platform/commons/support/DefaultResource.java	junit-platform-commons/src/main/java/org/junit/platform/commons/support/Resource.java	7	8	4	0.57	false	false
junit-platform-commons/src/main/java/org/junit/platform/commons/support/DefaultResource.java	junit-platform-commons/src/main/java/org/junit/platform/commons/util/DefaultClasspathScanner.java	7	68	4	0.57	true	false
junit-platform-commons/src/main/java/org/junit/platform/commons/support/DefaultResource.java	junit-platform-commons/src/main/java/org/junit/platform/commons/util/ModuleUtils.java	7	26	4	0.57	true	false
junit-platform-commons/src/main/java/org/junit/platform/commons/support/DefaultResource.java	junit-platform-commons/src/main/java/org/junit/platform/commons/util/ReflectionUtils.java	7	287	4	0.57	true	false
junit-platform-commons/src/main/java/org/junit/platform/commons/support/conversion/ConversionSupport.java	junit-platform-commons/src/main/java/org/junit/platform/commons/support/conversion/StringToCommonJavaTypesConverter.java	8	7	4	0.57	false	false
junit-platform-console/src/main/java/org/junit/platform/console/command/ConsoleTestExecutor.java	junit-platform-console/src/main/java/org/junit/platform/console/output/Theme.java	57	7	4	0.57	true	false
junit-platform-console/src/main/java/org/junit/platform/console/options/SelectorConverter.java	junit-platform-console/src/main/java/org/junit/platform/console/options/TestDiscoveryOptions.java	7	60	4	0.57	false	false
junit-platform-console/src/main/java/org/junit/platform/console/options/SelectorConverter.java	junit-platform-console/src/main/java/org/junit/platform/console/options/TestDiscoveryOptionsMixin.java	7	24	4	0.57	false	false
junit-platform-console/src/main/java/org/junit/platform/console/output/Theme.java	junit-platform-console/src/main/java/org/junit/platform/console/output/TreePrinter.java	7	22	4	0.57	false	false
junit-platform-engine/src/main/java/org/junit/platform/engine/discovery/ClassSelector.java	junit-platform-engine/src/main/java/org/junit/platform/engine/discovery/ModuleSelector.java	33	7	4	0.57	false	false
junit-platform-engine/src/main/java/org/junit/platform/engine/discovery/ClasspathResourceSelector.java	junit-platform-engine/src/main/java/org/junit/platform/engine/discovery/ModuleSelector.java	14	7	4	0.57	false	false
junit-platform-engine/src/main/java/org/junit/platform/engine/discovery/ClasspathRootSelector.java	junit-platform-engine/src/main/java/org/junit/platform/engine/discovery/ModuleSelector.java	35	7	4	0.57	false	false
junit-platform-engine/src/main/java/org/junit/platform/engine/discovery/DirectorySelector.java	junit-platform-engine/src/main/java/org/junit/platform/engine/discovery/ModuleSelector.java	9	7	4	0.57	false	false
junit-platform-engine/src/main/java/org/junit/platform/engine/discovery/FileSelector.java	junit-platform-engine/src/main/java/org/junit/platform/engine/discovery/ModuleSelector.java	10	7	4	0.57	false	false
junit-platform-engine/src/main/java/org/junit/platform/engine/discovery/MethodSelector.java	junit-platform-engine/src/main/java/org/junit/platform/engine/discovery/ModuleSelector.java	46	7	4	0.57	false	false
junit-platform-engine/src/main/java/org/junit/platform/engine/discovery/ModuleSelector.java	junit-platform-engine/src/main/java/org/junit/platform/engine/discovery/PackageSelector.java	7	28	4	0.57	false	false
junit-platform-engine/src/main/java/org/junit/platform/engine/discovery/ModuleSelector.java	junit-platform-engine/src/main/java/org/junit/platform/engine/discovery/UniqueIdSelector.java	7	32	4	0.57	false	false
junit-platform-engine/src/main/java/org/junit/platform/engine/support/hierarchical/DefaultParallelExecutionConfigurationStrategy.java	junit-platform-engine/src/main/java/org/junit/platform/engine/support/hierarchical/ParallelExecutionConfiguration.java	14	7	4	0.57	false	false
junit-platform-engine/src/main/java/org/junit/platform/engine/support/hierarchical/ExclusiveResource.java	junit-platform-engine/src/main/java/org/junit/platform/engine/support/hierarchical/ForkJoinPoolHierarchicalTestExecutorService.java	7	25	4	0.57	false	false
junit-platform-engine/src/main/java/org/junit/platform/engine/support/hierarchical/ExclusiveResource.java	junit-platform-engine/src/main/java/org/junit/platform/engine/support/hierarchical/HierarchicalTestEngine.java	7	17	4	0.57	false	false
junit-platform-engine/src/main/java/org/junit/platform/engine/support/hierarchical/ExclusiveResource.java	junit-platform-engine/src/main/java/org/junit/platform/engine/support/hierarchical/LockManager.java	7	10	4	0.57	false	false
junit-platform-engine/src/main/java/org/junit/platform/engine/support/hierarchical/ExclusiveResource.java	junit-platform-engine/src/main/java/org/junit/platform/engine/support/hierarchical/ResourceLock.java	7	7	4	0.57	false	false
junit-platform-engine/src/main/java/org/junit/platform/engine/support/hierarchical/LockManager.java	junit-platform-engine/src/main/java/org/junit/platform/engine/support/hierarchical/ResourceLock.java	10	7	4	0.57	false	false
junit-platform-engine/src/main/java/org/junit/platform/engine/support/hierarchical/Node.java	junit-platform-engine/src/main/java/org/junit/platform/engine/support/hierarchical/ParallelExecutionConfiguration.java	28	7	4	0.57	false	false
junit-platform-launcher/src/main/java/org/junit/platform/launcher/core/DefaultLauncher.java	junit-platform-launcher/src/main/java/org/junit/platform/launcher/core/LauncherConfig.java	142	7	4	0.57	false	false
junit-platform-suite-engine/src/main/java/org/junit/platform/suite/engine/LifecycleMethodUtils.java	junit-platform-suite-engine/src/main/java/org/junit/platform/suite/engine/SuiteTestDescriptor.java	7	28	4	0.57	false	false
junit-platform-testkit/src/main/java/org/junit/platform/testkit/engine/EngineExecutionResults.java	junit-platform-testkit/src/main/java/org/junit/platform/testkit/engine/EventType.java	17	7	4	0.57	false	false
junit-platform-testkit/src/main/java/org/junit/platform/testkit/engine/EventType.java	junit-platform-testkit/src/main/java/org/junit/platform/testkit/engine/ExecutionRecorder.java	7	15	4	0.57	false	false
junit-platform-testkit/src/main/java/org/junit/platform/testkit/engine/EventType.java	junit-platform-testkit/src/main/java/org/junit/platform/testkit/engine/Executions.java	7	12	4	0.57	false	false
junit-vintage-engine/src/main/java/org/junit/vintage/engine/Constants.java	junit-vintage-engine/src/main/java/org/junit/vintage/engine/execution/VintageExecutor.java	7	8	4	0.57	true	false
junit-platform-engine/src/main/java/org/junit/platform/engine/discovery/ClassSelector.java	junit-platform-engine/src/main/java/org/junit/platform/engine/discovery/UniqueIdSelector.java	33	32	18	0.56	false	false
junit-jupiter-engine/src/main/java/module-info.java	junit-platform-engine/src/main/java/module-info.java	17	16	9	0.56	false	true
junit-jupiter-engine/src/main/java/org/junit/jupiter/engine/extension/RepeatedTestExtension.java	junit-jupiter-params/src/main/java/org/junit/jupiter/params/ParameterizedTestExtension.java	16	62	9	0.56	true	true
junit-jupiter-migrationsupport/src/main/java/org/junit/jupiter/migrationsupport/rules/ExternalResourceSupport.java	junit-jupiter-migrationsupport/src/main/java/org/junit/jupiter/migrationsupport/rules/member/TestRuleAnnotatedField.java	23	16	9	0.56	true	false
junit-jupiter-migrationsupport/src/main/java/org/junit/jupiter/migrationsupport/rules/TestRuleSupport.java	junit-jupiter-migrationsupport/src/main/java/org/junit/jupiter/migrationsupport/rules/member/TestRuleAnnotatedField.java	34	16	9	0.56	true	false
junit-jupiter-migrationsupport/src/main/java/org/junit/jupiter/migrationsupport/rules/VerifierSupport.java	junit-jupiter-migrationsupport/src/main/java/org/junit/jupiter/migrationsupport/rules/member/TestRuleAnnotatedField.java	18	16	9	0.56	true	false
junit-platform-commons/src/main/java/module-info.java	junit-platform-engine/src/main/java/module-info.java	21	16	9	0.56	false	true
junit-platform-engine/src/main/java/module-info.java	junit-platform-launcher/src/main/java/module-info.java	16	24	9	0.56	false	true
junit-platform-testkit/src/main/java/org/junit/platform/testkit/engine/EventConditions.java	junit-platform-testkit/src/main/java/org/junit/platform/testkit/engine/TestExecutionResultConditions.java	59	25	14	0.56	false	false
junit-jupiter-engine/src/main/java/org/junit/jupiter/engine/execution/ConditionEvaluator.java	junit-jupiter-engine/src/main/java/org/junit/jupiter/engine/extension/DisabledCondition.java	40	18	10	0.56	true	false
junit-jupiter-migrationsupport/src/main/java/org/junit/jupiter/migrationsupport/rules/TestRuleSupport.java	junit-jupiter-migrationsupport/src/main/java/org/junit/jupiter/migrationsupport/rules/VerifierSupport.java	34	18	10	0.56	false	false
junit-platform-launcher/src/main/java/org/junit/platform/launcher/core/DefaultLauncher.java	junit-platform-launcher/src/main/java/org/junit/platform/launcher/listeners/LoggingListener.java	142	18	10	0.56	true	false
junit-vintage-engine/src/main/java/org/junit/vintage/engine/discovery/ClassSelectorResolver.java	junit-vintage-engine/src/main/java/org/junit/vintage/engine/discovery/VintageDiscoverer.java	18	71	10	0.56	false	false
junit-jupiter-api/src/main/java/org/junit/jupiter/api/AssertInstanceOf.java	junit-jupiter-api/src/main/java/org/junit/jupiter/api/AssertionUtils.java	9	22	5	0.56	false	false
junit-jupiter-api/src/main/java/org/junit/jupiter/api/AssertInstanceOf.java	junit-jupiter-api/src/main/java/org/junit/jupiter/api/Assertions.java	9	138	5	0.56	false	false
junit-jupiter-api/src/main/java/org/junit/jupiter/api/AssertLinesMatch.java	junit-jupiter-api/src/main/java/org/junit/jupiter/api/AssertNull.java	31	9	5	0.56	false	false
junit-jupiter-api/src/main/java/org/junit/jupiter/api/AssertNull.java	junit-jupiter-api/src/main/java/org/junit/jupiter/api/Assumptions.java	9	31	5	0.56	false	false
junit-jupiter-api/src/main/java/org/junit/jupiter/api/AssertTimeoutPreemptively.java	junit-jupiter-api/src/main/java/org/junit/jupiter/api/Assertions.java	9	138	5	0.56	false	false
junit-jupiter-api/src/main/java/org/junit/jupiter/api/DisplayName.java	junit-jupiter-api/src/main/java/org/junit/jupiter/api/Test.java	9	25	5	0.56	false	false
junit-jupiter-engine/src/main/java/org/junit/jupiter/engine/descriptor/ClassTemplateInvocationTestDescriptor.java	junit-jupiter-engine/src/main/java/org/junit/jupiter/engine/descriptor/TestMethodTestDescriptor.java	9	196	5	0.56	false	false
junit-jupiter-engine/src/main/java/org/junit/jupiter/engine/descriptor/DynamicExtensionContext.java	junit-jupiter-engine/src/main/java/org/junit/jupiter/engine/descriptor/DynamicNodeTestDescriptor.java	9	17	5	0.56	false	false
junit-jupiter-engine/src/main/java/org/junit/jupiter/engine/descriptor/DynamicExtensionContext.java	junit-jupiter-engine/src/main/java/org/junit/jupiter/engine/descriptor/TestMethodTestDescriptor.java	9	196	5	0.56	false	false
junit-jupiter-engine/src/main/java/org/junit/jupiter/engine/descriptor/JupiterEngineDescriptor.java	junit-platform-engine/src/main/java/org/junit/platform/engine/support/hierarchical/EngineExecutionContext.java	38	9	5	0.56	true	true
junit-jupiter-engine/src/main/java/org/junit/jupiter/engine/descriptor/TestMethodTestDescriptor.java	junit-platform-engine/src/main/java/org/junit/platform/engine/support/hierarchical/EngineExecutionContext.java	196	9	5	0.56	true	true
junit-jupiter-engine/src/main/java/org/junit/jupiter/engine/extension/TimeoutExtension.java	junit-jupiter-engine/src/main/java/org/junit/jupiter/engine/extension/TimeoutInvocationFactory.java	17	9	5	0.56	false	false
junit-platform-commons/src/main/java/org/junit/platform/commons/util/FunctionUtils.java	junit-platform-commons/src/main/java/org/junit/platform/commons/util/ReflectionUtils.java	9	287	5	0.56	false	false
junit-platform-console/src/main/java/org/junit/platform/console/ConsoleLauncher.java	junit-platform-console/src/main/java/org/junit/platform/console/command/ListTestEnginesCommand.java	61	9	5	0.56	true	false
junit-platform-console/src/main/java/org/junit/platform/console/command/ListTestEnginesCommand.java	junit-platform-console/src/main/java/org/junit/platform/console/options/AnsiColorOptionMixin.java	9	9	5	0.56	true	false
junit-platform-engine/src/main/java/org/junit/platform/engine/discovery/ClassSelector.java	junit-platform-engine/src/main/java/org/junit/platform/engine/discovery/DirectorySelector.java	33	9	5	0.56	false	false
junit-platform-engine/src/main/java/org/junit/platform/engine/discovery/ClasspathResourceSelector.java	junit-platform-engine/src/main/java/org/junit/platform/engine/discovery/DirectorySelector.java	14	9	5	0.56	false	false
junit-platform-engine/src/main/java/org/junit/platform/engine/discovery/DirectorySelector.java	junit-platform-engine/src/main/java/org/junit/platform/engine/discovery/DiscoverySelectors.java	9	82	5	0.56	false	false
junit-platform-engine/src/main/java/org/junit/platform/engine/discovery/DirectorySelector.java	junit-platform-engine/src/main/java/org/junit/platform/engine/discovery/MethodSelector.java	9	46	5	0.56	false	false
junit-platform-engine/src/main/java/org/junit/platform/engine/discovery/DirectorySelector.java	junit-platform-engine/src/main/java/org/junit/platform/engine/discovery/PackageSelector.java	9	28	5	0.56	false	false
junit-platform-engine/src/main/java/org/junit/platform/engine/discovery/DirectorySelector.java	junit-platform-engine/src/main/java/org/junit/platform/engine/discovery/UniqueIdSelector.java	9	32	5	0.56	false	false
junit-platform-engine/src/main/java/org/junit/platform/engine/support/discovery/DiscoveryIssueReporter.java	junit-platform-engine/src/main/java/org/junit/platform/engine/support/discovery/EngineDiscoveryRequestResolver.java	9	14	5	0.56	false	false
junit-platform-engine/src/main/java/org/junit/platform/engine/support/hierarchical/EngineExecutionContext.java	junit-platform-engine/src/main/java/org/junit/platform/engine/support/hierarchical/Node.java	9	28	5	0.56	false	false
junit-platform-testkit/src/main/java/org/junit/platform/testkit/engine/EventConditions.java	junit-platform-testkit/src/main/java/org/junit/platform/testkit/engine/Execution.java	59	9	5	0.56	false	false
junit-platform-testkit/src/main/java/org/junit/platform/testkit/engine/Events.java	junit-platform-testkit/src/main/java/org/junit/platform/testkit/engine/Execution.java	25	9	5	0.56	false	false
junit-platform-testkit/src/main/java/org/junit/platform/testkit/engine/Execution.java	junit-platform-testkit/src/main/java/org/junit/platform/testkit/engine/ExecutionRecorder.java	9	15	5	0.56	false	false
junit-platform-testkit/src/main/java/org/junit/platform/testkit/engine/Execution.java	junit-platform-testkit/src/main/java/org/junit/platform/testkit/engine/Executions.java	9	12	5	0.56	false	false
junit-platform-testkit/src/main/java/org/junit/platform/testkit/engine/Execution.java	junit-platform-testkit/src/main/java/org/junit/platform/testkit/engine/TestExecutionResultConditions.java	9	25	5	0.56	false	false
junit-vintage-engine/src/main/java/org/junit/vintage/engine/execution/RunListenerAdapter.java	junit-vintage-engine/src/main/java/org/junit/vintage/engine/support/UniqueIdReader.java	39	9	5	0.56	true	false
junit-vintage-engine/src/main/java/org/junit/vintage/engine/execution/RunnerExecutor.java	junit-vintage-engine/src/main/java/org/junit/vintage/engine/support/UniqueIdReader.java	16	9	5	0.56	true	false
junit-jupiter-engine/src/main/java/org/junit/jupiter/engine/descriptor/ClassTestDescriptor.java	junit-jupiter-engine/src/main/java/org/junit/jupiter/engine/descriptor/JupiterEngineDescriptor.java	198	38	21	0.55	false	false
junit-jupiter-params/src/main/java/org/junit/jupiter/params/provider/CsvArgumentsProvider.java	junit-jupiter-params/src/main/java/org/junit/jupiter/params/provider/ValueArgumentsProvider.java	51	20	11	0.55	false	false
junit-jupiter-api/src/main/java/module-info.java	junit-platform-suite-engine/src/main/java/module-info.java	17	11	6	0.55	false	true
junit-jupiter-api/src/main/java/org/junit/jupiter/api/Assertions.java	junit-jupiter-engine/src/main/java/org/junit/jupiter/engine/extension/SeparateThreadTimeoutInvocation.java	138	11	6	0.55	true	true
junit-jupiter-api/src/main/java/org/junit/jupiter/api/extension/ParameterResolver.java	junit-jupiter-engine/src/main/java/org/junit/jupiter/engine/execution/ExtensionContextSupplier.java	21	11	6	0.55	true	true
junit-jupiter-engine/src/main/java/module-info.java	junit-platform-suite-engine/src/main/java/module-info.java	17	11	6	0.55	false	true
junit-jupiter-migrationsupport/src/main/java/org/junit/jupiter/migrationsupport/rules/VerifierSupport.java	junit-jupiter-migrationsupport/src/main/java/org/junit/jupiter/migrationsupport/rules/member/TestRuleAnnotatedMethod.java	18	11	6	0.55	true	false
junit-jupiter-params/src/main/java/org/junit/jupiter/params/aggregator/ArgumentsAggregator.java	junit-jupiter-params/src/main/java/org/junit/jupiter/params/converter/ArgumentConverter.java	11	20	6	0.55	true	false
junit-jupiter-params/src/main/java/org/junit/jupiter/params/converter/ArgumentConversionException.java	junit-jupiter-params/src/main/java/org/junit/jupiter/params/provider/ArgumentsSources.java	11	11	6	0.55	true	false
junit-jupiter-params/src/main/java/org/junit/jupiter/params/converter/ArgumentConversionException.java	junit-jupiter-params/src/main/java/org/junit/jupiter/params/support/AnnotationConsumer.java	11	14	6	0.55	true	false
junit-jupiter-params/src/main/java/org/junit/jupiter/params/converter/ArgumentConverter.java	junit-jupiter-params/src/main/java/org/junit/jupiter/params/converter/JavaTimeArgumentConverter.java	20	11	6	0.55	false	false
junit-jupiter-params/src/main/java/org/junit/jupiter/params/converter/ConvertWith.java	junit-jupiter-params/src/main/java/org/junit/jupiter/params/converter/SimpleArgumentConverter.java	11	14	6	0.55	false	false
junit-jupiter-params/src/main/java/org/junit/jupiter/params/converter/ConvertWith.java	junit-jupiter-params/src/main/java/org/junit/jupiter/params/provider/ArgumentsSource.java	11	15	6	0.55	true	false
junit-jupiter-params/src/main/java/org/junit/jupiter/params/converter/ConvertWith.java	junit-jupiter-params/src/main/java/org/junit/jupiter/params/provider/ArgumentsSources.java	11	11	6	0.55	true	false
junit-jupiter-params/src/main/java/org/junit/jupiter/params/converter/ConvertWith.java	junit-jupiter-params/src/main/java/org/junit/jupiter/params/provider/ValueSource.java	11	21	6	0.55	true	false
junit-jupiter-params/src/main/java/org/junit/jupiter/params/converter/ConvertWith.java	junit-jupiter-params/src/main/java/org/junit/jupiter/params/support/AnnotationConsumer.java	11	14	6	0.55	true	false
junit-jupiter-params/src/main/java/org/junit/jupiter/params/converter/JavaTimeArgumentConverter.java	junit-jupiter-params/src/main/java/org/junit/jupiter/params/provider/CsvArgumentsProvider.java	11	51	6	0.55	true	false
junit-jupiter-params/src/main/java/org/junit/jupiter/params/converter/JavaTimeArgumentConverter.java	junit-jupiter-params/src/main/java/org/junit/jupiter/params/provider/CsvFileArgumentsProvider.java	11	44	6	0.55	true	false
junit-jupiter-params/src/main/java/org/junit/jupiter/params/converter/JavaTimeConversionPattern.java	junit-jupiter-params/src/main/java/org/junit/jupiter/params/provider/ArgumentsSources.java	14	11	6	0.55	true	false
junit-jupiter-params/src/main/java/org/junit/jupiter/params/provider/Arguments.java	junit-jupiter-params/src/main/java/org/junit/jupiter/params/provider/ArgumentsSources.java	23	11	6	0.55	false	false
junit-jupiter-params/src/main/java/org/junit/jupiter/params/provider/ArgumentsProvider.java	junit-jupiter-params/src/main/java/org/junit/jupiter/params/provider/ArgumentsSources.java	19	11	6	0.55	false	false
junit-platform-commons/src/main/java/module-info.java	junit-platform-suite-engine/src/main/java/module-info.java	21	11	6	0.55	false	true
junit-platform-console/src/main/java/module-info.java	junit-platform-suite-engine/src/main/java/module-info.java	14	11	6	0.55	false	true
junit-platform-engine/src/main/java/org/junit/platform/engine/DiscoveryFilter.java	junit-platform-launcher/src/main/java/org/junit/platform/launcher/PostDiscoveryFilter.java	11	15	6	0.55	true	true
junit-platform-engine/src/main/java/org/junit/platform/engine/support/descriptor/DirectorySource.java	junit-platform-engine/src/main/java/org/junit/platform/engine/support/descriptor/FilePosition.java	11	13	6	0.55	false	false
junit-platform-engine/src/main/java/org/junit/platform/engine/support/descriptor/FilePosition.java	junit-platform-engine/src/main/java/org/junit/platform/engine/support/descriptor/UriSource.java	13	11	6	0.55	false	false
junit-platform-reporting/src/main/java/module-info.java	junit-platform-suite-engine/src/main/java/module-info.java	17	11	6	0.55	false	true
junit-platform-suite-engine/src/main/java/module-info.java	junit-platform-testkit/src/main/java/module-info.java	11	14	6	0.55	false	true
junit-jupiter-api/src/main/java/org/junit/jupiter/api/AfterAll.java	junit-jupiter-api/src/main/java/org/junit/jupiter/api/Nested.java	30	13	7	0.54	false	false
junit-jupiter-api/src/main/java/org/junit/jupiter/api/AssertAll.java	junit-jupiter-api/src/main/java/org/junit/jupiter/api/Assertions.java	13	138	7	0.54	false	false
junit-jupiter-api/src/main/java/org/junit/jupiter/api/BeforeAll.java	junit-jupiter-api/src/main/java/org/junit/jupiter/api/Nested.java	30	13	7	0.54	false	false
junit-jupiter-engine/src/main/java/org/junit/jupiter/engine/descriptor/AbstractExtensionContext.java	junit-jupiter-engine/src/main/java/org/junit/jupiter/engine/execution/NamespaceAwareStore.java	67	13	7	0.54	true	false
junit-platform-engine/src/main/java/org/junit/platform/engine/support/descriptor/ClassSource.java	junit-platform-engine/src/main/java/org/junit/platform/engine/support/descriptor/FilePosition.java	22	13	7	0.54	false	false
junit-platform-engine/src/main/java/org/junit/platform/engine/support/descriptor/FilePosition.java	junit-platform-engine/src/main/java/org/junit/platform/engine/support/descriptor/FileSource.java	13	15	7	0.54	false	false
junit-platform-engine/src/main/java/org/junit/platform/engine/support/descriptor/FilePosition.java	junit-platform-engine/src/main/java/org/junit/platform/engine/support/descriptor/MethodSource.java	13	27	7	0.54	false	false
junit-jupiter-engine/src/main/java/org/junit/jupiter/engine/descriptor/ClassTestDescriptor.java	junit-jupiter-engine/src/main/java/org/junit/jupiter/engine/descriptor/MethodBasedTestDescriptor.java	198	30	16	0.53	false	false
junit-jupiter-engine/src/main/java/org/junit/jupiter/engine/descriptor/JupiterTestDescriptor.java	junit-jupiter-engine/src/main/java/org/junit/jupiter/engine/descriptor/MethodBasedTestDescriptor.java	94	30	16	0.53	false	false
junit-jupiter-api/src/main/java/org/junit/jupiter/api/Assertions.java	junit-jupiter-api/src/main/java/org/junit/jupiter/api/function/Executable.java	138	15	8	0.53	true	false
junit-jupiter-params/src/main/java/org/junit/jupiter/params/provider/Arguments.java	junit-jupiter-params/src/main/java/org/junit/jupiter/params/provider/ArgumentsSource.java	23	15	8	0.53	false	false
junit-jupiter-params/src/main/java/org/junit/jupiter/params/provider/ArgumentsProvider.java	junit-jupiter-params/src/main/java/org/junit/jupiter/params/provider/ArgumentsSource.java	19	15	8	0.53	false	false
junit-jupiter-params/src/main/java/org/junit/jupiter/params/provider/ArgumentsSource.java	junit-jupiter-params/src/main/java/org/junit/jupiter/params/provider/EnumSource.java	15	27	8	0.53	false	false
junit-platform-console/src/main/java/org/junit/platform/console/output/TreePrinter.java	junit-platform-console/src/main/java/org/junit/platform/console/output/TreePrintingListener.java	22	15	8	0.53	false	false
junit-platform-launcher/src/main/java/org/junit/platform/launcher/PostDiscoveryFilter.java	junit-platform-launcher/src/main/java/org/junit/platform/launcher/core/DefaultDiscoveryRequest.java	15	72	8	0.53	true	false
junit-platform-launcher/src/main/java/org/junit/platform/launcher/PostDiscoveryFilter.java	junit-platform-launcher/src/main/java/org/junit/platform/launcher/core/LauncherDiscoveryRequestBuilder.java	15	83	8	0.53	true	false
junit-platform-testkit/src/main/java/org/junit/platform/testkit/engine/EngineExecutionResults.java	junit-platform-testkit/src/main/java/org/junit/platform/testkit/engine/ExecutionRecorder.java	17	15	8	0.53	false	false
junit-jupiter-engine/src/main/java/org/junit/jupiter/engine/Constants.java	junit-jupiter-engine/src/main/java/org/junit/jupiter/engine/config/DefaultJupiterConfiguration.java	48	34	18	0.53	true	false
junit-jupiter-engine/src/main/java/org/junit/jupiter/engine/descriptor/DynamicNodeTestDescriptor.java	junit-jupiter-engine/src/main/java/org/junit/jupiter/engine/descriptor/TestMethodTestDescriptor.java	17	196	9	0.53	false	false
junit-jupiter-migrationsupport/src/main/java/org/junit/jupiter/migrationsupport/rules/ExternalResourceSupport.java	junit-jupiter-migrationsupport/src/main/java/org/junit/jupiter/migrationsupport/rules/adapter/AbstractTestRuleAdapter.java	23	17	9	0.53	true	false
junit-platform-console/src/main/java/org/junit/platform/console/command/ExecuteTestsCommand.java	junit-platform-console/src/main/java/org/junit/platform/console/options/TestDiscoveryOptionsMixin.java	17	24	9	0.53	true	false
junit-platform-engine/src/main/java/org/junit/platform/engine/support/hierarchical/HierarchicalTestEngine.java	junit-platform-engine/src/main/java/org/junit/platform/engine/support/hierarchical/HierarchicalTestExecutor.java	17	44	9	0.53	false	false
junit-platform-launcher/src/main/java/module-info.java	junit-platform-reporting/src/main/java/module-info.java	24	17	9	0.53	false	true
junit-platform-reporting/src/main/java/module-info.java	junit-vintage-engine/src/main/java/module-info.java	17	19	9	0.53	false	true
junit-jupiter-api/src/main/java/org/junit/jupiter/api/extension/ExtensionContext.java	junit-jupiter-engine/src/main/java/org/junit/jupiter/engine/descriptor/JupiterEngineExtensionContext.java	107	19	10	0.53	true	true
junit-jupiter-engine/src/main/java/org/junit/jupiter/engine/descriptor/JupiterEngineDescriptor.java	junit-jupiter-engine/src/main/java/org/junit/jupiter/engine/descriptor/JupiterEngineExtensionContext.java	38	19	10	0.53	false	false
junit-jupiter-engine/src/main/java/org/junit/jupiter/engine/descriptor/JupiterEngineExtensionContext.java	junit-jupiter-engine/src/main/java/org/junit/jupiter/engine/descriptor/TestTemplateTestDescriptor.java	19	60	10	0.53	false	false
junit-jupiter-params/src/main/java/org/junit/jupiter/params/converter/ArgumentConverter.java	junit-jupiter-params/src/main/java/org/junit/jupiter/params/provider/ArgumentsProvider.java	20	19	10	0.53	true	false
junit-platform-engine/src/main/java/org/junit/platform/engine/DiscoverySelector.java	junit-platform-engine/src/main/java/org/junit/platform/engine/discovery/PackageSelector.java	19	28	10	0.53	true	false
junit-platform-launcher/src/main/java/module-info.java	junit-vintage-engine/src/main/java/module-info.java	24	19	10	0.53	false	true
junit-jupiter-engine/src/main/java/org/junit/jupiter/engine/descriptor/TestMethodTestDescriptor.java	junit-platform-engine/src/main/java/org/junit/platform/engine/support/hierarchical/ThrowableCollector.java	196	21	11	0.52	true	true
junit-platform-console/src/main/java/org/junit/platform/console/output/FlatPrintingListener.java	junit-platform-engine/src/main/java/org/junit/platform/engine/EngineExecutionListener.java	50	23	12	0.52	true	true
junit-jupiter-engine/src/main/java/org/junit/jupiter/engine/descriptor/DynamicTestTestDescriptor.java	junit-jupiter-engine/src/main/java/org/junit/jupiter/engine/descriptor/TestMethodTestDescriptor.java	25	196	13	0.52	false	false
junit-platform-launcher/src/main/java/org/junit/platform/launcher/core/EngineDiscoveryOrchestrator.java	junit-platform-launcher/src/main/java/org/junit/platform/launcher/core/EngineExecutionOrchestrator.java	27	30	14	0.52	false	false
junit-vintage-engine/src/main/java/org/junit/vintage/engine/execution/RunListenerAdapter.java	junit-vintage-engine/src/main/java/org/junit/vintage/engine/execution/TestRun.java	39	29	15	0.52	false	false
junit-platform-engine/src/main/java/org/junit/platform/engine/discovery/ClassSelector.java	junit-platform-engine/src/main/java/org/junit/platform/engine/discovery/ClasspathRootSelector.java	33	35	17	0.52	false	false
junit-jupiter-engine/src/main/java/org/junit/jupiter/engine/JupiterTestEngine.java	junit-platform-engine/src/main/java/org/junit/platform/engine/TestEngine.java	134	50	25	0.50	true	true
junit-platform-launcher/src/main/java/org/junit/platform/launcher/TestExecutionListener.java	junit-platform-launcher/src/main/java/org/junit/platform/launcher/core/DefaultLauncher.java	44	142	22	0.50	true	false
junit-jupiter-api/src/main/java/org/junit/jupiter/api/io/TempDir.java	junit-jupiter-engine/src/main/java/org/junit/jupiter/engine/extension/TempDirectory.java	28	84	14	0.50	true	true
junit-jupiter-api/src/main/java/org/junit/jupiter/api/AfterEach.java	junit-jupiter-api/src/main/java/org/junit/jupiter/api/Test.java	20	25	10	0.50	false	false
junit-jupiter-engine/src/main/java/org/junit/jupiter/engine/descriptor/TestMethodTestDescriptor.java	junit-jupiter-engine/src/main/java/org/junit/jupiter/engine/descriptor/TestTemplateInvocationTestDescriptor.java	196	20	10	0.50	false	false
junit-platform-engine/src/main/java/org/junit/platform/engine/ConfigurationParameters.java	junit-platform-launcher/src/main/java/org/junit/platform/launcher/core/LauncherConfigurationParameters.java	20	28	10	0.50	true	true
junit-platform-launcher/src/main/java/org/junit/platform/launcher/listeners/LoggingListener.java	junit-platform-launcher/src/main/java/org/junit/platform/launcher/listeners/SummaryGeneratingListener.java	18	27	9	0.50	false	false
junit-jupiter-api/src/main/java/org/junit/jupiter/api/AssertIterableEquals.java	junit-jupiter-api/src/main/java/org/junit/jupiter/api/AssertThrows.java	16	23	8	0.50	false	false
junit-jupiter-api/src/main/java/org/junit/jupiter/api/AssertIterableEquals.java	junit-jupiter-api/src/main/java/org/junit/jupiter/api/AssertTimeout.java	16	30	8	0.50	false	false
junit-vintage-engine/src/main/java/org/junit/vintage/engine/discovery/VintageDiscoverer.java	junit-vintage-engine/src/main/java/org/junit/vintage/engine/execution/RunnerExecutor.java	71	16	8	0.50	true	false
junit-jupiter-api/src/main/java/module-info.java	junit-platform-testkit/src/main/java/module-info.java	17	14	7	0.50	false	true
junit-jupiter-api/src/main/java/org/junit/jupiter/api/extension/InvocationInterceptor.java	junit-jupiter-api/src/main/java/org/junit/jupiter/api/extension/TestInstanceFactory.java	17	14	7	0.50	false	false
junit-jupiter-engine/src/main/java/org/junit/jupiter/engine/descriptor/JupiterEngineDescriptor.java	junit-jupiter-engine/src/main/java/org/junit/jupiter/engine/execution/TestInstancesProvider.java	38	14	7	0.50	true	false
junit-jupiter-engine/src/main/java/org/junit/jupiter/engine/execution/JupiterEngineExecutionContext.java	junit-jupiter-engine/src/main/java/org/junit/jupiter/engine/execution/TestInstancesProvider.java	36	14	7	0.50	false	false
junit-jupiter-params/src/main/java/org/junit/jupiter/params/converter/DefaultArgumentConverter.java	junit-jupiter-params/src/main/java/org/junit/jupiter/params/converter/SimpleArgumentConverter.java	41	14	7	0.50	false	false
junit-jupiter-params/src/main/java/org/junit/jupiter/params/converter/JavaTimeConversionPattern.java	junit-jupiter-params/src/main/java/org/junit/jupiter/params/converter/SimpleArgumentConverter.java	14	14	7	0.50	false	false
junit-jupiter-params/src/main/java/org/junit/jupiter/params/converter/JavaTimeConversionPattern.java	junit-jupiter-params/src/main/java/org/junit/jupiter/params/provider/Arguments.java	14	23	7	0.50	true	false
junit-jupiter-params/src/main/java/org/junit/jupiter/params/converter/JavaTimeConversionPattern.java	junit-jupiter-params/src/main/java/org/junit/jupiter/params/provider/ArgumentsProvider.java	14	19	7	0.50	true	false
junit-jupiter-params/src/main/java/org/junit/jupiter/params/converter/JavaTimeConversionPattern.java	junit-jupiter-params/src/main/java/org/junit/jupiter/params/provider/ValueSource.java	14	21	7	0.50	true	false
junit-jupiter-params/src/main/java/org/junit/jupiter/params/provider/Arguments.java	junit-jupiter-params/src/main/java/org/junit/jupiter/params/support/AnnotationConsumer.java	23	14	7	0.50	true	false
junit-jupiter-params/src/main/java/org/junit/jupiter/params/provider/ArgumentsProvider.java	junit-jupiter-params/src/main/java/org/junit/jupiter/params/support/AnnotationConsumer.java	19	14	7	0.50	true	false
junit-jupiter-api/src/main/java/module-info.java	junit-platform-suite-api/src/main/java/module-info.java	17	12	6	0.50	false	true
junit-jupiter-api/src/main/java/org/junit/jupiter/api/AssertDoesNotThrow.java	junit-jupiter-api/src/main/java/org/junit/jupiter/api/AssertThrows.java	12	23	6	0.50	false	false
junit-jupiter-api/src/main/java/org/junit/jupiter/api/AssertDoesNotThrow.java	junit-jupiter-api/src/main/java/org/junit/jupiter/api/AssertionUtils.java	12	22	6	0.50	false	false
junit-jupiter-api/src/main/java/org/junit/jupiter/api/extension/ExtendWith.java	junit-jupiter-api/src/main/java/org/junit/jupiter/api/extension/RegisterExtension.java	37	12	6	0.50	false	false
junit-jupiter-params/src/main/java/org/junit/jupiter/params/aggregator/ArgumentsAccessor.java	junit-jupiter-params/src/main/java/org/junit/jupiter/params/aggregator/DefaultArgumentsAccessor.java	12	13	6	0.50	false	false
junit-platform-commons/src/main/java/org/junit/platform/commons/support/ModifierSupport.java	junit-platform-commons/src/main/java/org/junit/platform/commons/util/ReflectionUtils.java	12	287	6	0.50	true	false
junit-platform-launcher/src/main/java/org/junit/platform/launcher/core/EngineExecutionOrchestrator.java	junit-platform-launcher/src/main/java/org/junit/platform/launcher/core/LauncherDiscoveryResult.java	30	12	6	0.50	false	false
junit-platform-testkit/src/main/java/org/junit/platform/testkit/engine/Event.java	junit-platform-testkit/src/main/java/org/junit/platform/testkit/engine/TestExecutionResultConditions.java	12	25	6	0.50	false	false
junit-jupiter-api/src/main/java/org/junit/jupiter/api/AssertArrayEquals.java	junit-jupiter-api/src/main/java/org/junit/jupiter/api/AssertLinesMatch.java	10	31	5	0.50	false	false
junit-jupiter-api/src/main/java/org/junit/jupiter/api/AssertNotEquals.java	junit-jupiter-api/src/main/java/org/junit/jupiter/api/Assertions.java	10	138	5	0.50	false	false
junit-jupiter-api/src/main/java/org/junit/jupiter/api/RepeatedTest.java	junit-jupiter-engine/src/main/java/org/junit/jupiter/engine/extension/RepeatedTestExtension.java	10	16	5	0.50	true	true
junit-jupiter-api/src/main/java/org/junit/jupiter/api/extension/ExtensionConfigurationException.java	junit-jupiter-api/src/main/java/org/junit/jupiter/api/extension/ParameterResolutionException.java	10	14	5	0.50	false	false
junit-jupiter-api/src/main/java/org/junit/jupiter/api/extension/TestInstancePreConstructCallback.java	junit-jupiter-engine/src/main/java/org/junit/jupiter/engine/execution/ExtensionContextSupplier.java	10	11	5	0.50	true	true
junit-jupiter-engine/src/main/java/org/junit/jupiter/engine/discovery/MethodSelectorResolver.java	junit-platform-engine/src/main/java/org/junit/platform/engine/support/discovery/EngineDiscoveryRequestResolution.java	19	10	5	0.50	true	true
junit-jupiter-migrationsupport/src/main/java/module-info.java	junit-platform-suite-engine/src/main/java/module-info.java	10	11	5	0.50	false	true
junit-platform-console/src/main/java/org/junit/platform/console/command/DiscoverTestsCommand.java	junit-platform-console/src/main/java/org/junit/platform/console/options/TestDiscoveryOptionsMixin.java	10	24	5	0.50	true	false
junit-platform-engine/src/main/java/org/junit/platform/engine/discovery/FileSelector.java	junit-platform-engine/src/main/java/org/junit/platform/engine/discovery/PackageSelector.java	10	28	5	0.50	false	false
junit-platform-engine/src/main/java/org/junit/platform/engine/discovery/FileSelector.java	junit-platform-engine/src/main/java/org/junit/platform/engine/discovery/UniqueIdSelector.java	10	32	5	0.50	false	false
junit-platform-engine/src/main/java/org/junit/platform/engine/support/discovery/EngineDiscoveryRequestResolution.java	junit-platform-engine/src/main/java/org/junit/platform/engine/support/discovery/SelectorResolver.java	10	11	5	0.50	false	false
junit-platform-launcher/src/main/java/org/junit/platform/launcher/core/DefaultLauncher.java	junit-platform-launcher/src/main/java/org/junit/platform/launcher/core/ServiceLoaderRegistry.java	142	10	5	0.50	false	false
junit-platform-launcher/src/main/java/org/junit/platform/launcher/core/DefaultLauncherSession.java	junit-platform-launcher/src/main/java/org/junit/platform/launcher/core/LauncherFactory.java	10	32	5	0.50	false	false
junit-jupiter-api/src/main/java/org/junit/jupiter/api/AssertAll.java	junit-jupiter-api/src/main/java/org/junit/jupiter/api/AssertEquals.java	13	8	4	0.50	false	false
junit-jupiter-api/src/main/java/org/junit/jupiter/api/AssertAll.java	junit-jupiter-api/src/main/java/org/junit/jupiter/api/AssertNotNull.java	13	8	4	0.50	false	false
junit-jupiter-api/src/main/java/org/junit/jupiter/api/AssertAll.java	junit-jupiter-api/src/main/java/org/junit/jupiter/api/AssertNotSame.java	13	8	4	0.50	false	false
junit-jupiter-api/src/main/java/org/junit/jupiter/api/AssertAll.java	junit-jupiter-api/src/main/java/org/junit/jupiter/api/AssertSame.java	13	8	4	0.50	false	false
junit-jupiter-api/src/main/java/org/junit/jupiter/api/AssertArrayEquals.java	junit-jupiter-api/src/main/java/org/junit/jupiter/api/AssertionFailureBuilder.java	10	8	4	0.50	false	false
junit-jupiter-api/src/main/java/org/junit/jupiter/api/AssertDoesNotThrow.java	junit-jupiter-api/src/main/java/org/junit/jupiter/api/AssertEquals.java	12	8	4	0.50	false	false
junit-jupiter-api/src/main/java/org/junit/jupiter/api/AssertDoesNotThrow.java	junit-jupiter-api/src/main/java/org/junit/jupiter/api/AssertNotNull.java	12	8	4	0.50	false	false
junit-jupiter-api/src/main/java/org/junit/jupiter/api/AssertDoesNotThrow.java	junit-jupiter-api/src/main/java/org/junit/jupiter/api/AssertNotSame.java	12	8	4	0.50	false	false
junit-jupiter-api/src/main/java/org/junit/jupiter/api/AssertDoesNotThrow.java	junit-jupiter-api/src/main/java/org/junit/jupiter/api/AssertSame.java	12	8	4	0.50	false	false
junit-jupiter-api/src/main/java/org/junit/jupiter/api/AssertEquals.java	junit-jupiter-api/src/main/java/org/junit/jupiter/api/Assumptions.java	8	31	4	0.50	false	false
junit-jupiter-api/src/main/java/org/junit/jupiter/api/AssertInstanceOf.java	junit-jupiter-api/src/main/java/org/junit/jupiter/api/AssertNotNull.java	9	8	4	0.50	false	false
junit-jupiter-api/src/main/java/org/junit/jupiter/api/AssertInstanceOf.java	junit-jupiter-api/src/main/java/org/junit/jupiter/api/AssertionFailureBuilder.java	9	8	4	0.50	false	false
junit-jupiter-api/src/main/java/org/junit/jupiter/api/AssertIterableEquals.java	junit-jupiter-api/src/main/java/org/junit/jupiter/api/AssertionFailureBuilder.java	16	8	4	0.50	false	false
junit-jupiter-api/src/main/java/org/junit/jupiter/api/AssertNotNull.java	junit-jupiter-api/src/main/java/org/junit/jupiter/api/Assertions.java	8	138	4	0.50	false	false
junit-jupiter-api/src/main/java/org/junit/jupiter/api/AssertNotSame.java	junit-jupiter-api/src/main/java/org/junit/jupiter/api/Assumptions.java	8	31	4	0.50	false	false
junit-jupiter-api/src/main/java/org/junit/jupiter/api/AssertSame.java	junit-jupiter-api/src/main/java/org/junit/jupiter/api/Assumptions.java	8	31	4	0.50	false	false
junit-jupiter-api/src/main/java/org/junit/jupiter/api/ClassOrderer.java	junit-jupiter-api/src/main/java/org/junit/jupiter/api/Order.java	14	8	4	0.50	false	false
junit-jupiter-api/src/main/java/org/junit/jupiter/api/condition/EnabledIfEnvironmentVariable.java	junit-jupiter-api/src/main/java/org/junit/jupiter/api/condition/EnabledIfEnvironmentVariableCondition.java	18	8	4	0.50	false	false
junit-jupiter-api/src/main/java/org/junit/jupiter/api/extension/ParameterContext.java	junit-jupiter-engine/src/main/java/org/junit/jupiter/engine/execution/DefaultParameterContext.java	8	9	4	0.50	true	true
junit-jupiter-migrationsupport/src/main/java/org/junit/jupiter/migrationsupport/conditions/IgnoreCondition.java	junit-jupiter-migrationsupport/src/main/java/org/junit/jupiter/migrationsupport/rules/ExpectedExceptionSupport.java	8	13	4	0.50	true	false
junit-jupiter-params/src/main/java/org/junit/jupiter/params/ParameterizedClass.java	junit-jupiter-params/src/main/java/org/junit/jupiter/params/ParameterizedClassContext.java	8	10	4	0.50	false	false
junit-jupiter-params/src/main/java/org/junit/jupiter/params/provider/CsvReaderFactory.java	junit-jupiter-params/src/main/java/org/junit/jupiter/params/provider/CsvSource.java	8	54	4	0.50	false	false
junit-platform-commons/src/main/java/org/junit/platform/commons/support/Resource.java	junit-platform-commons/src/main/java/org/junit/platform/commons/util/ModuleUtils.java	8	26	4	0.50	true	false
junit-platform-commons/src/main/java/org/junit/platform/commons/support/Resource.java	junit-platform-commons/src/main/java/org/junit/platform/commons/util/ReflectionUtils.java	8	287	4	0.50	true	false
junit-platform-console/src/main/java/org/junit/platform/console/ConsoleLauncher.java	junit-platform-console/src/main/java/org/junit/platform/console/command/CommandFacade.java	61	8	4	0.50	true	false
junit-platform-console/src/main/java/org/junit/platform/console/command/CommandFacade.java	junit-platform-console/src/main/java/org/junit/platform/console/options/AnsiColorOptionMixin.java	8	9	4	0.50	true	false
junit-platform-console/src/main/java/org/junit/platform/console/command/CommandFacade.java	junit-platform-console/src/main/java/org/junit/platform/console/options/TestDiscoveryOptionsMixin.java	8	24	4	0.50	true	false
junit-platform-console/src/main/java/org/junit/platform/console/command/CommandResult.java	junit-platform-console/src/main/java/org/junit/platform/console/command/DiscoverTestsCommand.java	8	10	4	0.50	false	false
junit-platform-console/src/main/java/org/junit/platform/console/command/CommandResult.java	junit-platform-console/src/main/java/org/junit/platform/console/command/ListTestEnginesCommand.java	8	9	4	0.50	false	false
junit-platform-console/src/main/java/org/junit/platform/console/command/CommandResult.java	junit-platform-console/src/main/java/org/junit/platform/console/options/TestDiscoveryOptionsMixin.java	8	24	4	0.50	true	false
junit-platform-engine/src/main/java/org/junit/platform/engine/support/hierarchical/CompositeLock.java	junit-platform-engine/src/main/java/org/junit/platform/engine/support/hierarchical/LockManager.java	8	10	4	0.50	false	false
junit-platform-launcher/src/main/java/org/junit/platform/launcher/LauncherDiscoveryListener.java	junit-platform-launcher/src/main/java/org/junit/platform/launcher/jfr/FlightRecordingDiscoveryListener.java	10	8	4	0.50	true	false
junit-platform-launcher/src/main/java/org/junit/platform/launcher/core/DefaultLauncher.java	junit-platform-suite-engine/src/main/java/org/junit/platform/suite/engine/SuiteLauncher.java	142	8	4	0.50	true	true
junit-platform-suite-api/src/main/java/org/junit/platform/suite/api/ExcludeEngines.java	junit-platform-suite-api/src/main/java/org/junit/platform/suite/api/IncludeClassNamePatterns.java	9	8	4	0.50	false	false
junit-platform-suite-api/src/main/java/org/junit/platform/suite/api/ExcludeTags.java	junit-platform-suite-api/src/main/java/org/junit/platform/suite/api/IncludeClassNamePatterns.java	21	8	4	0.50	false	false
junit-platform-suite-api/src/main/java/org/junit/platform/suite/api/IncludeClassNamePatterns.java	junit-platform-suite-api/src/main/java/org/junit/platform/suite/api/IncludeEngines.java	8	13	4	0.50	false	false
junit-platform-suite-api/src/main/java/org/junit/platform/suite/api/IncludeClassNamePatterns.java	junit-platform-suite-api/src/main/java/org/junit/platform/suite/api/IncludeTags.java	8	22	4	0.50	false	false
junit-platform-suite-api/src/main/java/org/junit/platform/suite/api/IncludeClassNamePatterns.java	junit-platform-suite-api/src/main/java/org/junit/platform/suite/api/SelectClasses.java	8	15	4	0.50	false	false
junit-platform-suite-api/src/main/java/org/junit/platform/suite/api/IncludeClassNamePatterns.java	junit-platform-suite-api/src/main/java/org/junit/platform/suite/api/SelectPackages.java	8	14	4	0.50	false	false
junit-jupiter-api/src/main/java/org/junit/jupiter/api/AssertAll.java	junit-platform-testkit/src/main/java/org/junit/platform/testkit/engine/Assertions.java	13	6	3	0.50	true	true
junit-jupiter-api/src/main/java/org/junit/jupiter/api/DisplayNameGeneration.java	junit-jupiter-engine/src/main/java/org/junit/jupiter/engine/descriptor/JupiterTestDescriptor.java	6	94	3	0.50	true	true
junit-jupiter-api/src/main/java/org/junit/jupiter/api/RepeatedTest.java	junit-jupiter-engine/src/main/java/org/junit/jupiter/engine/extension/RepeatedTestInvocationContext.java	10	6	3	0.50	true	true
junit-jupiter-api/src/main/java/org/junit/jupiter/api/condition/DisabledForJreRangeCondition.java	junit-jupiter-api/src/main/java/org/junit/jupiter/api/condition/DisabledOnJre.java	6	20	3	0.50	false	false
junit-jupiter-api/src/main/java/org/junit/jupiter/api/condition/DisabledForJreRangeCondition.java	junit-jupiter-api/src/main/java/org/junit/jupiter/api/condition/EnabledOnJre.java	6	19	3	0.50	false	false
junit-jupiter-api/src/main/java/org/junit/jupiter/api/condition/DisabledOnJre.java	junit-jupiter-api/src/main/java/org/junit/jupiter/api/condition/EnabledForJreRangeCondition.java	20	6	3	0.50	false	false
junit-jupiter-api/src/main/java/org/junit/jupiter/api/condition/EnabledForJreRangeCondition.java	junit-jupiter-api/src/main/java/org/junit/jupiter/api/condition/EnabledOnJre.java	6	19	3	0.50	false	false
junit-jupiter-api/src/main/java/org/junit/jupiter/api/extension/ExtensionConfigurationException.java	junit-jupiter-api/src/main/java/org/junit/jupiter/api/extension/ExtensionContextException.java	10	6	3	0.50	false	false
junit-jupiter-api/src/main/java/org/junit/jupiter/api/extension/ExtensionContext.java	junit-jupiter-api/src/main/java/org/junit/jupiter/api/extension/ExtensionContextException.java	107	6	3	0.50	false	false
junit-jupiter-api/src/main/java/org/junit/jupiter/api/extension/ExtensionContextException.java	junit-jupiter-api/src/main/java/org/junit/jupiter/api/extension/ParameterResolutionException.java	6	14	3	0.50	false	false
junit-jupiter-engine/src/main/java/org/junit/jupiter/engine/descriptor/AbstractExtensionContext.java	junit-jupiter-engine/src/main/java/org/junit/jupiter/engine/execution/AfterEachMethodAdapter.java	67	6	3	0.50	true	false
junit-jupiter-engine/src/main/java/org/junit/jupiter/engine/descriptor/AbstractExtensionContext.java	junit-jupiter-engine/src/main/java/org/junit/jupiter/engine/execution/BeforeEachMethodAdapter.java	67	6	3	0.50	true	false
junit-jupiter-engine/src/main/java/org/junit/jupiter/engine/descriptor/ExtensionUtils.java	junit-jupiter-engine/src/main/java/org/junit/jupiter/engine/extension/ExtensionRegistrar.java	29	6	3	0.50	true	false
junit-jupiter-engine/src/main/java/org/junit/jupiter/engine/descriptor/TestFactoryTestDescriptor.java	junit-jupiter-engine/src/main/java/org/junit/jupiter/engine/execution/AfterEachMethodAdapter.java	69	6	3	0.50	true	false
junit-jupiter-engine/src/main/java/org/junit/jupiter/engine/descriptor/TestFactoryTestDescriptor.java	junit-jupiter-engine/src/main/java/org/junit/jupiter/engine/execution/BeforeEachMethodAdapter.java	69	6	3	0.50	true	false
junit-jupiter-engine/src/main/java/org/junit/jupiter/engine/discovery/DiscoverySelectorResolver.java	junit-jupiter-engine/src/main/java/org/junit/jupiter/engine/discovery/package-info.java	176	6	3	0.50	false	false
junit-jupiter-engine/src/main/java/org/junit/jupiter/engine/discovery/MethodSelectorResolver.java	junit-platform-launcher/src/main/java/org/junit/platform/launcher/core/StackTracePruningEngineExecutionListener.java	19	6	3	0.50	true	true
junit-jupiter-engine/src/main/java/org/junit/jupiter/engine/execution/AfterEachMethodAdapter.java	junit-jupiter-migrationsupport/src/main/java/org/junit/jupiter/migrationsupport/rules/TestRuleSupport.java	6	34	3	0.50	true	true
junit-jupiter-engine/src/main/java/org/junit/jupiter/engine/execution/BeforeEachMethodAdapter.java	junit-jupiter-migrationsupport/src/main/java/org/junit/jupiter/migrationsupport/rules/TestRuleSupport.java	6	34	3	0.50	true	true
junit-jupiter-engine/src/main/java/org/junit/jupiter/engine/execution/ConditionEvaluationException.java	junit-jupiter-engine/src/main/java/org/junit/jupiter/engine/execution/ConditionEvaluator.java	6	40	3	0.50	false	false
junit-jupiter-engine/src/main/java/org/junit/jupiter/engine/execution/ParameterResolutionUtils.java	junit-platform-testkit/src/main/java/org/junit/platform/testkit/engine/Assertions.java	84	6	3	0.50	true	true
junit-jupiter-engine/src/main/java/org/junit/jupiter/engine/extension/RepeatedTestExtension.java	junit-jupiter-engine/src/main/java/org/junit/jupiter/engine/extension/RepeatedTestInvocationContext.java	16	6	3	0.50	false	false
junit-jupiter-params/src/main/java/org/junit/jupiter/params/EvaluatedArgumentSet.java	junit-jupiter-params/src/main/java/org/junit/jupiter/params/provider/CsvArgumentsProvider.java	6	51	3	0.50	true	false
junit-jupiter-params/src/main/java/org/junit/jupiter/params/ParameterizedClass.java	junit-jupiter-params/src/main/java/org/junit/jupiter/params/ParameterizedClassInvocationContext.java	8	6	3	0.50	false	false
junit-jupiter-params/src/main/java/org/junit/jupiter/params/ParameterizedClassContext.java	junit-jupiter-params/src/main/java/org/junit/jupiter/params/ParameterizedClassInvocationContext.java	10	6	3	0.50	false	false
junit-jupiter-params/src/main/java/org/junit/jupiter/params/aggregator/ArgumentAccessException.java	junit-jupiter-params/src/main/java/org/junit/jupiter/params/aggregator/ArgumentsAggregator.java	6	11	3	0.50	false	false
junit-jupiter-params/src/main/java/org/junit/jupiter/params/aggregator/ArgumentAccessException.java	junit-jupiter-params/src/main/java/org/junit/jupiter/params/aggregator/DefaultArgumentsAccessor.java	6	13	3	0.50	false	false
junit-jupiter-params/src/main/java/org/junit/jupiter/params/provider/EmptyArgumentsProvider.java	junit-jupiter-params/src/main/java/org/junit/jupiter/params/provider/EmptySource.java	6	10	3	0.50	false	false
junit-platform-commons/src/main/java/module-info.java	junit-platform-commons/src/main/java/org/junit/platform/commons/support/package-info.java	21	6	3	0.50	true	false
junit-platform-commons/src/main/java/org/junit/platform/commons/support/AnnotationSupport.java	junit-platform-commons/src/main/java/org/junit/platform/commons/support/package-info.java	46	6	3	0.50	false	false
junit-platform-commons/src/main/java/org/junit/platform/commons/util/ExceptionUtils.java	junit-platform-launcher/src/main/java/org/junit/platform/launcher/core/StackTracePruningEngineExecutionListener.java	24	6	3	0.50	true	true
junit-platform-engine/src/main/java/org/junit/platform/engine/support/descriptor/DefaultUriSource.java	junit-platform-engine/src/main/java/org/junit/platform/engine/support/descriptor/FilePosition.java	6	13	3	0.50	false	false
junit-platform-engine/src/main/java/org/junit/platform/engine/support/store/NamespacedHierarchicalStore.java	junit-platform-engine/src/main/java/org/junit/platform/engine/support/store/NamespacedHierarchicalStoreException.java	34	6	3	0.50	false	false
junit-platform-launcher/src/main/java/org/junit/platform/launcher/LauncherConstants.java	junit-platform-launcher/src/main/java/org/junit/platform/launcher/LauncherInterceptor.java	27	6	3	0.50	false	false
junit-platform-launcher/src/main/java/org/junit/platform/launcher/LauncherDiscoveryListener.java	junit-platform-launcher/src/main/java/org/junit/platform/launcher/listeners/discovery/CompositeLauncherDiscoveryListener.java	10	6	3	0.50	true	false
junit-platform-launcher/src/main/java/org/junit/platform/launcher/LauncherDiscoveryListener.java	junit-platform-launcher/src/main/java/org/junit/platform/launcher/listeners/discovery/LoggingLauncherDiscoveryListener.java	10	6	3	0.50	true	false
junit-platform-launcher/src/main/java/org/junit/platform/launcher/LauncherInterceptor.java	junit-platform-launcher/src/main/java/org/junit/platform/launcher/core/DelegatingLauncher.java	6	6	3	0.50	true	false
junit-platform-launcher/src/main/java/org/junit/platform/launcher/LauncherInterceptor.java	junit-platform-launcher/src/main/java/org/junit/platform/launcher/core/SessionPerRequestLauncher.java	6	8	3	0.50	true	false
junit-platform-launcher/src/main/java/org/junit/platform/launcher/core/DefaultLauncher.java	junit-platform-launcher/src/main/java/org/junit/platform/launcher/core/DelegatingLauncher.java	142	6	3	0.50	false	false
junit-platform-launcher/src/main/java/org/junit/platform/launcher/core/DelegatingLauncher.java	junit-platform-launcher/src/main/java/org/junit/platform/launcher/core/LauncherFactory.java	6	32	3	0.50	false	false
junit-platform-launcher/src/main/java/org/junit/platform/launcher/core/EngineExecutionOrchestrator.java	junit-platform-launcher/src/main/java/org/junit/platform/launcher/core/StackTracePruningEngineExecutionListener.java	30	6	3	0.50	false	false
junit-platform-suite-engine/src/main/java/org/junit/platform/suite/engine/ClassSelectorResolver.java	junit-platform-suite-engine/src/main/java/org/junit/platform/suite/engine/IsSuiteClass.java	10	6	3	0.50	false	false
junit-platform-suite-engine/src/main/java/org/junit/platform/suite/engine/DiscoverySelectorResolver.java	junit-platform-suite-engine/src/main/java/org/junit/platform/suite/engine/IsSuiteClass.java	8	6	3	0.50	false	false
junit-platform-suite-engine/src/main/java/org/junit/platform/suite/engine/IsSuiteClass.java	junit-platform-suite-engine/src/main/java/org/junit/platform/suite/engine/SuiteTestDescriptor.java	6	28	3	0.50	false	false
junit-platform-testkit/src/main/java/org/junit/platform/testkit/engine/Assertions.java	junit-platform-testkit/src/main/java/org/junit/platform/testkit/engine/EventConditions.java	6	59	3	0.50	false	false
junit-platform-testkit/src/main/java/org/junit/platform/testkit/engine/Assertions.java	junit-platform-testkit/src/main/java/org/junit/platform/testkit/engine/Events.java	6	25	3	0.50	false	false
junit-platform-testkit/src/main/java/org/junit/platform/testkit/engine/Assertions.java	junit-platform-testkit/src/main/java/org/junit/platform/testkit/engine/TestExecutionResultConditions.java	6	25	3	0.50	false	false
junit-vintage-engine/src/main/java/org/junit/vintage/engine/descriptor/OrFilter.java	junit-vintage-engine/src/main/java/org/junit/vintage/engine/descriptor/RunnerTestDescriptor.java	6	36	3	0.50	false	false
junit-vintage-engine/src/main/java/org/junit/vintage/engine/descriptor/OrFilter.java	junit-vintage-engine/src/main/java/org/junit/vintage/engine/discovery/ClassSelectorResolver.java	6	18	3	0.50	true	false
junit-vintage-engine/src/main/java/org/junit/vintage/engine/descriptor/OrFilter.java	junit-vintage-engine/src/main/java/org/junit/vintage/engine/discovery/MethodSelectorResolver.java	6	19	3	0.50	true	false
junit-vintage-engine/src/main/java/org/junit/vintage/engine/descriptor/OrFilter.java	junit-vintage-engine/src/main/java/org/junit/vintage/engine/discovery/RunnerTestDescriptorPostProcessor.java	6	25	3	0.50	true	false
junit-jupiter-engine/src/main/java/org/junit/jupiter/engine/descriptor/ClassTestDescriptor.java	junit-jupiter-engine/src/main/java/org/junit/jupiter/engine/descriptor/JupiterTestDescriptor.java	198	94	46	0.49	false	false
junit-jupiter-params/src/main/java/org/junit/jupiter/params/provider/CsvFileSource.java	junit-jupiter-params/src/main/java/org/junit/jupiter/params/provider/MethodSource.java	52	45	22	0.49	false	false
junit-jupiter-engine/src/main/java/org/junit/jupiter/engine/descriptor/AbstractExtensionContext.java	junit-jupiter-engine/src/main/java/org/junit/jupiter/engine/descriptor/ClassExtensionContext.java	67	41	20	0.49	false	false
junit-jupiter-engine/src/main/java/org/junit/jupiter/engine/descriptor/ClassExtensionContext.java	junit-jupiter-engine/src/main/java/org/junit/jupiter/engine/descriptor/TestMethodTestDescriptor.java	41	196	20	0.49	false	false
junit-platform-console/src/main/java/org/junit/platform/console/command/DiscoveryRequestCreator.java	junit-platform-console/src/main/java/org/junit/platform/console/options/TestDiscoveryOptions.java	72	60	29	0.48	true	false
junit-vintage-engine/src/main/java/org/junit/vintage/engine/discovery/RunnerTestDescriptorPostProcessor.java	junit-vintage-engine/src/main/java/org/junit/vintage/engine/discovery/VintageDiscoverer.java	25	71	12	0.48	false	false
junit-jupiter-engine/src/main/java/org/junit/jupiter/engine/descriptor/JupiterTestDescriptor.java	junit-jupiter-engine/src/main/java/org/junit/jupiter/engine/descriptor/TestMethodTestDescriptor.java	94	196	45	0.48	false	false
junit-jupiter-api/src/main/java/org/junit/jupiter/api/AssertThrows.java	junit-jupiter-api/src/main/java/org/junit/jupiter/api/Assertions.java	23	138	11	0.48	false	false
junit-jupiter-migrationsupport/src/main/java/org/junit/jupiter/migrationsupport/rules/ExternalResourceSupport.java	junit-jupiter-migrationsupport/src/main/java/org/junit/jupiter/migrationsupport/rules/TestRuleSupport.java	23	34	11	0.48	false	false
junit-platform-console/src/main/java/org/junit/platform/console/command/MainCommand.java	junit-platform-console/src/main/java/org/junit/platform/console/options/TestDiscoveryOptionsMixin.java	23	24	11	0.48	true	false
junit-platform-engine/src/main/java/org/junit/platform/engine/EngineExecutionListener.java	junit-platform-launcher/src/main/java/org/junit/platform/launcher/core/DefaultLauncher.java	23	142	11	0.48	true	true
junit-platform-launcher/src/main/java/org/junit/platform/launcher/LauncherDiscoveryRequest.java	junit-platform-launcher/src/main/java/org/junit/platform/launcher/core/DefaultLauncher.java	23	142	11	0.48	true	false
junit-jupiter-api/src/main/java/org/junit/jupiter/api/extension/ExtensionContext.java	junit-jupiter-engine/src/main/java/org/junit/jupiter/engine/descriptor/AbstractExtensionContext.java	107	67	32	0.48	true	true
junit-jupiter-engine/src/main/java/org/junit/jupiter/engine/descriptor/NestedClassTestDescriptor.java	junit-jupiter-engine/src/main/java/org/junit/jupiter/engine/descriptor/TestMethodTestDescriptor.java	67	196	32	0.48	false	false
junit-jupiter-engine/src/main/java/org/junit/jupiter/engine/descriptor/AbstractExtensionContext.java	junit-jupiter-engine/src/main/java/org/junit/jupiter/engine/descriptor/MethodExtensionContext.java	67	42	20	0.48	false	false
junit-jupiter-api/src/main/java/org/junit/jupiter/api/BeforeEach.java	junit-jupiter-api/src/main/java/org/junit/jupiter/api/Test.java	21	25	10	0.48	false	false
junit-platform-engine/src/main/java/org/junit/platform/engine/EngineDiscoveryRequest.java	junit-platform-launcher/src/main/java/org/junit/platform/launcher/core/LauncherDiscoveryRequestBuilder.java	21	83	10	0.48	true	true
junit-jupiter-api/src/main/java/org/junit/jupiter/api/extension/TestTemplateInvocationContextProvider.java	junit-jupiter-engine/src/main/java/org/junit/jupiter/engine/descriptor/TestTemplateTestDescriptor.java	19	60	9	0.47	true	true
junit-jupiter-params/src/main/java/org/junit/jupiter/params/provider/Arguments.java	junit-jupiter-params/src/main/java/org/junit/jupiter/params/provider/ArgumentsProvider.java	23	19	9	0.47	false	false
junit-jupiter-params/src/main/java/org/junit/jupiter/params/provider/ArgumentsProvider.java	junit-jupiter-params/src/main/java/org/junit/jupiter/params/provider/CsvFileSource.java	19	52	9	0.47	false	false
junit-jupiter-params/src/main/java/org/junit/jupiter/params/provider/ArgumentsProvider.java	junit-jupiter-params/src/main/java/org/junit/jupiter/params/provider/MethodSource.java	19	45	9	0.47	false	false
junit-vintage-engine/src/main/java/org/junit/vintage/engine/discovery/MethodSelectorResolver.java	junit-vintage-engine/src/main/java/org/junit/vintage/engine/discovery/VintageDiscoverer.java	19	71	9	0.47	false	false
junit-jupiter-api/src/main/java/module-info.java	junit-jupiter-engine/src/main/java/module-info.java	17	17	8	0.47	false	true
junit-jupiter-api/src/main/java/module-info.java	junit-vintage-engine/src/main/java/module-info.java	17	19	8	0.47	false	true
junit-jupiter-api/src/main/java/org/junit/jupiter/api/Disabled.java	junit-jupiter-api/src/main/java/org/junit/jupiter/api/condition/DisabledIfEnvironmentVariable.java	23	17	8	0.47	true	false
junit-jupiter-api/src/main/java/org/junit/jupiter/api/Disabled.java	junit-jupiter-api/src/main/java/org/junit/jupiter/api/condition/DisabledIfSystemProperty.java	23	17	8	0.47	true	false
junit-jupiter-api/src/main/java/org/junit/jupiter/api/extension/ExtendWith.java	junit-jupiter-api/src/main/java/org/junit/jupiter/api/extension/Extension.java	37	17	8	0.47	false	false
junit-jupiter-api/src/main/java/org/junit/jupiter/api/extension/InvocationInterceptor.java	junit-jupiter-api/src/main/java/org/junit/jupiter/api/extension/ParameterResolver.java	17	21	8	0.47	false	false
junit-jupiter-engine/src/main/java/module-info.java	junit-platform-launcher/src/main/java/module-info.java	17	24	8	0.47	false	true
junit-jupiter-engine/src/main/java/module-info.java	junit-platform-reporting/src/main/java/module-info.java	17	17	8	0.47	false	true
junit-jupiter-engine/src/main/java/org/junit/jupiter/engine/descriptor/DynamicNodeTestDescriptor.java	junit-jupiter-engine/src/main/java/org/junit/jupiter/engine/descriptor/TestTemplateInvocationTestDescriptor.java	17	20	8	0.47	false	false
junit-jupiter-migrationsupport/src/main/java/org/junit/jupiter/migrationsupport/rules/VerifierSupport.java	junit-jupiter-migrationsupport/src/main/java/org/junit/jupiter/migrationsupport/rules/adapter/AbstractTestRuleAdapter.java	18	17	8	0.47	true	false
junit-platform-commons/src/main/java/module-info.java	junit-platform-reporting/src/main/java/module-info.java	21	17	8	0.47	false	true
junit-platform-engine/src/main/java/org/junit/platform/engine/support/hierarchical/HierarchicalTestEngine.java	junit-platform-engine/src/main/java/org/junit/platform/engine/support/hierarchical/Node.java	17	28	8	0.47	false	false
junit-platform-testkit/src/main/java/org/junit/platform/testkit/engine/EngineExecutionResults.java	junit-platform-testkit/src/main/java/org/junit/platform/testkit/engine/EventConditions.java	17	59	8	0.47	false	false
junit-platform-engine/src/main/java/org/junit/platform/engine/discovery/MethodSelector.java	junit-platform-engine/src/main/java/org/junit/platform/engine/discovery/UniqueIdSelector.java	46	32	15	0.47	false	false
junit-jupiter-params/src/main/java/org/junit/jupiter/params/provider/CsvSource.java	junit-jupiter-params/src/main/java/org/junit/jupiter/params/provider/MethodSource.java	54	45	21	0.47	false	false
junit-jupiter-api/src/main/java/org/junit/jupiter/api/Assumptions.java	junit-jupiter-api/src/main/java/org/junit/jupiter/api/function/Executable.java	31	15	7	0.47	true	false
junit-jupiter-engine/src/main/java/org/junit/jupiter/engine/descriptor/DynamicContainerTestDescriptor.java	junit-jupiter-engine/src/main/java/org/junit/jupiter/engine/descriptor/JupiterTestDescriptor.java	15	94	7	0.47	false	false
junit-jupiter-engine/src/main/java/org/junit/jupiter/engine/discovery/predicates/IsTestFactoryMethod.java	junit-jupiter-engine/src/main/java/org/junit/jupiter/engine/discovery/predicates/IsTestMethod.java	15	22	7	0.47	false	false
junit-platform-console/src/main/java/org/junit/platform/console/command/ConsoleTestExecutor.java	junit-platform-console/src/main/java/org/junit/platform/console/output/TreePrintingListener.java	57	15	7	0.47	true	false
junit-platform-console/src/main/java/org/junit/platform/console/output/FlatPrintingListener.java	junit-platform-console/src/main/java/org/junit/platform/console/output/TreePrintingListener.java	50	15	7	0.47	false	false
junit-jupiter-engine/src/main/java/org/junit/jupiter/engine/descriptor/ClassExtensionContext.java	junit-jupiter-engine/src/main/java/org/junit/jupiter/engine/descriptor/ClassTestDescriptor.java	41	198	19	0.46	false	false
junit-jupiter-engine/src/main/java/org/junit/jupiter/engine/execution/NamespaceAwareStore.java	junit-platform-engine/src/main/java/org/junit/platform/engine/support/store/NamespacedHierarchicalStore.java	13	34	6	0.46	true	true
junit-jupiter-params/src/main/java/org/junit/jupiter/params/aggregator/DefaultArgumentsAccessor.java	junit-jupiter-params/src/main/java/org/junit/jupiter/params/converter/DefaultArgumentConverter.java	13	41	6	0.46	true	false
junit-platform-engine/src/main/java/org/junit/platform/engine/support/descriptor/FilePosition.java	junit-platform-engine/src/main/java/org/junit/platform/engine/support/descriptor/PackageSource.java	13	14	6	0.46	false	false
junit-platform-launcher/src/main/java/org/junit/platform/launcher/core/DiscoveryIssueCollector.java	junit-platform-launcher/src/main/java/org/junit/platform/launcher/core/EngineDiscoveryOrchestrator.java	13	27	6	0.46	false	false
junit-jupiter-api/src/main/java/org/junit/jupiter/api/AssertThrows.java	junit-jupiter-api/src/main/java/org/junit/jupiter/api/AssertionUtils.java	23	22	10	0.45	false	false
junit-jupiter-api/src/main/java/org/junit/jupiter/api/extension/ExtensionContext.java	junit-jupiter-engine/src/main/java/org/junit/jupiter/engine/descriptor/TestTemplateExtensionContext.java	107	22	10	0.45	true	true
junit-platform-launcher/src/main/java/org/junit/platform/launcher/TagFilter.java	junit-platform-suite-api/src/main/java/org/junit/platform/suite/api/IncludeTags.java	36	22	10	0.45	true	true
junit-jupiter-api/src/main/java/org/junit/jupiter/api/AssertTimeout.java	junit-jupiter-engine/src/main/java/org/junit/jupiter/engine/extension/SeparateThreadTimeoutInvocation.java	30	11	5	0.45	true	true
junit-jupiter-api/src/main/java/org/junit/jupiter/api/Timeout.java	junit-jupiter-engine/src/main/java/org/junit/jupiter/engine/extension/TimeoutExtension.java	11	17	5	0.45	true	true
junit-jupiter-api/src/main/java/org/junit/jupiter/api/extension/InvocationInterceptor.java	junit-jupiter-engine/src/main/java/org/junit/jupiter/engine/execution/ExtensionContextSupplier.java	17	11	5	0.45	true	true
junit-jupiter-api/src/main/java/org/junit/jupiter/api/extension/TestInstanceFactory.java	junit-jupiter-engine/src/main/java/org/junit/jupiter/engine/execution/ExtensionContextSupplier.java	14	11	5	0.45	true	true
junit-jupiter-api/src/main/java/org/junit/jupiter/api/extension/TestInstancePostProcessor.java	junit-jupiter-engine/src/main/java/org/junit/jupiter/engine/execution/ExtensionContextSupplier.java	33	11	5	0.45	true	true
junit-jupiter-engine/src/main/java/org/junit/jupiter/engine/execution/ExtensionContextSupplier.java	junit-jupiter-engine/src/main/java/org/junit/jupiter/engine/extension/TempDirectory.java	11	84	5	0.45	true	false
junit-jupiter-engine/src/main/java/org/junit/jupiter/engine/extension/SeparateThreadTimeoutInvocation.java	junit-jupiter-engine/src/main/java/org/junit/jupiter/engine/extension/TimeoutExtension.java	11	17	5	0.45	false	false
junit-jupiter-params/src/main/java/org/junit/jupiter/params/ParameterizedTestExtension.java	junit-jupiter-params/src/main/java/org/junit/jupiter/params/converter/JavaTimeArgumentConverter.java	62	11	5	0.45	true	false
junit-jupiter-params/src/main/java/org/junit/jupiter/params/aggregator/ArgumentsAccessor.java	junit-jupiter-params/src/main/java/org/junit/jupiter/params/aggregator/ArgumentsAggregator.java	12	11	5	0.45	false	false
junit-jupiter-params/src/main/java/org/junit/jupiter/params/converter/ArgumentConversionException.java	junit-jupiter-params/src/main/java/org/junit/jupiter/params/provider/ArgumentsSource.java	11	15	5	0.45	true	false
junit-jupiter-params/src/main/java/org/junit/jupiter/params/converter/ArgumentConversionException.java	junit-jupiter-params/src/main/java/org/junit/jupiter/params/provider/EnumSource.java	11	27	5	0.45	true	false
junit-jupiter-params/src/main/java/org/junit/jupiter/params/converter/ArgumentConversionException.java	junit-jupiter-params/src/main/java/org/junit/jupiter/params/provider/ValueSource.java	11	21	5	0.45	true	false
junit-jupiter-params/src/main/java/org/junit/jupiter/params/converter/ArgumentConverter.java	junit-jupiter-params/src/main/java/org/junit/jupiter/params/provider/ArgumentsSources.java	20	11	5	0.45	true	false
junit-jupiter-params/src/main/java/org/junit/jupiter/params/converter/ConvertWith.java	junit-jupiter-params/src/main/java/org/junit/jupiter/params/provider/EnumSource.java	11	27	5	0.45	true	false
junit-jupiter-params/src/main/java/org/junit/jupiter/params/converter/JavaTimeArgumentConverter.java	junit-jupiter-params/src/main/java/org/junit/jupiter/params/converter/JavaTimeConversionPattern.java	11	14	5	0.45	false	false
junit-jupiter-params/src/main/java/org/junit/jupiter/params/converter/JavaTimeArgumentConverter.java	junit-jupiter-params/src/main/java/org/junit/jupiter/params/provider/MethodArgumentsProvider.java	11	61	5	0.45	true	false
junit-jupiter-params/src/main/java/org/junit/jupiter/params/provider/ArgumentsSources.java	junit-jupiter-params/src/main/java/org/junit/jupiter/params/support/AnnotationConsumer.java	11	14	5	0.45	true	false
junit-platform-commons/src/main/java/org/junit/platform/commons/util/ReflectionUtils.java	junit-platform-commons/src/main/java/org/junit/platform/commons/util/ToStringBuilder.java	287	11	5	0.45	false	false
junit-platform-commons/src/main/java/org/junit/platform/commons/util/StringUtils.java	junit-platform-commons/src/main/java/org/junit/platform/commons/util/ToStringBuilder.java	40	11	5	0.45	false	false
junit-platform-engine/src/main/java/org/junit/platform/engine/DiscoveryFilter.java	junit-platform-engine/src/main/java/org/junit/platform/engine/Filter.java	11	17	5	0.45	false	false
junit-platform-launcher/src/main/java/module-info.java	junit-platform-suite-engine/src/main/java/module-info.java	24	11	5	0.45	false	true
junit-platform-suite-api/src/main/java/org/junit/platform/suite/api/Suite.java	junit-platform-suite-engine/src/main/java/org/junit/platform/suite/engine/SuiteLauncherDiscoveryRequestBuilder.java	11	31	5	0.45	true	true
junit-platform-suite-api/src/main/java/org/junit/platform/suite/api/Suite.java	junit-platform-suite-engine/src/main/java/org/junit/platform/suite/engine/SuiteTestDescriptor.java	11	28	5	0.45	true	true
junit-jupiter-api/src/main/java/org/junit/jupiter/api/Assertions.java	junit-jupiter-api/src/main/java/org/junit/jupiter/api/Assumptions.java	138	31	14	0.45	false	false
junit-jupiter-engine/src/main/java/org/junit/jupiter/engine/descriptor/TestFactoryTestDescriptor.java	junit-jupiter-engine/src/main/java/org/junit/jupiter/engine/descriptor/TestTemplateInvocationTestDescriptor.java	69	20	9	0.45	false	false
junit-jupiter-params/src/main/java/org/junit/jupiter/params/provider/EnumArgumentsProvider.java	junit-jupiter-params/src/main/java/org/junit/jupiter/params/provider/ValueArgumentsProvider.java	21	20	9	0.45	false	false
junit-platform-engine/src/main/java/org/junit/platform/engine/TestDescriptor.java	junit-platform-engine/src/main/java/org/junit/platform/engine/support/descriptor/AbstractTestDescriptor.java	84	67	30	0.45	true	false
junit-jupiter-engine/src/main/java/org/junit/jupiter/engine/JupiterTestEngine.java	junit-jupiter-engine/src/main/java/org/junit/jupiter/engine/descriptor/JupiterEngineDescriptor.java	134	38	17	0.45	true	false
junit-jupiter-engine/src/main/java/org/junit/jupiter/engine/descriptor/JupiterEngineDescriptor.java	junit-jupiter-engine/src/main/java/org/junit/jupiter/engine/execution/JupiterEngineExecutionContext.java	38	36	16	0.44	true	false
junit-jupiter-params/src/main/java/org/junit/jupiter/params/provider/CsvFileSource.java	junit-jupiter-params/src/main/java/org/junit/jupiter/params/provider/EnumSource.java	52	27	12	0.44	false	false
junit-jupiter-params/src/main/java/org/junit/jupiter/params/provider/CsvSource.java	junit-jupiter-params/src/main/java/org/junit/jupiter/params/provider/EnumSource.java	54	27	12	0.44	false	false
junit-jupiter-params/src/main/java/org/junit/jupiter/params/provider/EnumSource.java	junit-jupiter-params/src/main/java/org/junit/jupiter/params/provider/MethodSource.java	27	45	12	0.44	false	false
junit-platform-launcher/src/main/java/org/junit/platform/launcher/LauncherConstants.java	junit-platform-launcher/src/main/java/org/junit/platform/launcher/core/EngineExecutionOrchestrator.java	27	30	12	0.44	true	false
junit-jupiter-api/src/main/java/org/junit/jupiter/api/Disabled.java	junit-jupiter-api/src/main/java/org/junit/jupiter/api/condition/EnabledIfEnvironmentVariable.java	23	18	8	0.44	true	false
junit-jupiter-api/src/main/java/org/junit/jupiter/api/Disabled.java	junit-jupiter-api/src/main/java/org/junit/jupiter/api/condition/EnabledIfSystemProperty.java	23	18	8	0.44	true	false
junit-platform-launcher/src/main/java/org/junit/platform/launcher/TestExecutionListener.java	junit-platform-launcher/src/main/java/org/junit/platform/launcher/listeners/LoggingListener.java	44	18	8	0.44	true	false
junit-jupiter-api/src/main/java/org/junit/jupiter/api/AssertAll.java	junit-jupiter-api/src/main/java/org/junit/jupiter/api/AssertNull.java	13	9	4	0.44	false	false
junit-jupiter-api/src/main/java/org/junit/jupiter/api/AssertDoesNotThrow.java	junit-jupiter-api/src/main/java/org/junit/jupiter/api/AssertNull.java	12	9	4	0.44	false	false
junit-jupiter-api/src/main/java/org/junit/jupiter/api/AssertFalse.java	junit-jupiter-api/src/main/java/org/junit/jupiter/api/AssertInstanceOf.java	12	9	4	0.44	false	false
junit-jupiter-api/src/main/java/org/junit/jupiter/api/AssertInstanceOf.java	junit-jupiter-api/src/main/java/org/junit/jupiter/api/AssertNull.java	9	9	4	0.44	false	false
junit-jupiter-api/src/main/java/org/junit/jupiter/api/AssertInstanceOf.java	junit-jupiter-api/src/main/java/org/junit/jupiter/api/AssertTrue.java	9	13	4	0.44	false	false
junit-jupiter-api/src/main/java/org/junit/jupiter/api/AssertNull.java	junit-jupiter-api/src/main/java/org/junit/jupiter/api/Assertions.java	9	138	4	0.44	false	false
junit-jupiter-api/src/main/java/org/junit/jupiter/api/AssertTimeout.java	junit-jupiter-api/src/main/java/org/junit/jupiter/api/AssertTimeoutPreemptively.java	30	9	4	0.44	false	false
junit-jupiter-api/src/main/java/org/junit/jupiter/api/DisplayName.java	junit-jupiter-api/src/main/java/org/junit/jupiter/api/Tags.java	9	10	4	0.44	false	false
junit-jupiter-api/src/main/java/org/junit/jupiter/api/extension/ExtensionContext.java	junit-jupiter-engine/src/main/java/org/junit/jupiter/engine/descriptor/DynamicExtensionContext.java	107	9	4	0.44	true	true
junit-jupiter-engine/src/main/java/org/junit/jupiter/engine/Constants.java	junit-platform-commons/src/main/java/org/junit/platform/commons/util/ClassNamePatternFilterUtils.java	48	9	4	0.44	true	true
junit-jupiter-engine/src/main/java/org/junit/jupiter/engine/JupiterTestEngine.java	junit-platform-engine/src/main/java/org/junit/platform/engine/support/hierarchical/EngineExecutionContext.java	134	9	4	0.44	true	true
junit-jupiter-engine/src/main/java/org/junit/jupiter/engine/config/EnumConfigurationParameterConverter.java	junit-jupiter-engine/src/main/java/org/junit/jupiter/engine/config/InstantiatingConfigurationParameterConverter.java	11	9	4	0.44	false	false
junit-jupiter-engine/src/main/java/org/junit/jupiter/engine/config/InstantiatingConfigurationParameterConverter.java	junit-jupiter-engine/src/main/java/org/junit/jupiter/engine/extension/TempDirectory.java	9	84	4	0.44	true	false
junit-jupiter-engine/src/main/java/org/junit/jupiter/engine/descriptor/ClassBasedTestDescriptor.java	junit-jupiter-engine/src/main/java/org/junit/jupiter/engine/descriptor/DynamicExtensionContext.java	46	9	4	0.44	false	false
junit-jupiter-engine/src/main/java/org/junit/jupiter/engine/descriptor/ClassTemplateInvocationTestDescriptor.java	junit-jupiter-engine/src/main/java/org/junit/jupiter/engine/descriptor/DynamicNodeTestDescriptor.java	9	17	4	0.44	false	false
junit-jupiter-engine/src/main/java/org/junit/jupiter/engine/descriptor/ClassTemplateInvocationTestDescriptor.java	junit-jupiter-engine/src/main/java/org/junit/jupiter/engine/descriptor/TestTemplateInvocationTestDescriptor.java	9	20	4	0.44	false	false
junit-jupiter-engine/src/main/java/org/junit/jupiter/engine/descriptor/DynamicExtensionContext.java	junit-jupiter-engine/src/main/java/org/junit/jupiter/engine/descriptor/JupiterEngineDescriptor.java	9	38	4	0.44	false	false
junit-jupiter-engine/src/main/java/org/junit/jupiter/engine/descriptor/DynamicExtensionContext.java	junit-jupiter-engine/src/main/java/org/junit/jupiter/engine/descriptor/TestTemplateTestDescriptor.java	9	60	4	0.44	false	false
junit-jupiter-engine/src/main/java/org/junit/jupiter/engine/descriptor/LifecycleMethodUtils.java	junit-platform-engine/src/main/java/org/junit/platform/engine/support/discovery/DiscoveryIssueReporter.java	29	9	4	0.44	true	true
junit-jupiter-engine/src/main/java/org/junit/jupiter/engine/extension/SeparateThreadTimeoutInvocation.java	junit-jupiter-engine/src/main/java/org/junit/jupiter/engine/extension/TimeoutInvocationFactory.java	11	9	4	0.44	false	false
junit-jupiter-params/src/main/java/org/junit/jupiter/params/provider/CsvFileSource.java	junit-jupiter-params/src/main/java/org/junit/jupiter/params/provider/FieldSource.java	52	9	4	0.44	false	false
junit-jupiter-params/src/main/java/org/junit/jupiter/params/provider/CsvSource.java	junit-jupiter-params/src/main/java/org/junit/jupiter/params/provider/FieldSource.java	54	9	4	0.44	false	false
junit-jupiter-params/src/main/java/org/junit/jupiter/params/provider/FieldSource.java	junit-jupiter-params/src/main/java/org/junit/jupiter/params/provider/ValueSource.java	9	21	4	0.44	false	false
junit-platform-commons/src/main/java/org/junit/platform/commons/util/ClassNamePatternFilterUtils.java	junit-platform-launcher/src/main/java/org/junit/platform/launcher/LauncherConstants.java	9	27	4	0.44	true	true
junit-platform-commons/src/main/java/org/junit/platform/commons/util/KotlinReflectionUtils.java	junit-platform-commons/src/main/java/org/junit/platform/commons/util/ReflectionUtils.java	9	287	4	0.44	false	false
junit-platform-console/src/main/java/org/junit/platform/console/command/ListTestEnginesCommand.java	junit-platform-console/src/main/java/org/junit/platform/console/options/TestDiscoveryOptionsMixin.java	9	24	4	0.44	true	false
junit-platform-console/src/main/java/org/junit/platform/console/options/AnsiColorOptionMixin.java	junit-platform-console/src/main/java/org/junit/platform/console/options/TestConsoleOutputOptionsMixin.java	9	10	4	0.44	false	false
junit-platform-console/src/main/java/org/junit/platform/console/output/TreeNode.java	junit-platform-console/src/main/java/org/junit/platform/console/output/TreePrintingListener.java	9	15	4	0.44	false	false
junit-vintage-engine/src/main/java/org/junit/vintage/engine/VintageTestEngine.java	junit-vintage-engine/src/main/java/org/junit/vintage/engine/support/UniqueIdReader.java	74	9	4	0.44	true	false
junit-vintage-engine/src/main/java/org/junit/vintage/engine/discovery/VintageDiscoverer.java	junit-vintage-engine/src/main/java/org/junit/vintage/engine/support/UniqueIdReader.java	71	9	4	0.44	true	false
junit-jupiter-api/src/main/java/org/junit/jupiter/api/extension/ExtensionContext.java	junit-jupiter-engine/src/main/java/org/junit/jupiter/engine/descriptor/ClassExtensionContext.java	107	41	18	0.44	true	true
junit-jupiter-api/src/main/java/module-info.java	junit-platform-engine/src/main/java/module-info.java	17	16	7	0.44	false	true
junit-jupiter-api/src/main/java/org/junit/jupiter/api/AssertIterableEquals.java	junit-jupiter-api/src/main/java/org/junit/jupiter/api/AssertionUtils.java	16	22	7	0.44	false	false
junit-jupiter-engine/src/main/java/org/junit/jupiter/engine/descriptor/LifecycleMethodUtils.java	junit-jupiter-engine/src/main/java/org/junit/jupiter/engine/discovery/predicates/IsTestableMethod.java	29	16	7	0.44	true	false
junit-platform-console/src/main/java/org/junit/platform/console/command/ConsoleTestExecutor.java	junit-platform-console/src/main/java/org/junit/platform/console/output/VerboseTreePrintingListener.java	57	16	7	0.44	true	false
junit-platform-console/src/main/java/org/junit/platform/console/output/FlatPrintingListener.java	junit-platform-console/src/main/java/org/junit/platform/console/output/VerboseTreePrintingListener.java	50	16	7	0.44	false	false
junit-vintage-engine/src/main/java/org/junit/vintage/engine/discovery/RunnerTestDescriptorPostProcessor.java	junit-vintage-engine/src/main/java/org/junit/vintage/engine/execution/RunnerExecutor.java	25	16	7	0.44	true	false
junit-vintage-engine/src/main/java/org/junit/vintage/engine/execution/RunListenerAdapter.java	junit-vintage-engine/src/main/java/org/junit/vintage/engine/execution/RunnerExecutor.java	39	16	7	0.44	false	false
junit-jupiter-engine/src/main/java/org/junit/jupiter/engine/descriptor/TestFactoryTestDescriptor.java	junit-jupiter-engine/src/main/java/org/junit/jupiter/engine/descriptor/TestMethodTestDescriptor.java	69	196	30	0.43	false	false
junit-jupiter-engine/src/main/java/org/junit/jupiter/engine/descriptor/TestMethodTestDescriptor.java	junit-jupiter-engine/src/main/java/org/junit/jupiter/engine/descriptor/TestTemplateTestDescriptor.java	196	60	26	0.43	false	false
junit-jupiter-engine/src/main/java/org/junit/jupiter/engine/descriptor/MethodBasedTestDescriptor.java	junit-jupiter-engine/src/main/java/org/junit/jupiter/engine/descriptor/NestedClassTestDescriptor.java	30	67	13	0.43	false	false
junit-jupiter-params/src/main/java/org/junit/jupiter/params/provider/CsvFileArgumentsProvider.java	junit-jupiter-params/src/main/java/org/junit/jupiter/params/provider/MethodArgumentsProvider.java	44	61	19	0.43	false	false
junit-jupiter-api/src/main/java/org/junit/jupiter/api/extension/ParameterResolver.java	junit-jupiter-api/src/main/java/org/junit/jupiter/api/extension/TestInstancePostProcessor.java	21	33	9	0.43	false	false
junit-platform-engine/src/main/java/org/junit/platform/engine/EngineDiscoveryRequest.java	junit-platform-engine/src/main/java/org/junit/platform/engine/ExecutionRequest.java	21	34	9	0.43	false	false
junit-platform-launcher/src/main/java/org/junit/platform/launcher/TagFilter.java	junit-platform-suite-api/src/main/java/org/junit/platform/suite/api/ExcludeTags.java	36	21	9	0.43	true	true
junit-jupiter-api/src/main/java/module-info.java	junit-platform-console/src/main/java/module-info.java	17	14	6	0.43	false	true
junit-jupiter-api/src/main/java/org/junit/jupiter/api/extension/ParameterResolutionException.java	junit-jupiter-engine/src/main/java/org/junit/jupiter/engine/execution/ParameterResolutionUtils.java	14	84	6	0.43	true	true
junit-jupiter-params/src/main/java/org/junit/jupiter/params/converter/ArgumentConverter.java	junit-jupiter-params/src/main/java/org/junit/jupiter/params/support/AnnotationConsumer.java	20	14	6	0.43	true	false
junit-jupiter-params/src/main/java/org/junit/jupiter/params/converter/JavaTimeConversionPattern.java	junit-jupiter-params/src/main/java/org/junit/jupiter/params/provider/ArgumentsSource.java	14	15	6	0.43	true	false
junit-jupiter-params/src/main/java/org/junit/jupiter/params/converter/JavaTimeConversionPattern.java	junit-jupiter-params/src/main/java/org/junit/jupiter/params/provider/EnumSource.java	14	27	6	0.43	true	false
junit-jupiter-params/src/main/java/org/junit/jupiter/params/converter/JavaTimeConversionPattern.java	junit-jupiter-params/src/main/java/org/junit/jupiter/params/support/AnnotationConsumer.java	14	14	6	0.43	true	false
junit-jupiter-params/src/main/java/org/junit/jupiter/params/provider/CsvFileSource.java	junit-jupiter-params/src/main/java/org/junit/jupiter/params/support/AnnotationConsumer.java	52	14	6	0.43	true	false
junit-jupiter-params/src/main/java/org/junit/jupiter/params/provider/CsvSource.java	junit-jupiter-params/src/main/java/org/junit/jupiter/params/support/AnnotationConsumer.java	54	14	6	0.43	true	false
junit-jupiter-params/src/main/java/org/junit/jupiter/params/provider/MethodSource.java	junit-jupiter-params/src/main/java/org/junit/jupiter/params/support/AnnotationConsumer.java	45	14	6	0.43	true	false
junit-platform-engine/src/main/java/org/junit/platform/engine/discovery/ClassSelector.java	junit-platform-engine/src/main/java/org/junit/platform/engine/discovery/ClasspathResourceSelector.java	33	14	6	0.43	false	false
junit-platform-engine/src/main/java/org/junit/platform/engine/discovery/ClasspathResourceSelector.java	junit-platform-engine/src/main/java/org/junit/platform/engine/discovery/ClasspathRootSelector.java	14	35	6	0.43	false	false
junit-platform-engine/src/main/java/org/junit/platform/engine/discovery/ClasspathResourceSelector.java	junit-platform-engine/src/main/java/org/junit/platform/engine/discovery/MethodSelector.java	14	46	6	0.43	false	false
junit-platform-engine/src/main/java/org/junit/platform/engine/support/hierarchical/DefaultParallelExecutionConfigurationStrategy.java	junit-platform-engine/src/main/java/org/junit/platform/engine/support/hierarchical/ForkJoinPoolHierarchicalTestExecutorService.java	14	25	6	0.43	false	false
junit-vintage-engine/src/main/java/org/junit/vintage/engine/descriptor/RunnerTestDescriptor.java	junit-vintage-engine/src/main/java/org/junit/vintage/engine/discovery/UniqueIdFilter.java	36	14	6	0.43	true	false
junit-vintage-engine/src/main/java/org/junit/vintage/engine/discovery/UniqueIdFilter.java	junit-vintage-engine/src/main/java/org/junit/vintage/engine/execution/TestRun.java	14	29	6	0.43	true	false
junit-jupiter-api/src/main/java/org/junit/jupiter/api/Order.java	junit-jupiter-engine/src/main/java/org/junit/jupiter/engine/discovery/DefaultMethodDescriptor.java	8	7	3	0.43	true	true
junit-jupiter-api/src/main/java/org/junit/jupiter/api/condition/DisabledIfEnvironmentVariable.java	junit-jupiter-api/src/main/java/org/junit/jupiter/api/condition/DisabledIfEnvironmentVariableCondition.java	17	7	3	0.43	false	false
junit-jupiter-api/src/main/java/org/junit/jupiter/api/condition/DisabledIfEnvironmentVariableCondition.java	junit-jupiter-api/src/main/java/org/junit/jupiter/api/condition/EnabledIfEnvironmentVariable.java	7	18	3	0.43	false	false
junit-jupiter-api/src/main/java/org/junit/jupiter/api/extension/ExtensionContext.java	platform-tooling-support-tests/src/main/java/platform/tooling/support/OutputAttachingExtension.java	107	7	3	0.43	true	true
junit-jupiter-api/src/main/java/org/junit/jupiter/api/parallel/Resources.java	junit-platform-engine/src/main/java/org/junit/platform/engine/support/hierarchical/ExclusiveResource.java	8	7	3	0.43	true	true
junit-jupiter-engine/src/main/java/org/junit/jupiter/engine/Constants.java	junit-jupiter-engine/src/main/java/org/junit/jupiter/engine/extension/SameThreadTimeoutInvocation.java	48	7	3	0.43	true	false
junit-jupiter-engine/src/main/java/org/junit/jupiter/engine/Constants.java	junit-platform-engine/src/main/java/org/junit/platform/engine/support/hierarchical/ResourceLock.java	48	7	3	0.43	true	true
junit-jupiter-engine/src/main/java/org/junit/jupiter/engine/descriptor/JupiterTestDescriptor.java	junit-jupiter-engine/src/main/java/org/junit/jupiter/engine/descriptor/ResourceLockAware.java	94	7	3	0.43	false	false
junit-jupiter-engine/src/main/java/org/junit/jupiter/engine/descriptor/NestedClassTestDescriptor.java	junit-jupiter-engine/src/main/java/org/junit/jupiter/engine/execution/InterceptingExecutableInvoker.java	67	7	3	0.43	true	false
junit-jupiter-engine/src/main/java/org/junit/jupiter/engine/descriptor/TestMethodTestDescriptor.java	junit-jupiter-engine/src/main/java/org/junit/jupiter/engine/execution/InterceptingExecutableInvoker.java	196	7	3	0.43	true	false
junit-jupiter-engine/src/main/java/org/junit/jupiter/engine/discovery/AbstractOrderingVisitor.java	junit-jupiter-engine/src/main/java/org/junit/jupiter/engine/discovery/DefaultMethodDescriptor.java	14	7	3	0.43	false	false
junit-jupiter-engine/src/main/java/org/junit/jupiter/engine/discovery/ClassOrderingVisitor.java	junit-jupiter-engine/src/main/java/org/junit/jupiter/engine/discovery/DefaultMethodDescriptor.java	14	7	3	0.43	false	false
junit-jupiter-engine/src/main/java/org/junit/jupiter/engine/extension/SameThreadTimeoutInvocation.java	junit-jupiter-engine/src/main/java/org/junit/jupiter/engine/extension/TimeoutInvocationFactory.java	7	9	3	0.43	false	false
junit-jupiter-migrationsupport/src/main/java/org/junit/jupiter/migrationsupport/conditions/IgnoreCondition.java	junit-jupiter-migrationsupport/src/main/java/org/junit/jupiter/migrationsupport/rules/EnableRuleMigrationSupport.java	8	7	3	0.43	true	false
junit-jupiter-migrationsupport/src/main/java/org/junit/jupiter/migrationsupport/rules/EnableRuleMigrationSupport.java	junit-jupiter-migrationsupport/src/main/java/org/junit/jupiter/migrationsupport/rules/TestRuleSupport.java	7	34	3	0.43	false	false
junit-jupiter-migrationsupport/src/main/java/org/junit/jupiter/migrationsupport/rules/EnableRuleMigrationSupport.java	junit-jupiter-migrationsupport/src/main/java/org/junit/jupiter/migrationsupport/rules/adapter/AbstractTestRuleAdapter.java	7	17	3	0.43	true	false
junit-jupiter-migrationsupport/src/main/java/org/junit/jupiter/migrationsupport/rules/EnableRuleMigrationSupport.java	junit-jupiter-migrationsupport/src/main/java/org/junit/jupiter/migrationsupport/rules/adapter/GenericBeforeAndAfterAdvice.java	7	7	3	0.43	true	false
junit-jupiter-migrationsupport/src/main/java/org/junit/jupiter/migrationsupport/rules/EnableRuleMigrationSupport.java	junit-jupiter-migrationsupport/src/main/java/org/junit/jupiter/migrationsupport/rules/member/TestRuleAnnotatedMember.java	7	8	3	0.43	true	false
junit-jupiter-migrationsupport/src/main/java/org/junit/jupiter/migrationsupport/rules/ExpectedExceptionSupport.java	junit-jupiter-migrationsupport/src/main/java/org/junit/jupiter/migrationsupport/rules/adapter/GenericBeforeAndAfterAdvice.java	13	7	3	0.43	true	false
junit-jupiter-migrationsupport/src/main/java/org/junit/jupiter/migrationsupport/rules/ExpectedExceptionSupport.java	junit-jupiter-migrationsupport/src/main/java/org/junit/jupiter/migrationsupport/rules/member/AbstractTestRuleAnnotatedMember.java	13	7	3	0.43	true	false
junit-jupiter-params/src/main/java/org/junit/jupiter/params/ArgumentCountValidator.java	junit-jupiter-params/src/main/java/org/junit/jupiter/params/ResolverFacade.java	7	19	3	0.43	false	false
junit-jupiter-params/src/main/java/org/junit/jupiter/params/ParameterizedInvocationContext.java	junit-jupiter-params/src/main/java/org/junit/jupiter/params/ParameterizedInvocationNameFormatter.java	7	36	3	0.43	false	false
junit-jupiter-params/src/main/java/org/junit/jupiter/params/provider/ArgumentsSource.java	junit-jupiter-params/src/main/java/org/junit/jupiter/params/provider/NullSource.java	15	7	3	0.43	false	false
junit-jupiter-params/src/main/java/org/junit/jupiter/params/provider/ArgumentsSources.java	junit-jupiter-params/src/main/java/org/junit/jupiter/params/provider/NullSource.java	11	7	3	0.43	false	false
junit-platform-commons/src/main/java/org/junit/platform/commons/support/HierarchyTraversalMode.java	junit-platform-commons/src/main/java/org/junit/platform/commons/support/ReflectionSupport.java	7	45	3	0.43	false	false
junit-platform-commons/src/main/java/org/junit/platform/commons/support/conversion/FallbackStringToObjectConverter.java	junit-platform-commons/src/main/java/org/junit/platform/commons/support/conversion/StringToCommonJavaTypesConverter.java	10	7	3	0.43	false	false
junit-platform-commons/src/main/java/org/junit/platform/commons/util/ReflectionUtils.java	junit-platform-engine/src/main/java/org/junit/platform/engine/discovery/ModuleSelector.java	287	7	3	0.43	true	true
junit-platform-console/src/main/java/org/junit/platform/console/ConsoleLauncher.java	junit-platform-console/src/main/java/org/junit/platform/console/command/CustomContextClassLoaderExecutor.java	61	7	3	0.43	true	false
junit-platform-console/src/main/java/org/junit/platform/console/output/Theme.java	junit-platform-console/src/main/java/org/junit/platform/console/output/TreePrintingListener.java	7	15	3	0.43	false	false
junit-platform-console/src/main/java/org/junit/platform/console/output/Theme.java	junit-platform-console/src/main/java/org/junit/platform/console/output/VerboseTreePrintingListener.java	7	16	3	0.43	false	false
junit-platform-engine/src/main/java/org/junit/platform/engine/UniqueId.java	junit-platform-engine/src/main/java/org/junit/platform/engine/support/descriptor/CompositeTestSource.java	57	7	3	0.43	true	false
junit-platform-engine/src/main/java/org/junit/platform/engine/support/config/PrefixedConfigurationParameters.java	junit-platform-engine/src/main/java/org/junit/platform/engine/support/hierarchical/ForkJoinPoolHierarchicalTestExecutorService.java	7	25	3	0.43	true	false
junit-platform-engine/src/main/java/org/junit/platform/engine/support/config/PrefixedConfigurationParameters.java	junit-platform-engine/src/main/java/org/junit/platform/engine/support/hierarchical/HierarchicalTestExecutor.java	7	44	3	0.43	true	false
junit-platform-engine/src/main/java/org/junit/platform/engine/support/config/PrefixedConfigurationParameters.java	junit-platform-engine/src/main/java/org/junit/platform/engine/support/hierarchical/NodeTestTask.java	7	27	3	0.43	true	false
junit-platform-engine/src/main/java/org/junit/platform/engine/support/descriptor/ClassSource.java	junit-platform-engine/src/main/java/org/junit/platform/engine/support/descriptor/CompositeTestSource.java	22	7	3	0.43	false	false
junit-platform-engine/src/main/java/org/junit/platform/engine/support/descriptor/ClasspathResourceSource.java	junit-platform-engine/src/main/java/org/junit/platform/engine/support/descriptor/CompositeTestSource.java	10	7	3	0.43	false	false
junit-platform-engine/src/main/java/org/junit/platform/engine/support/descriptor/CompositeTestSource.java	junit-platform-engine/src/main/java/org/junit/platform/engine/support/descriptor/DirectorySource.java	7	11	3	0.43	false	false
junit-platform-engine/src/main/java/org/junit/platform/engine/support/descriptor/CompositeTestSource.java	junit-platform-engine/src/main/java/org/junit/platform/engine/support/descriptor/FileSource.java	7	15	3	0.43	false	false
junit-platform-engine/src/main/java/org/junit/platform/engine/support/descriptor/CompositeTestSource.java	junit-platform-engine/src/main/java/org/junit/platform/engine/support/descriptor/MethodSource.java	7	27	3	0.43	false	false
junit-platform-engine/src/main/java/org/junit/platform/engine/support/descriptor/CompositeTestSource.java	junit-platform-engine/src/main/java/org/junit/platform/engine/support/descriptor/PackageSource.java	7	14	3	0.43	false	false
junit-platform-engine/src/main/java/org/junit/platform/engine/support/hierarchical/CompositeLock.java	junit-platform-engine/src/main/java/org/junit/platform/engine/support/hierarchical/ExclusiveResource.java	8	7	3	0.43	false	false
junit-platform-engine/src/main/java/org/junit/platform/engine/support/hierarchical/DefaultParallelExecutionConfigurationStrategy.java	junit-platform-engine/src/main/java/org/junit/platform/engine/support/hierarchical/ResourceLock.java	14	7	3	0.43	false	false
junit-platform-engine/src/main/java/org/junit/platform/engine/support/hierarchical/ExclusiveResource.java	junit-platform-engine/src/main/java/org/junit/platform/engine/support/hierarchical/Node.java	7	28	3	0.43	false	false
junit-platform-engine/src/main/java/org/junit/platform/engine/support/hierarchical/ExclusiveResource.java	junit-platform-engine/src/main/java/org/junit/platform/engine/support/hierarchical/ParallelExecutionConfiguration.java	7	7	3	0.43	false	false
junit-platform-engine/src/main/java/org/junit/platform/engine/support/hierarchical/ExclusiveResource.java	junit-platform-engine/src/main/java/org/junit/platform/engine/support/hierarchical/SingleLock.java	7	8	3	0.43	false	false
junit-platform-engine/src/main/java/org/junit/platform/engine/support/hierarchical/HierarchicalTestEngine.java	junit-platform-engine/src/main/java/org/junit/platform/engine/support/hierarchical/ParallelExecutionConfiguration.java	17	7	3	0.43	false	false
junit-platform-engine/src/main/java/org/junit/platform/engine/support/hierarchical/HierarchicalTestEngine.java	junit-platform-engine/src/main/java/org/junit/platform/engine/support/hierarchical/ResourceLock.java	17	7	3	0.43	false	false
junit-platform-engine/src/main/java/org/junit/platform/engine/support/hierarchical/Node.java	junit-platform-engine/src/main/java/org/junit/platform/engine/support/hierarchical/ResourceLock.java	28	7	3	0.43	false	false
junit-platform-engine/src/main/java/org/junit/platform/engine/support/hierarchical/NodeTestTask.java	junit-platform-engine/src/main/java/org/junit/platform/engine/support/hierarchical/ParallelExecutionConfiguration.java	27	7	3	0.43	false	false
junit-platform-engine/src/main/java/org/junit/platform/engine/support/hierarchical/NodeTestTask.java	junit-platform-engine/src/main/java/org/junit/platform/engine/support/hierarchical/ResourceLock.java	27	7	3	0.43	false	false
junit-platform-engine/src/main/java/org/junit/platform/engine/support/hierarchical/ParallelExecutionConfiguration.java	junit-platform-engine/src/main/java/org/junit/platform/engine/support/hierarchical/ResourceLock.java	7	7	3	0.43	false	false
junit-platform-launcher/src/main/java/module-info.java	junit-platform-launcher/src/main/java/org/junit/platform/launcher/core/LauncherConfig.java	24	7	3	0.43	true	false
junit-platform-suite-api/src/main/java/org/junit/platform/suite/api/ExcludeEngines.java	junit-platform-suite-api/src/main/java/org/junit/platform/suite/api/SuiteDisplayName.java	9	7	3	0.43	false	false
junit-platform-suite-api/src/main/java/org/junit/platform/suite/api/ExcludeTags.java	junit-platform-suite-api/src/main/java/org/junit/platform/suite/api/SuiteDisplayName.java	21	7	3	0.43	false	false
junit-platform-suite-api/src/main/java/org/junit/platform/suite/api/IncludeClassNamePatterns.java	junit-platform-suite-api/src/main/java/org/junit/platform/suite/api/SuiteDisplayName.java	8	7	3	0.43	false	false
junit-platform-suite-api/src/main/java/org/junit/platform/suite/api/IncludeEngines.java	junit-platform-suite-api/src/main/java/org/junit/platform/suite/api/SuiteDisplayName.java	13	7	3	0.43	false	false
junit-platform-suite-api/src/main/java/org/junit/platform/suite/api/IncludeTags.java	junit-platform-suite-api/src/main/java/org/junit/platform/suite/api/SuiteDisplayName.java	22	7	3	0.43	false	false
junit-platform-suite-api/src/main/java/org/junit/platform/suite/api/SelectClasses.java	junit-platform-suite-api/src/main/java/org/junit/platform/suite/api/SuiteDisplayName.java	15	7	3	0.43	false	false
junit-platform-suite-api/src/main/java/org/junit/platform/suite/api/SelectPackages.java	junit-platform-suite-api/src/main/java/org/junit/platform/suite/api/SuiteDisplayName.java	14	7	3	0.43	false	false
junit-platform-testkit/src/main/java/org/junit/platform/testkit/engine/EventType.java	junit-platform-testkit/src/main/java/org/junit/platform/testkit/engine/Execution.java	7	9	3	0.43	false	false
junit-platform-testkit/src/main/java/org/junit/platform/testkit/engine/EventType.java	junit-platform-testkit/src/main/java/org/junit/platform/testkit/engine/TerminationInfo.java	7	8	3	0.43	false	false
junit-platform-testkit/src/main/java/org/junit/platform/testkit/engine/EventType.java	junit-platform-testkit/src/main/java/org/junit/platform/testkit/engine/TestExecutionResultConditions.java	7	25	3	0.43	false	false
junit-vintage-engine/src/main/java/org/junit/vintage/engine/Constants.java	junit-vintage-engine/src/main/java/org/junit/vintage/engine/VintageTestEngine.java	7	74	3	0.43	false	false
junit-vintage-engine/src/main/java/org/junit/vintage/engine/Constants.java	junit-vintage-engine/src/main/java/org/junit/vintage/engine/discovery/VintageDiscoverer.java	7	71	3	0.43	true	false
junit-jupiter-api/src/main/java/org/junit/jupiter/api/Disabled.java	junit-jupiter-api/src/main/java/org/junit/jupiter/api/condition/DisabledOnOs.java	23	19	8	0.42	true	false
junit-jupiter-api/src/main/java/org/junit/jupiter/api/Disabled.java	junit-jupiter-api/src/main/java/org/junit/jupiter/api/condition/EnabledOnJre.java	23	19	8	0.42	true	false
junit-jupiter-api/src/main/java/org/junit/jupiter/api/Disabled.java	junit-jupiter-api/src/main/java/org/junit/jupiter/api/condition/EnabledOnOs.java	23	19	8	0.42	true	false
junit-jupiter-engine/src/main/java/org/junit/jupiter/engine/descriptor/ClassTestDescriptor.java	junit-jupiter-engine/src/main/java/org/junit/jupiter/engine/descriptor/JupiterEngineExtensionContext.java	198	19	8	0.42	false	false
junit-jupiter-params/src/main/java/org/junit/jupiter/params/ParameterizedTestExtension.java	junit-jupiter-params/src/main/java/org/junit/jupiter/params/provider/ArgumentsProvider.java	62	19	8	0.42	true	false
junit-jupiter-params/src/main/java/org/junit/jupiter/params/provider/ArgumentsProvider.java	junit-jupiter-params/src/main/java/org/junit/jupiter/params/provider/CsvArgumentsProvider.java	19	51	8	0.42	false	false
junit-jupiter-params/src/main/java/org/junit/jupiter/params/provider/ArgumentsProvider.java	junit-jupiter-params/src/main/java/org/junit/jupiter/params/provider/CsvSource.java	19	54	8	0.42	false	false
junit-jupiter-params/src/main/java/org/junit/jupiter/params/provider/ArgumentsProvider.java	junit-jupiter-params/src/main/java/org/junit/jupiter/params/provider/ValueSource.java	19	21	8	0.42	false	false
junit-platform-engine/src/main/java/org/junit/platform/engine/DiscoverySelector.java	junit-platform-engine/src/main/java/org/junit/platform/engine/discovery/ClasspathRootSelector.java	19	35	8	0.42	true	false
junit-platform-commons/src/main/java/org/junit/platform/commons/util/AnnotationUtils.java	junit-platform-commons/src/main/java/org/junit/platform/commons/util/ExceptionUtils.java	90	24	10	0.42	false	false
junit-platform-launcher/src/main/java/org/junit/platform/launcher/listeners/SummaryGeneratingListener.java	junit-platform-launcher/src/main/java/org/junit/platform/launcher/listeners/TestExecutionSummary.java	27	24	10	0.42	false	false
junit-jupiter-api/src/main/java/org/junit/jupiter/api/AssertDoesNotThrow.java	junit-jupiter-api/src/main/java/org/junit/jupiter/api/Assertions.java	12	138	5	0.42	false	false
junit-jupiter-api/src/main/java/org/junit/jupiter/api/AssertFalse.java	junit-jupiter-api/src/main/java/org/junit/jupiter/api/AssertLinesMatch.java	12	31	5	0.42	false	false
junit-jupiter-api/src/main/java/org/junit/jupiter/api/AssertFalse.java	junit-jupiter-api/src/main/java/org/junit/jupiter/api/Assumptions.java	12	31	5	0.42	false	false
junit-jupiter-api/src/main/java/org/junit/jupiter/api/extension/AfterTestExecutionCallback.java	junit-jupiter-api/src/main/java/org/junit/jupiter/api/extension/ExecutionCondition.java	12	17	5	0.42	false	false
junit-jupiter-api/src/main/java/org/junit/jupiter/api/extension/AfterTestExecutionCallback.java	junit-jupiter-engine/src/main/java/org/junit/jupiter/engine/descriptor/TestMethodTestDescriptor.java	12	196	5	0.42	true	true
junit-platform-console/src/main/java/org/junit/platform/console/command/BaseCommand.java	junit-platform-console/src/main/java/org/junit/platform/console/options/TestDiscoveryOptionsMixin.java	12	24	5	0.42	true	false
junit-platform-engine/src/main/java/org/junit/platform/engine/discovery/MethodSelector.java	junit-platform-engine/src/main/java/org/junit/platform/engine/discovery/NestedClassSelector.java	46	12	5	0.42	false	false
junit-platform-engine/src/main/java/org/junit/platform/engine/discovery/DiscoverySelectors.java	junit-platform-engine/src/main/java/org/junit/platform/engine/discovery/MethodSelector.java	82	46	19	0.41	false	false
junit-jupiter-api/src/main/java/module-info.java	junit-platform-launcher/src/main/java/module-info.java	17	24	7	0.41	false	true
junit-jupiter-api/src/main/java/org/junit/jupiter/api/Disabled.java	junit-jupiter-api/src/main/java/org/junit/jupiter/api/extension/ExecutionCondition.java	23	17	7	0.41	true	false
junit-jupiter-api/src/main/java/org/junit/jupiter/api/extension/AfterAllCallback.java	junit-jupiter-api/src/main/java/org/junit/jupiter/api/extension/ExecutionCondition.java	22	17	7	0.41	false	false
junit-jupiter-api/src/main/java/org/junit/jupiter/api/extension/AfterEachCallback.java	junit-jupiter-api/src/main/java/org/junit/jupiter/api/extension/ExecutionCondition.java	20	17	7	0.41	false	false
junit-jupiter-api/src/main/java/org/junit/jupiter/api/extension/BeforeAllCallback.java	junit-jupiter-api/src/main/java/org/junit/jupiter/api/extension/ExecutionCondition.java	21	17	7	0.41	false	false
junit-jupiter-api/src/main/java/org/junit/jupiter/api/extension/BeforeEachCallback.java	junit-jupiter-api/src/main/java/org/junit/jupiter/api/extension/ExecutionCondition.java	20	17	7	0.41	false	false
junit-jupiter-api/src/main/java/org/junit/jupiter/api/extension/InvocationInterceptor.java	junit-jupiter-api/src/main/java/org/junit/jupiter/api/extension/TestInstancePostProcessor.java	17	33	7	0.41	false	false
junit-jupiter-engine/src/main/java/org/junit/jupiter/engine/descriptor/ClassBasedTestDescriptor.java	junit-jupiter-engine/src/main/java/org/junit/jupiter/engine/descriptor/DynamicNodeTestDescriptor.java	46	17	7	0.41	false	false
junit-jupiter-engine/src/main/java/org/junit/jupiter/engine/descriptor/ClassExtensionContext.java	junit-jupiter-engine/src/main/java/org/junit/jupiter/engine/descriptor/DynamicNodeTestDescriptor.java	41	17	7	0.41	false	false
junit-jupiter-engine/src/main/java/org/junit/jupiter/engine/descriptor/ClassTestDescriptor.java	junit-jupiter-engine/src/main/java/org/junit/jupiter/engine/descriptor/DynamicNodeTestDescriptor.java	198	17	7	0.41	false	false
junit-jupiter-engine/src/main/java/org/junit/jupiter/engine/descriptor/DynamicNodeTestDescriptor.java	junit-jupiter-engine/src/main/java/org/junit/jupiter/engine/descriptor/DynamicTestTestDescriptor.java	17	25	7	0.41	false	false
junit-jupiter-engine/src/main/java/org/junit/jupiter/engine/descriptor/DynamicNodeTestDescriptor.java	junit-jupiter-engine/src/main/java/org/junit/jupiter/engine/descriptor/JupiterEngineDescriptor.java	17	38	7	0.41	false	false
junit-jupiter-engine/src/main/java/org/junit/jupiter/engine/descriptor/DynamicNodeTestDescriptor.java	junit-jupiter-engine/src/main/java/org/junit/jupiter/engine/descriptor/MethodBasedTestDescriptor.java	17	30	7	0.41	false	false
junit-jupiter-engine/src/main/java/org/junit/jupiter/engine/descriptor/DynamicNodeTestDescriptor.java	junit-jupiter-engine/src/main/java/org/junit/jupiter/engine/descriptor/TestFactoryTestDescriptor.java	17	69	7	0.41	false	false
junit-jupiter-engine/src/main/java/org/junit/jupiter/engine/descriptor/DynamicNodeTestDescriptor.java	junit-jupiter-engine/src/main/java/org/junit/jupiter/engine/descriptor/TestTemplateTestDescriptor.java	17	60	7	0.41	false	false
junit-platform-console/src/main/java/org/junit/platform/console/ConsoleLauncher.java	junit-platform-console/src/main/java/org/junit/platform/console/command/ExecuteTestsCommand.java	61	17	7	0.41	true	false
junit-jupiter-api/src/main/java/org/junit/jupiter/api/AssertionUtils.java	junit-jupiter-api/src/main/java/org/junit/jupiter/api/Assertions.java	22	138	9	0.41	false	false
junit-jupiter-engine/src/main/java/org/junit/jupiter/engine/descriptor/JupiterEngineDescriptor.java	junit-jupiter-engine/src/main/java/org/junit/jupiter/engine/descriptor/TestTemplateExtensionContext.java	38	22	9	0.41	false	false
junit-platform-engine/src/main/java/org/junit/platform/engine/discovery/IncludeClassNameFilter.java	junit-platform-launcher/src/main/java/org/junit/platform/launcher/core/LauncherDiscoveryRequestBuilder.java	27	83	11	0.41	true	true
junit-platform-launcher/src/main/java/org/junit/platform/launcher/core/DefaultLauncher.java	junit-platform-launcher/src/main/java/org/junit/platform/launcher/core/LauncherFactory.java	142	32	13	0.41	false	false
junit-jupiter-engine/src/main/java/org/junit/jupiter/engine/descriptor/ClassTestDescriptor.java	junit-jupiter-engine/src/main/java/org/junit/jupiter/engine/descriptor/MethodExtensionContext.java	198	42	17	0.40	false	false
junit-jupiter-engine/src/main/java/org/junit/jupiter/engine/JupiterTestEngine.java	junit-platform-engine/src/main/java/org/junit/platform/engine/support/descriptor/EngineDescriptor.java	134	35	14	0.40	true	true
junit-jupiter-engine/src/main/java/org/junit/jupiter/engine/descriptor/TestMethodTestDescriptor.java	junit-platform-engine/src/main/java/org/junit/platform/engine/support/descriptor/EngineDescriptor.java	196	35	14	0.40	true	true
junit-platform-engine/src/main/java/org/junit/platform/engine/discovery/ClasspathRootSelector.java	junit-platform-engine/src/main/java/org/junit/platform/engine/discovery/MethodSelector.java	35	46	14	0.40	false	false
junit-jupiter-engine/src/main/java/org/junit/jupiter/engine/descriptor/DynamicTestTestDescriptor.java	junit-jupiter-engine/src/main/java/org/junit/jupiter/engine/descriptor/JupiterTestDescriptor.java	25	94	10	0.40	false	false
junit-vintage-engine/src/main/java/org/junit/vintage/engine/VintageTestEngine.java	junit-vintage-engine/src/main/java/org/junit/vintage/engine/discovery/RunnerTestDescriptorPostProcessor.java	74	25	10	0.40	true	false
junit-vintage-engine/src/main/java/org/junit/vintage/engine/descriptor/VintageTestDescriptor.java	junit-vintage-engine/src/main/java/org/junit/vintage/engine/discovery/RunnerTestDescriptorPostProcessor.java	46	25	10	0.40	true	false
junit-jupiter-api/src/main/java/org/junit/jupiter/api/Disabled.java	junit-jupiter-api/src/main/java/org/junit/jupiter/api/condition/DisabledOnJre.java	23	20	8	0.40	true	false
junit-jupiter-params/src/main/java/org/junit/jupiter/params/converter/ArgumentConverter.java	junit-jupiter-params/src/main/java/org/junit/jupiter/params/provider/Arguments.java	20	23	8	0.40	true	false
junit-jupiter-api/src/main/java/org/junit/jupiter/api/function/Executable.java	junit-platform-commons/src/main/java/org/junit/platform/commons/util/Preconditions.java	15	42	6	0.40	true	true
junit-jupiter-api/src/main/java/org/junit/jupiter/api/function/Executable.java	junit-platform-engine/src/main/java/org/junit/platform/engine/TestDescriptor.java	15	84	6	0.40	true	true
junit-jupiter-engine/src/main/java/org/junit/jupiter/engine/descriptor/ClassTestDescriptor.java	junit-jupiter-engine/src/main/java/org/junit/jupiter/engine/descriptor/DynamicContainerTestDescriptor.java	198	15	6	0.40	false	false
junit-jupiter-engine/src/main/java/org/junit/jupiter/engine/descriptor/DynamicContainerTestDescriptor.java	junit-jupiter-engine/src/main/java/org/junit/jupiter/engine/descriptor/DynamicNodeTestDescriptor.java	15	17	6	0.40	false	false
junit-jupiter-engine/src/main/java/org/junit/jupiter/engine/descriptor/DynamicContainerTestDescriptor.java	junit-jupiter-engine/src/main/java/org/junit/jupiter/engine/descriptor/TestFactoryTestDescriptor.java	15	69	6	0.40	false	false
junit-jupiter-engine/src/main/java/org/junit/jupiter/engine/discovery/predicates/IsTestFactoryMethod.java	junit-jupiter-engine/src/main/java/org/junit/jupiter/engine/discovery/predicates/IsTestableMethod.java	15	16	6	0.40	false	false
junit-jupiter-params/src/main/java/org/junit/jupiter/params/ParameterizedTest.java	junit-jupiter-params/src/main/java/org/junit/jupiter/params/provider/ArgumentsSource.java	35	15	6	0.40	true	false
junit-jupiter-params/src/main/java/org/junit/jupiter/params/converter/ArgumentConverter.java	junit-jupiter-params/src/main/java/org/junit/jupiter/params/provider/ArgumentsSource.java	20	15	6	0.40	true	false
junit-platform-engine/src/main/java/org/junit/platform/engine/discovery/IncludeClassNameFilter.java	junit-platform-launcher/src/main/java/org/junit/platform/launcher/PostDiscoveryFilter.java	27	15	6	0.40	true	true
junit-platform-launcher/src/main/java/org/junit/platform/launcher/PostDiscoveryFilter.java	junit-platform-launcher/src/main/java/org/junit/platform/launcher/core/DefaultLauncher.java	15	142	6	0.40	true	false
junit-platform-testkit/src/main/java/org/junit/platform/testkit/engine/EventConditions.java	junit-platform-testkit/src/main/java/org/junit/platform/testkit/engine/ExecutionRecorder.java	59	15	6	0.40	false	false
junit-jupiter-api/src/main/java/org/junit/jupiter/api/AssertAll.java	junit-jupiter-api/src/main/java/org/junit/jupiter/api/AssertArrayEquals.java	13	10	4	0.40	false	false
junit-jupiter-api/src/main/java/org/junit/jupiter/api/AssertAll.java	junit-jupiter-api/src/main/java/org/junit/jupiter/api/AssertNotEquals.java	13	10	4	0.40	false	false
junit-jupiter-api/src/main/java/org/junit/jupiter/api/AssertArrayEquals.java	junit-jupiter-api/src/main/java/org/junit/jupiter/api/AssertDoesNotThrow.java	10	12	4	0.40	false	false
junit-jupiter-api/src/main/java/org/junit/jupiter/api/AssertArrayEquals.java	junit-jupiter-api/src/main/java/org/junit/jupiter/api/Assumptions.java	10	31	4	0.40	false	false
junit-jupiter-api/src/main/java/org/junit/jupiter/api/AssertDoesNotThrow.java	junit-jupiter-api/src/main/java/org/junit/jupiter/api/AssertNotEquals.java	12	10	4	0.40	false	false
junit-jupiter-api/src/main/java/org/junit/jupiter/api/AssertNotEquals.java	junit-jupiter-api/src/main/java/org/junit/jupiter/api/Assumptions.java	10	31	4	0.40	false	false
junit-jupiter-api/src/main/java/org/junit/jupiter/api/Tags.java	junit-jupiter-api/src/main/java/org/junit/jupiter/api/extension/ExtendWith.java	10	37	4	0.40	true	false
junit-jupiter-api/src/main/java/org/junit/jupiter/api/TestReporter.java	junit-jupiter-api/src/main/java/org/junit/jupiter/api/extension/MediaType.java	27	10	4	0.40	true	false
junit-jupiter-api/src/main/java/org/junit/jupiter/api/extension/ExtensionContext.java	junit-jupiter-api/src/main/java/org/junit/jupiter/api/extension/MediaType.java	107	10	4	0.40	false	false
junit-jupiter-api/src/main/java/org/junit/jupiter/api/extension/ParameterResolver.java	junit-jupiter-api/src/main/java/org/junit/jupiter/api/extension/TestInstantiationAwareExtension.java	21	10	4	0.40	false	false
junit-jupiter-api/src/main/java/org/junit/jupiter/api/extension/TestInstancePreConstructCallback.java	junit-jupiter-engine/src/main/java/org/junit/jupiter/engine/extension/TempDirectory.java	10	84	4	0.40	true	true
junit-jupiter-api/src/main/java/org/junit/jupiter/api/extension/TestInstantiationAwareExtension.java	junit-jupiter-engine/src/main/java/org/junit/jupiter/engine/execution/ExtensionContextSupplier.java	10	11	4	0.40	true	true
junit-jupiter-api/src/main/java/org/junit/jupiter/api/extension/TestInstantiationAwareExtension.java	junit-jupiter-engine/src/main/java/org/junit/jupiter/engine/extension/TempDirectory.java	10	84	4	0.40	true	true
junit-jupiter-api/src/main/java/org/junit/jupiter/api/extension/TestWatcher.java	junit-jupiter-engine/src/main/java/org/junit/jupiter/engine/descriptor/TestMethodTestDescriptor.java	10	196	4	0.40	true	true
junit-jupiter-engine/src/main/java/org/junit/jupiter/engine/descriptor/LifecycleMethodUtils.java	junit-jupiter-params/src/main/java/org/junit/jupiter/params/ParameterizedClassContext.java	29	10	4	0.40	true	true
junit-jupiter-engine/src/main/java/org/junit/jupiter/engine/discovery/ClassSelectorResolver.java	junit-jupiter-engine/src/main/java/org/junit/jupiter/engine/discovery/predicates/TestClassPredicates.java	21	10	4	0.40	true	false
junit-jupiter-engine/src/main/java/org/junit/jupiter/engine/execution/ParameterResolutionUtils.java	junit-platform-launcher/src/main/java/org/junit/platform/launcher/core/ServiceLoaderRegistry.java	84	10	4	0.40	true	true
junit-jupiter-engine/src/main/java/org/junit/jupiter/engine/extension/AutoCloseExtension.java	junit-jupiter-engine/src/main/java/org/junit/jupiter/engine/extension/MutableExtensionRegistry.java	10	25	4	0.40	false	false
junit-jupiter-engine/src/main/java/org/junit/jupiter/engine/extension/AutoCloseExtension.java	junit-jupiter-engine/src/main/java/org/junit/jupiter/engine/extension/TempDirectory.java	10	84	4	0.40	false	false
junit-jupiter-params/src/main/java/module-info.java	junit-platform-suite-engine/src/main/java/module-info.java	10	11	4	0.40	false	true
junit-jupiter-params/src/main/java/org/junit/jupiter/params/ParameterizedClassContext.java	junit-jupiter-params/src/main/java/org/junit/jupiter/params/ResolverFacade.java	10	19	4	0.40	false	false
junit-jupiter-params/src/main/java/org/junit/jupiter/params/provider/CsvFileSource.java	junit-jupiter-params/src/main/java/org/junit/jupiter/params/provider/EmptySource.java	52	10	4	0.40	false	false
junit-jupiter-params/src/main/java/org/junit/jupiter/params/provider/CsvSource.java	junit-jupiter-params/src/main/java/org/junit/jupiter/params/provider/EmptySource.java	54	10	4	0.40	false	false
junit-jupiter-params/src/main/java/org/junit/jupiter/params/provider/EmptySource.java	junit-jupiter-params/src/main/java/org/junit/jupiter/params/provider/EnumSource.java	10	27	4	0.40	false	false
junit-jupiter-params/src/main/java/org/junit/jupiter/params/provider/EmptySource.java	junit-jupiter-params/src/main/java/org/junit/jupiter/params/provider/MethodSource.java	10	45	4	0.40	false	false
junit-jupiter-params/src/main/java/org/junit/jupiter/params/provider/EmptySource.java	junit-jupiter-params/src/main/java/org/junit/jupiter/params/provider/ValueSource.java	10	21	4	0.40	false	false
junit-platform-commons/src/main/java/org/junit/platform/commons/util/ClasspathFileVisitor.java	junit-platform-commons/src/main/java/org/junit/platform/commons/util/CloseablePath.java	10	15	4	0.40	false	false
junit-platform-console/src/main/java/org/junit/platform/console/command/DiscoverTestsCommand.java	junit-platform-console/src/main/java/org/junit/platform/console/options/TestDiscoveryOptions.java	10	60	4	0.40	true	false
junit-platform-console/src/main/java/org/junit/platform/console/command/DiscoveryRequestCreator.java	junit-platform-launcher/src/main/java/org/junit/platform/launcher/EngineFilter.java	72	10	4	0.40	true	true
junit-platform-engine/src/main/java/org/junit/platform/engine/support/descriptor/ClasspathResourceSource.java	junit-platform-engine/src/main/java/org/junit/platform/engine/support/descriptor/FileSource.java	10	15	4	0.40	false	false
junit-platform-engine/src/main/java/org/junit/platform/engine/support/descriptor/ClasspathResourceSource.java	junit-platform-engine/src/main/java/org/junit/platform/engine/support/descriptor/MethodSource.java	10	27	4	0.40	false	false
junit-platform-engine/src/main/java/org/junit/platform/engine/support/discovery/EngineDiscoveryRequestResolution.java	junit-platform-engine/src/main/java/org/junit/platform/engine/support/discovery/EngineDiscoveryRequestResolver.java	10	14	4	0.40	false	false
junit-platform-engine/src/main/java/org/junit/platform/engine/support/hierarchical/ForkJoinPoolHierarchicalTestExecutorService.java	junit-platform-engine/src/main/java/org/junit/platform/engine/support/hierarchical/LockManager.java	25	10	4	0.40	false	false
junit-platform-launcher/src/main/java/org/junit/platform/launcher/EngineFilter.java	junit-platform-launcher/src/main/java/org/junit/platform/launcher/core/LauncherDiscoveryRequestBuilder.java	10	83	4	0.40	true	false
junit-platform-launcher/src/main/java/org/junit/platform/launcher/LauncherDiscoveryListener.java	junit-platform-launcher/src/main/java/org/junit/platform/launcher/core/DefaultLauncher.java	10	142	4	0.40	true	false
junit-platform-launcher/src/main/java/org/junit/platform/launcher/core/DefaultLauncher.java	junit-platform-launcher/src/main/java/org/junit/platform/launcher/core/DefaultLauncherSession.java	142	10	4	0.40	false	false
junit-platform-launcher/src/main/java/org/junit/platform/launcher/core/LauncherFactory.java	junit-platform-launcher/src/main/java/org/junit/platform/launcher/core/ServiceLoaderRegistry.java	32	10	4	0.40	false	false
junit-platform-launcher/src/main/java/org/junit/platform/launcher/core/ServiceLoaderRegistry.java	junit-platform-launcher/src/main/java/org/junit/platform/launcher/core/ServiceLoaderTestEngineRegistry.java	10	22	4	0.40	false	false
junit-platform-launcher/src/main/java/org/junit/platform/launcher/listeners/OutputDir.java	junit-platform-reporting/src/main/java/org/junit/platform/reporting/open/xml/OpenTestReportGeneratingListener.java	10	40	4	0.40	true	true
junit-jupiter-engine/src/main/java/org/junit/jupiter/engine/descriptor/JupiterEngineDescriptor.java	junit-jupiter-engine/src/main/java/org/junit/jupiter/engine/descriptor/JupiterTestDescriptor.java	38	94	15	0.39	false	false
junit-platform-engine/src/main/java/org/junit/platform/engine/discovery/ClassSelector.java	junit-platform-engine/src/main/java/org/junit/platform/engine/discovery/DiscoverySelectors.java	33	82	13	0.39	false	false
junit-platform-engine/src/main/java/org/junit/platform/engine/support/hierarchical/HierarchicalTestExecutor.java	junit-platform-engine/src/main/java/org/junit/platform/engine/support/hierarchical/Node.java	44	28	11	0.39	false	false
junit-jupiter-engine/src/main/java/org/junit/jupiter/engine/descriptor/ClassBasedTestDescriptor.java	junit-jupiter-engine/src/main/java/org/junit/jupiter/engine/descriptor/TestMethodTestDescriptor.java	46	196	18	0.39	false	false
junit-jupiter-params/src/main/java/org/junit/jupiter/params/provider/Arguments.java	junit-jupiter-params/src/main/java/org/junit/jupiter/params/provider/CsvFileSource.java	23	52	9	0.39	false	false
junit-jupiter-params/src/main/java/org/junit/jupiter/params/provider/Arguments.java	junit-jupiter-params/src/main/java/org/junit/jupiter/params/provider/MethodSource.java	23	45	9	0.39	false	false
junit-platform-launcher/src/main/java/org/junit/platform/launcher/listeners/MutableTestExecutionSummary.java	junit-platform-launcher/src/main/java/org/junit/platform/launcher/listeners/TestExecutionSummary.java	23	24	9	0.39	false	false
junit-platform-engine/src/main/java/org/junit/platform/engine/UniqueId.java	junit-platform-engine/src/main/java/org/junit/platform/engine/UniqueIdFormat.java	57	18	7	0.39	false	false
junit-platform-engine/src/main/java/org/junit/platform/engine/discovery/ClassSelector.java	junit-vintage-engine/src/main/java/org/junit/vintage/engine/discovery/ClassSelectorResolver.java	33	18	7	0.39	true	true
junit-platform-engine/src/main/java/org/junit/platform/engine/discovery/MethodSelector.java	junit-vintage-engine/src/main/java/org/junit/vintage/engine/discovery/ClassSelectorResolver.java	46	18	7	0.39	true	true
junit-jupiter-params/src/main/java/org/junit/jupiter/params/provider/CsvFileArgumentsProvider.java	junit-jupiter-params/src/main/java/org/junit/jupiter/params/provider/CsvFileSource.java	44	52	17	0.39	false	false
junit-jupiter-api/src/main/java/org/junit/jupiter/api/AssertAll.java	junit-jupiter-api/src/main/java/org/junit/jupiter/api/AssertThrows.java	13	23	5	0.38	false	false
junit-jupiter-api/src/main/java/org/junit/jupiter/api/AssertLinesMatch.java	junit-jupiter-api/src/main/java/org/junit/jupiter/api/AssertTrue.java	31	13	5	0.38	false	false
junit-jupiter-api/src/main/java/org/junit/jupiter/api/AssertTrue.java	junit-jupiter-api/src/main/java/org/junit/jupiter/api/Assertions.java	13	138	5	0.38	false	false
junit-jupiter-api/src/main/java/org/junit/jupiter/api/AssertTrue.java	junit-jupiter-api/src/main/java/org/junit/jupiter/api/Assumptions.java	13	31	5	0.38	false	false
junit-jupiter-api/src/main/java/org/junit/jupiter/api/Tag.java	junit-platform-engine/src/main/java/org/junit/platform/engine/TestTag.java	13	22	5	0.38	true	true
junit-jupiter-api/src/main/java/org/junit/jupiter/api/TestReporter.java	junit-jupiter-engine/src/main/java/org/junit/jupiter/engine/extension/TestReporterParameterResolver.java	27	13	5	0.38	true	true
junit-jupiter-api/src/main/java/org/junit/jupiter/api/extension/BeforeTestExecutionCallback.java	junit-jupiter-engine/src/main/java/org/junit/jupiter/engine/descriptor/TestMethodTestDescriptor.java	13	196	5	0.38	true	true
junit-jupiter-engine/src/main/java/org/junit/jupiter/engine/descriptor/ClassTemplateTestDescriptor.java	junit-jupiter-engine/src/main/java/org/junit/jupiter/engine/discovery/MethodSelectorResolver.java	13	19	5	0.38	true	false
junit-platform-engine/src/main/java/org/junit/platform/engine/discovery/DiscoverySelectors.java	junit-platform-suite-engine/src/main/java/org/junit/platform/suite/engine/AdditionalDiscoverySelectors.java	82	13	5	0.38	true	true
junit-platform-commons/src/main/java/org/junit/platform/commons/util/DefaultClasspathScanner.java	junit-platform-commons/src/main/java/org/junit/platform/commons/util/ReflectionUtils.java	68	287	26	0.38	false	false
junit-jupiter-api/src/main/java/org/junit/jupiter/api/extension/ExtensionContext.java	junit-jupiter-engine/src/main/java/org/junit/jupiter/engine/descriptor/MethodExtensionContext.java	107	42	16	0.38	true	true
junit-jupiter-params/src/main/java/org/junit/jupiter/params/provider/Arguments.java	junit-jupiter-params/src/main/java/org/junit/jupiter/params/provider/ValueSource.java	23	21	8	0.38	false	false
junit-platform-commons/src/main/java/module-info.java	junit-platform-launcher/src/main/java/module-info.java	21	24	8	0.38	false	true
junit-platform-console/src/main/java/org/junit/platform/console/output/FlatPrintingListener.java	junit-platform-launcher/src/main/java/org/junit/platform/launcher/core/DefaultLauncher.java	50	142	19	0.38	true	true
junit-platform-engine/src/main/java/org/junit/platform/engine/TestEngine.java	junit-platform-launcher/src/main/java/org/junit/platform/launcher/core/DefaultLauncher.java	50	142	19	0.38	true	true
junit-platform-console/src/main/java/org/junit/platform/console/options/TestDiscoveryOptions.java	junit-platform-console/src/main/java/org/junit/platform/console/options/TestDiscoveryOptionsMixin.java	60	24	9	0.38	false	false
junit-jupiter-api/src/main/java/org/junit/jupiter/api/AssertIterableEquals.java	junit-jupiter-api/src/main/java/org/junit/jupiter/api/AssertLinesMatch.java	16	31	6	0.38	false	false
junit-platform-console/src/main/java/org/junit/platform/console/output/TreePrinter.java	junit-platform-console/src/main/java/org/junit/platform/console/output/VerboseTreePrintingListener.java	22	16	6	0.38	false	false
junit-platform-launcher/src/main/java/org/junit/platform/launcher/TestExecutionListener.java	junit-platform-launcher/src/main/java/org/junit/platform/launcher/core/ExecutionListenerAdapter.java	44	16	6	0.38	true	false
junit-jupiter-api/src/main/java/org/junit/jupiter/api/AssertDoesNotThrow.java	junit-jupiter-api/src/main/java/org/junit/jupiter/api/AssertionFailureBuilder.java	12	8	3	0.38	false	false
junit-jupiter-api/src/main/java/org/junit/jupiter/api/AssertEquals.java	junit-jupiter-api/src/main/java/org/junit/jupiter/api/AssertInstanceOf.java	8	9	3	0.38	false	false
junit-jupiter-api/src/main/java/org/junit/jupiter/api/AssertEquals.java	junit-jupiter-api/src/main/java/org/junit/jupiter/api/AssertionFailureBuilder.java	8	8	3	0.38	false	false
junit-jupiter-api/src/main/java/org/junit/jupiter/api/AssertEquals.java	junit-jupiter-api/src/main/java/org/junit/jupiter/api/Assertions.java	8	138	3	0.38	false	false
junit-jupiter-api/src/main/java/org/junit/jupiter/api/AssertFalse.java	junit-jupiter-api/src/main/java/org/junit/jupiter/api/AssertionFailureBuilder.java	12	8	3	0.38	false	false
junit-jupiter-api/src/main/java/org/junit/jupiter/api/AssertInstanceOf.java	junit-jupiter-api/src/main/java/org/junit/jupiter/api/AssertNotSame.java	9	8	3	0.38	false	false
junit-jupiter-api/src/main/java/org/junit/jupiter/api/AssertInstanceOf.java	junit-jupiter-api/src/main/java/org/junit/jupiter/api/AssertSame.java	9	8	3	0.38	false	false
junit-jupiter-api/src/main/java/org/junit/jupiter/api/AssertLinesMatch.java	junit-jupiter-api/src/main/java/org/junit/jupiter/api/AssertionFailureBuilder.java	31	8	3	0.38	false	false
junit-jupiter-api/src/main/java/org/junit/jupiter/api/AssertNotEquals.java	junit-jupiter-api/src/main/java/org/junit/jupiter/api/AssertionFailureBuilder.java	10	8	3	0.38	false	false
junit-jupiter-api/src/main/java/org/junit/jupiter/api/AssertNotNull.java	junit-jupiter-api/src/main/java/org/junit/jupiter/api/AssertionFailureBuilder.java	8	8	3	0.38	false	false
junit-jupiter-api/src/main/java/org/junit/jupiter/api/AssertNotNull.java	junit-platform-commons/src/main/java/org/junit/platform/commons/util/Preconditions.java	8	42	3	0.38	true	true
junit-jupiter-api/src/main/java/org/junit/jupiter/api/AssertNotSame.java	junit-jupiter-api/src/main/java/org/junit/jupiter/api/AssertionFailureBuilder.java	8	8	3	0.38	false	false
junit-jupiter-api/src/main/java/org/junit/jupiter/api/AssertNotSame.java	junit-jupiter-api/src/main/java/org/junit/jupiter/api/Assertions.java	8	138	3	0.38	false	false
junit-jupiter-api/src/main/java/org/junit/jupiter/api/AssertNull.java	junit-jupiter-api/src/main/java/org/junit/jupiter/api/AssertionFailureBuilder.java	9	8	3	0.38	false	false
junit-jupiter-api/src/main/java/org/junit/jupiter/api/AssertSame.java	junit-jupiter-api/src/main/java/org/junit/jupiter/api/AssertionFailureBuilder.java	8	8	3	0.38	false	false
junit-jupiter-api/src/main/java/org/junit/jupiter/api/AssertSame.java	junit-jupiter-api/src/main/java/org/junit/jupiter/api/Assertions.java	8	138	3	0.38	false	false
junit-jupiter-api/src/main/java/org/junit/jupiter/api/AssertThrows.java	junit-jupiter-api/src/main/java/org/junit/jupiter/api/AssertionFailureBuilder.java	23	8	3	0.38	false	false
junit-jupiter-api/src/main/java/org/junit/jupiter/api/AssertTimeout.java	junit-jupiter-api/src/main/java/org/junit/jupiter/api/AssertionFailureBuilder.java	30	8	3	0.38	false	false
junit-jupiter-api/src/main/java/org/junit/jupiter/api/AssertTimeoutPreemptively.java	junit-jupiter-api/src/main/java/org/junit/jupiter/api/AssertionFailureBuilder.java	9	8	3	0.38	false	false
junit-jupiter-api/src/main/java/org/junit/jupiter/api/AssertTrue.java	junit-jupiter-api/src/main/java/org/junit/jupiter/api/AssertionFailureBuilder.java	13	8	3	0.38	false	false
junit-jupiter-api/src/main/java/org/junit/jupiter/api/AssertionFailureBuilder.java	junit-jupiter-api/src/main/java/org/junit/jupiter/api/AssertionUtils.java	8	22	3	0.38	false	false
junit-jupiter-api/src/main/java/org/junit/jupiter/api/Order.java	junit-jupiter-api/src/main/java/org/junit/jupiter/api/TestMethodOrder.java	8	11	3	0.38	false	false
junit-jupiter-api/src/main/java/org/junit/jupiter/api/Order.java	junit-jupiter-engine/src/main/java/org/junit/jupiter/engine/discovery/AbstractOrderingVisitor.java	8	14	3	0.38	true	true
junit-jupiter-api/src/main/java/org/junit/jupiter/api/Order.java	junit-jupiter-engine/src/main/java/org/junit/jupiter/engine/discovery/ClassOrderingVisitor.java	8	14	3	0.38	true	true
junit-jupiter-api/src/main/java/org/junit/jupiter/api/condition/DisabledIfEnvironmentVariable.java	junit-jupiter-api/src/main/java/org/junit/jupiter/api/condition/EnabledIfEnvironmentVariableCondition.java	17	8	3	0.38	false	false
junit-jupiter-api/src/main/java/org/junit/jupiter/api/condition/EnabledIfEnvironmentVariableCondition.java	junit-jupiter-api/src/main/java/org/junit/jupiter/api/condition/EnabledIfSystemProperty.java	8	18	3	0.38	false	false
junit-jupiter-api/src/main/java/org/junit/jupiter/api/extension/InvocationInterceptor.java	junit-jupiter-engine/src/main/java/org/junit/jupiter/engine/execution/InvocationInterceptorChain.java	17	8	3	0.38	true	true
junit-jupiter-engine/src/main/java/org/junit/jupiter/engine/extension/DisabledCondition.java	junit-jupiter-migrationsupport/src/main/java/org/junit/jupiter/migrationsupport/conditions/IgnoreCondition.java	18	8	3	0.38	true	true
junit-jupiter-migrationsupport/src/main/java/org/junit/jupiter/migrationsupport/conditions/IgnoreCondition.java	junit-jupiter-migrationsupport/src/main/java/org/junit/jupiter/migrationsupport/rules/ExternalResourceSupport.java	8	23	3	0.38	true	false
junit-jupiter-migrationsupport/src/main/java/org/junit/jupiter/migrationsupport/conditions/IgnoreCondition.java	junit-jupiter-migrationsupport/src/main/java/org/junit/jupiter/migrationsupport/rules/VerifierSupport.java	8	18	3	0.38	true	false
junit-jupiter-migrationsupport/src/main/java/org/junit/jupiter/migrationsupport/rules/ExpectedExceptionSupport.java	junit-jupiter-migrationsupport/src/main/java/org/junit/jupiter/migrationsupport/rules/member/TestRuleAnnotatedMember.java	13	8	3	0.38	true	false
junit-jupiter-params/src/main/java/org/junit/jupiter/params/converter/DefaultArgumentConverter.java	junit-platform-commons/src/main/java/org/junit/platform/commons/support/conversion/ConversionSupport.java	41	8	3	0.38	true	true
junit-jupiter-params/src/main/java/org/junit/jupiter/params/provider/CsvArgumentsProvider.java	junit-jupiter-params/src/main/java/org/junit/jupiter/params/provider/CsvReaderFactory.java	51	8	3	0.38	false	false
junit-jupiter-params/src/main/java/org/junit/jupiter/params/provider/CsvFileSource.java	junit-jupiter-params/src/main/java/org/junit/jupiter/params/provider/CsvReaderFactory.java	52	8	3	0.38	false	false
junit-platform-commons/src/main/java/org/junit/platform/commons/support/ClassSupport.java	junit-platform-commons/src/main/java/org/junit/platform/commons/support/ModifierSupport.java	8	12	3	0.38	false	false
junit-platform-commons/src/main/java/org/junit/platform/commons/support/ClassSupport.java	junit-platform-commons/src/main/java/org/junit/platform/commons/util/ReflectionUtils.java	8	287	3	0.38	true	false
junit-platform-commons/src/main/java/org/junit/platform/commons/support/ReflectionSupport.java	junit-platform-commons/src/main/java/org/junit/platform/commons/support/Resource.java	45	8	3	0.38	false	false
junit-platform-commons/src/main/java/org/junit/platform/commons/util/AnnotationUtils.java	junit-platform-commons/src/main/java/org/junit/platform/commons/util/ClassUtils.java	90	8	3	0.38	false	false
junit-platform-commons/src/main/java/org/junit/platform/commons/util/ClassUtils.java	junit-platform-commons/src/main/java/org/junit/platform/commons/util/StringUtils.java	8	40	3	0.38	false	false
junit-platform-console/src/main/java/org/junit/platform/console/ConsoleLauncher.java	junit-platform-console/src/main/java/org/junit/platform/console/command/CommandResult.java	61	8	3	0.38	true	false
junit-platform-console/src/main/java/org/junit/platform/console/command/BaseCommand.java	junit-platform-console/src/main/java/org/junit/platform/console/command/CommandFacade.java	12	8	3	0.38	false	false
junit-platform-console/src/main/java/org/junit/platform/console/command/CommandFacade.java	junit-platform-console/src/main/java/org/junit/platform/console/command/ListTestEnginesCommand.java	8	9	3	0.38	false	false
junit-platform-console/src/main/java/org/junit/platform/console/command/CommandFacade.java	junit-platform-console/src/main/java/org/junit/platform/console/options/TestConsoleOutputOptionsMixin.java	8	10	3	0.38	true	false
junit-platform-console/src/main/java/org/junit/platform/console/command/CommandResult.java	junit-platform-console/src/main/java/org/junit/platform/console/options/AnsiColorOptionMixin.java	8	9	3	0.38	true	false
junit-platform-console/src/main/java/org/junit/platform/console/command/CommandResult.java	junit-platform-console/src/main/java/org/junit/platform/console/options/TestConsoleOutputOptionsMixin.java	8	10	3	0.38	true	false
junit-platform-console/src/main/java/org/junit/platform/console/command/CommandResult.java	junit-platform-console/src/main/java/org/junit/platform/console/options/TestDiscoveryOptions.java	8	60	3	0.38	true	false
junit-platform-engine/src/main/java/org/junit/platform/engine/CompositeFilter.java	junit-platform-engine/src/main/java/org/junit/platform/engine/DiscoveryFilter.java	8	11	3	0.38	false	false
junit-platform-engine/src/main/java/org/junit/platform/engine/support/hierarchical/CompositeLock.java	junit-platform-engine/src/main/java/org/junit/platform/engine/support/hierarchical/DefaultParallelExecutionConfigurationStrategy.java	8	14	3	0.38	false	false
junit-platform-engine/src/main/java/org/junit/platform/engine/support/hierarchical/CompositeLock.java	junit-platform-engine/src/main/java/org/junit/platform/engine/support/hierarchical/NodeTestTask.java	8	27	3	0.38	false	false
junit-platform-engine/src/main/java/org/junit/platform/engine/support/hierarchical/DefaultParallelExecutionConfigurationStrategy.java	junit-platform-engine/src/main/java/org/junit/platform/engine/support/hierarchical/SingleLock.java	14	8	3	0.38	false	false
junit-platform-engine/src/main/java/org/junit/platform/engine/support/hierarchical/NodeTestTask.java	junit-platform-engine/src/main/java/org/junit/platform/engine/support/hierarchical/SingleLock.java	27	8	3	0.38	false	false
junit-platform-launcher/src/main/java/org/junit/platform/launcher/core/EngineDiscoveryOrchestrator.java	junit-platform-launcher/src/main/java/org/junit/platform/launcher/core/EngineIdValidator.java	27	8	3	0.38	false	false
junit-platform-launcher/src/main/java/org/junit/platform/launcher/core/EngineDiscoveryOrchestrator.java	junit-platform-suite-engine/src/main/java/org/junit/platform/suite/engine/DiscoverySelectorResolver.java	27	8	3	0.38	true	true
junit-platform-launcher/src/main/java/org/junit/platform/launcher/core/EngineDiscoveryOrchestrator.java	junit-platform-suite-engine/src/main/java/org/junit/platform/suite/engine/SuiteLauncher.java	27	8	3	0.38	true	true
junit-platform-launcher/src/main/java/org/junit/platform/launcher/core/EngineExecutionOrchestrator.java	junit-platform-suite-engine/src/main/java/org/junit/platform/suite/engine/DiscoverySelectorResolver.java	30	8	3	0.38	true	true
junit-platform-launcher/src/main/java/org/junit/platform/launcher/core/LauncherDiscoveryRequestBuilder.java	junit-platform-suite-engine/src/main/java/org/junit/platform/suite/engine/DiscoverySelectorResolver.java	83	8	3	0.38	true	true
junit-platform-launcher/src/main/java/org/junit/platform/launcher/core/LauncherDiscoveryResult.java	junit-platform-suite-engine/src/main/java/org/junit/platform/suite/engine/DiscoverySelectorResolver.java	12	8	3	0.38	true	true
junit-platform-suite-api/src/main/java/org/junit/platform/suite/api/Suite.java	junit-platform-suite-engine/src/main/java/org/junit/platform/suite/engine/DiscoverySelectorResolver.java	11	8	3	0.38	true	true
junit-platform-suite-api/src/main/java/org/junit/platform/suite/api/Suite.java	junit-platform-suite-engine/src/main/java/org/junit/platform/suite/engine/SuiteLauncher.java	11	8	3	0.38	true	true
junit-platform-suite-engine/src/main/java/org/junit/platform/suite/engine/SuiteLauncher.java	junit-platform-testkit/src/main/java/org/junit/platform/testkit/engine/EngineTestKit.java	8	37	3	0.38	true	true
junit-platform-testkit/src/main/java/org/junit/platform/testkit/engine/Executions.java	junit-platform-testkit/src/main/java/org/junit/platform/testkit/engine/TerminationInfo.java	12	8	3	0.38	false	false
junit-vintage-engine/src/main/java/module-info.java	junit-vintage-engine/src/main/java/org/junit/vintage/engine/execution/VintageExecutor.java	19	8	3	0.38	true	false
junit-vintage-engine/src/main/java/org/junit/vintage/engine/VintageTestEngine.java	junit-vintage-engine/src/main/java/org/junit/vintage/engine/execution/VintageExecutor.java	74	8	3	0.38	true	false
junit-vintage-engine/src/main/java/org/junit/vintage/engine/descriptor/RunnerTestDescriptor.java	junit-vintage-engine/src/main/java/org/junit/vintage/engine/execution/VintageExecutor.java	36	8	3	0.38	true	false
junit-vintage-engine/src/main/java/org/junit/vintage/engine/descriptor/TestSourceProvider.java	junit-vintage-engine/src/main/java/org/junit/vintage/engine/descriptor/VintageTestDescriptor.java	8	46	3	0.38	false	false
junit-vintage-engine/src/main/java/org/junit/vintage/engine/execution/TestRun.java	junit-vintage-engine/src/main/java/org/junit/vintage/engine/execution/VintageExecutor.java	29	8	3	0.38	false	false
junit-jupiter-engine/src/main/java/org/junit/jupiter/engine/descriptor/ClassTestDescriptor.java	junit-platform-engine/src/main/java/org/junit/platform/engine/support/descriptor/EngineDescriptor.java	198	35	13	0.37	true	true
junit-platform-engine/src/main/java/org/junit/platform/engine/support/descriptor/AbstractTestDescriptor.java	junit-platform-engine/src/main/java/org/junit/platform/engine/support/descriptor/EngineDescriptor.java	67	35	13	0.37	false	false
junit-platform-engine/src/main/java/org/junit/platform/engine/discovery/IncludeClassNameFilter.java	junit-platform-launcher/src/main/java/org/junit/platform/launcher/core/DefaultDiscoveryRequest.java	27	72	10	0.37	true	true
junit-platform-launcher/src/main/java/org/junit/platform/launcher/TestExecutionListener.java	junit-platform-launcher/src/main/java/org/junit/platform/launcher/listeners/SummaryGeneratingListener.java	44	27	10	0.37	true	false
junit-platform-launcher/src/main/java/org/junit/platform/launcher/core/DefaultLauncher.java	junit-platform-launcher/src/main/java/org/junit/platform/launcher/listeners/SummaryGeneratingListener.java	142	27	10	0.37	true	false
junit-platform-launcher/src/main/java/org/junit/platform/launcher/core/EngineDiscoveryOrchestrator.java	junit-platform-testkit/src/main/java/org/junit/platform/testkit/engine/EngineTestKit.java	27	37	10	0.37	true	true
junit-jupiter-engine/src/main/java/org/junit/jupiter/engine/descriptor/NestedClassTestDescriptor.java	junit-jupiter-engine/src/main/java/org/junit/jupiter/engine/discovery/MethodSelectorResolver.java	67	19	7	0.37	true	false
junit-jupiter-engine/src/main/java/org/junit/jupiter/engine/discovery/DiscoverySelectorResolver.java	junit-vintage-engine/src/main/java/org/junit/vintage/engine/discovery/MethodSelectorResolver.java	176	19	7	0.37	true	true
junit-jupiter-params/src/main/java/org/junit/jupiter/params/provider/ArgumentsProvider.java	junit-jupiter-params/src/main/java/org/junit/jupiter/params/provider/CsvFileArgumentsProvider.java	19	44	7	0.37	false	false
junit-jupiter-params/src/main/java/org/junit/jupiter/params/provider/ArgumentsProvider.java	junit-jupiter-params/src/main/java/org/junit/jupiter/params/provider/MethodArgumentsProvider.java	19	61	7	0.37	false	false
junit-platform-commons/src/main/java/module-info.java	junit-vintage-engine/src/main/java/module-info.java	21	19	7	0.37	false	true
junit-platform-console/src/main/java/org/junit/platform/console/command/DiscoveryRequestCreator.java	junit-vintage-engine/src/main/java/org/junit/vintage/engine/discovery/MethodSelectorResolver.java	72	19	7	0.37	true	true
junit-platform-launcher/src/main/java/org/junit/platform/launcher/TestPlan.java	junit-platform-launcher/src/main/java/org/junit/platform/launcher/core/DefaultLauncher.java	66	142	24	0.36	true	false
junit-jupiter-engine/src/main/java/org/junit/jupiter/engine/descriptor/ClassTestDescriptor.java	junit-jupiter-engine/src/main/java/org/junit/jupiter/engine/descriptor/TestTemplateExtensionContext.java	198	22	8	0.36	false	false
junit-platform-launcher/src/main/java/org/junit/platform/launcher/core/DefaultLauncher.java	junit-platform-launcher/src/main/java/org/junit/platform/launcher/core/ServiceLoaderTestEngineRegistry.java	142	22	8	0.36	false	false
junit-jupiter-api/src/main/java/org/junit/jupiter/api/ClassOrderer.java	junit-jupiter-api/src/main/java/org/junit/jupiter/api/TestMethodOrder.java	14	11	4	0.36	false	false
junit-jupiter-api/src/main/java/org/junit/jupiter/api/DynamicContainer.java	junit-jupiter-api/src/main/java/org/junit/jupiter/api/TestFactory.java	11	15	4	0.36	false	false
junit-jupiter-api/src/main/java/org/junit/jupiter/api/DynamicContainer.java	junit-jupiter-engine/src/main/java/org/junit/jupiter/engine/descriptor/TestFactoryTestDescriptor.java	11	69	4	0.36	true	true
junit-jupiter-api/src/main/java/org/junit/jupiter/api/DynamicNode.java	junit-jupiter-engine/src/main/java/org/junit/jupiter/engine/descriptor/TestFactoryTestDescriptor.java	11	69	4	0.36	true	true
junit-jupiter-api/src/main/java/org/junit/jupiter/api/Timeout.java	junit-jupiter-engine/src/main/java/org/junit/jupiter/engine/Constants.java	11	48	4	0.36	true	true
junit-jupiter-api/src/main/java/org/junit/jupiter/api/parallel/Execution.java	junit-jupiter-api/src/main/java/org/junit/jupiter/api/parallel/ResourceLock.java	12	11	4	0.36	false	false
junit-jupiter-api/src/main/java/org/junit/jupiter/api/parallel/ResourceLock.java	junit-jupiter-engine/src/main/java/org/junit/jupiter/engine/descriptor/MethodBasedTestDescriptor.java	11	30	4	0.36	true	true
junit-jupiter-engine/src/main/java/org/junit/jupiter/engine/descriptor/ClassBasedTestDescriptor.java	junit-jupiter-engine/src/main/java/org/junit/jupiter/engine/execution/ExtensionContextSupplier.java	46	11	4	0.36	true	false
junit-jupiter-engine/src/main/java/org/junit/jupiter/engine/descriptor/ClassTestDescriptor.java	junit-platform-engine/src/main/java/org/junit/platform/engine/support/descriptor/FileSystemSource.java	198	11	4	0.36	true	true
junit-jupiter-engine/src/main/java/org/junit/jupiter/engine/descriptor/TestFactoryTestDescriptor.java	junit-platform-engine/src/main/java/org/junit/platform/engine/support/descriptor/UriSource.java	69	11	4	0.36	true	true
junit-jupiter-engine/src/main/java/org/junit/jupiter/engine/descriptor/TestInstanceLifecycleUtils.java	junit-jupiter-engine/src/main/java/org/junit/jupiter/engine/execution/ConditionEvaluator.java	11	40	4	0.36	true	false
junit-jupiter-engine/src/main/java/org/junit/jupiter/engine/descriptor/TestInstanceLifecycleUtils.java	junit-jupiter-engine/src/main/java/org/junit/jupiter/engine/extension/ExtensionRegistry.java	11	81	4	0.36	true	false
junit-jupiter-engine/src/main/java/org/junit/jupiter/engine/descriptor/TestMethodTestDescriptor.java	junit-platform-engine/src/main/java/org/junit/platform/engine/support/descriptor/FileSystemSource.java	196	11	4	0.36	true	true
junit-jupiter-engine/src/main/java/org/junit/jupiter/engine/discovery/MethodSelectorResolver.java	junit-platform-engine/src/main/java/org/junit/platform/engine/support/discovery/SelectorResolver.java	19	11	4	0.36	true	true
junit-jupiter-params/src/main/java/org/junit/jupiter/params/ParameterizedTest.java	junit-jupiter-params/src/main/java/org/junit/jupiter/params/converter/ArgumentConversionException.java	35	11	4	0.36	true	false
junit-jupiter-params/src/main/java/org/junit/jupiter/params/ParameterizedTest.java	junit-jupiter-params/src/main/java/org/junit/jupiter/params/converter/ConvertWith.java	35	11	4	0.36	true	false
junit-jupiter-params/src/main/java/org/junit/jupiter/params/ParameterizedTest.java	junit-jupiter-params/src/main/java/org/junit/jupiter/params/provider/ArgumentsSources.java	35	11	4	0.36	true	false
junit-jupiter-params/src/main/java/org/junit/jupiter/params/ParameterizedTestExtension.java	junit-jupiter-params/src/main/java/org/junit/jupiter/params/converter/ArgumentConversionException.java	62	11	4	0.36	true	false
junit-jupiter-params/src/main/java/org/junit/jupiter/params/ParameterizedTestExtension.java	junit-jupiter-params/src/main/java/org/junit/jupiter/params/provider/ArgumentsSources.java	62	11	4	0.36	true	false
junit-jupiter-params/src/main/java/org/junit/jupiter/params/aggregator/ArgumentsAggregator.java	junit-jupiter-params/src/main/java/org/junit/jupiter/params/provider/ArgumentsProvider.java	11	19	4	0.36	true	false
junit-jupiter-params/src/main/java/org/junit/jupiter/params/converter/ArgumentConversionException.java	junit-jupiter-params/src/main/java/org/junit/jupiter/params/converter/DefaultArgumentConverter.java	11	41	4	0.36	false	false
junit-jupiter-params/src/main/java/org/junit/jupiter/params/converter/ArgumentConversionException.java	junit-jupiter-params/src/main/java/org/junit/jupiter/params/converter/JavaTimeArgumentConverter.java	11	11	4	0.36	false	false
junit-jupiter-params/src/main/java/org/junit/jupiter/params/converter/ArgumentConversionException.java	junit-jupiter-params/src/main/java/org/junit/jupiter/params/provider/CsvArgumentsProvider.java	11	51	4	0.36	true	false
junit-jupiter-params/src/main/java/org/junit/jupiter/params/converter/ArgumentConversionException.java	junit-jupiter-params/src/main/java/org/junit/jupiter/params/provider/CsvFileArgumentsProvider.java	11	44	4	0.36	true	false
junit-jupiter-params/src/main/java/org/junit/jupiter/params/converter/DefaultArgumentConverter.java	junit-jupiter-params/src/main/java/org/junit/jupiter/params/converter/JavaTimeArgumentConverter.java	41	11	4	0.36	false	false
junit-jupiter-params/src/main/java/org/junit/jupiter/params/converter/JavaTimeArgumentConverter.java	junit-jupiter-params/src/main/java/org/junit/jupiter/params/converter/SimpleArgumentConverter.java	11	14	4	0.36	false	false
junit-jupiter-params/src/main/java/org/junit/jupiter/params/converter/JavaTimeArgumentConverter.java	junit-jupiter-params/src/main/java/org/junit/jupiter/params/provider/Arguments.java	11	23	4	0.36	true	false
junit-jupiter-params/src/main/java/org/junit/jupiter/params/converter/JavaTimeArgumentConverter.java	junit-jupiter-params/src/main/java/org/junit/jupiter/params/provider/ValueArgumentsProvider.java	11	20	4	0.36	true	false
junit-jupiter-params/src/main/java/org/junit/jupiter/params/converter/JavaTimeArgumentConverter.java	junit-jupiter-params/src/main/java/org/junit/jupiter/params/support/AnnotationConsumer.java	11	14	4	0.36	true	false
junit-jupiter-params/src/main/java/org/junit/jupiter/params/converter/JavaTimeArgumentConverter.java	junit-jupiter-params/src/main/java/org/junit/jupiter/params/support/AnnotationConsumerInitializer.java	11	21	4	0.36	true	false
junit-jupiter-params/src/main/java/org/junit/jupiter/params/provider/AnnotationBasedArgumentsProvider.java	junit-jupiter-params/src/main/java/org/junit/jupiter/params/provider/MethodArgumentsProvider.java	11	61	4	0.36	false	false
junit-platform-commons/src/main/java/org/junit/platform/commons/util/AnnotationUtils.java	junit-platform-commons/src/main/java/org/junit/platform/commons/util/ToStringBuilder.java	90	11	4	0.36	false	false
junit-platform-commons/src/main/java/org/junit/platform/commons/util/Preconditions.java	junit-platform-commons/src/main/java/org/junit/platform/commons/util/ToStringBuilder.java	42	11	4	0.36	false	false
junit-platform-engine/src/main/java/org/junit/platform/engine/DiscoveryFilter.java	junit-platform-engine/src/main/java/org/junit/platform/engine/DiscoverySelector.java	11	19	4	0.36	false	false
junit-platform-engine/src/main/java/org/junit/platform/engine/DiscoveryFilter.java	junit-platform-engine/src/main/java/org/junit/platform/engine/discovery/ClassNameFilter.java	11	25	4	0.36	true	false
junit-platform-engine/src/main/java/org/junit/platform/engine/DiscoveryFilter.java	junit-platform-launcher/src/main/java/org/junit/platform/launcher/core/DefaultDiscoveryRequest.java	11	72	4	0.36	true	true
junit-platform-engine/src/main/java/org/junit/platform/engine/DiscoveryFilter.java	junit-platform-launcher/src/main/java/org/junit/platform/launcher/core/LauncherDiscoveryRequestBuilder.java	11	83	4	0.36	true	true
junit-platform-engine/src/main/java/org/junit/platform/engine/DiscoveryFilter.java	junit-vintage-engine/src/main/java/org/junit/vintage/engine/discovery/VintageDiscoverer.java	11	71	4	0.36	true	true
junit-platform-engine/src/main/java/org/junit/platform/engine/support/descriptor/AbstractTestDescriptor.java	junit-platform-engine/src/main/java/org/junit/platform/engine/support/descriptor/FileSystemSource.java	67	11	4	0.36	false	false
junit-platform-engine/src/main/java/org/junit/platform/engine/support/descriptor/ClassSource.java	junit-platform-engine/src/main/java/org/junit/platform/engine/support/descriptor/FileSystemSource.java	22	11	4	0.36	false	false
junit-platform-engine/src/main/java/org/junit/platform/engine/support/descriptor/ClassSource.java	junit-platform-engine/src/main/java/org/junit/platform/engine/support/descriptor/UriSource.java	22	11	4	0.36	false	false
junit-platform-engine/src/main/java/org/junit/platform/engine/support/descriptor/DirectorySource.java	junit-platform-engine/src/main/java/org/junit/platform/engine/support/descriptor/FileSystemSource.java	11	11	4	0.36	false	false
junit-platform-engine/src/main/java/org/junit/platform/engine/support/descriptor/DirectorySource.java	junit-platform-engine/src/main/java/org/junit/platform/engine/support/descriptor/UriSource.java	11	11	4	0.36	false	false
junit-platform-engine/src/main/java/org/junit/platform/engine/support/descriptor/EngineDescriptor.java	junit-platform-engine/src/main/java/org/junit/platform/engine/support/descriptor/FileSystemSource.java	35	11	4	0.36	false	false
junit-platform-engine/src/main/java/org/junit/platform/engine/support/descriptor/FileSource.java	junit-platform-engine/src/main/java/org/junit/platform/engine/support/descriptor/FileSystemSource.java	15	11	4	0.36	false	false
junit-platform-engine/src/main/java/org/junit/platform/engine/support/descriptor/FileSource.java	junit-platform-engine/src/main/java/org/junit/platform/engine/support/descriptor/UriSource.java	15	11	4	0.36	false	false
junit-platform-engine/src/main/java/org/junit/platform/engine/support/descriptor/FileSystemSource.java	junit-platform-engine/src/main/java/org/junit/platform/engine/support/descriptor/MethodSource.java	11	27	4	0.36	false	false
junit-platform-engine/src/main/java/org/junit/platform/engine/support/descriptor/FileSystemSource.java	junit-platform-engine/src/main/java/org/junit/platform/engine/support/descriptor/PackageSource.java	11	14	4	0.36	false	false
junit-platform-engine/src/main/java/org/junit/platform/engine/support/descriptor/FileSystemSource.java	junit-platform-engine/src/main/java/org/junit/platform/engine/support/descriptor/UriSource.java	11	11	4	0.36	false	false
junit-platform-engine/src/main/java/org/junit/platform/engine/support/descriptor/MethodSource.java	junit-platform-engine/src/main/java/org/junit/platform/engine/support/descriptor/UriSource.java	27	11	4	0.36	false	false
junit-platform-engine/src/main/java/org/junit/platform/engine/support/descriptor/PackageSource.java	junit-platform-engine/src/main/java/org/junit/platform/engine/support/descriptor/UriSource.java	14	11	4	0.36	false	false
junit-platform-launcher/src/main/java/org/junit/platform/launcher/TagFilter.java	junit-platform-launcher/src/main/java/org/junit/platform/launcher/core/LauncherDiscoveryRequestBuilder.java	36	83	13	0.36	true	false
junit-jupiter-api/src/main/java/org/junit/jupiter/api/AfterAll.java	junit-jupiter-api/src/main/java/org/junit/jupiter/api/Test.java	30	25	9	0.36	false	false
junit-jupiter-api/src/main/java/org/junit/jupiter/api/BeforeAll.java	junit-jupiter-api/src/main/java/org/junit/jupiter/api/Test.java	30	25	9	0.36	false	false
junit-jupiter-engine/src/main/java/org/junit/jupiter/engine/descriptor/ClassTestDescriptor.java	junit-jupiter-engine/src/main/java/org/junit/jupiter/engine/descriptor/DynamicTestTestDescriptor.java	198	25	9	0.36	false	false
junit-platform-engine/src/main/java/org/junit/platform/engine/discovery/ClassNameFilter.java	junit-platform-launcher/src/main/java/org/junit/platform/launcher/core/LauncherDiscoveryRequestBuilder.java	25	83	9	0.36	true	true
junit-jupiter-engine/src/main/java/org/junit/jupiter/engine/descriptor/TestMethodTestDescriptor.java	junit-platform-engine/src/main/java/org/junit/platform/engine/support/hierarchical/Node.java	196	28	10	0.36	true	true
junit-platform-engine/src/main/java/org/junit/platform/engine/discovery/PackageSelector.java	junit-platform-launcher/src/main/java/org/junit/platform/launcher/core/DefaultDiscoveryRequest.java	28	72	10	0.36	true	true
junit-jupiter-api/src/main/java/org/junit/jupiter/api/ClassOrderer.java	junit-jupiter-engine/src/main/java/org/junit/jupiter/engine/discovery/AbstractOrderingVisitor.java	14	14	5	0.36	true	true
junit-jupiter-api/src/main/java/org/junit/jupiter/api/TestInfo.java	junit-jupiter-api/src/main/java/org/junit/jupiter/api/extension/ExtensionContext.java	14	107	5	0.36	true	false
junit-jupiter-api/src/main/java/org/junit/jupiter/api/condition/MethodBasedCondition.java	junit-jupiter-params/src/main/java/org/junit/jupiter/params/provider/MethodArgumentsProvider.java	14	61	5	0.36	true	true
junit-jupiter-api/src/main/java/org/junit/jupiter/api/extension/ExtendWith.java	junit-jupiter-api/src/main/java/org/junit/jupiter/api/extension/ParameterResolutionException.java	37	14	5	0.36	false	false
junit-jupiter-params/src/main/java/org/junit/jupiter/params/ParameterizedTest.java	junit-jupiter-params/src/main/java/org/junit/jupiter/params/converter/JavaTimeConversionPattern.java	35	14	5	0.36	true	false
junit-jupiter-params/src/main/java/org/junit/jupiter/params/ParameterizedTestExtension.java	junit-jupiter-params/src/main/java/org/junit/jupiter/params/support/AnnotationConsumer.java	62	14	5	0.36	true	false
junit-jupiter-params/src/main/java/org/junit/jupiter/params/converter/SimpleArgumentConverter.java	junit-jupiter-params/src/main/java/org/junit/jupiter/params/provider/Arguments.java	14	23	5	0.36	true	false
junit-jupiter-params/src/main/java/org/junit/jupiter/params/converter/SimpleArgumentConverter.java	junit-jupiter-params/src/main/java/org/junit/jupiter/params/provider/ArgumentsProvider.java	14	19	5	0.36	true	false
junit-jupiter-params/src/main/java/org/junit/jupiter/params/provider/ArgumentsSource.java	junit-jupiter-params/src/main/java/org/junit/jupiter/params/support/AnnotationConsumer.java	15	14	5	0.36	true	false
junit-jupiter-params/src/main/java/org/junit/jupiter/params/provider/CsvArgumentsProvider.java	junit-jupiter-params/src/main/java/org/junit/jupiter/params/support/AnnotationConsumer.java	51	14	5	0.36	true	false
junit-jupiter-params/src/main/java/org/junit/jupiter/params/provider/CsvFileArgumentsProvider.java	junit-jupiter-params/src/main/java/org/junit/jupiter/params/support/AnnotationConsumer.java	44	14	5	0.36	true	false
junit-jupiter-params/src/main/java/org/junit/jupiter/params/provider/EnumSource.java	junit-jupiter-params/src/main/java/org/junit/jupiter/params/support/AnnotationConsumer.java	27	14	5	0.36	true	false
junit-jupiter-params/src/main/java/org/junit/jupiter/params/provider/ValueSource.java	junit-jupiter-params/src/main/java/org/junit/jupiter/params/support/AnnotationConsumer.java	21	14	5	0.36	true	false
junit-jupiter-params/src/main/java/org/junit/jupiter/params/support/AnnotationConsumer.java	junit-jupiter-params/src/main/java/org/junit/jupiter/params/support/AnnotationConsumerInitializer.java	14	21	5	0.36	false	false
junit-platform-engine/src/main/java/org/junit/platform/engine/discovery/ClasspathResourceSelector.java	junit-platform-engine/src/main/java/org/junit/platform/engine/discovery/PackageSelector.java	14	28	5	0.36	false	false
junit-platform-engine/src/main/java/org/junit/platform/engine/discovery/ClasspathResourceSelector.java	junit-platform-engine/src/main/java/org/junit/platform/engine/discovery/UniqueIdSelector.java	14	32	5	0.36	false	false
junit-vintage-engine/src/main/java/org/junit/vintage/engine/discovery/UniqueIdFilter.java	junit-vintage-engine/src/main/java/org/junit/vintage/engine/discovery/VintageDiscoverer.java	14	71	5	0.36	false	false
junit-jupiter-engine/src/main/java/org/junit/jupiter/engine/JupiterTestEngine.java	junit-platform-engine/src/main/java/org/junit/platform/engine/ExecutionRequest.java	134	34	12	0.35	true	true
junit-jupiter-api/src/main/java/module-info.java	junit-platform-reporting/src/main/java/module-info.java	17	17	6	0.35	false	true
junit-jupiter-engine/src/main/java/module-info.java	junit-platform-commons/src/main/java/module-info.java	17	21	6	0.35	false	true
junit-jupiter-engine/src/main/java/org/junit/jupiter/engine/Constants.java	junit-jupiter-engine/src/main/java/org/junit/jupiter/engine/extension/TimeoutExtension.java	48	17	6	0.35	true	false
junit-jupiter-engine/src/main/java/org/junit/jupiter/engine/descriptor/AbstractExtensionContext.java	junit-jupiter-engine/src/main/java/org/junit/jupiter/engine/descriptor/DynamicNodeTestDescriptor.java	67	17	6	0.35	false	false
junit-jupiter-engine/src/main/java/org/junit/jupiter/engine/descriptor/DynamicNodeTestDescriptor.java	junit-jupiter-engine/src/main/java/org/junit/jupiter/engine/descriptor/MethodExtensionContext.java	17	42	6	0.35	false	false
junit-jupiter-engine/src/main/java/org/junit/jupiter/engine/descriptor/DynamicNodeTestDescriptor.java	junit-jupiter-engine/src/main/java/org/junit/jupiter/engine/descriptor/TestTemplateExtensionContext.java	17	22	6	0.35	false	false
junit-platform-console/src/main/java/org/junit/platform/console/command/ExecuteTestsCommand.java	junit-platform-console/src/main/java/org/junit/platform/console/options/TestDiscoveryOptions.java	17	60	6	0.35	true	false
junit-platform-engine/src/main/java/org/junit/platform/engine/Filter.java	junit-platform-launcher/src/main/java/org/junit/platform/launcher/core/LauncherDiscoveryRequestBuilder.java	17	83	6	0.35	true	true
junit-platform-testkit/src/main/java/org/junit/platform/testkit/engine/EngineExecutionResults.java	junit-platform-testkit/src/main/java/org/junit/platform/testkit/engine/Events.java	17	25	6	0.35	false	false
junit-platform-testkit/src/main/java/org/junit/platform/testkit/engine/EngineExecutionResults.java	junit-platform-testkit/src/main/java/org/junit/platform/testkit/engine/TestExecutionResultConditions.java	17	25	6	0.35	false	false
junit-jupiter-engine/src/main/java/org/junit/jupiter/engine/execution/ConditionEvaluator.java	junit-jupiter-engine/src/main/java/org/junit/jupiter/engine/extension/ExtensionRegistry.java	40	81	14	0.35	true	false
junit-jupiter-api/src/main/java/org/junit/jupiter/api/extension/AfterEachCallback.java	junit-jupiter-api/src/main/java/org/junit/jupiter/api/extension/ExtendWith.java	20	37	7	0.35	false	false
junit-jupiter-api/src/main/java/org/junit/jupiter/api/extension/AfterEachCallback.java	junit-jupiter-engine/src/main/java/org/junit/jupiter/engine/descriptor/TestMethodTestDescriptor.java	20	196	7	0.35	true	true
junit-jupiter-api/src/main/java/org/junit/jupiter/api/extension/BeforeEachCallback.java	junit-jupiter-api/src/main/java/org/junit/jupiter/api/extension/ExtendWith.java	20	37	7	0.35	false	false
junit-jupiter-api/src/main/java/org/junit/jupiter/api/extension/BeforeEachCallback.java	junit-jupiter-engine/src/main/java/org/junit/jupiter/engine/descriptor/TestMethodTestDescriptor.java	20	196	7	0.35	true	true
junit-jupiter-engine/src/main/java/org/junit/jupiter/engine/descriptor/ClassBasedTestDescriptor.java	junit-jupiter-engine/src/main/java/org/junit/jupiter/engine/descriptor/TestTemplateInvocationTestDescriptor.java	46	20	7	0.35	false	false
junit-jupiter-engine/src/main/java/org/junit/jupiter/engine/descriptor/DynamicTestTestDescriptor.java	junit-jupiter-engine/src/main/java/org/junit/jupiter/engine/descriptor/TestTemplateInvocationTestDescriptor.java	25	20	7	0.35	false	false
junit-jupiter-engine/src/main/java/org/junit/jupiter/engine/descriptor/JupiterTestDescriptor.java	junit-jupiter-engine/src/main/java/org/junit/jupiter/engine/descriptor/TestTemplateInvocationTestDescriptor.java	94	20	7	0.35	false	false
junit-jupiter-params/src/main/java/org/junit/jupiter/params/converter/ArgumentConverter.java	junit-jupiter-params/src/main/java/org/junit/jupiter/params/provider/CsvFileSource.java	20	52	7	0.35	true	false
junit-jupiter-params/src/main/java/org/junit/jupiter/params/converter/ArgumentConverter.java	junit-jupiter-params/src/main/java/org/junit/jupiter/params/provider/MethodSource.java	20	45	7	0.35	true	false
junit-jupiter-params/src/main/java/org/junit/jupiter/params/provider/ValueArgumentsProvider.java	junit-jupiter-params/src/main/java/org/junit/jupiter/params/provider/ValueSource.java	20	21	7	0.35	false	false
junit-jupiter-api/src/main/java/org/junit/jupiter/api/AssertThrows.java	junit-jupiter-api/src/main/java/org/junit/jupiter/api/AssertTimeout.java	23	30	8	0.35	false	false
junit-jupiter-params/src/main/java/org/junit/jupiter/params/provider/Arguments.java	junit-jupiter-params/src/main/java/org/junit/jupiter/params/provider/CsvSource.java	23	54	8	0.35	false	false
junit-platform-commons/src/main/java/org/junit/platform/commons/util/ModuleUtils.java	junit-platform-commons/src/main/java/org/junit/platform/commons/util/ReflectionUtils.java	26	287	9	0.35	false	false
junit-platform-engine/src/main/java/org/junit/platform/engine/discovery/UniqueIdSelector.java	junit-platform-launcher/src/main/java/org/junit/platform/launcher/core/DefaultDiscoveryRequest.java	32	72	11	0.34	true	true
junit-jupiter-engine/src/main/java/org/junit/jupiter/engine/descriptor/JupiterTestDescriptor.java	junit-jupiter-engine/src/main/java/org/junit/jupiter/engine/descriptor/NestedClassTestDescriptor.java	94	67	23	0.34	false	false
junit-platform-engine/src/main/java/org/junit/platform/engine/TestDescriptor.java	junit-platform-engine/src/main/java/org/junit/platform/engine/support/descriptor/EngineDescriptor.java	84	35	12	0.34	true	false
junit-jupiter-engine/src/main/java/org/junit/jupiter/engine/descriptor/JupiterEngineDescriptor.java	junit-jupiter-engine/src/main/java/org/junit/jupiter/engine/extension/ExtensionRegistry.java	38	81	13	0.34	true	false
junit-platform-console/src/main/java/org/junit/platform/console/output/FlatPrintingListener.java	junit-platform-launcher/src/main/java/org/junit/platform/launcher/TestExecutionListener.java	50	44	15	0.34	true	true
junit-jupiter-engine/src/main/java/org/junit/jupiter/engine/JupiterTestEngine.java	junit-vintage-engine/src/main/java/org/junit/vintage/engine/VintageTestEngine.java	134	74	25	0.34	true	true
junit-jupiter-params/src/main/java/org/junit/jupiter/params/provider/CsvArgumentsProvider.java	junit-jupiter-params/src/main/java/org/junit/jupiter/params/provider/CsvSource.java	51	54	17	0.33	false	false
junit-jupiter-engine/src/main/java/org/junit/jupiter/engine/descriptor/NestedClassTestDescriptor.java	junit-jupiter-engine/src/main/java/org/junit/jupiter/engine/execution/JupiterEngineExecutionContext.java	67	36	12	0.33	true	false
junit-jupiter-api/src/main/java/org/junit/jupiter/api/AssertTimeout.java	junit-jupiter-api/src/main/java/org/junit/jupiter/api/Assertions.java	30	138	10	0.33	false	false
junit-jupiter-api/src/main/java/org/junit/jupiter/api/TestReporter.java	junit-platform-engine/src/main/java/org/junit/platform/engine/reporting/ReportEntry.java	27	24	8	0.33	true	true
junit-platform-commons/src/main/java/org/junit/platform/commons/util/ExceptionUtils.java	junit-platform-commons/src/main/java/org/junit/platform/commons/util/ReflectionUtils.java	24	287	8	0.33	false	false
junit-jupiter-api/src/main/java/org/junit/jupiter/api/extension/BeforeAllCallback.java	junit-jupiter-api/src/main/java/org/junit/jupiter/api/extension/ExtendWith.java	21	37	7	0.33	false	false
junit-jupiter-api/src/main/java/org/junit/jupiter/api/extension/BeforeAllCallback.java	junit-jupiter-api/src/main/java/org/junit/jupiter/api/extension/TestInstancePostProcessor.java	21	33	7	0.33	false	false
junit-jupiter-api/src/main/java/org/junit/jupiter/api/extension/BeforeAllCallback.java	junit-jupiter-engine/src/main/java/org/junit/jupiter/engine/descriptor/TestMethodTestDescriptor.java	21	196	7	0.33	true	true
junit-jupiter-engine/src/main/java/org/junit/jupiter/engine/descriptor/JupiterTestDescriptor.java	junit-platform-engine/src/main/java/org/junit/platform/engine/support/hierarchical/ThrowableCollector.java	94	21	7	0.33	true	true
junit-jupiter-engine/src/main/java/org/junit/jupiter/engine/descriptor/NestedClassTestDescriptor.java	junit-jupiter-engine/src/main/java/org/junit/jupiter/engine/discovery/ClassSelectorResolver.java	67	21	7	0.33	true	false
junit-jupiter-params/src/main/java/org/junit/jupiter/params/provider/EnumArgumentsProvider.java	junit-jupiter-params/src/main/java/org/junit/jupiter/params/provider/EnumSource.java	21	27	7	0.33	false	false
junit-jupiter-engine/src/main/java/org/junit/jupiter/engine/discovery/DiscoverySelectorResolver.java	junit-vintage-engine/src/main/java/org/junit/vintage/engine/discovery/ClassSelectorResolver.java	176	18	6	0.33	true	true
junit-jupiter-engine/src/main/java/org/junit/jupiter/engine/extension/DisabledCondition.java	junit-jupiter-engine/src/main/java/org/junit/jupiter/engine/extension/ExtensionRegistry.java	18	81	6	0.33	false	false
junit-platform-console/src/main/java/org/junit/platform/console/command/DiscoveryRequestCreator.java	junit-vintage-engine/src/main/java/org/junit/vintage/engine/discovery/ClassSelectorResolver.java	72	18	6	0.33	true	true
junit-platform-console/src/main/java/org/junit/platform/console/output/FlatPrintingListener.java	junit-platform-launcher/src/main/java/org/junit/platform/launcher/listeners/LoggingListener.java	50	18	6	0.33	true	true
junit-platform-launcher/src/main/java/org/junit/platform/launcher/core/EngineExecutionOrchestrator.java	junit-platform-launcher/src/main/java/org/junit/platform/launcher/core/InternalTestPlan.java	30	18	6	0.33	false	false
junit-jupiter-api/src/main/java/org/junit/jupiter/api/DynamicTest.java	junit-jupiter-api/src/main/java/org/junit/jupiter/api/TestFactory.java	30	15	5	0.33	false	false
junit-jupiter-api/src/main/java/org/junit/jupiter/api/Test.java	junit-jupiter-api/src/main/java/org/junit/jupiter/api/function/Executable.java	25	15	5	0.33	true	false
junit-jupiter-api/src/main/java/org/junit/jupiter/api/TestFactory.java	junit-jupiter-engine/src/main/java/org/junit/jupiter/engine/descriptor/TestFactoryTestDescriptor.java	15	69	5	0.33	true	true
junit-jupiter-engine/src/main/java/org/junit/jupiter/engine/descriptor/DynamicContainerTestDescriptor.java	junit-jupiter-engine/src/main/java/org/junit/jupiter/engine/descriptor/TestTemplateTestDescriptor.java	15	60	5	0.33	false	false
junit-jupiter-engine/src/main/java/org/junit/jupiter/engine/descriptor/TestFactoryTestDescriptor.java	junit-jupiter-engine/src/main/java/org/junit/jupiter/engine/discovery/predicates/IsTestFactoryMethod.java	69	15	5	0.33	true	false
junit-jupiter-engine/src/main/java/org/junit/jupiter/engine/discovery/DiscoverySelectorResolver.java	junit-jupiter-engine/src/main/java/org/junit/jupiter/engine/discovery/predicates/IsTestFactoryMethod.java	176	15	5	0.33	true	false
junit-platform-commons/src/main/java/org/junit/platform/commons/util/CloseablePath.java	junit-platform-commons/src/main/java/org/junit/platform/commons/util/DefaultClasspathScanner.java	15	68	5	0.33	false	false
junit-platform-console/src/main/java/org/junit/platform/console/options/TestDiscoveryOptions.java	junit-platform-console/src/main/java/org/junit/platform/console/output/TreePrintingListener.java	60	15	5	0.33	true	false
junit-platform-engine/src/main/java/org/junit/platform/engine/FilterResult.java	junit-platform-engine/src/main/java/org/junit/platform/engine/discovery/IncludeClassNameFilter.java	15	27	5	0.33	true	false
junit-platform-engine/src/main/java/org/junit/platform/engine/discovery/ClassNameFilter.java	junit-platform-launcher/src/main/java/org/junit/platform/launcher/PostDiscoveryFilter.java	25	15	5	0.33	true	true
junit-jupiter-api/src/main/java/org/junit/jupiter/api/AssertAll.java	junit-jupiter-api/src/main/java/org/junit/jupiter/api/AssertFalse.java	13	12	4	0.33	false	false
junit-jupiter-api/src/main/java/org/junit/jupiter/api/AssertDoesNotThrow.java	junit-jupiter-api/src/main/java/org/junit/jupiter/api/AssertFalse.java	12	12	4	0.33	false	false
junit-jupiter-api/src/main/java/org/junit/jupiter/api/AssertDoesNotThrow.java	junit-jupiter-api/src/main/java/org/junit/jupiter/api/AssertIterableEquals.java	12	16	4	0.33	false	false
junit-jupiter-api/src/main/java/org/junit/jupiter/api/AssertDoesNotThrow.java	junit-jupiter-api/src/main/java/org/junit/jupiter/api/AssertLinesMatch.java	12	31	4	0.33	false	false
junit-jupiter-api/src/main/java/org/junit/jupiter/api/AssertDoesNotThrow.java	junit-jupiter-api/src/main/java/org/junit/jupiter/api/AssertTimeout.java	12	30	4	0.33	false	false
junit-jupiter-api/src/main/java/org/junit/jupiter/api/AssertDoesNotThrow.java	junit-jupiter-api/src/main/java/org/junit/jupiter/api/AssertTrue.java	12	13	4	0.33	false	false
junit-jupiter-api/src/main/java/org/junit/jupiter/api/AssertFalse.java	junit-jupiter-api/src/main/java/org/junit/jupiter/api/Assertions.java	12	138	4	0.33	false	false
junit-jupiter-api/src/main/java/org/junit/jupiter/api/Disabled.java	junit-jupiter-api/src/main/java/org/junit/jupiter/api/condition/EnabledForJreRange.java	23	12	4	0.33	true	false
junit-jupiter-api/src/main/java/org/junit/jupiter/api/extension/AfterAllCallback.java	junit-jupiter-api/src/main/java/org/junit/jupiter/api/extension/TestExecutionExceptionHandler.java	22	12	4	0.33	false	false
junit-jupiter-api/src/main/java/org/junit/jupiter/api/extension/AfterEachCallback.java	junit-jupiter-api/src/main/java/org/junit/jupiter/api/extension/TestExecutionExceptionHandler.java	20	12	4	0.33	false	false
junit-jupiter-api/src/main/java/org/junit/jupiter/api/extension/AfterTestExecutionCallback.java	junit-jupiter-api/src/main/java/org/junit/jupiter/api/extension/TestExecutionExceptionHandler.java	12	12	4	0.33	false	false
junit-jupiter-api/src/main/java/org/junit/jupiter/api/extension/BeforeAllCallback.java	junit-jupiter-api/src/main/java/org/junit/jupiter/api/extension/TestExecutionExceptionHandler.java	21	12	4	0.33	false	false
junit-jupiter-api/src/main/java/org/junit/jupiter/api/extension/BeforeEachCallback.java	junit-jupiter-api/src/main/java/org/junit/jupiter/api/extension/TestExecutionExceptionHandler.java	20	12	4	0.33	false	false
junit-jupiter-api/src/main/java/org/junit/jupiter/api/extension/BeforeTestExecutionCallback.java	junit-jupiter-api/src/main/java/org/junit/jupiter/api/extension/TestExecutionExceptionHandler.java	13	12	4	0.33	false	false
junit-jupiter-api/src/main/java/org/junit/jupiter/api/extension/ExecutionCondition.java	junit-jupiter-api/src/main/java/org/junit/jupiter/api/extension/TestExecutionExceptionHandler.java	17	12	4	0.33	false	false
junit-jupiter-api/src/main/java/org/junit/jupiter/api/extension/ExtensionContext.java	junit-jupiter-api/src/main/java/org/junit/jupiter/api/extension/TestExecutionExceptionHandler.java	107	12	4	0.33	false	false
junit-jupiter-engine/src/main/java/org/junit/jupiter/engine/descriptor/ExtensionUtils.java	junit-jupiter-params/src/main/java/org/junit/jupiter/params/provider/FieldArgumentsProvider.java	29	12	4	0.33	true	true
junit-jupiter-params/src/main/java/org/junit/jupiter/params/ParameterizedTestExtension.java	junit-jupiter-params/src/main/java/org/junit/jupiter/params/aggregator/ArgumentsAccessor.java	62	12	4	0.33	true	false
junit-jupiter-params/src/main/java/org/junit/jupiter/params/provider/CsvArgumentsProvider.java	junit-jupiter-params/src/main/java/org/junit/jupiter/params/provider/FieldArgumentsProvider.java	51	12	4	0.33	false	false
junit-jupiter-params/src/main/java/org/junit/jupiter/params/provider/FieldArgumentsProvider.java	junit-jupiter-params/src/main/java/org/junit/jupiter/params/provider/MethodArgumentsProvider.java	12	61	4	0.33	false	false
junit-jupiter-params/src/main/java/org/junit/jupiter/params/provider/FieldArgumentsProvider.java	junit-platform-commons/src/main/java/org/junit/platform/commons/util/ReflectionUtils.java	12	287	4	0.33	true	true
junit-platform-commons/src/main/java/org/junit/platform/commons/support/ModifierSupport.java	junit-platform-engine/src/main/java/org/junit/platform/engine/support/discovery/EngineDiscoveryRequestResolver.java	12	14	4	0.33	true	true
junit-platform-console/src/main/java/org/junit/platform/console/command/BaseCommand.java	junit-platform-console/src/main/java/org/junit/platform/console/options/TestDiscoveryOptions.java	12	60	4	0.33	true	false
junit-platform-engine/src/main/java/org/junit/platform/engine/discovery/ClassSelector.java	junit-platform-engine/src/main/java/org/junit/platform/engine/discovery/NestedClassSelector.java	33	12	4	0.33	false	false
junit-platform-launcher/src/main/java/org/junit/platform/launcher/TestPlan.java	junit-platform-launcher/src/main/java/org/junit/platform/launcher/core/LauncherDiscoveryResult.java	66	12	4	0.33	true	false
junit-platform-launcher/src/main/java/org/junit/platform/launcher/core/DiscoveryIssueNotifier.java	junit-platform-launcher/src/main/java/org/junit/platform/launcher/core/EngineDiscoveryOrchestrator.java	12	27	4	0.33	false	false
junit-platform-launcher/src/main/java/org/junit/platform/launcher/core/DiscoveryIssueNotifier.java	junit-platform-launcher/src/main/java/org/junit/platform/launcher/core/EngineExecutionOrchestrator.java	12	30	4	0.33	false	false
junit-platform-launcher/src/main/java/org/junit/platform/launcher/core/DiscoveryIssueNotifier.java	junit-platform-launcher/src/main/java/org/junit/platform/launcher/core/LauncherDiscoveryResult.java	12	12	4	0.33	false	false
junit-platform-launcher/src/main/java/org/junit/platform/launcher/core/InternalTestPlan.java	junit-platform-launcher/src/main/java/org/junit/platform/launcher/core/LauncherDiscoveryResult.java	18	12	4	0.33	false	false
junit-platform-launcher/src/main/java/org/junit/platform/launcher/core/LauncherDiscoveryResult.java	junit-platform-suite-engine/src/main/java/org/junit/platform/suite/engine/SuiteLauncherDiscoveryRequestBuilder.java	12	31	4	0.33	true	true
junit-platform-launcher/src/main/java/org/junit/platform/launcher/core/LauncherDiscoveryResult.java	junit-platform-suite-engine/src/main/java/org/junit/platform/suite/engine/SuiteTestDescriptor.java	12	28	4	0.33	true	true
junit-platform-launcher/src/main/java/org/junit/platform/launcher/core/LauncherDiscoveryResult.java	junit-platform-testkit/src/main/java/org/junit/platform/testkit/engine/EngineTestKit.java	12	37	4	0.33	true	true
junit-platform-testkit/src/main/java/org/junit/platform/testkit/engine/EngineExecutionResults.java	junit-platform-testkit/src/main/java/org/junit/platform/testkit/engine/Executions.java	17	12	4	0.33	false	false
junit-platform-testkit/src/main/java/org/junit/platform/testkit/engine/EngineTestKit.java	junit-platform-testkit/src/main/java/org/junit/platform/testkit/engine/Event.java	37	12	4	0.33	false	false
junit-platform-testkit/src/main/java/org/junit/platform/testkit/engine/Event.java	junit-platform-testkit/src/main/java/org/junit/platform/testkit/engine/Executions.java	12	12	4	0.33	false	false
junit-platform-testkit/src/main/java/org/junit/platform/testkit/engine/EventConditions.java	junit-platform-testkit/src/main/java/org/junit/platform/testkit/engine/Executions.java	59	12	4	0.33	false	false
junit-jupiter-api/src/main/java/org/junit/jupiter/api/AfterAll.java	junit-jupiter-api/src/main/java/org/junit/jupiter/api/DisplayName.java	30	9	3	0.33	false	false
junit-jupiter-api/src/main/java/org/junit/jupiter/api/AfterEach.java	junit-jupiter-api/src/main/java/org/junit/jupiter/api/DisplayName.java	20	9	3	0.33	false	false
junit-jupiter-api/src/main/java/org/junit/jupiter/api/AssertArrayEquals.java	junit-jupiter-api/src/main/java/org/junit/jupiter/api/AssertInstanceOf.java	10	9	3	0.33	false	false
junit-jupiter-api/src/main/java/org/junit/jupiter/api/AssertDoesNotThrow.java	junit-jupiter-api/src/main/java/org/junit/jupiter/api/AssertInstanceOf.java	12	9	3	0.33	false	false
junit-jupiter-api/src/main/java/org/junit/jupiter/api/AssertInstanceOf.java	junit-jupiter-api/src/main/java/org/junit/jupiter/api/AssertIterableEquals.java	9	16	3	0.33	false	false
junit-jupiter-api/src/main/java/org/junit/jupiter/api/AssertInstanceOf.java	junit-jupiter-api/src/main/java/org/junit/jupiter/api/AssertLinesMatch.java	9	31	3	0.33	false	false
junit-jupiter-api/src/main/java/org/junit/jupiter/api/AssertInstanceOf.java	junit-jupiter-api/src/main/java/org/junit/jupiter/api/AssertNotEquals.java	9	10	3	0.33	false	false
junit-jupiter-api/src/main/java/org/junit/jupiter/api/AssertInstanceOf.java	junit-jupiter-api/src/main/java/org/junit/jupiter/api/AssertThrows.java	9	23	3	0.33	false	false
junit-jupiter-api/src/main/java/org/junit/jupiter/api/AssertInstanceOf.java	junit-jupiter-api/src/main/java/org/junit/jupiter/api/AssertTimeout.java	9	30	3	0.33	false	false
junit-jupiter-api/src/main/java/org/junit/jupiter/api/AssertNull.java	junit-platform-commons/src/main/java/org/junit/platform/commons/util/Preconditions.java	9	42	3	0.33	true	true
junit-jupiter-api/src/main/java/org/junit/jupiter/api/AssertTimeoutPreemptively.java	junit-jupiter-engine/src/main/java/org/junit/jupiter/engine/extension/SeparateThreadTimeoutInvocation.java	9	11	3	0.33	true	true
junit-jupiter-api/src/main/java/org/junit/jupiter/api/Assertions.java	junit-jupiter-api/src/main/java/org/junit/jupiter/api/DisplayName.java	138	9	3	0.33	false	false
junit-jupiter-api/src/main/java/org/junit/jupiter/api/BeforeAll.java	junit-jupiter-api/src/main/java/org/junit/jupiter/api/DisplayName.java	30	9	3	0.33	false	false
junit-jupiter-api/src/main/java/org/junit/jupiter/api/BeforeEach.java	junit-jupiter-api/src/main/java/org/junit/jupiter/api/DisplayName.java	21	9	3	0.33	false	false
junit-jupiter-api/src/main/java/org/junit/jupiter/api/ClassTemplate.java	junit-jupiter-engine/src/main/java/org/junit/jupiter/engine/descriptor/ClassTemplateInvocationTestDescriptor.java	9	9	3	0.33	true	true
junit-jupiter-api/src/main/java/org/junit/jupiter/api/Disabled.java	junit-jupiter-api/src/main/java/org/junit/jupiter/api/DisplayName.java	23	9	3	0.33	false	false
junit-jupiter-api/src/main/java/org/junit/jupiter/api/DisplayName.java	junit-jupiter-api/src/main/java/org/junit/jupiter/api/Nested.java	9	13	3	0.33	false	false
junit-jupiter-api/src/main/java/org/junit/jupiter/api/DisplayName.java	junit-jupiter-api/src/main/java/org/junit/jupiter/api/Tag.java	9	13	3	0.33	false	false
junit-jupiter-api/src/main/java/org/junit/jupiter/api/DisplayName.java	junit-jupiter-api/src/main/java/org/junit/jupiter/api/function/Executable.java	9	15	3	0.33	true	false
junit-jupiter-api/src/main/java/org/junit/jupiter/api/DisplayName.java	junit-jupiter-engine/src/main/java/org/junit/jupiter/engine/descriptor/JupiterTestDescriptor.java	9	94	3	0.33	true	true
junit-jupiter-api/src/main/java/org/junit/jupiter/api/extension/ExtensionContext.java	junit-jupiter-engine/src/main/java/org/junit/jupiter/engine/extension/TimeoutInvocationFactory.java	107	9	3	0.33	true	true
junit-jupiter-api/src/main/java/org/junit/jupiter/api/io/TempDir.java	junit-jupiter-api/src/main/java/org/junit/jupiter/api/io/TempDirFactory.java	28	9	3	0.33	false	false
junit-jupiter-api/src/main/java/org/junit/jupiter/api/io/TempDirFactory.java	junit-jupiter-engine/src/main/java/org/junit/jupiter/engine/extension/TempDirectory.java	9	84	3	0.33	true	true
junit-jupiter-engine/src/main/java/org/junit/jupiter/engine/Constants.java	junit-jupiter-engine/src/main/java/org/junit/jupiter/engine/extension/TimeoutInvocationFactory.java	48	9	3	0.33	true	false
junit-jupiter-engine/src/main/java/org/junit/jupiter/engine/config/DefaultJupiterConfiguration.java	junit-jupiter-engine/src/main/java/org/junit/jupiter/engine/config/InstantiatingConfigurationParameterConverter.java	34	9	3	0.33	false	false
junit-jupiter-engine/src/main/java/org/junit/jupiter/engine/config/InstantiatingConfigurationParameterConverter.java	junit-jupiter-engine/src/main/java/org/junit/jupiter/engine/discovery/MethodOrderingVisitor.java	9	16	3	0.33	true	false
junit-jupiter-engine/src/main/java/org/junit/jupiter/engine/config/InstantiatingConfigurationParameterConverter.java	junit-jupiter-params/src/main/java/org/junit/jupiter/params/provider/FieldArgumentsProvider.java	9	12	3	0.33	true	true
junit-jupiter-engine/src/main/java/org/junit/jupiter/engine/descriptor/ClassBasedTestDescriptor.java	junit-jupiter-engine/src/main/java/org/junit/jupiter/engine/extension/TimeoutInvocationFactory.java	46	9	3	0.33	true	false
junit-jupiter-engine/src/main/java/org/junit/jupiter/engine/descriptor/ClassExtensionContext.java	junit-jupiter-engine/src/main/java/org/junit/jupiter/engine/descriptor/ClassTemplateInvocationTestDescriptor.java	41	9	3	0.33	false	false
junit-jupiter-engine/src/main/java/org/junit/jupiter/engine/descriptor/ClassTemplateInvocationTestDescriptor.java	junit-jupiter-engine/src/main/java/org/junit/jupiter/engine/descriptor/ClassTemplateTestDescriptor.java	9	13	3	0.33	false	false
junit-jupiter-engine/src/main/java/org/junit/jupiter/engine/descriptor/ClassTemplateInvocationTestDescriptor.java	junit-jupiter-engine/src/main/java/org/junit/jupiter/engine/descriptor/JupiterTestDescriptor.java	9	94	3	0.33	false	false
junit-jupiter-engine/src/main/java/org/junit/jupiter/engine/descriptor/ClassTemplateInvocationTestDescriptor.java	junit-jupiter-engine/src/main/java/org/junit/jupiter/engine/descriptor/MethodBasedTestDescriptor.java	9	30	3	0.33	false	false
junit-jupiter-engine/src/main/java/org/junit/jupiter/engine/descriptor/ClassTestDescriptor.java	junit-platform-engine/src/main/java/org/junit/platform/engine/support/hierarchical/EngineExecutionContext.java	198	9	3	0.33	true	true
junit-jupiter-engine/src/main/java/org/junit/jupiter/engine/descriptor/LifecycleMethodUtils.java	junit-platform-commons/src/main/java/org/junit/platform/commons/util/FunctionUtils.java	29	9	3	0.33	true	true
junit-jupiter-engine/src/main/java/org/junit/jupiter/engine/execution/DefaultParameterContext.java	junit-jupiter-engine/src/main/java/org/junit/jupiter/engine/execution/ParameterResolutionUtils.java	9	84	3	0.33	false	false
junit-jupiter-engine/src/main/java/org/junit/jupiter/engine/extension/TimeoutInvocationFactory.java	junit-platform-engine/src/main/java/org/junit/platform/engine/support/store/NamespacedHierarchicalStore.java	9	34	3	0.33	true	true
junit-jupiter-params/src/main/java/org/junit/jupiter/params/provider/AnnotationBasedArgumentsProvider.java	junit-jupiter-params/src/main/java/org/junit/jupiter/params/provider/FieldSource.java	11	9	3	0.33	false	false
junit-jupiter-params/src/main/java/org/junit/jupiter/params/provider/ArgumentsSource.java	junit-jupiter-params/src/main/java/org/junit/jupiter/params/provider/FieldSource.java	15	9	3	0.33	false	false
junit-jupiter-params/src/main/java/org/junit/jupiter/params/provider/EnumSource.java	junit-jupiter-params/src/main/java/org/junit/jupiter/params/provider/FieldSource.java	27	9	3	0.33	false	false
junit-platform-commons/src/main/java/org/junit/platform/commons/util/FunctionUtils.java	junit-platform-commons/src/main/java/org/junit/platform/commons/util/ToStringBuilder.java	9	11	3	0.33	false	false
junit-platform-console/src/main/java/org/junit/platform/console/ConsoleLauncher.java	junit-platform-console/src/main/java/org/junit/platform/console/options/AnsiColorOptionMixin.java	61	9	3	0.33	true	false
junit-platform-console/src/main/java/org/junit/platform/console/command/DiscoveryRequestCreator.java	junit-platform-console/src/main/java/org/junit/platform/console/output/TreeNode.java	72	9	3	0.33	true	false
junit-platform-console/src/main/java/org/junit/platform/console/command/ListTestEnginesCommand.java	junit-platform-console/src/main/java/org/junit/platform/console/options/TestDiscoveryOptions.java	9	60	3	0.33	true	false
junit-platform-console/src/main/java/org/junit/platform/console/output/TreeNode.java	junit-platform-console/src/main/java/org/junit/platform/console/output/VerboseTreePrintingListener.java	9	16	3	0.33	false	false
junit-platform-engine/src/main/java/org/junit/platform/engine/support/descriptor/AbstractTestDescriptor.java	junit-platform-engine/src/main/java/org/junit/platform/engine/support/hierarchical/EngineExecutionContext.java	67	9	3	0.33	true	false
junit-platform-engine/src/main/java/org/junit/platform/engine/support/descriptor/EngineDescriptor.java	junit-platform-engine/src/main/java/org/junit/platform/engine/support/hierarchical/EngineExecutionContext.java	35	9	3	0.33	true	false
junit-platform-engine/src/main/java/org/junit/platform/engine/support/hierarchical/EngineExecutionContext.java	junit-platform-engine/src/main/java/org/junit/platform/engine/support/hierarchical/HierarchicalTestEngine.java	9	17	3	0.33	false	false
junit-vintage-engine/src/main/java/org/junit/vintage/engine/discovery/DefensiveAllDefaultPossibilitiesBuilder.java	junit-vintage-engine/src/main/java/org/junit/vintage/engine/support/UniqueIdReader.java	21	9	3	0.33	true	false
junit-vintage-engine/src/main/java/org/junit/vintage/engine/execution/TestRun.java	junit-vintage-engine/src/main/java/org/junit/vintage/engine/support/UniqueIdReader.java	29	9	3	0.33	true	false
junit-platform-engine/src/main/java/org/junit/platform/engine/discovery/PackageSelector.java	junit-platform-launcher/src/main/java/org/junit/platform/launcher/core/LauncherDiscoveryRequestBuilder.java	28	83	9	0.32	true	true
junit-platform-launcher/src/main/java/org/junit/platform/launcher/core/LauncherConfigurationParameters.java	junit-platform-launcher/src/main/java/org/junit/platform/launcher/core/LauncherDiscoveryRequestBuilder.java	28	83	9	0.32	false	false
junit-platform-suite-engine/src/main/java/org/junit/platform/suite/engine/SuiteLauncherDiscoveryRequestBuilder.java	junit-platform-suite-engine/src/main/java/org/junit/platform/suite/engine/SuiteTestDescriptor.java	31	28	9	0.32	false	false
junit-platform-console/src/main/java/org/junit/platform/console/command/DiscoveryRequestCreator.java	junit-platform-engine/src/main/java/org/junit/platform/engine/discovery/ClassNameFilter.java	72	25	8	0.32	true	true
junit-platform-testkit/src/main/java/org/junit/platform/testkit/engine/EventConditions.java	junit-platform-testkit/src/main/java/org/junit/platform/testkit/engine/Events.java	59	25	8	0.32	false	false
junit-vintage-engine/src/main/java/org/junit/vintage/engine/descriptor/RunnerTestDescriptor.java	junit-vintage-engine/src/main/java/org/junit/vintage/engine/discovery/RunnerTestDescriptorPostProcessor.java	36	25	8	0.32	true	false
junit-platform-console/src/main/java/org/junit/platform/console/command/DiscoveryRequestCreator.java	junit-platform-launcher/src/main/java/org/junit/platform/launcher/core/LauncherDiscoveryRequestBuilder.java	72	83	23	0.32	true	true
junit-platform-launcher/src/main/java/org/junit/platform/launcher/core/DefaultDiscoveryRequest.java	junit-platform-launcher/src/main/java/org/junit/platform/launcher/core/LauncherDiscoveryRequestBuilder.java	72	83	23	0.32	false	false
junit-jupiter-params/src/main/java/org/junit/jupiter/params/provider/CsvFileArgumentsProvider.java	junit-jupiter-params/src/main/java/org/junit/jupiter/params/provider/CsvSource.java	44	54	14	0.32	false	false
junit-jupiter-api/src/main/java/org/junit/jupiter/api/AssertTimeout.java	junit-jupiter-api/src/main/java/org/junit/jupiter/api/AssertionUtils.java	30	22	7	0.32	false	false
junit-jupiter-api/src/main/java/org/junit/jupiter/api/extension/AfterAllCallback.java	junit-jupiter-api/src/main/java/org/junit/jupiter/api/extension/ExtendWith.java	22	37	7	0.32	false	false
junit-jupiter-api/src/main/java/org/junit/jupiter/api/extension/AfterAllCallback.java	junit-jupiter-api/src/main/java/org/junit/jupiter/api/extension/TestInstancePostProcessor.java	22	33	7	0.32	false	false
junit-jupiter-api/src/main/java/org/junit/jupiter/api/extension/AfterAllCallback.java	junit-jupiter-engine/src/main/java/org/junit/jupiter/engine/descriptor/TestMethodTestDescriptor.java	22	196	7	0.32	true	true
junit-jupiter-api/src/main/java/org/junit/jupiter/api/extension/TestTemplateInvocationContextProvider.java	junit-jupiter-params/src/main/java/org/junit/jupiter/params/ParameterizedTestExtension.java	19	62	6	0.32	true	true
junit-jupiter-engine/src/main/java/org/junit/jupiter/engine/JupiterTestEngine.java	junit-platform-engine/src/main/java/org/junit/platform/engine/DiscoverySelector.java	134	19	6	0.32	true	true
junit-jupiter-engine/src/main/java/org/junit/jupiter/engine/descriptor/JupiterEngineExtensionContext.java	junit-jupiter-engine/src/main/java/org/junit/jupiter/engine/execution/JupiterEngineExecutionContext.java	19	36	6	0.32	true	false
junit-jupiter-engine/src/main/java/org/junit/jupiter/engine/descriptor/TestFactoryTestDescriptor.java	junit-jupiter-engine/src/main/java/org/junit/jupiter/engine/discovery/MethodSelectorResolver.java	69	19	6	0.32	true	false
junit-jupiter-engine/src/main/java/org/junit/jupiter/engine/descriptor/TestTemplateTestDescriptor.java	junit-jupiter-engine/src/main/java/org/junit/jupiter/engine/discovery/MethodSelectorResolver.java	60	19	6	0.32	true	false
junit-jupiter-engine/src/main/java/org/junit/jupiter/engine/discovery/DiscoverySelectorResolver.java	junit-jupiter-engine/src/main/java/org/junit/jupiter/engine/discovery/MethodSelectorResolver.java	176	19	6	0.32	false	false
junit-jupiter-params/src/main/java/org/junit/jupiter/params/provider/ArgumentsProvider.java	junit-jupiter-params/src/main/java/org/junit/jupiter/params/provider/EnumSource.java	19	27	6	0.32	false	false
junit-platform-engine/src/main/java/org/junit/platform/engine/discovery/ClassSelector.java	junit-vintage-engine/src/main/java/org/junit/vintage/engine/discovery/MethodSelectorResolver.java	33	19	6	0.32	true	true
junit-jupiter-params/src/main/java/org/junit/jupiter/params/ParameterizedTest.java	junit-jupiter-params/src/main/java/org/junit/jupiter/params/ParameterizedTestExtension.java	35	62	11	0.31	false	false
junit-platform-engine/src/main/java/org/junit/platform/engine/support/descriptor/EngineDescriptor.java	junit-vintage-engine/src/main/java/org/junit/vintage/engine/VintageTestEngine.java	35	74	11	0.31	true	true
junit-jupiter-params/src/main/java/org/junit/jupiter/params/provider/CsvArgumentsProvider.java	junit-jupiter-params/src/main/java/org/junit/jupiter/params/provider/MethodArgumentsProvider.java	51	61	16	0.31	false	false
junit-jupiter-engine/src/main/java/org/junit/jupiter/engine/descriptor/AbstractExtensionContext.java	junit-platform-launcher/src/main/java/org/junit/platform/launcher/core/ExecutionListenerAdapter.java	67	16	5	0.31	true	true
junit-jupiter-engine/src/main/java/org/junit/jupiter/engine/descriptor/JupiterTestDescriptor.java	junit-jupiter-engine/src/main/java/org/junit/jupiter/engine/extension/RepeatedTestExtension.java	94	16	5	0.31	true	false
junit-jupiter-engine/src/main/java/org/junit/jupiter/engine/discovery/predicates/IsTestMethod.java	junit-jupiter-engine/src/main/java/org/junit/jupiter/engine/discovery/predicates/IsTestableMethod.java	22	16	5	0.31	false	false
junit-jupiter-engine/src/main/java/org/junit/jupiter/engine/execution/ParameterResolutionUtils.java	junit-jupiter-engine/src/main/java/org/junit/jupiter/engine/extension/TestInfoParameterResolver.java	84	16	5	0.31	true	false
junit-platform-commons/src/main/java/org/junit/platform/commons/util/DefaultClasspathScanner.java	junit-platform-commons/src/main/java/org/junit/platform/commons/util/PackageUtils.java	68	16	5	0.31	false	false
junit-platform-engine/src/main/java/org/junit/platform/engine/EngineExecutionListener.java	junit-platform-launcher/src/main/java/org/junit/platform/launcher/core/ExecutionListenerAdapter.java	23	16	5	0.31	true	true
junit-platform-launcher/src/main/java/org/junit/platform/launcher/TestPlan.java	junit-platform-launcher/src/main/java/org/junit/platform/launcher/core/ExecutionListenerAdapter.java	66	16	5	0.31	true	false
junit-vintage-engine/src/main/java/org/junit/vintage/engine/descriptor/RunnerTestDescriptor.java	junit-vintage-engine/src/main/java/org/junit/vintage/engine/execution/RunnerExecutor.java	36	16	5	0.31	true	false
junit-vintage-engine/src/main/java/org/junit/vintage/engine/execution/RunnerExecutor.java	junit-vintage-engine/src/main/java/org/junit/vintage/engine/execution/TestRun.java	16	29	5	0.31	false	false
junit-jupiter-params/src/main/java/org/junit/jupiter/params/provider/MethodArgumentsProvider.java	junit-jupiter-params/src/main/java/org/junit/jupiter/params/provider/MethodSource.java	61	45	14	0.31	false	false
junit-jupiter-engine/src/main/java/org/junit/jupiter/engine/descriptor/ClassTestDescriptor.java	junit-jupiter-engine/src/main/java/org/junit/jupiter/engine/extension/ExtensionRegistry.java	198	81	25	0.31	true	false
junit-platform-console/src/main/java/org/junit/platform/console/command/ConsoleTestExecutor.java	junit-platform-launcher/src/main/java/org/junit/platform/launcher/Launcher.java	57	26	8	0.31	true	true
junit-jupiter-api/src/main/java/org/junit/jupiter/api/AfterEach.java	junit-jupiter-api/src/main/java/org/junit/jupiter/api/Nested.java	20	13	4	0.31	false	false
junit-jupiter-api/src/main/java/org/junit/jupiter/api/AssertAll.java	junit-jupiter-api/src/main/java/org/junit/jupiter/api/AssertIterableEquals.java	13	16	4	0.31	false	false
junit-jupiter-api/src/main/java/org/junit/jupiter/api/AssertAll.java	junit-jupiter-api/src/main/java/org/junit/jupiter/api/AssertLinesMatch.java	13	31	4	0.31	false	false
junit-jupiter-api/src/main/java/org/junit/jupiter/api/AssertAll.java	junit-jupiter-api/src/main/java/org/junit/jupiter/api/AssertTimeout.java	13	30	4	0.31	false	false
junit-jupiter-api/src/main/java/org/junit/jupiter/api/AssertAll.java	junit-jupiter-api/src/main/java/org/junit/jupiter/api/AssertTrue.java	13	13	4	0.31	false	false
junit-jupiter-api/src/main/java/org/junit/jupiter/api/AssertAll.java	junit-jupiter-api/src/main/java/org/junit/jupiter/api/AssertionUtils.java	13	22	4	0.31	false	false
junit-jupiter-api/src/main/java/org/junit/jupiter/api/BeforeEach.java	junit-jupiter-api/src/main/java/org/junit/jupiter/api/Nested.java	21	13	4	0.31	false	false
junit-jupiter-api/src/main/java/org/junit/jupiter/api/Disabled.java	junit-jupiter-api/src/main/java/org/junit/jupiter/api/Nested.java	23	13	4	0.31	false	false
junit-jupiter-api/src/main/java/org/junit/jupiter/api/Disabled.java	junit-jupiter-api/src/main/java/org/junit/jupiter/api/condition/DisabledForJreRange.java	23	13	4	0.31	true	false
junit-jupiter-api/src/main/java/org/junit/jupiter/api/Nested.java	junit-jupiter-api/src/main/java/org/junit/jupiter/api/Test.java	13	25	4	0.31	false	false
junit-jupiter-api/src/main/java/org/junit/jupiter/api/Nested.java	junit-jupiter-engine/src/main/java/org/junit/jupiter/engine/discovery/DiscoverySelectorResolver.java	13	176	4	0.31	true	true
junit-jupiter-api/src/main/java/org/junit/jupiter/api/extension/BeforeTestExecutionCallback.java	junit-jupiter-api/src/main/java/org/junit/jupiter/api/extension/ExecutionCondition.java	13	17	4	0.31	false	false
junit-jupiter-engine/src/main/java/org/junit/jupiter/engine/descriptor/ClassBasedTestDescriptor.java	junit-jupiter-engine/src/main/java/org/junit/jupiter/engine/descriptor/ClassTemplateTestDescriptor.java	46	13	4	0.31	false	false
junit-jupiter-engine/src/main/java/org/junit/jupiter/engine/descriptor/ClassTemplateTestDescriptor.java	junit-jupiter-engine/src/main/java/org/junit/jupiter/engine/discovery/ClassSelectorResolver.java	13	21	4	0.31	true	false
junit-jupiter-engine/src/main/java/org/junit/jupiter/engine/descriptor/ClassTemplateTestDescriptor.java	junit-jupiter-engine/src/main/java/org/junit/jupiter/engine/discovery/DiscoverySelectorResolver.java	13	176	4	0.31	true	false
junit-jupiter-engine/src/main/java/org/junit/jupiter/engine/descriptor/TestMethodTestDescriptor.java	junit-jupiter-engine/src/main/java/org/junit/jupiter/engine/execution/NamespaceAwareStore.java	196	13	4	0.31	true	false
junit-jupiter-engine/src/main/java/org/junit/jupiter/engine/execution/ParameterResolutionUtils.java	junit-jupiter-engine/src/main/java/org/junit/jupiter/engine/extension/TestReporterParameterResolver.java	84	13	4	0.31	true	false
junit-jupiter-engine/src/main/java/org/junit/jupiter/engine/extension/TestInfoParameterResolver.java	junit-jupiter-engine/src/main/java/org/junit/jupiter/engine/extension/TestReporterParameterResolver.java	16	13	4	0.31	false	false
junit-jupiter-migrationsupport/src/main/java/org/junit/jupiter/migrationsupport/rules/ExpectedExceptionSupport.java	junit-jupiter-migrationsupport/src/main/java/org/junit/jupiter/migrationsupport/rules/adapter/AbstractTestRuleAdapter.java	13	17	4	0.31	true	false
junit-jupiter-params/src/main/java/org/junit/jupiter/params/ParameterizedTestExtension.java	junit-jupiter-params/src/main/java/org/junit/jupiter/params/aggregator/DefaultArgumentsAccessor.java	62	13	4	0.31	true	false
junit-jupiter-params/src/main/java/org/junit/jupiter/params/ResolverFacade.java	junit-jupiter-params/src/main/java/org/junit/jupiter/params/aggregator/DefaultArgumentsAccessor.java	19	13	4	0.31	true	false
junit-platform-launcher/src/main/java/org/junit/platform/launcher/core/DiscoveryIssueCollector.java	junit-platform-launcher/src/main/java/org/junit/platform/launcher/core/EngineExecutionOrchestrator.java	13	30	4	0.31	false	false
junit-jupiter-engine/src/main/java/org/junit/jupiter/engine/descriptor/MethodExtensionContext.java	junit-jupiter-engine/src/main/java/org/junit/jupiter/engine/execution/JupiterEngineExecutionContext.java	42	36	11	0.31	true	false
junit-jupiter-engine/src/main/java/org/junit/jupiter/engine/descriptor/ClassBasedTestDescriptor.java	junit-jupiter-engine/src/main/java/org/junit/jupiter/engine/descriptor/JupiterTestDescriptor.java	46	94	14	0.30	false	false
junit-platform-commons/src/main/java/org/junit/platform/commons/support/AnnotationSupport.java	junit-platform-commons/src/main/java/org/junit/platform/commons/util/AnnotationUtils.java	46	90	14	0.30	true	false
junit-platform-commons/src/main/java/org/junit/platform/commons/support/AnnotationSupport.java	junit-platform-commons/src/main/java/org/junit/platform/commons/util/ReflectionUtils.java	46	287	14	0.30	true	false
junit-jupiter-api/src/main/java/org/junit/jupiter/api/TestReporter.java	junit-platform-engine/src/main/java/org/junit/platform/engine/EngineExecutionListener.java	27	23	7	0.30	true	true
junit-jupiter-api/src/main/java/org/junit/jupiter/api/extension/ExtensionContext.java	junit-platform-engine/src/main/java/org/junit/platform/engine/EngineExecutionListener.java	107	23	7	0.30	true	true
junit-platform-console/src/main/java/org/junit/platform/console/command/DiscoveryRequestCreator.java	junit-platform-launcher/src/main/java/org/junit/platform/launcher/LauncherDiscoveryRequest.java	72	23	7	0.30	true	true
junit-platform-engine/src/main/java/org/junit/platform/engine/discovery/ClassSelector.java	junit-platform-launcher/src/main/java/org/junit/platform/launcher/core/LauncherDiscoveryRequestBuilder.java	33	83	10	0.30	true	true
junit-platform-engine/src/main/java/org/junit/platform/engine/TestEngine.java	junit-vintage-engine/src/main/java/org/junit/vintage/engine/VintageTestEngine.java	50	74	15	0.30	true	true
junit-jupiter-engine/src/main/java/org/junit/jupiter/engine/descriptor/ClassTestDescriptor.java	junit-jupiter-engine/src/main/java/org/junit/jupiter/engine/execution/ConditionEvaluator.java	198	40	12	0.30	true	false
junit-jupiter-engine/src/main/java/org/junit/jupiter/engine/descriptor/TestMethodTestDescriptor.java	junit-jupiter-engine/src/main/java/org/junit/jupiter/engine/execution/ConditionEvaluator.java	196	40	12	0.30	true	false
junit-jupiter-engine/src/main/java/org/junit/jupiter/engine/descriptor/ClassBasedTestDescriptor.java	junit-jupiter-engine/src/main/java/org/junit/jupiter/engine/descriptor/MethodBasedTestDescriptor.java	46	30	9	0.30	false	false
junit-platform-launcher/src/main/java/org/junit/platform/launcher/core/EngineExecutionOrchestrator.java	junit-platform-testkit/src/main/java/org/junit/platform/testkit/engine/EngineTestKit.java	30	37	9	0.30	true	true
junit-jupiter-api/src/main/java/org/junit/jupiter/api/extension/AfterEachCallback.java	junit-jupiter-api/src/main/java/org/junit/jupiter/api/extension/TestInstancePostProcessor.java	20	33	6	0.30	false	false
junit-jupiter-api/src/main/java/org/junit/jupiter/api/extension/BeforeEachCallback.java	junit-jupiter-api/src/main/java/org/junit/jupiter/api/extension/TestInstancePostProcessor.java	20	33	6	0.30	false	false
junit-jupiter-engine/src/main/java/org/junit/jupiter/engine/descriptor/ClassTestDescriptor.java	junit-jupiter-engine/src/main/java/org/junit/jupiter/engine/descriptor/TestTemplateInvocationTestDescriptor.java	198	20	6	0.30	false	false
junit-jupiter-engine/src/main/java/org/junit/jupiter/engine/descriptor/MethodBasedTestDescriptor.java	junit-jupiter-engine/src/main/java/org/junit/jupiter/engine/descriptor/TestTemplateInvocationTestDescriptor.java	30	20	6	0.30	false	false
junit-jupiter-engine/src/main/java/org/junit/jupiter/engine/descriptor/TestTemplateInvocationTestDescriptor.java	junit-jupiter-engine/src/main/java/org/junit/jupiter/engine/descriptor/TestTemplateTestDescriptor.java	20	60	6	0.30	false	false
junit-jupiter-params/src/main/java/org/junit/jupiter/params/ParameterizedTestExtension.java	junit-jupiter-params/src/main/java/org/junit/jupiter/params/converter/ArgumentConverter.java	62	20	6	0.30	true	false
junit-jupiter-params/src/main/java/org/junit/jupiter/params/converter/ArgumentConverter.java	junit-jupiter-params/src/main/java/org/junit/jupiter/params/converter/DefaultArgumentConverter.java	20	41	6	0.30	false	false
junit-jupiter-params/src/main/java/org/junit/jupiter/params/converter/ArgumentConverter.java	junit-jupiter-params/src/main/java/org/junit/jupiter/params/provider/CsvSource.java	20	54	6	0.30	true	false
junit-jupiter-params/src/main/java/org/junit/jupiter/params/converter/ArgumentConverter.java	junit-jupiter-params/src/main/java/org/junit/jupiter/params/provider/ValueSource.java	20	21	6	0.30	true	false
junit-jupiter-api/src/main/java/org/junit/jupiter/api/AfterAll.java	junit-jupiter-api/src/main/java/org/junit/jupiter/api/Tags.java	30	10	3	0.30	false	false
junit-jupiter-api/src/main/java/org/junit/jupiter/api/AfterEach.java	junit-jupiter-api/src/main/java/org/junit/jupiter/api/Tags.java	20	10	3	0.30	false	false
junit-jupiter-api/src/main/java/org/junit/jupiter/api/AssertArrayEquals.java	junit-jupiter-api/src/main/java/org/junit/jupiter/api/Assertions.java	10	138	3	0.30	false	false
junit-jupiter-api/src/main/java/org/junit/jupiter/api/AssertArrayEquals.java	junit-jupiter-params/src/main/java/org/junit/jupiter/params/support/AnnotationConsumerInitializer.java	10	21	3	0.30	true	true
junit-jupiter-api/src/main/java/org/junit/jupiter/api/AssertNotEquals.java	junit-platform-commons/src/main/java/org/junit/platform/commons/util/Preconditions.java	10	42	3	0.30	true	true
junit-jupiter-api/src/main/java/org/junit/jupiter/api/BeforeAll.java	junit-jupiter-api/src/main/java/org/junit/jupiter/api/Tags.java	30	10	3	0.30	false	false
junit-jupiter-api/src/main/java/org/junit/jupiter/api/BeforeEach.java	junit-jupiter-api/src/main/java/org/junit/jupiter/api/Tags.java	21	10	3	0.30	false	false
junit-jupiter-api/src/main/java/org/junit/jupiter/api/Disabled.java	junit-jupiter-api/src/main/java/org/junit/jupiter/api/Tags.java	23	10	3	0.30	false	false
junit-jupiter-api/src/main/java/org/junit/jupiter/api/DisplayNameGenerator.java	junit-jupiter-engine/src/main/java/org/junit/jupiter/engine/extension/AutoCloseExtension.java	35	10	3	0.30	true	true
junit-jupiter-api/src/main/java/org/junit/jupiter/api/Nested.java	junit-jupiter-api/src/main/java/org/junit/jupiter/api/Tags.java	13	10	3	0.30	false	false
junit-jupiter-api/src/main/java/org/junit/jupiter/api/RepeatedTest.java	junit-jupiter-params/src/main/java/org/junit/jupiter/params/ParameterizedTest.java	10	35	3	0.30	true	true
junit-jupiter-api/src/main/java/org/junit/jupiter/api/Tags.java	junit-jupiter-api/src/main/java/org/junit/jupiter/api/Test.java	10	25	3	0.30	false	false
junit-jupiter-api/src/main/java/org/junit/jupiter/api/Tags.java	junit-jupiter-api/src/main/java/org/junit/jupiter/api/function/Executable.java	10	15	3	0.30	true	false
junit-jupiter-api/src/main/java/org/junit/jupiter/api/extension/Extension.java	junit-jupiter-api/src/main/java/org/junit/jupiter/api/extension/TestInstancePreConstructCallback.java	17	10	3	0.30	false	false
junit-jupiter-api/src/main/java/org/junit/jupiter/api/extension/InvocationInterceptor.java	junit-jupiter-api/src/main/java/org/junit/jupiter/api/extension/TestInstantiationAwareExtension.java	17	10	3	0.30	false	false
junit-jupiter-api/src/main/java/org/junit/jupiter/api/extension/TestInstanceFactory.java	junit-jupiter-api/src/main/java/org/junit/jupiter/api/extension/TestInstantiationAwareExtension.java	14	10	3	0.30	false	false
junit-jupiter-api/src/main/java/org/junit/jupiter/api/extension/TestInstancePostProcessor.java	junit-jupiter-api/src/main/java/org/junit/jupiter/api/extension/TestInstantiationAwareExtension.java	33	10	3	0.30	false	false
junit-jupiter-api/src/main/java/org/junit/jupiter/api/extension/TestInstancePreConstructCallback.java	junit-jupiter-api/src/main/java/org/junit/jupiter/api/extension/TestInstantiationAwareExtension.java	10	10	3	0.30	false	false
junit-jupiter-api/src/main/java/org/junit/jupiter/api/extension/TestInstantiationAwareExtension.java	junit-jupiter-engine/src/main/java/org/junit/jupiter/engine/config/DefaultJupiterConfiguration.java	10	34	3	0.30	true	true
junit-jupiter-engine/src/main/java/org/junit/jupiter/engine/descriptor/DisplayNameUtils.java	junit-jupiter-engine/src/main/java/org/junit/jupiter/engine/extension/AutoCloseExtension.java	21	10	3	0.30	true	false
junit-jupiter-engine/src/main/java/org/junit/jupiter/engine/descriptor/TestFactoryTestDescriptor.java	junit-platform-engine/src/main/java/org/junit/platform/engine/support/discovery/EngineDiscoveryRequestResolution.java	69	10	3	0.30	true	true
junit-jupiter-engine/src/main/java/org/junit/jupiter/engine/descriptor/TestMethodTestDescriptor.java	junit-jupiter-engine/src/main/java/org/junit/jupiter/engine/support/OpenTest4JAndJUnit4AwareThrowableCollector.java	196	10	3	0.30	true	false
junit-jupiter-engine/src/main/java/org/junit/jupiter/engine/discovery/ClassOrderingVisitor.java	junit-jupiter-engine/src/main/java/org/junit/jupiter/engine/extension/AutoCloseExtension.java	14	10	3	0.30	true	false
junit-jupiter-engine/src/main/java/org/junit/jupiter/engine/discovery/ClassSelectorResolver.java	junit-platform-engine/src/main/java/org/junit/platform/engine/support/discovery/EngineDiscoveryRequestResolution.java	21	10	3	0.30	true	true
junit-jupiter-engine/src/main/java/org/junit/jupiter/engine/discovery/DiscoverySelectorResolver.java	junit-platform-engine/src/main/java/org/junit/platform/engine/support/discovery/EngineDiscoveryRequestResolution.java	176	10	3	0.30	true	true
junit-jupiter-engine/src/main/java/org/junit/jupiter/engine/discovery/predicates/TestClassPredicates.java	junit-platform-commons/src/main/java/org/junit/platform/commons/util/ReflectionUtils.java	10	287	3	0.30	true	true
junit-jupiter-engine/src/main/java/org/junit/jupiter/engine/execution/JupiterEngineExecutionContext.java	junit-jupiter-engine/src/main/java/org/junit/jupiter/engine/extension/AutoCloseExtension.java	36	10	3	0.30	true	false
junit-jupiter-engine/src/main/java/org/junit/jupiter/engine/extension/AutoCloseExtension.java	junit-jupiter-migrationsupport/src/main/java/org/junit/jupiter/migrationsupport/rules/TestRuleSupport.java	10	34	3	0.30	true	true
junit-jupiter-engine/src/main/java/org/junit/jupiter/engine/extension/AutoCloseExtension.java	junit-jupiter-params/src/main/java/org/junit/jupiter/params/provider/FieldArgumentsProvider.java	10	12	3	0.30	true	true
junit-jupiter-engine/src/main/java/org/junit/jupiter/engine/extension/ExtensionRegistry.java	junit-platform-launcher/src/main/java/org/junit/platform/launcher/core/ServiceLoaderRegistry.java	81	10	3	0.30	true	true
junit-jupiter-params/src/main/java/org/junit/jupiter/params/provider/ArgumentsSource.java	junit-jupiter-params/src/main/java/org/junit/jupiter/params/provider/EmptySource.java	15	10	3	0.30	false	false
junit-jupiter-params/src/main/java/org/junit/jupiter/params/provider/ArgumentsSources.java	junit-jupiter-params/src/main/java/org/junit/jupiter/params/provider/EmptySource.java	11	10	3	0.30	false	false
junit-platform-commons/src/main/java/org/junit/platform/commons/util/DefaultClasspathScanner.java	junit-platform-launcher/src/main/java/org/junit/platform/launcher/EngineFilter.java	68	10	3	0.30	true	true
junit-platform-commons/src/main/java/org/junit/platform/commons/util/DefaultClasspathScanner.java	junit-platform-launcher/src/main/java/org/junit/platform/launcher/core/ServiceLoaderRegistry.java	68	10	3	0.30	true	true
junit-platform-console/src/main/java/org/junit/platform/console/command/BaseCommand.java	junit-platform-console/src/main/java/org/junit/platform/console/options/TestConsoleOutputOptionsMixin.java	12	10	3	0.30	true	false
junit-platform-console/src/main/java/org/junit/platform/console/command/ConsoleTestExecutor.java	junit-platform-console/src/main/java/org/junit/platform/console/command/DiscoverTestsCommand.java	57	10	3	0.30	false	false
junit-platform-console/src/main/java/org/junit/platform/console/command/ConsoleTestExecutor.java	junit-platform-console/src/main/java/org/junit/platform/console/options/TestConsoleOutputOptionsMixin.java	57	10	3	0.30	true	false
junit-platform-console/src/main/java/org/junit/platform/console/command/DiscoverTestsCommand.java	junit-platform-console/src/main/java/org/junit/platform/console/options/TestConsoleOutputOptionsMixin.java	10	10	3	0.30	true	false
junit-platform-console/src/main/java/org/junit/platform/console/command/DiscoveryRequestCreator.java	junit-platform-console/src/main/java/org/junit/platform/console/options/TestConsoleOutputOptionsMixin.java	72	10	3	0.30	true	false
junit-platform-console/src/main/java/org/junit/platform/console/options/TestConsoleOutputOptionsMixin.java	junit-platform-console/src/main/java/org/junit/platform/console/options/TestDiscoveryOptions.java	10	60	3	0.30	false	false
junit-platform-console/src/main/java/org/junit/platform/console/options/TestConsoleOutputOptionsMixin.java	junit-platform-console/src/main/java/org/junit/platform/console/output/TreePrintingListener.java	10	15	3	0.30	true	false
junit-platform-console/src/main/java/org/junit/platform/console/options/TestDiscoveryOptions.java	junit-platform-launcher/src/main/java/org/junit/platform/launcher/EngineFilter.java	60	10	3	0.30	true	true
junit-platform-engine/src/main/java/org/junit/platform/engine/FilterResult.java	junit-platform-engine/src/main/java/org/junit/platform/engine/TestExecutionResult.java	15	10	3	0.30	false	false
junit-platform-engine/src/main/java/org/junit/platform/engine/TestDescriptor.java	junit-platform-engine/src/main/java/org/junit/platform/engine/TestExecutionResult.java	84	10	3	0.30	false	false
junit-platform-engine/src/main/java/org/junit/platform/engine/UniqueId.java	junit-platform-engine/src/main/java/org/junit/platform/engine/support/descriptor/ClasspathResourceSource.java	57	10	3	0.30	true	false
junit-platform-engine/src/main/java/org/junit/platform/engine/discovery/FileSelector.java	junit-platform-engine/src/main/java/org/junit/platform/engine/discovery/NestedClassSelector.java	10	12	3	0.30	false	false
junit-platform-engine/src/main/java/org/junit/platform/engine/discovery/FileSelector.java	junit-platform-engine/src/main/java/org/junit/platform/engine/discovery/NestedMethodSelector.java	10	14	3	0.30	false	false
junit-platform-engine/src/main/java/org/junit/platform/engine/support/descriptor/ClasspathResourceSource.java	junit-platform-engine/src/main/java/org/junit/platform/engine/support/descriptor/DirectorySource.java	10	11	3	0.30	false	false
junit-platform-engine/src/main/java/org/junit/platform/engine/support/descriptor/ClasspathResourceSource.java	junit-platform-engine/src/main/java/org/junit/platform/engine/support/descriptor/FilePosition.java	10	13	3	0.30	false	false
junit-platform-engine/src/main/java/org/junit/platform/engine/support/descriptor/ClasspathResourceSource.java	junit-platform-engine/src/main/java/org/junit/platform/engine/support/descriptor/PackageSource.java	10	14	3	0.30	false	false
junit-platform-engine/src/main/java/org/junit/platform/engine/support/hierarchical/LockManager.java	junit-platform-engine/src/main/java/org/junit/platform/engine/support/hierarchical/NodeTestTask.java	10	27	3	0.30	false	false
junit-platform-launcher/src/main/java/org/junit/platform/launcher/EngineFilter.java	junit-platform-launcher/src/main/java/org/junit/platform/launcher/LauncherDiscoveryRequest.java	10	23	3	0.30	false	false
junit-platform-launcher/src/main/java/org/junit/platform/launcher/EngineFilter.java	junit-platform-launcher/src/main/java/org/junit/platform/launcher/core/DefaultDiscoveryRequest.java	10	72	3	0.30	true	false
junit-platform-launcher/src/main/java/org/junit/platform/launcher/LauncherDiscoveryListener.java	junit-platform-launcher/src/main/java/org/junit/platform/launcher/core/LauncherFactory.java	10	32	3	0.30	true	false
junit-platform-launcher/src/main/java/org/junit/platform/launcher/LauncherDiscoveryListener.java	junit-platform-launcher/src/main/java/org/junit/platform/launcher/jfr/FlightRecordingExecutionListener.java	10	19	3	0.30	true	false
junit-platform-launcher/src/main/java/org/junit/platform/launcher/core/EngineDiscoveryOrchestrator.java	junit-platform-suite-engine/src/main/java/org/junit/platform/suite/engine/ClassSelectorResolver.java	27	10	3	0.30	true	true
junit-platform-launcher/src/main/java/org/junit/platform/launcher/core/EngineExecutionOrchestrator.java	junit-platform-suite-engine/src/main/java/org/junit/platform/suite/engine/ClassSelectorResolver.java	30	10	3	0.30	true	true
junit-platform-launcher/src/main/java/org/junit/platform/launcher/core/LauncherConfigurationParameters.java	junit-platform-launcher/src/main/java/org/junit/platform/launcher/core/ServiceLoaderRegistry.java	28	10	3	0.30	false	false
junit-platform-launcher/src/main/java/org/junit/platform/launcher/core/LauncherDiscoveryRequestBuilder.java	junit-platform-suite-engine/src/main/java/org/junit/platform/suite/engine/ClassSelectorResolver.java	83	10	3	0.30	true	true
junit-platform-launcher/src/main/java/org/junit/platform/launcher/core/LauncherDiscoveryResult.java	junit-platform-suite-engine/src/main/java/org/junit/platform/suite/engine/ClassSelectorResolver.java	12	10	3	0.30	true	true
junit-platform-launcher/src/main/java/org/junit/platform/launcher/listeners/OutputDir.java	junit-platform-launcher/src/main/java/org/junit/platform/launcher/listeners/UniqueIdTrackingListener.java	10	13	3	0.30	false	false
junit-platform-suite-api/src/main/java/org/junit/platform/suite/api/Suite.java	junit-platform-suite-engine/src/main/java/org/junit/platform/suite/engine/ClassSelectorResolver.java	11	10	3	0.30	true	true
