file	cluster	module	package
jabgui/src/main/java/org/jabref/gui/JabRefGuiStateManager.java	0	jabgui	org.jabref.gui
jabgui/src/main/java/org/jabref/gui/LibraryTab.java	0	jabgui	org.jabref.gui
jabgui/src/main/java/org/jabref/gui/LibraryTabContainer.java	0	jabgui	org.jabref.gui
jabgui/src/main/java/org/jabref/gui/StateManager.java	0	jabgui	org.jabref.gui
jabgui/src/main/java/org/jabref/gui/actions/ActionFactory.java	0	jabgui	org.jabref.gui.actions
jabgui/src/main/java/org/jabref/gui/actions/JabRefAction.java	0	jabgui	org.jabref.gui.actions
jabgui/src/main/java/org/jabref/gui/autocompleter/WordSuggestionProvider.java	0	jabgui	org.jabref.gui.autocompleter
jabgui/src/main/java/org/jabref/gui/auximport/FromAuxDialog.java	0	jabgui	org.jabref.gui.auximport
jabgui/src/main/java/org/jabref/gui/auximport/NewSubLibraryAction.java	0	jabgui	org.jabref.gui.auximport
jabgui/src/main/java/org/jabref/gui/backup/BackupResolverDialog.java	0	jabgui	org.jabref.gui.backup
jabgui/src/main/java/org/jabref/gui/citationkeypattern/GenerateCitationKeyAction.java	0	jabgui	org.jabref.gui.citationkeypattern
jabgui/src/main/java/org/jabref/gui/citationkeypattern/GenerateCitationKeySingleAction.java	0	jabgui	org.jabref.gui.citationkeypattern
jabgui/src/main/java/org/jabref/gui/copyfiles/CopyFilesAction.java	0	jabgui	org.jabref.gui.copyfiles
jabgui/src/main/java/org/jabref/gui/copyfiles/CopyFilesDialogView.java	0	jabgui	org.jabref.gui.copyfiles
jabgui/src/main/java/org/jabref/gui/copyfiles/CopyFilesTask.java	0	jabgui	org.jabref.gui.copyfiles
jabgui/src/main/java/org/jabref/gui/dialogs/AutosaveUiManager.java	0	jabgui	org.jabref.gui.dialogs
jabgui/src/main/java/org/jabref/gui/dialogs/BackupUIManager.java	0	jabgui	org.jabref.gui.dialogs
jabgui/src/main/java/org/jabref/gui/duplicationFinder/DuplicateSearch.java	0	jabgui	org.jabref.gui.duplicationFinder
jabgui/src/main/java/org/jabref/gui/edit/CopyMoreAction.java	0	jabgui	org.jabref.gui.edit
jabgui/src/main/java/org/jabref/gui/edit/ManageKeywordsAction.java	0	jabgui	org.jabref.gui.edit
jabgui/src/main/java/org/jabref/gui/edit/OpenBrowserAction.java	0	jabgui	org.jabref.gui.edit
jabgui/src/main/java/org/jabref/gui/edit/ReplaceStringAction.java	0	jabgui	org.jabref.gui.edit
jabgui/src/main/java/org/jabref/gui/edit/ReplaceStringView.java	0	jabgui	org.jabref.gui.edit
jabgui/src/main/java/org/jabref/gui/edit/ReplaceStringViewModel.java	0	jabgui	org.jabref.gui.edit
jabgui/src/main/java/org/jabref/gui/entryeditor/EntryEditorTab.java	0	jabgui	org.jabref.gui.entryeditor
jabgui/src/main/java/org/jabref/gui/entryeditor/OpenEntryEditorAction.java	0	jabgui	org.jabref.gui.entryeditor
jabgui/src/main/java/org/jabref/gui/entryeditor/PreviewSwitchAction.java	0	jabgui	org.jabref.gui.entryeditor
jabgui/src/main/java/org/jabref/gui/exporter/ExportToClipboardAction.java	0	jabgui	org.jabref.gui.exporter
jabgui/src/main/java/org/jabref/gui/exporter/SaveAction.java	0	jabgui	org.jabref.gui.exporter
jabgui/src/main/java/org/jabref/gui/exporter/SaveAllAction.java	0	jabgui	org.jabref.gui.exporter
jabgui/src/main/java/org/jabref/gui/exporter/SaveDatabaseAction.java	0	jabgui	org.jabref.gui.exporter
jabgui/src/main/java/org/jabref/gui/externalfiles/AutoLinkFilesAction.java	0	jabgui	org.jabref.gui.externalfiles
jabgui/src/main/java/org/jabref/gui/externalfiles/AutoSetFileLinksUtil.java	0	jabgui	org.jabref.gui.externalfiles
jabgui/src/main/java/org/jabref/gui/externalfiles/DownloadFullTextAction.java	0	jabgui	org.jabref.gui.externalfiles
jabgui/src/main/java/org/jabref/gui/externalfiles/FindUnlinkedFilesAction.java	0	jabgui	org.jabref.gui.externalfiles
jabgui/src/main/java/org/jabref/gui/fieldeditors/FieldNameLabel.java	0	jabgui	org.jabref.gui.fieldeditors
jabgui/src/main/java/org/jabref/gui/frame/FileHistoryMenu.java	0	jabgui	org.jabref.gui.frame
jabgui/src/main/java/org/jabref/gui/frame/JabRefFrame.java	0	jabgui	org.jabref.gui.frame
jabgui/src/main/java/org/jabref/gui/frame/OpenConsoleAction.java	0	jabgui	org.jabref.gui.frame
jabgui/src/main/java/org/jabref/gui/frame/SendAsEMailAction.java	0	jabgui	org.jabref.gui.frame
jabgui/src/main/java/org/jabref/gui/frame/SendAsStandardEmailAction.java	0	jabgui	org.jabref.gui.frame
jabgui/src/main/java/org/jabref/gui/help/AboutAction.java	0	jabgui	org.jabref.gui.help
jabgui/src/main/java/org/jabref/gui/help/AboutDialogView.java	0	jabgui	org.jabref.gui.help
jabgui/src/main/java/org/jabref/gui/help/AboutDialogViewModel.java	0	jabgui	org.jabref.gui.help
jabgui/src/main/java/org/jabref/gui/help/ErrorConsoleAction.java	0	jabgui	org.jabref.gui.help
jabgui/src/main/java/org/jabref/gui/help/HelpAction.java	0	jabgui	org.jabref.gui.help
jabgui/src/main/java/org/jabref/gui/help/NewVersionDialog.java	0	jabgui	org.jabref.gui.help
jabgui/src/main/java/org/jabref/gui/importer/ImportEntriesViewModel.java	0	jabgui	org.jabref.gui.importer
jabgui/src/main/java/org/jabref/gui/importer/NewDatabaseAction.java	0	jabgui	org.jabref.gui.importer
jabgui/src/main/java/org/jabref/gui/importer/NewEntryAction.java	0	jabgui	org.jabref.gui.importer
jabgui/src/main/java/org/jabref/gui/importer/actions/CheckForNewEntryTypesAction.java	0	jabgui	org.jabref.gui.importer.actions
jabgui/src/main/java/org/jabref/gui/importer/actions/GUIPostOpenAction.java	0	jabgui	org.jabref.gui.importer.actions
jabgui/src/main/java/org/jabref/gui/importer/actions/ImportCommand.java	0	jabgui	org.jabref.gui.importer.actions
jabgui/src/main/java/org/jabref/gui/importer/actions/OpenDatabaseAction.java	0	jabgui	org.jabref.gui.importer.actions
jabgui/src/main/java/org/jabref/gui/importer/fetcher/LookupIdentifierAction.java	0	jabgui	org.jabref.gui.importer.fetcher
jabgui/src/main/java/org/jabref/gui/integrity/IntegrityCheckAction.java	0	jabgui	org.jabref.gui.integrity
jabgui/src/main/java/org/jabref/gui/libraryproperties/LibraryPropertiesAction.java	0	jabgui	org.jabref.gui.libraryproperties
jabgui/src/main/java/org/jabref/gui/linkedfile/AttachFileAction.java	0	jabgui	org.jabref.gui.linkedfile
jabgui/src/main/java/org/jabref/gui/maintable/OpenFolderAction.java	0	jabgui	org.jabref.gui.maintable
jabgui/src/main/java/org/jabref/gui/maintable/OpenUrlAction.java	0	jabgui	org.jabref.gui.maintable
jabgui/src/main/java/org/jabref/gui/maintable/RightClickMenu.java	0	jabgui	org.jabref.gui.maintable
jabgui/src/main/java/org/jabref/gui/maintable/SearchShortScienceAction.java	0	jabgui	org.jabref.gui.maintable
jabgui/src/main/java/org/jabref/gui/maintable/columns/FileColumn.java	0	jabgui	org.jabref.gui.maintable.columns
jabgui/src/main/java/org/jabref/gui/menus/ChangeEntryTypeAction.java	0	jabgui	org.jabref.gui.menus
jabgui/src/main/java/org/jabref/gui/menus/ChangeEntryTypeMenu.java	0	jabgui	org.jabref.gui.menus
jabgui/src/main/java/org/jabref/gui/mergeentries/MergeWithFetchedEntryAction.java	0	jabgui	org.jabref.gui.mergeentries
jabgui/src/main/java/org/jabref/gui/preferences/PreferencesFilterDialog.java	0	jabgui	org.jabref.gui.preferences
jabgui/src/main/java/org/jabref/gui/preferences/ShowPreferencesAction.java	0	jabgui	org.jabref.gui.preferences
jabgui/src/main/java/org/jabref/gui/preferences/customimporter/CustomImporterTab.java	0	jabgui	org.jabref.gui.preferences.customimporter
jabgui/src/main/java/org/jabref/gui/preferences/protectedterms/NewProtectedTermsFileDialog.java	0	jabgui	org.jabref.gui.preferences.protectedterms
jabgui/src/main/java/org/jabref/gui/preferences/protectedterms/ProtectedTermsTab.java	0	jabgui	org.jabref.gui.preferences.protectedterms
jabgui/src/main/java/org/jabref/gui/preferences/protectedterms/ProtectedTermsTabViewModel.java	0	jabgui	org.jabref.gui.preferences.protectedterms
jabgui/src/main/java/org/jabref/gui/search/RebuildFulltextSearchIndexAction.java	0	jabgui	org.jabref.gui.search
jabgui/src/main/java/org/jabref/gui/shared/ConnectToSharedDatabaseCommand.java	0	jabgui	org.jabref.gui.shared
jabgui/src/main/java/org/jabref/gui/specialfields/SpecialFieldAction.java	0	jabgui	org.jabref.gui.specialfields
jabgui/src/main/java/org/jabref/gui/specialfields/SpecialFieldMenuItemFactory.java	0	jabgui	org.jabref.gui.specialfields
jabgui/src/main/java/org/jabref/gui/specialfields/SpecialFieldValueViewModel.java	0	jabgui	org.jabref.gui.specialfields
jabgui/src/main/java/org/jabref/gui/specialfields/SpecialFieldViewModel.java	0	jabgui	org.jabref.gui.specialfields
jabgui/src/main/java/org/jabref/gui/util/FileDialogConfiguration.java	0	jabgui	org.jabref.gui.util
jabgui/src/main/java/org/jabref/gui/util/FileFilterConverter.java	0	jabgui	org.jabref.gui.util
jabgui/src/main/java/org/jabref/gui/util/IconValidationDecorator.java	0	jabgui	org.jabref.gui.util
jabgui/src/main/java/org/jabref/gui/util/comparator/RankingFieldComparator.java	0	jabgui	org.jabref.gui.util.comparator
jabgui/src/main/java/org/jabref/migrations/ConvertLegacyExplicitGroups.java	0	jabgui	org.jabref.migrations
jablib/src/main/java/org/jabref/logic/exporter/Exporter.java	0	jablib	org.jabref.logic.exporter
jablib/src/main/java/org/jabref/logic/exporter/MSBibExporter.java	0	jablib	org.jabref.logic.exporter
jablib/src/main/java/org/jabref/logic/exporter/ModsExporter.java	0	jablib	org.jabref.logic.exporter
jablib/src/main/java/org/jabref/logic/exporter/OpenDocumentSpreadsheetCreator.java	0	jablib	org.jabref.logic.exporter
jablib/src/main/java/org/jabref/logic/exporter/OpenOfficeDocumentCreator.java	0	jablib	org.jabref.logic.exporter
jablib/src/main/java/org/jabref/logic/exporter/SaveException.java	0	jablib	org.jabref.logic.exporter
jablib/src/main/java/org/jabref/logic/exporter/TemplateExporter.java	0	jablib	org.jabref.logic.exporter
jablib/src/main/java/org/jabref/logic/importer/ParserResult.java	0	jablib	org.jabref.logic.importer
jablib/src/main/java/org/jabref/logic/layout/format/AuthorLastFirstAbbreviator.java	0	jablib	org.jabref.logic.layout.format
jablib/src/main/java/org/jabref/logic/layout/format/NotFoundFormatter.java	0	jablib	org.jabref.logic.layout.format
jablib/src/main/java/org/jabref/logic/layout/format/Number.java	0	jablib	org.jabref.logic.layout.format
jablib/src/main/java/org/jabref/logic/layout/format/Replace.java	0	jablib	org.jabref.logic.layout.format
jablib/src/main/java/org/jabref/logic/layout/format/WrapContent.java	0	jablib	org.jabref.logic.layout.format
jablib/src/main/java/org/jabref/logic/search/sqlbased/SqlBasedLibrarySearcher.java	0	jablib	org.jabref.logic.search.sqlbased
jablib/src/main/java/org/jabref/logic/util/FileType.java	0	jablib	org.jabref.logic.util
jablib/src/main/java/org/jabref/logic/util/OptionalObjectProperty.java	0	jablib	org.jabref.logic.util
jablib/src/main/java/org/jabref/logic/util/StandardFileType.java	0	jablib	org.jabref.logic.util
jablib/src/main/java/org/jabref/logic/util/io/BackupFileUtil.java	0	jablib	org.jabref.logic.util.io
jablib/src/main/java/org/jabref/logic/util/io/CitationKeyBasedFileFinder.java	0	jablib	org.jabref.logic.util.io
jablib/src/main/java/org/jabref/logic/util/io/FileHistory.java	0	jablib	org.jabref.logic.util.io
jablib/src/main/java/org/jabref/model/entry/field/SpecialFieldValue.java	0	jablib	org.jabref.model.entry.field
jablib/src/main/java/org/jabref/model/search/SearchDisplayMode.java	0	jablib	org.jabref.model.search
jabgui/src/main/java/org/jabref/Launcher.java	1	jabgui	org.jabref
jabgui/src/main/java/org/jabref/cli/ArgumentProcessor.java	1	jabgui	org.jabref.cli
jabgui/src/main/java/org/jabref/cli/GuiCommandLine.java	1	jabgui	org.jabref.cli
jabgui/src/main/java/org/jabref/gui/CoreGuiPreferences.java	1	jabgui	org.jabref.gui
jabgui/src/main/java/org/jabref/gui/autocompleter/AutoCompletePreferences.java	1	jabgui	org.jabref.gui.autocompleter
jabgui/src/main/java/org/jabref/gui/commonfxcontrols/SaveOrderConfigPanel.java	1	jabgui	org.jabref.gui.commonfxcontrols
jabgui/src/main/java/org/jabref/gui/commonfxcontrols/SaveOrderConfigPanelViewModel.java	1	jabgui	org.jabref.gui.commonfxcontrols
jabgui/src/main/java/org/jabref/gui/commonfxcontrols/SortCriterionViewModel.java	1	jabgui	org.jabref.gui.commonfxcontrols
jabgui/src/main/java/org/jabref/gui/edit/ManageKeywordsDialog.java	1	jabgui	org.jabref.gui.edit
jabgui/src/main/java/org/jabref/gui/edit/ManageKeywordsViewModel.java	1	jabgui	org.jabref.gui.edit
jabgui/src/main/java/org/jabref/gui/exporter/CreateModifyExporterDialogView.java	1	jabgui	org.jabref.gui.exporter
jabgui/src/main/java/org/jabref/gui/exporter/CreateModifyExporterDialogViewModel.java	1	jabgui	org.jabref.gui.exporter
jabgui/src/main/java/org/jabref/gui/exporter/ExportCommand.java	1	jabgui	org.jabref.gui.exporter
jabgui/src/main/java/org/jabref/gui/externalfiles/FileExtensionViewModel.java	1	jabgui	org.jabref.gui.externalfiles
jabgui/src/main/java/org/jabref/gui/fieldeditors/LinkedFileViewModel.java	1	jabgui	org.jabref.gui.fieldeditors
jabgui/src/main/java/org/jabref/gui/frame/JabRefFrameViewModel.java	1	jabgui	org.jabref.gui.frame
jabgui/src/main/java/org/jabref/gui/importer/GrobidUseDialogHelper.java	1	jabgui	org.jabref.gui.importer
jabgui/src/main/java/org/jabref/gui/importer/ImportCustomEntryTypesDialog.java	1	jabgui	org.jabref.gui.importer
jabgui/src/main/java/org/jabref/gui/importer/ImportCustomEntryTypesDialogViewModel.java	1	jabgui	org.jabref.gui.importer
jabgui/src/main/java/org/jabref/gui/libraryproperties/saving/SavingPropertiesViewModel.java	1	jabgui	org.jabref.gui.libraryproperties.saving
jabgui/src/main/java/org/jabref/gui/linkedfile/LinkedFileEditDialog.java	1	jabgui	org.jabref.gui.linkedfile
jabgui/src/main/java/org/jabref/gui/linkedfile/LinkedFileEditDialogViewModel.java	1	jabgui	org.jabref.gui.linkedfile
jabgui/src/main/java/org/jabref/gui/preferences/PreferencesFilter.java	1	jabgui	org.jabref.gui.preferences
jabgui/src/main/java/org/jabref/gui/preferences/customexporter/CustomExporterTab.java	1	jabgui	org.jabref.gui.preferences.customexporter
jabgui/src/main/java/org/jabref/gui/preferences/customexporter/CustomExporterTabViewModel.java	1	jabgui	org.jabref.gui.preferences.customexporter
jabgui/src/main/java/org/jabref/gui/preferences/customimporter/CustomImporterTabViewModel.java	1	jabgui	org.jabref.gui.preferences.customimporter
jabgui/src/main/java/org/jabref/gui/preferences/entry/EntryTab.java	1	jabgui	org.jabref.gui.preferences.entry
jabgui/src/main/java/org/jabref/gui/preferences/entry/EntryTabViewModel.java	1	jabgui	org.jabref.gui.preferences.entry
jabgui/src/main/java/org/jabref/gui/preferences/export/ExportTab.java	1	jabgui	org.jabref.gui.preferences.export
jabgui/src/main/java/org/jabref/gui/preferences/export/ExportTabViewModel.java	1	jabgui	org.jabref.gui.preferences.export
jabgui/src/main/java/org/jabref/gui/preferences/linkedfiles/LinkedFilesTab.java	1	jabgui	org.jabref.gui.preferences.linkedfiles
jabgui/src/main/java/org/jabref/gui/preferences/linkedfiles/LinkedFilesTabViewModel.java	1	jabgui	org.jabref.gui.preferences.linkedfiles
jabgui/src/main/java/org/jabref/gui/preferences/websearch/WebSearchTab.java	1	jabgui	org.jabref.gui.preferences.websearch
jabgui/src/main/java/org/jabref/gui/preferences/websearch/WebSearchTabViewModel.java	1	jabgui	org.jabref.gui.preferences.websearch
jabgui/src/main/java/org/jabref/gui/remote/CLIMessageHandler.java	1	jabgui	org.jabref.gui.remote
jabgui/src/main/java/org/jabref/gui/specialfields/SpecialFieldsPreferences.java	1	jabgui	org.jabref.gui.specialfields
jablib/src/main/java/org/jabref/logic/FilePreferences.java	1	jablib	org.jabref.logic
jablib/src/main/java/org/jabref/logic/InternalPreferences.java	1	jablib	org.jabref.logic
jablib/src/main/java/org/jabref/logic/LibraryPreferences.java	1	jablib	org.jabref.logic
jablib/src/main/java/org/jabref/logic/UiCommand.java	1	jablib	org.jabref.logic
jablib/src/main/java/org/jabref/logic/bibtex/FieldPreferences.java	1	jablib	org.jabref.logic.bibtex
jablib/src/main/java/org/jabref/logic/cleanup/FieldFormatterCleanupActions.java	1	jablib	org.jabref.logic.cleanup
jablib/src/main/java/org/jabref/logic/exporter/BibDatabaseWriter.java	1	jablib	org.jabref.logic.exporter
jablib/src/main/java/org/jabref/logic/exporter/EmbeddedBibFilePdfExporter.java	1	jablib	org.jabref.logic.exporter
jablib/src/main/java/org/jabref/logic/exporter/ExportPreferences.java	1	jablib	org.jabref.logic.exporter
jablib/src/main/java/org/jabref/logic/exporter/ExporterFactory.java	1	jablib	org.jabref.logic.exporter
jablib/src/main/java/org/jabref/logic/exporter/SaveConfiguration.java	1	jablib	org.jabref.logic.exporter
jablib/src/main/java/org/jabref/logic/exporter/XmpExporter.java	1	jablib	org.jabref.logic.exporter
jablib/src/main/java/org/jabref/logic/exporter/XmpPdfExporter.java	1	jablib	org.jabref.logic.exporter
jablib/src/main/java/org/jabref/logic/externalfiles/ExternalFilesContentImporter.java	1	jablib	org.jabref.logic.externalfiles
jablib/src/main/java/org/jabref/logic/formatter/bibtexfields/ConvertMSCCodesFormatter.java	1	jablib	org.jabref.logic.formatter.bibtexfields
jablib/src/main/java/org/jabref/logic/importer/ImportFormatPreferences.java	1	jablib	org.jabref.logic.importer
jablib/src/main/java/org/jabref/logic/importer/ImporterPreferences.java	1	jablib	org.jabref.logic.importer
jablib/src/main/java/org/jabref/logic/importer/fetcher/MrDlibPreferences.java	1	jablib	org.jabref.logic.importer.fetcher
jablib/src/main/java/org/jabref/logic/importer/util/GrobidPreferences.java	1	jablib	org.jabref.logic.importer.util
jablib/src/main/java/org/jabref/logic/importer/util/GrobidService.java	1	jablib	org.jabref.logic.importer.util
jablib/src/main/java/org/jabref/logic/l10n/Language.java	1	jablib	org.jabref.logic.l10n
jablib/src/main/java/org/jabref/logic/layout/LayoutFormatterPreferences.java	1	jablib	org.jabref.logic.layout
jablib/src/main/java/org/jabref/logic/layout/format/NameFormatterPreferences.java	1	jablib	org.jabref.logic.layout.format
jablib/src/main/java/org/jabref/logic/net/ProxyPreferences.java	1	jablib	org.jabref.logic.net
jablib/src/main/java/org/jabref/logic/net/ssl/SSLPreferences.java	1	jablib	org.jabref.logic.net.ssl
jablib/src/main/java/org/jabref/logic/net/ssl/TrustStoreManager.java	1	jablib	org.jabref.logic.net.ssl
jablib/src/main/java/org/jabref/logic/preferences/CliPreferences.java	1	jablib	org.jabref.logic.preferences
jablib/src/main/java/org/jabref/logic/preferences/DOIPreferences.java	1	jablib	org.jabref.logic.preferences
jablib/src/main/java/org/jabref/logic/preferences/JabRefCliPreferences.java	1	jablib	org.jabref.logic.preferences
jablib/src/main/java/org/jabref/logic/preferences/LastFilesOpenedPreferences.java	1	jablib	org.jabref.logic.preferences
jablib/src/main/java/org/jabref/logic/preferences/OwnerPreferences.java	1	jablib	org.jabref.logic.preferences
jablib/src/main/java/org/jabref/logic/preferences/TimestampPreferences.java	1	jablib	org.jabref.logic.preferences
jablib/src/main/java/org/jabref/logic/protectedterms/ProtectedTermsList.java	1	jablib	org.jabref.logic.protectedterms
jablib/src/main/java/org/jabref/logic/protectedterms/ProtectedTermsPreferences.java	1	jablib	org.jabref.logic.protectedterms
jablib/src/main/java/org/jabref/logic/remote/Protocol.java	1	jablib	org.jabref.logic.remote
jablib/src/main/java/org/jabref/logic/remote/RemoteMessage.java	1	jablib	org.jabref.logic.remote
jablib/src/main/java/org/jabref/logic/remote/RemotePreferences.java	1	jablib	org.jabref.logic.remote
jablib/src/main/java/org/jabref/logic/remote/client/RemoteClient.java	1	jablib	org.jabref.logic.remote.client
jablib/src/main/java/org/jabref/logic/remote/server/RemoteListenerServer.java	1	jablib	org.jabref.logic.remote.server
jablib/src/main/java/org/jabref/logic/remote/server/RemoteListenerServerThread.java	1	jablib	org.jabref.logic.remote.server
jablib/src/main/java/org/jabref/logic/remote/server/RemoteMessageHandler.java	1	jablib	org.jabref.logic.remote.server
jablib/src/main/java/org/jabref/logic/util/io/AutoLinkPreferences.java	1	jablib	org.jabref.logic.util.io
jablib/src/main/java/org/jabref/logic/util/io/FileFinders.java	1	jablib	org.jabref.logic.util.io
jablib/src/main/java/org/jabref/logic/xmp/DocumentInformationExtractor.java	1	jablib	org.jabref.logic.xmp
jablib/src/main/java/org/jabref/logic/xmp/DublinCoreExtractor.java	1	jablib	org.jabref.logic.xmp
jablib/src/main/java/org/jabref/logic/xmp/XmpPreferences.java	1	jablib	org.jabref.logic.xmp
jablib/src/main/java/org/jabref/logic/xmp/XmpUtilReader.java	1	jablib	org.jabref.logic.xmp
jablib/src/main/java/org/jabref/logic/xmp/XmpUtilShared.java	1	jablib	org.jabref.logic.xmp
jablib/src/main/java/org/jabref/logic/xmp/XmpUtilWriter.java	1	jablib	org.jabref.logic.xmp
jablib/src/main/java/org/jabref/model/entry/BibEntryPreferences.java	1	jablib	org.jabref.model.entry
jablib/src/main/java/org/jabref/model/metadata/SaveOrder.java	1	jablib	org.jabref.model.metadata
test-support/src/main/java/org/jabref/support/BibEntryAssert.java	1	test-support	org.jabref.support
jabgui/src/main/java/org/jabref/gui/clipboard/ClipBoardManager.java	2	jabgui	org.jabref.gui.clipboard
jabgui/src/main/java/org/jabref/gui/edit/CopyDoiUrlAction.java	2	jabgui	org.jabref.gui.edit
jabgui/src/main/java/org/jabref/gui/fieldeditors/contextmenu/DefaultMenu.java	2	jabgui	org.jabref.gui.fieldeditors.contextmenu
jabgui/src/main/java/org/jabref/gui/fieldeditors/contextmenu/EditorMenus.java	2	jabgui	org.jabref.gui.fieldeditors.contextmenu
jablib/src/main/java/org/jabref/logic/cleanup/DoiCleanup.java	2	jablib	org.jabref.logic.cleanup
jablib/src/main/java/org/jabref/logic/importer/CompositeIdFetcher.java	2	jablib	org.jabref.logic.importer
jablib/src/main/java/org/jabref/logic/importer/EntryBasedParserFetcher.java	2	jablib	org.jabref.logic.importer
jablib/src/main/java/org/jabref/logic/importer/FetcherResult.java	2	jablib	org.jabref.logic.importer
jablib/src/main/java/org/jabref/logic/importer/FulltextFetcher.java	2	jablib	org.jabref.logic.importer
jablib/src/main/java/org/jabref/logic/importer/FulltextFetchers.java	2	jablib	org.jabref.logic.importer
jablib/src/main/java/org/jabref/logic/importer/IdBasedFetcher.java	2	jablib	org.jabref.logic.importer
jablib/src/main/java/org/jabref/logic/importer/IdBasedParserFetcher.java	2	jablib	org.jabref.logic.importer
jablib/src/main/java/org/jabref/logic/importer/IdParserFetcher.java	2	jablib	org.jabref.logic.importer
jablib/src/main/java/org/jabref/logic/importer/PagedSearchBasedFetcher.java	2	jablib	org.jabref.logic.importer
jablib/src/main/java/org/jabref/logic/importer/PagedSearchBasedParserFetcher.java	2	jablib	org.jabref.logic.importer
jablib/src/main/java/org/jabref/logic/importer/QueryParser.java	2	jablib	org.jabref.logic.importer
jablib/src/main/java/org/jabref/logic/importer/SearchBasedFetcher.java	2	jablib	org.jabref.logic.importer
jablib/src/main/java/org/jabref/logic/importer/SearchBasedParserFetcher.java	2	jablib	org.jabref.logic.importer
jablib/src/main/java/org/jabref/logic/importer/WebFetcher.java	2	jablib	org.jabref.logic.importer
jablib/src/main/java/org/jabref/logic/importer/WebFetchers.java	2	jablib	org.jabref.logic.importer
jablib/src/main/java/org/jabref/logic/importer/fetcher/ACMPortalFetcher.java	2	jablib	org.jabref.logic.importer.fetcher
jablib/src/main/java/org/jabref/logic/importer/fetcher/ACS.java	2	jablib	org.jabref.logic.importer.fetcher
jablib/src/main/java/org/jabref/logic/importer/fetcher/AbstractIsbnFetcher.java	2	jablib	org.jabref.logic.importer.fetcher
jablib/src/main/java/org/jabref/logic/importer/fetcher/ApsFetcher.java	2	jablib	org.jabref.logic.importer.fetcher
jablib/src/main/java/org/jabref/logic/importer/fetcher/ArXivFetcher.java	2	jablib	org.jabref.logic.importer.fetcher
jablib/src/main/java/org/jabref/logic/importer/fetcher/AstrophysicsDataSystem.java	2	jablib	org.jabref.logic.importer.fetcher
jablib/src/main/java/org/jabref/logic/importer/fetcher/BiodiversityLibrary.java	2	jablib	org.jabref.logic.importer.fetcher
jablib/src/main/java/org/jabref/logic/importer/fetcher/BvbFetcher.java	2	jablib	org.jabref.logic.importer.fetcher
jablib/src/main/java/org/jabref/logic/importer/fetcher/CollectionOfComputerScienceBibliographiesFetcher.java	2	jablib	org.jabref.logic.importer.fetcher
jablib/src/main/java/org/jabref/logic/importer/fetcher/CollectionOfComputerScienceBibliographiesParser.java	2	jablib	org.jabref.logic.importer.fetcher
jablib/src/main/java/org/jabref/logic/importer/fetcher/ComplexSearchQuery.java	2	jablib	org.jabref.logic.importer.fetcher
jablib/src/main/java/org/jabref/logic/importer/fetcher/CompositeSearchBasedFetcher.java	2	jablib	org.jabref.logic.importer.fetcher
jablib/src/main/java/org/jabref/logic/importer/fetcher/CrossRef.java	2	jablib	org.jabref.logic.importer.fetcher
jablib/src/main/java/org/jabref/logic/importer/fetcher/CustomizableKeyFetcher.java	2	jablib	org.jabref.logic.importer.fetcher
jablib/src/main/java/org/jabref/logic/importer/fetcher/DBLPFetcher.java	2	jablib	org.jabref.logic.importer.fetcher
jablib/src/main/java/org/jabref/logic/importer/fetcher/DOAJFetcher.java	2	jablib	org.jabref.logic.importer.fetcher
jablib/src/main/java/org/jabref/logic/importer/fetcher/DiVA.java	2	jablib	org.jabref.logic.importer.fetcher
jablib/src/main/java/org/jabref/logic/importer/fetcher/DoiFetcher.java	2	jablib	org.jabref.logic.importer.fetcher
jablib/src/main/java/org/jabref/logic/importer/fetcher/DoiResolution.java	2	jablib	org.jabref.logic.importer.fetcher
jablib/src/main/java/org/jabref/logic/importer/fetcher/GoogleScholar.java	2	jablib	org.jabref.logic.importer.fetcher
jablib/src/main/java/org/jabref/logic/importer/fetcher/GvkFetcher.java	2	jablib	org.jabref.logic.importer.fetcher
jablib/src/main/java/org/jabref/logic/importer/fetcher/IEEE.java	2	jablib	org.jabref.logic.importer.fetcher
jablib/src/main/java/org/jabref/logic/importer/fetcher/INSPIREFetcher.java	2	jablib	org.jabref.logic.importer.fetcher
jablib/src/main/java/org/jabref/logic/importer/fetcher/ISIDOREFetcher.java	2	jablib	org.jabref.logic.importer.fetcher
jablib/src/main/java/org/jabref/logic/importer/fetcher/IacrEprintFetcher.java	2	jablib	org.jabref.logic.importer.fetcher
jablib/src/main/java/org/jabref/logic/importer/fetcher/JstorFetcher.java	2	jablib	org.jabref.logic.importer.fetcher
jablib/src/main/java/org/jabref/logic/importer/fetcher/LibraryOfCongress.java	2	jablib	org.jabref.logic.importer.fetcher
jablib/src/main/java/org/jabref/logic/importer/fetcher/MathSciNet.java	2	jablib	org.jabref.logic.importer.fetcher
jablib/src/main/java/org/jabref/logic/importer/fetcher/MedlineFetcher.java	2	jablib	org.jabref.logic.importer.fetcher
jablib/src/main/java/org/jabref/logic/importer/fetcher/Medra.java	2	jablib	org.jabref.logic.importer.fetcher
jablib/src/main/java/org/jabref/logic/importer/fetcher/OpenAccessDoi.java	2	jablib	org.jabref.logic.importer.fetcher
jablib/src/main/java/org/jabref/logic/importer/fetcher/ResearchGate.java	2	jablib	org.jabref.logic.importer.fetcher
jablib/src/main/java/org/jabref/logic/importer/fetcher/RfcFetcher.java	2	jablib	org.jabref.logic.importer.fetcher
jablib/src/main/java/org/jabref/logic/importer/fetcher/ScienceDirect.java	2	jablib	org.jabref.logic.importer.fetcher
jablib/src/main/java/org/jabref/logic/importer/fetcher/SemanticScholar.java	2	jablib	org.jabref.logic.importer.fetcher
jablib/src/main/java/org/jabref/logic/importer/fetcher/SpringerNatureFullTextFetcher.java	2	jablib	org.jabref.logic.importer.fetcher
jablib/src/main/java/org/jabref/logic/importer/fetcher/SpringerNatureWebFetcher.java	2	jablib	org.jabref.logic.importer.fetcher
jablib/src/main/java/org/jabref/logic/importer/fetcher/TitleFetcher.java	2	jablib	org.jabref.logic.importer.fetcher
jablib/src/main/java/org/jabref/logic/importer/fetcher/TrustLevel.java	2	jablib	org.jabref.logic.importer.fetcher
jablib/src/main/java/org/jabref/logic/importer/fetcher/ZbMATH.java	2	jablib	org.jabref.logic.importer.fetcher
jablib/src/main/java/org/jabref/logic/importer/fetcher/isbntobibtex/EbookDeIsbnFetcher.java	2	jablib	org.jabref.logic.importer.fetcher.isbntobibtex
jablib/src/main/java/org/jabref/logic/importer/fetcher/isbntobibtex/IsbnFetcher.java	2	jablib	org.jabref.logic.importer.fetcher.isbntobibtex
jablib/src/main/java/org/jabref/logic/importer/fetcher/transformers/AbstractQueryTransformer.java	2	jablib	org.jabref.logic.importer.fetcher.transformers
jablib/src/main/java/org/jabref/logic/importer/fetcher/transformers/CollectionOfComputerScienceBibliographiesQueryTransformer.java	2	jablib	org.jabref.logic.importer.fetcher.transformers
jablib/src/main/java/org/jabref/logic/importer/fetcher/transformers/GVKQueryTransformer.java	2	jablib	org.jabref.logic.importer.fetcher.transformers
jablib/src/main/java/org/jabref/logic/importer/fetcher/transformers/IEEEQueryTransformer.java	2	jablib	org.jabref.logic.importer.fetcher.transformers
jablib/src/main/java/org/jabref/logic/importer/fetcher/transformers/JstorQueryTransformer.java	2	jablib	org.jabref.logic.importer.fetcher.transformers
jablib/src/main/java/org/jabref/logic/importer/fetcher/transformers/SpringerQueryTransformer.java	2	jablib	org.jabref.logic.importer.fetcher.transformers
jablib/src/main/java/org/jabref/logic/importer/fetcher/transformers/ZbMathQueryTransformer.java	2	jablib	org.jabref.logic.importer.fetcher.transformers
jablib/src/main/java/org/jabref/logic/importer/fileformat/MarcXmlParser.java	2	jablib	org.jabref.logic.importer.fileformat
jablib/src/main/java/org/jabref/logic/importer/fileformat/PicaXmlParser.java	2	jablib	org.jabref.logic.importer.fileformat
jablib/src/main/java/org/jabref/logic/importer/util/JsonReader.java	2	jablib	org.jabref.logic.importer.util
jablib/src/main/java/org/jabref/logic/importer/util/ShortDOIService.java	2	jablib	org.jabref.logic.importer.util
jablib/src/main/java/org/jabref/logic/layout/format/DOICheck.java	2	jablib	org.jabref.logic.layout.format
jablib/src/main/java/org/jabref/logic/layout/format/DOIStrip.java	2	jablib	org.jabref.logic.layout.format
jablib/src/main/java/org/jabref/logic/net/URLDownload.java	2	jablib	org.jabref.logic.net
jablib/src/main/java/org/jabref/model/entry/identifier/ARK.java	2	jablib	org.jabref.model.entry.identifier
jablib/src/main/java/org/jabref/model/entry/identifier/ArXivIdentifier.java	2	jablib	org.jabref.model.entry.identifier
jablib/src/main/java/org/jabref/model/entry/identifier/DOI.java	2	jablib	org.jabref.model.entry.identifier
jablib/src/main/java/org/jabref/model/entry/identifier/ISBN.java	2	jablib	org.jabref.model.entry.identifier
jablib/src/main/java/org/jabref/model/entry/identifier/ISSN.java	2	jablib	org.jabref.model.entry.identifier
jablib/src/main/java/org/jabref/model/entry/identifier/IacrEprint.java	2	jablib	org.jabref.model.entry.identifier
jablib/src/main/java/org/jabref/model/entry/identifier/Identifier.java	2	jablib	org.jabref.model.entry.identifier
jablib/src/main/java/org/jabref/model/entry/identifier/MathSciNetId.java	2	jablib	org.jabref.model.entry.identifier
jabgui/src/main/java/org/jabref/gui/DragAndDropDataFormats.java	3	jabgui	org.jabref.gui
jabgui/src/main/java/org/jabref/gui/actions/Action.java	3	jabgui	org.jabref.gui.actions
jabgui/src/main/java/org/jabref/gui/bibtexhighlighter/BibTeXHighlighter.java	3	jabgui	org.jabref.gui.bibtexhighlighter
jabgui/src/main/java/org/jabref/gui/edit/EditAction.java	3	jabgui	org.jabref.gui.edit
jabgui/src/main/java/org/jabref/gui/entryeditor/AiChatTab.java	3	jabgui	org.jabref.gui.entryeditor
jabgui/src/main/java/org/jabref/gui/entryeditor/AiSummaryTab.java	3	jabgui	org.jabref.gui.entryeditor
jabgui/src/main/java/org/jabref/gui/entryeditor/EntryEditor.java	3	jabgui	org.jabref.gui.entryeditor
jabgui/src/main/java/org/jabref/gui/entryeditor/EntryEditorPreferences.java	3	jabgui	org.jabref.gui.entryeditor
jabgui/src/main/java/org/jabref/gui/entryeditor/FieldsEditorTab.java	3	jabgui	org.jabref.gui.entryeditor
jabgui/src/main/java/org/jabref/gui/entryeditor/JumpToFieldViewModel.java	3	jabgui	org.jabref.gui.entryeditor
jabgui/src/main/java/org/jabref/gui/entryeditor/PreviewTab.java	3	jabgui	org.jabref.gui.entryeditor
jabgui/src/main/java/org/jabref/gui/entryeditor/SourceTab.java	3	jabgui	org.jabref.gui.entryeditor
jabgui/src/main/java/org/jabref/gui/entryeditor/UserDefinedFieldsTab.java	3	jabgui	org.jabref.gui.entryeditor
jabgui/src/main/java/org/jabref/gui/entryeditor/fileannotationtab/FulltextSearchResultsTab.java	3	jabgui	org.jabref.gui.entryeditor.fileannotationtab
jabgui/src/main/java/org/jabref/gui/errorconsole/LogEventViewModel.java	3	jabgui	org.jabref.gui.errorconsole
jabgui/src/main/java/org/jabref/gui/externalfiles/ExternalFilesEntryLinker.java	3	jabgui	org.jabref.gui.externalfiles
jabgui/src/main/java/org/jabref/gui/externalfiletype/ExternalFileType.java	3	jabgui	org.jabref.gui.externalfiletype
jabgui/src/main/java/org/jabref/gui/externalfiletype/ExternalFileTypes.java	3	jabgui	org.jabref.gui.externalfiletype
jabgui/src/main/java/org/jabref/gui/externalfiletype/UnknownExternalFileType.java	3	jabgui	org.jabref.gui.externalfiletype
jabgui/src/main/java/org/jabref/gui/fieldeditors/FieldEditorFX.java	3	jabgui	org.jabref.gui.fieldeditors
jabgui/src/main/java/org/jabref/gui/frame/SidePanePreferences.java	3	jabgui	org.jabref.gui.frame
jabgui/src/main/java/org/jabref/gui/groups/GroupModeViewModel.java	3	jabgui	org.jabref.gui.groups
jabgui/src/main/java/org/jabref/gui/groups/GroupNodeViewModel.java	3	jabgui	org.jabref.gui.groups
jabgui/src/main/java/org/jabref/gui/groups/GroupTreeView.java	3	jabgui	org.jabref.gui.groups
jabgui/src/main/java/org/jabref/gui/groups/GroupTreeViewModel.java	3	jabgui	org.jabref.gui.groups
jabgui/src/main/java/org/jabref/gui/groups/GroupViewMode.java	3	jabgui	org.jabref.gui.groups
jabgui/src/main/java/org/jabref/gui/icon/IconTheme.java	3	jabgui	org.jabref.gui.icon
jabgui/src/main/java/org/jabref/gui/icon/IkonliIcon.java	3	jabgui	org.jabref.gui.icon
jabgui/src/main/java/org/jabref/gui/icon/JabRefIcon.java	3	jabgui	org.jabref.gui.icon
jabgui/src/main/java/org/jabref/gui/icon/JabRefIconView.java	3	jabgui	org.jabref.gui.icon
jabgui/src/main/java/org/jabref/gui/icon/JabRefIkonHandler.java	3	jabgui	org.jabref.gui.icon
jabgui/src/main/java/org/jabref/gui/icon/JabRefMaterialDesignIcon.java	3	jabgui	org.jabref.gui.icon
jabgui/src/main/java/org/jabref/gui/importer/fetcher/WebSearchPaneView.java	3	jabgui	org.jabref.gui.importer.fetcher
jabgui/src/main/java/org/jabref/gui/importer/fetcher/WebSearchPaneViewModel.java	3	jabgui	org.jabref.gui.importer.fetcher
jabgui/src/main/java/org/jabref/gui/keyboard/CodeAreaKeyBindings.java	3	jabgui	org.jabref.gui.keyboard
jabgui/src/main/java/org/jabref/gui/maintable/BibEntryTableViewModel.java	3	jabgui	org.jabref.gui.maintable
jabgui/src/main/java/org/jabref/gui/maintable/CellFactory.java	3	jabgui	org.jabref.gui.maintable
jabgui/src/main/java/org/jabref/gui/maintable/ColumnPreferences.java	3	jabgui	org.jabref.gui.maintable
jabgui/src/main/java/org/jabref/gui/maintable/ColumnPreferencesRecorder.java	3	jabgui	org.jabref.gui.maintable
jabgui/src/main/java/org/jabref/gui/maintable/MainTable.java	3	jabgui	org.jabref.gui.maintable
jabgui/src/main/java/org/jabref/gui/maintable/MainTableColumnFactory.java	3	jabgui	org.jabref.gui.maintable
jabgui/src/main/java/org/jabref/gui/maintable/MainTableColumnModel.java	3	jabgui	org.jabref.gui.maintable
jabgui/src/main/java/org/jabref/gui/maintable/MainTableDataModel.java	3	jabgui	org.jabref.gui.maintable
jabgui/src/main/java/org/jabref/gui/maintable/MainTableFieldValueFormatter.java	3	jabgui	org.jabref.gui.maintable
jabgui/src/main/java/org/jabref/gui/maintable/MainTableHeaderContextMenu.java	3	jabgui	org.jabref.gui.maintable
jabgui/src/main/java/org/jabref/gui/maintable/MainTablePreferences.java	3	jabgui	org.jabref.gui.maintable
jabgui/src/main/java/org/jabref/gui/maintable/MainTableTooltip.java	3	jabgui	org.jabref.gui.maintable
jabgui/src/main/java/org/jabref/gui/maintable/columns/FieldColumn.java	3	jabgui	org.jabref.gui.maintable.columns
jabgui/src/main/java/org/jabref/gui/maintable/columns/LinkedIdentifierColumn.java	3	jabgui	org.jabref.gui.maintable.columns
jabgui/src/main/java/org/jabref/gui/maintable/columns/MainTableColumn.java	3	jabgui	org.jabref.gui.maintable.columns
jabgui/src/main/java/org/jabref/gui/preview/PreviewPanel.java	3	jabgui	org.jabref.gui.preview
jabgui/src/main/java/org/jabref/gui/search/GlobalSearchBar.java	3	jabgui	org.jabref.gui.search
jabgui/src/main/java/org/jabref/gui/search/GlobalSearchResultDialog.java	3	jabgui	org.jabref.gui.search
jabgui/src/main/java/org/jabref/gui/search/GlobalSearchResultDialogViewModel.java	3	jabgui	org.jabref.gui.search
jabgui/src/main/java/org/jabref/gui/search/SearchFieldRightClickMenu.java	3	jabgui	org.jabref.gui.search
jabgui/src/main/java/org/jabref/gui/search/SearchResultsTable.java	3	jabgui	org.jabref.gui.search
jabgui/src/main/java/org/jabref/gui/search/SearchResultsTableDataModel.java	3	jabgui	org.jabref.gui.search
jabgui/src/main/java/org/jabref/gui/search/SearchTextField.java	3	jabgui	org.jabref.gui.search
jabgui/src/main/java/org/jabref/gui/sidepane/GroupsSidePaneComponent.java	3	jabgui	org.jabref.gui.sidepane
jabgui/src/main/java/org/jabref/gui/sidepane/SidePane.java	3	jabgui	org.jabref.gui.sidepane
jabgui/src/main/java/org/jabref/gui/sidepane/SidePaneComponent.java	3	jabgui	org.jabref.gui.sidepane
jabgui/src/main/java/org/jabref/gui/sidepane/SidePaneContentFactory.java	3	jabgui	org.jabref.gui.sidepane
jabgui/src/main/java/org/jabref/gui/sidepane/SidePaneType.java	3	jabgui	org.jabref.gui.sidepane
jabgui/src/main/java/org/jabref/gui/sidepane/SidePaneViewModel.java	3	jabgui	org.jabref.gui.sidepane
jabgui/src/main/java/org/jabref/gui/util/CustomLocalDragboard.java	3	jabgui	org.jabref.gui.util
jabgui/src/main/java/org/jabref/gui/util/RecursiveTreeItem.java	3	jabgui	org.jabref.gui.util
jabgui/src/main/java/org/jabref/gui/util/ValueTableCellFactory.java	3	jabgui	org.jabref.gui.util
jabgui/src/main/java/org/jabref/gui/util/ViewModelTableRowFactory.java	3	jabgui	org.jabref.gui.util
jabgui/src/main/java/org/jabref/gui/util/ViewModelTreeTableCellFactory.java	3	jabgui	org.jabref.gui.util
jabgui/src/main/java/org/jabref/gui/util/ViewModelTreeTableRowFactory.java	3	jabgui	org.jabref.gui.util
jablib/src/main/java/org/jabref/logic/search/SearchPreferences.java	3	jablib	org.jabref.logic.search
jablib/src/main/java/org/jabref/logic/util/ProgressCounter.java	3	jablib	org.jabref.logic.util
jablib/src/main/java/org/jabref/model/entry/field/FieldProperty.java	3	jablib	org.jabref.model.entry.field
jablib/src/main/java/org/jabref/model/groups/AutomaticDateGroup.java	3	jablib	org.jabref.model.groups
jablib/src/main/java/org/jabref/model/groups/AutomaticGroup.java	3	jablib	org.jabref.model.groups
jablib/src/main/java/org/jabref/model/groups/DateGroup.java	3	jablib	org.jabref.model.groups
jablib/src/main/java/org/jabref/model/util/TreeCollector.java	3	jablib	org.jabref.model.util
jabgui/src/main/java/org/jabref/gui/fieldeditors/URLUtil.java	4	jabgui	org.jabref.gui.fieldeditors
jabgui/src/main/java/org/jabref/gui/groups/GroupDescriptions.java	4	jabgui	org.jabref.gui.groups
jabgui/src/main/java/org/jabref/gui/preferences/journals/AbbreviationViewModel.java	4	jabgui	org.jabref.gui.preferences.journals
jabgui/src/main/java/org/jabref/gui/preferences/journals/AbbreviationsFileViewModel.java	4	jabgui	org.jabref.gui.preferences.journals
jabgui/src/main/java/org/jabref/gui/preferences/journals/JournalAbbreviationsTab.java	4	jabgui	org.jabref.gui.preferences.journals
jabgui/src/main/java/org/jabref/gui/preferences/journals/JournalAbbreviationsTabViewModel.java	4	jabgui	org.jabref.gui.preferences.journals
jabgui/src/main/java/org/jabref/gui/util/BindingsHelper.java	4	jabgui	org.jabref.gui.util
jabgui/src/main/java/org/jabref/migrations/CustomEntryTypePreferenceMigration.java	4	jabgui	org.jabref.migrations
jablib/src/main/java/org/jabref/logic/bibtex/comparator/MetaDataDiff.java	4	jablib	org.jabref.logic.bibtex.comparator
jablib/src/main/java/org/jabref/logic/bst/util/BstNameFormatter.java	4	jablib	org.jabref.logic.bst.util
jablib/src/main/java/org/jabref/logic/bst/util/BstPurifier.java	4	jablib	org.jabref.logic.bst.util
jablib/src/main/java/org/jabref/logic/bst/util/BstTextPrefixer.java	4	jablib	org.jabref.logic.bst.util
jablib/src/main/java/org/jabref/logic/citationstyle/CSLAdapter.java	4	jablib	org.jabref.logic.citationstyle
jablib/src/main/java/org/jabref/logic/citationstyle/CitationStyleCache.java	4	jablib	org.jabref.logic.citationstyle
jablib/src/main/java/org/jabref/logic/citationstyle/CitationStyleGenerator.java	4	jablib	org.jabref.logic.citationstyle
jablib/src/main/java/org/jabref/logic/citationstyle/CitationStyleOutputFormat.java	4	jablib	org.jabref.logic.citationstyle
jablib/src/main/java/org/jabref/logic/exporter/GroupSerializer.java	4	jablib	org.jabref.logic.exporter
jablib/src/main/java/org/jabref/logic/exporter/MetaDataSerializer.java	4	jablib	org.jabref.logic.exporter
jablib/src/main/java/org/jabref/logic/formatter/Formatters.java	4	jablib	org.jabref.logic.formatter
jablib/src/main/java/org/jabref/logic/importer/AuthorListParser.java	4	jablib	org.jabref.logic.importer
jablib/src/main/java/org/jabref/logic/importer/util/GroupsParser.java	4	jablib	org.jabref.logic.importer.util
jablib/src/main/java/org/jabref/logic/importer/util/MetaDataParser.java	4	jablib	org.jabref.logic.importer.util
jablib/src/main/java/org/jabref/logic/integrity/NoBibtexFieldChecker.java	4	jablib	org.jabref.logic.integrity
jablib/src/main/java/org/jabref/logic/journals/Abbreviation.java	4	jablib	org.jabref.logic.journals
jablib/src/main/java/org/jabref/logic/journals/AbbreviationParser.java	4	jablib	org.jabref.logic.journals
jablib/src/main/java/org/jabref/logic/journals/AbbreviationPreferences.java	4	jablib	org.jabref.logic.journals
jablib/src/main/java/org/jabref/logic/journals/AbbreviationType.java	4	jablib	org.jabref.logic.journals
jablib/src/main/java/org/jabref/logic/journals/AbbreviationWriter.java	4	jablib	org.jabref.logic.journals
jablib/src/main/java/org/jabref/logic/journals/JournalAbbreviationLoader.java	4	jablib	org.jabref.logic.journals
jablib/src/main/java/org/jabref/logic/journals/JournalAbbreviationRepository.java	4	jablib	org.jabref.logic.journals
jablib/src/main/java/org/jabref/logic/l10n/Localization.java	4	jablib	org.jabref.logic.l10n
jablib/src/main/java/org/jabref/logic/layout/AbstractParamLayoutFormatter.java	4	jablib	org.jabref.logic.layout
jablib/src/main/java/org/jabref/logic/layout/format/JournalAbbreviator.java	4	jablib	org.jabref.logic.layout.format
jablib/src/main/java/org/jabref/logic/msbib/BibTeXConverter.java	4	jablib	org.jabref.logic.msbib
jablib/src/main/java/org/jabref/logic/msbib/MSBibConverter.java	4	jablib	org.jabref.logic.msbib
jablib/src/main/java/org/jabref/logic/msbib/MSBibMapping.java	4	jablib	org.jabref.logic.msbib
jablib/src/main/java/org/jabref/logic/msbib/MsBibAuthor.java	4	jablib	org.jabref.logic.msbib
jablib/src/main/java/org/jabref/logic/net/ProxyRegisterer.java	4	jablib	org.jabref.logic.net
jablib/src/main/java/org/jabref/logic/remote/RemoteUtil.java	4	jablib	org.jabref.logic.remote
jablib/src/main/java/org/jabref/logic/util/MetadataSerializationConfiguration.java	4	jablib	org.jabref.logic.util
jablib/src/main/java/org/jabref/logic/util/TestEntry.java	4	jablib	org.jabref.logic.util
jablib/src/main/java/org/jabref/logic/util/UpdateField.java	4	jablib	org.jabref.logic.util
jablib/src/main/java/org/jabref/logic/util/io/FileFinder.java	4	jablib	org.jabref.logic.util.io
jablib/src/main/java/org/jabref/logic/util/io/FileNameCleaner.java	4	jablib	org.jabref.logic.util.io
jablib/src/main/java/org/jabref/logic/util/io/RegExpBasedFileFinder.java	4	jablib	org.jabref.logic.util.io
jablib/src/main/java/org/jabref/logic/util/io/XMLUtil.java	4	jablib	org.jabref.logic.util.io
jablib/src/main/java/org/jabref/logic/util/strings/HTMLUnicodeConversionMaps.java	4	jablib	org.jabref.logic.util.strings
jablib/src/main/java/org/jabref/model/database/BibDatabaseMode.java	4	jablib	org.jabref.model.database
jablib/src/main/java/org/jabref/model/database/BibDatabaseModeDetection.java	4	jablib	org.jabref.model.database
jablib/src/main/java/org/jabref/model/database/BibDatabases.java	4	jablib	org.jabref.model.database
jablib/src/main/java/org/jabref/model/entry/Author.java	4	jablib	org.jabref.model.entry
jablib/src/main/java/org/jabref/model/entry/CanonicalBibEntry.java	4	jablib	org.jabref.model.entry
jablib/src/main/java/org/jabref/model/entry/EntryConverter.java	4	jablib	org.jabref.model.entry
jablib/src/main/java/org/jabref/model/entry/EntryLinkList.java	4	jablib	org.jabref.model.entry
jablib/src/main/java/org/jabref/model/entry/IdGenerator.java	4	jablib	org.jabref.model.entry
jablib/src/main/java/org/jabref/model/entry/types/BiblatexEntryTypeDefinitions.java	4	jablib	org.jabref.model.entry.types
jablib/src/main/java/org/jabref/model/entry/types/BibtexEntryTypeDefinitions.java	4	jablib	org.jabref.model.entry.types
jablib/src/main/java/org/jabref/model/entry/types/EntryType.java	4	jablib	org.jabref.model.entry.types
jablib/src/main/java/org/jabref/model/entry/types/IEEETranEntryTypeDefinitions.java	4	jablib	org.jabref.model.entry.types
jablib/src/main/java/org/jabref/model/entry/types/StandardEntryType.java	4	jablib	org.jabref.model.entry.types
jablib/src/main/java/org/jabref/model/groups/LastNameGroup.java	4	jablib	org.jabref.model.groups
jablib/src/main/java/org/jabref/model/groups/TexGroup.java	4	jablib	org.jabref.model.groups
jablib/src/main/java/org/jabref/model/metadata/ContentSelector.java	4	jablib	org.jabref.model.metadata
jablib/src/main/java/org/jabref/model/metadata/ContentSelectors.java	4	jablib	org.jabref.model.metadata
jablib/src/main/java/org/jabref/model/metadata/MetaData.java	4	jablib	org.jabref.model.metadata
jabgui/src/main/java/org/jabref/gui/entryeditor/RelatedArticlesTab.java	5	jabgui	org.jabref.gui.entryeditor
jabgui/src/main/java/org/jabref/gui/maintable/ExtractReferencesAction.java	5	jabgui	org.jabref.gui.maintable
jablib/src/main/java/org/jabref/logic/citationkeypattern/AbstractCitationKeyPatterns.java	5	jablib	org.jabref.logic.citationkeypattern
jablib/src/main/java/org/jabref/logic/citationkeypattern/CitationKeyGenerator.java	5	jablib	org.jabref.logic.citationkeypattern
jablib/src/main/java/org/jabref/logic/database/DuplicateCheck.java	5	jablib	org.jabref.logic.database
jablib/src/main/java/org/jabref/logic/formatter/casechanger/Title.java	5	jablib	org.jabref.logic.formatter.casechanger
jablib/src/main/java/org/jabref/logic/importer/ImportFormatReader.java	5	jablib	org.jabref.logic.importer
jablib/src/main/java/org/jabref/logic/importer/Importer.java	5	jablib	org.jabref.logic.importer
jablib/src/main/java/org/jabref/logic/importer/fetcher/MrDLibFetcher.java	5	jablib	org.jabref.logic.importer.fetcher
jablib/src/main/java/org/jabref/logic/importer/fileformat/BiblioscapeImporter.java	5	jablib	org.jabref.logic.importer.fileformat
jablib/src/main/java/org/jabref/logic/importer/fileformat/BibtexImporter.java	5	jablib	org.jabref.logic.importer.fileformat
jablib/src/main/java/org/jabref/logic/importer/fileformat/CffImporter.java	5	jablib	org.jabref.logic.importer.fileformat
jablib/src/main/java/org/jabref/logic/importer/fileformat/CopacImporter.java	5	jablib	org.jabref.logic.importer.fileformat
jablib/src/main/java/org/jabref/logic/importer/fileformat/CustomImporter.java	5	jablib	org.jabref.logic.importer.fileformat
jablib/src/main/java/org/jabref/logic/importer/fileformat/EndnoteImporter.java	5	jablib	org.jabref.logic.importer.fileformat
jablib/src/main/java/org/jabref/logic/importer/fileformat/EndnoteXmlImporter.java	5	jablib	org.jabref.logic.importer.fileformat
jablib/src/main/java/org/jabref/logic/importer/fileformat/InspecImporter.java	5	jablib	org.jabref.logic.importer.fileformat
jablib/src/main/java/org/jabref/logic/importer/fileformat/IsiImporter.java	5	jablib	org.jabref.logic.importer.fileformat
jablib/src/main/java/org/jabref/logic/importer/fileformat/MedlineImporter.java	5	jablib	org.jabref.logic.importer.fileformat
jablib/src/main/java/org/jabref/logic/importer/fileformat/MedlinePlainImporter.java	5	jablib	org.jabref.logic.importer.fileformat
jablib/src/main/java/org/jabref/logic/importer/fileformat/ModsImporter.java	5	jablib	org.jabref.logic.importer.fileformat
jablib/src/main/java/org/jabref/logic/importer/fileformat/MrDLibImporter.java	5	jablib	org.jabref.logic.importer.fileformat
jablib/src/main/java/org/jabref/logic/importer/fileformat/MsBibImporter.java	5	jablib	org.jabref.logic.importer.fileformat
jablib/src/main/java/org/jabref/logic/importer/fileformat/OvidImporter.java	5	jablib	org.jabref.logic.importer.fileformat
jablib/src/main/java/org/jabref/logic/importer/fileformat/ReferImporter.java	5	jablib	org.jabref.logic.importer.fileformat
jablib/src/main/java/org/jabref/logic/importer/fileformat/RepecNepImporter.java	5	jablib	org.jabref.logic.importer.fileformat
jablib/src/main/java/org/jabref/logic/importer/fileformat/RisImporter.java	5	jablib	org.jabref.logic.importer.fileformat
jablib/src/main/java/org/jabref/logic/importer/fileformat/pdf/PdfContentImporter.java	5	jablib	org.jabref.logic.importer.fileformat.pdf
jablib/src/main/java/org/jabref/logic/importer/fileformat/pdf/PdfEmbeddedBibFileImporter.java	5	jablib	org.jabref.logic.importer.fileformat.pdf
jablib/src/main/java/org/jabref/logic/importer/fileformat/pdf/PdfImporter.java	5	jablib	org.jabref.logic.importer.fileformat.pdf
jablib/src/main/java/org/jabref/logic/importer/fileformat/pdf/PdfMergeMetadataImporter.java	5	jablib	org.jabref.logic.importer.fileformat.pdf
jablib/src/main/java/org/jabref/logic/importer/fileformat/pdf/PdfXmpImporter.java	5	jablib	org.jabref.logic.importer.fileformat.pdf
jablib/src/main/java/org/jabref/logic/importer/fileformat/pdf/RuleBasedBibliographyPdfImporter.java	5	jablib	org.jabref.logic.importer.fileformat.pdf
jablib/src/main/java/org/jabref/logic/layout/format/AuthorAbbreviator.java	5	jablib	org.jabref.logic.layout.format
jablib/src/main/java/org/jabref/logic/layout/format/AuthorAndsCommaReplacer.java	5	jablib	org.jabref.logic.layout.format
jablib/src/main/java/org/jabref/logic/layout/format/AuthorAndsReplacer.java	5	jablib	org.jabref.logic.layout.format
jablib/src/main/java/org/jabref/logic/layout/format/AuthorFirstAbbrLastCommas.java	5	jablib	org.jabref.logic.layout.format
jablib/src/main/java/org/jabref/logic/layout/format/AuthorFirstAbbrLastOxfordCommas.java	5	jablib	org.jabref.logic.layout.format
jablib/src/main/java/org/jabref/logic/layout/format/AuthorFirstFirst.java	5	jablib	org.jabref.logic.layout.format
jablib/src/main/java/org/jabref/logic/layout/format/AuthorFirstFirstCommas.java	5	jablib	org.jabref.logic.layout.format
jablib/src/main/java/org/jabref/logic/layout/format/AuthorFirstLastCommas.java	5	jablib	org.jabref.logic.layout.format
jablib/src/main/java/org/jabref/logic/layout/format/AuthorFirstLastOxfordCommas.java	5	jablib	org.jabref.logic.layout.format
jablib/src/main/java/org/jabref/logic/layout/format/AuthorLF_FF.java	5	jablib	org.jabref.logic.layout.format
jablib/src/main/java/org/jabref/logic/layout/format/AuthorLF_FFAbbr.java	5	jablib	org.jabref.logic.layout.format
jablib/src/main/java/org/jabref/logic/layout/format/AuthorLastFirst.java	5	jablib	org.jabref.logic.layout.format
jablib/src/main/java/org/jabref/logic/layout/format/AuthorLastFirstAbbrCommas.java	5	jablib	org.jabref.logic.layout.format
jablib/src/main/java/org/jabref/logic/layout/format/AuthorLastFirstAbbrOxfordCommas.java	5	jablib	org.jabref.logic.layout.format
jablib/src/main/java/org/jabref/logic/layout/format/AuthorLastFirstCommas.java	5	jablib	org.jabref.logic.layout.format
jablib/src/main/java/org/jabref/logic/layout/format/AuthorLastFirstOxfordCommas.java	5	jablib	org.jabref.logic.layout.format
jablib/src/main/java/org/jabref/logic/layout/format/AuthorNatBib.java	5	jablib	org.jabref.logic.layout.format
jablib/src/main/java/org/jabref/logic/layout/format/AuthorOrgSci.java	5	jablib	org.jabref.logic.layout.format
jablib/src/main/java/org/jabref/logic/layout/format/Authors.java	5	jablib	org.jabref.logic.layout.format
jablib/src/main/java/org/jabref/logic/layout/format/CreateDocBook4Editors.java	5	jablib	org.jabref.logic.layout.format
jablib/src/main/java/org/jabref/logic/layout/format/CurrentDate.java	5	jablib	org.jabref.logic.layout.format
jablib/src/main/java/org/jabref/logic/layout/format/DocBookAuthorFormatter.java	5	jablib	org.jabref.logic.layout.format
jablib/src/main/java/org/jabref/logic/layout/format/GetOpenOfficeType.java	5	jablib	org.jabref.logic.layout.format
jablib/src/main/java/org/jabref/logic/layout/format/RisAuthors.java	5	jablib	org.jabref.logic.layout.format
jablib/src/main/java/org/jabref/model/entry/AuthorList.java	5	jablib	org.jabref.model.entry
jabgui/src/main/java/org/jabref/gui/autocompleter/AutoCompletionTextInputBinding.java	6	jabgui	org.jabref.gui.autocompleter
jabgui/src/main/java/org/jabref/gui/autocompleter/BibEntrySuggestionProvider.java	6	jabgui	org.jabref.gui.autocompleter
jabgui/src/main/java/org/jabref/gui/autocompleter/ContentSelectorSuggestionProvider.java	6	jabgui	org.jabref.gui.autocompleter
jabgui/src/main/java/org/jabref/gui/autocompleter/JournalsSuggestionProvider.java	6	jabgui	org.jabref.gui.autocompleter
jabgui/src/main/java/org/jabref/gui/autocompleter/PersonNameSuggestionProvider.java	6	jabgui	org.jabref.gui.autocompleter
jabgui/src/main/java/org/jabref/gui/autocompleter/StringSuggestionProvider.java	6	jabgui	org.jabref.gui.autocompleter
jabgui/src/main/java/org/jabref/gui/autocompleter/SuggestionProvider.java	6	jabgui	org.jabref.gui.autocompleter
jabgui/src/main/java/org/jabref/gui/autocompleter/SuggestionProviders.java	6	jabgui	org.jabref.gui.autocompleter
jabgui/src/main/java/org/jabref/gui/fieldeditors/AbstractEditorViewModel.java	6	jabgui	org.jabref.gui.fieldeditors
jabgui/src/main/java/org/jabref/gui/fieldeditors/CitationCountEditor.java	6	jabgui	org.jabref.gui.fieldeditors
jabgui/src/main/java/org/jabref/gui/fieldeditors/CitationKeyEditor.java	6	jabgui	org.jabref.gui.fieldeditors
jabgui/src/main/java/org/jabref/gui/fieldeditors/CitationKeyEditorViewModel.java	6	jabgui	org.jabref.gui.fieldeditors
jabgui/src/main/java/org/jabref/gui/fieldeditors/DateEditor.java	6	jabgui	org.jabref.gui.fieldeditors
jabgui/src/main/java/org/jabref/gui/fieldeditors/DateEditorViewModel.java	6	jabgui	org.jabref.gui.fieldeditors
jabgui/src/main/java/org/jabref/gui/fieldeditors/EditorTextArea.java	6	jabgui	org.jabref.gui.fieldeditors
jabgui/src/main/java/org/jabref/gui/fieldeditors/EditorTextField.java	6	jabgui	org.jabref.gui.fieldeditors
jabgui/src/main/java/org/jabref/gui/fieldeditors/FieldEditors.java	6	jabgui	org.jabref.gui.fieldeditors
jabgui/src/main/java/org/jabref/gui/fieldeditors/ISSNEditor.java	6	jabgui	org.jabref.gui.fieldeditors
jabgui/src/main/java/org/jabref/gui/fieldeditors/JournalEditor.java	6	jabgui	org.jabref.gui.fieldeditors
jabgui/src/main/java/org/jabref/gui/fieldeditors/JournalEditorViewModel.java	6	jabgui	org.jabref.gui.fieldeditors
jabgui/src/main/java/org/jabref/gui/fieldeditors/JournalInfoOptInDialogHelper.java	6	jabgui	org.jabref.gui.fieldeditors
jabgui/src/main/java/org/jabref/gui/fieldeditors/LinkedEntriesEditor.java	6	jabgui	org.jabref.gui.fieldeditors
jabgui/src/main/java/org/jabref/gui/fieldeditors/LinkedEntriesEditorViewModel.java	6	jabgui	org.jabref.gui.fieldeditors
jabgui/src/main/java/org/jabref/gui/fieldeditors/LinkedFilesEditor.java	6	jabgui	org.jabref.gui.fieldeditors
jabgui/src/main/java/org/jabref/gui/fieldeditors/LinkedFilesEditorViewModel.java	6	jabgui	org.jabref.gui.fieldeditors
jabgui/src/main/java/org/jabref/gui/fieldeditors/MarkdownEditor.java	6	jabgui	org.jabref.gui.fieldeditors
jabgui/src/main/java/org/jabref/gui/fieldeditors/OwnerEditor.java	6	jabgui	org.jabref.gui.fieldeditors
jabgui/src/main/java/org/jabref/gui/fieldeditors/OwnerEditorViewModel.java	6	jabgui	org.jabref.gui.fieldeditors
jabgui/src/main/java/org/jabref/gui/fieldeditors/PersonsEditor.java	6	jabgui	org.jabref.gui.fieldeditors
jabgui/src/main/java/org/jabref/gui/fieldeditors/PersonsEditorViewModel.java	6	jabgui	org.jabref.gui.fieldeditors
jabgui/src/main/java/org/jabref/gui/fieldeditors/SimpleEditor.java	6	jabgui	org.jabref.gui.fieldeditors
jabgui/src/main/java/org/jabref/gui/fieldeditors/SimpleEditorViewModel.java	6	jabgui	org.jabref.gui.fieldeditors
jabgui/src/main/java/org/jabref/gui/fieldeditors/UrlEditor.java	6	jabgui	org.jabref.gui.fieldeditors
jabgui/src/main/java/org/jabref/gui/fieldeditors/UrlEditorViewModel.java	6	jabgui	org.jabref.gui.fieldeditors
jabgui/src/main/java/org/jabref/gui/fieldeditors/identifier/BaseIdentifierEditorViewModel.java	6	jabgui	org.jabref.gui.fieldeditors.identifier
jabgui/src/main/java/org/jabref/gui/fieldeditors/identifier/DoiIdentifierEditorViewModel.java	6	jabgui	org.jabref.gui.fieldeditors.identifier
jabgui/src/main/java/org/jabref/gui/fieldeditors/identifier/EprintIdentifierEditorViewModel.java	6	jabgui	org.jabref.gui.fieldeditors.identifier
jabgui/src/main/java/org/jabref/gui/fieldeditors/identifier/ISBNIdentifierEditorViewModel.java	6	jabgui	org.jabref.gui.fieldeditors.identifier
jabgui/src/main/java/org/jabref/gui/fieldeditors/identifier/IdentifierEditor.java	6	jabgui	org.jabref.gui.fieldeditors.identifier
jabgui/src/main/java/org/jabref/gui/fieldeditors/optioneditors/MonthEditorViewModel.java	6	jabgui	org.jabref.gui.fieldeditors.optioneditors
jabgui/src/main/java/org/jabref/gui/fieldeditors/optioneditors/OptionEditor.java	6	jabgui	org.jabref.gui.fieldeditors.optioneditors
jabgui/src/main/java/org/jabref/gui/fieldeditors/optioneditors/OptionEditorViewModel.java	6	jabgui	org.jabref.gui.fieldeditors.optioneditors
jabgui/src/main/java/org/jabref/gui/fieldeditors/optioneditors/mapbased/MapBasedEditorViewModel.java	6	jabgui	org.jabref.gui.fieldeditors.optioneditors.mapbased
jabgui/src/main/java/org/jabref/gui/fieldeditors/optioneditors/mapbased/PatentTypeEditorViewModel.java	6	jabgui	org.jabref.gui.fieldeditors.optioneditors.mapbased
jabgui/src/main/java/org/jabref/gui/fieldeditors/optioneditors/mapbased/YesNoEditorViewModel.java	6	jabgui	org.jabref.gui.fieldeditors.optioneditors.mapbased
jabgui/src/main/java/org/jabref/gui/linkedfile/AttachFileFromURLAction.java	6	jabgui	org.jabref.gui.linkedfile
jabgui/src/main/java/org/jabref/gui/linkedfile/DeleteFileAction.java	6	jabgui	org.jabref.gui.linkedfile
jabgui/src/main/java/org/jabref/gui/util/ViewModelListCellFactory.java	6	jabgui	org.jabref.gui.util
jabgui/src/main/java/org/jabref/gui/util/component/TemporalAccessorPicker.java	6	jabgui	org.jabref.gui.util.component
jablib/src/main/java/org/jabref/logic/formatter/bibtexfields/CleanupUrlFormatter.java	6	jablib	org.jabref.logic.formatter.bibtexfields
jablib/src/main/java/org/jabref/logic/importer/util/IdentifierParser.java	6	jablib	org.jabref.logic.importer.util
jablib/src/main/java/org/jabref/model/entry/Date.java	6	jablib	org.jabref.model.entry
jabgui/src/main/java/org/jabref/gui/edit/CopyToPreferences.java	7	jabgui	org.jabref.gui.edit
jabgui/src/main/java/org/jabref/gui/entryeditor/LatexCitationsTab.java	7	jabgui	org.jabref.gui.entryeditor
jabgui/src/main/java/org/jabref/gui/entryeditor/LatexCitationsTabViewModel.java	7	jabgui	org.jabref.gui.entryeditor
jabgui/src/main/java/org/jabref/gui/externalfiles/ImportHandler.java	7	jabgui	org.jabref.gui.externalfiles
jabgui/src/main/java/org/jabref/gui/externalfiles/PdfMergeDialog.java	7	jabgui	org.jabref.gui.externalfiles
jabgui/src/main/java/org/jabref/gui/externalfiles/UnlinkedFilesCrawler.java	7	jabgui	org.jabref.gui.externalfiles
jabgui/src/main/java/org/jabref/gui/externalfiles/UnlinkedFilesDialogPreferences.java	7	jabgui	org.jabref.gui.externalfiles
jabgui/src/main/java/org/jabref/gui/externalfiles/UnlinkedFilesDialogViewModel.java	7	jabgui	org.jabref.gui.externalfiles
jabgui/src/main/java/org/jabref/gui/externalfiles/UnlinkedPDFFileFilter.java	7	jabgui	org.jabref.gui.externalfiles
jabgui/src/main/java/org/jabref/gui/importer/BookCoverFetcher.java	7	jabgui	org.jabref.gui.importer
jabgui/src/main/java/org/jabref/gui/mergeentries/multiwaymerge/DiffHighlightingEllipsingTextFlow.java	7	jabgui	org.jabref.gui.mergeentries.multiwaymerge
jabgui/src/main/java/org/jabref/gui/mergeentries/multiwaymerge/MultiMergeEntriesView.java	7	jabgui	org.jabref.gui.mergeentries.multiwaymerge
jabgui/src/main/java/org/jabref/gui/mergeentries/multiwaymerge/MultiMergeEntriesViewModel.java	7	jabgui	org.jabref.gui.mergeentries.multiwaymerge
jabgui/src/main/java/org/jabref/gui/newentry/NewEntryPreferences.java	7	jabgui	org.jabref.gui.newentry
jabgui/src/main/java/org/jabref/gui/newentry/NewEntryView.java	7	jabgui	org.jabref.gui.newentry
jabgui/src/main/java/org/jabref/gui/newentry/NewEntryViewModel.java	7	jabgui	org.jabref.gui.newentry
jabgui/src/main/java/org/jabref/gui/preferences/GuiPreferences.java	7	jabgui	org.jabref.gui.preferences
jabgui/src/main/java/org/jabref/gui/preferences/JabRefGuiPreferences.java	7	jabgui	org.jabref.gui.preferences
jabgui/src/main/java/org/jabref/gui/preferences/preview/PreviewTab.java	7	jabgui	org.jabref.gui.preferences.preview
jabgui/src/main/java/org/jabref/gui/preferences/preview/PreviewTabViewModel.java	7	jabgui	org.jabref.gui.preferences.preview
jabgui/src/main/java/org/jabref/gui/preview/CopyCitationAction.java	7	jabgui	org.jabref.gui.preview
jabgui/src/main/java/org/jabref/gui/preview/PreviewPreferences.java	7	jabgui	org.jabref.gui.preview
jabgui/src/main/java/org/jabref/gui/preview/PreviewViewer.java	7	jabgui	org.jabref.gui.preview
jabgui/src/main/java/org/jabref/gui/texparser/CitationsDisplay.java	7	jabgui	org.jabref.gui.texparser
jabgui/src/main/java/org/jabref/gui/texparser/ParseLatexAction.java	7	jabgui	org.jabref.gui.texparser
jabgui/src/main/java/org/jabref/gui/texparser/ParseLatexDialogView.java	7	jabgui	org.jabref.gui.texparser
jabgui/src/main/java/org/jabref/gui/texparser/ParseLatexDialogViewModel.java	7	jabgui	org.jabref.gui.texparser
jabgui/src/main/java/org/jabref/gui/texparser/ParseLatexResultView.java	7	jabgui	org.jabref.gui.texparser
jabgui/src/main/java/org/jabref/gui/texparser/ParseLatexResultViewModel.java	7	jabgui	org.jabref.gui.texparser
jabgui/src/main/java/org/jabref/gui/texparser/ReferenceViewModel.java	7	jabgui	org.jabref.gui.texparser
jabgui/src/main/java/org/jabref/gui/util/FileNodeViewModel.java	7	jabgui	org.jabref.gui.util
jabgui/src/main/java/org/jabref/gui/welcome/DonationPreferences.java	7	jabgui	org.jabref.gui.welcome
jabgui/src/main/java/org/jabref/gui/welcome/quicksettings/viewmodel/PushApplicationDialogViewModel.java	7	jabgui	org.jabref.gui.welcome.quicksettings.viewmodel
jabgui/src/main/java/org/jabref/gui/welcome/quicksettings/viewmodel/ThemeDialogViewModel.java	7	jabgui	org.jabref.gui.welcome.quicksettings.viewmodel
jablib/src/main/java/org/jabref/logic/externalfiles/LinkedFileHandler.java	7	jablib	org.jabref.logic.externalfiles
jablib/src/main/java/org/jabref/logic/importer/plaincitation/LlmPlainCitationParser.java	7	jablib	org.jabref.logic.importer.plaincitation
jablib/src/main/java/org/jabref/logic/openoffice/bst/BSTFormatUtils.java	7	jablib	org.jabref.logic.openoffice.bst
jablib/src/main/java/org/jabref/logic/preview/BstPreviewLayout.java	7	jablib	org.jabref.logic.preview
jablib/src/main/java/org/jabref/logic/preview/CitationStylePreviewLayout.java	7	jablib	org.jabref.logic.preview
jablib/src/main/java/org/jabref/logic/preview/PreviewLayout.java	7	jablib	org.jabref.logic.preview
jablib/src/main/java/org/jabref/logic/push/PushToApplicationDetector.java	7	jablib	org.jabref.logic.push
jablib/src/main/java/org/jabref/logic/texparser/DefaultLatexParser.java	7	jablib	org.jabref.logic.texparser
jablib/src/main/java/org/jabref/logic/texparser/TexBibEntriesResolver.java	7	jablib	org.jabref.logic.texparser
jablib/src/main/java/org/jabref/logic/util/Directories.java	7	jablib	org.jabref.logic.util
jablib/src/main/java/org/jabref/logic/util/URLUtil.java	7	jablib	org.jabref.logic.util
jablib/src/main/java/org/jabref/logic/util/io/FileNameUniqueness.java	7	jablib	org.jabref.logic.util.io
jablib/src/main/java/org/jabref/logic/util/io/FileUtil.java	7	jablib	org.jabref.logic.util.io
jablib/src/main/java/org/jabref/model/entry/LinkedFile.java	7	jablib	org.jabref.model.entry
jablib/src/main/java/org/jabref/model/texparser/Citation.java	7	jablib	org.jabref.model.texparser
jablib/src/main/java/org/jabref/model/texparser/LatexBibEntriesResolverResult.java	7	jablib	org.jabref.model.texparser
jablib/src/main/java/org/jabref/model/texparser/LatexParserResult.java	7	jablib	org.jabref.model.texparser
build-support/src/main/java/CitationStyleCatalogGenerator.java	8	build-support	(default)
jabgui/src/main/java/org/jabref/gui/openoffice/CSLStyleSelectViewModel.java	8	jabgui	org.jabref.gui.openoffice
jabgui/src/main/java/org/jabref/gui/openoffice/DetectOpenOfficeInstallation.java	8	jabgui	org.jabref.gui.openoffice
jabgui/src/main/java/org/jabref/gui/openoffice/JStyleSelectViewModel.java	8	jabgui	org.jabref.gui.openoffice
jabgui/src/main/java/org/jabref/gui/openoffice/OOBibBase.java	8	jabgui	org.jabref.gui.openoffice
jabgui/src/main/java/org/jabref/gui/openoffice/OOBibBaseConnect.java	8	jabgui	org.jabref.gui.openoffice
jabgui/src/main/java/org/jabref/gui/openoffice/OpenOfficePanel.java	8	jabgui	org.jabref.gui.openoffice
jabgui/src/main/java/org/jabref/gui/openoffice/StyleSelectDialogView.java	8	jabgui	org.jabref.gui.openoffice
jabgui/src/main/java/org/jabref/gui/openoffice/StyleSelectDialogViewModel.java	8	jabgui	org.jabref.gui.openoffice
jabgui/src/main/java/org/jabref/gui/preferences/openoffice/OpenOfficeTab.java	8	jabgui	org.jabref.gui.preferences.openoffice
jabgui/src/main/java/org/jabref/gui/preferences/openoffice/OpenOfficeTabViewModel.java	8	jabgui	org.jabref.gui.preferences.openoffice
jablib/src/main/java/org/jabref/logic/citationstyle/CSLStyleLoader.java	8	jablib	org.jabref.logic.citationstyle
jablib/src/main/java/org/jabref/logic/citationstyle/CSLStyleUtils.java	8	jablib	org.jabref.logic.citationstyle
jablib/src/main/java/org/jabref/logic/citationstyle/CitationStyle.java	8	jablib	org.jabref.logic.citationstyle
jablib/src/main/java/org/jabref/logic/citationstyle/JabRefLocaleProvider.java	8	jablib	org.jabref.logic.citationstyle
jablib/src/main/java/org/jabref/logic/openoffice/OpenOfficeFileSearch.java	8	jablib	org.jabref.logic.openoffice
jablib/src/main/java/org/jabref/logic/openoffice/OpenOfficePreferences.java	8	jablib	org.jabref.logic.openoffice
jablib/src/main/java/org/jabref/logic/openoffice/ReferenceMark.java	8	jablib	org.jabref.logic.openoffice
jablib/src/main/java/org/jabref/logic/openoffice/action/EditInsert.java	8	jablib	org.jabref.logic.openoffice.action
jablib/src/main/java/org/jabref/logic/openoffice/action/EditMerge.java	8	jablib	org.jabref.logic.openoffice.action
jablib/src/main/java/org/jabref/logic/openoffice/action/EditSeparate.java	8	jablib	org.jabref.logic.openoffice.action
jablib/src/main/java/org/jabref/logic/openoffice/action/Update.java	8	jablib	org.jabref.logic.openoffice.action
jablib/src/main/java/org/jabref/logic/openoffice/backend/Backend52.java	8	jablib	org.jabref.logic.openoffice.backend
jablib/src/main/java/org/jabref/logic/openoffice/backend/JStyleReferenceMark.java	8	jablib	org.jabref.logic.openoffice.backend
jablib/src/main/java/org/jabref/logic/openoffice/backend/NamedRangeManagerReferenceMark.java	8	jablib	org.jabref.logic.openoffice.backend
jablib/src/main/java/org/jabref/logic/openoffice/backend/NamedRangeReferenceMark.java	8	jablib	org.jabref.logic.openoffice.backend
jablib/src/main/java/org/jabref/logic/openoffice/bst/PandocLatexConverter.java	8	jablib	org.jabref.logic.openoffice.bst
jablib/src/main/java/org/jabref/logic/openoffice/frontend/OOFrontend.java	8	jablib	org.jabref.logic.openoffice.frontend
jablib/src/main/java/org/jabref/logic/openoffice/frontend/UpdateBibliography.java	8	jablib	org.jabref.logic.openoffice.frontend
jablib/src/main/java/org/jabref/logic/openoffice/frontend/UpdateCitationMarkers.java	8	jablib	org.jabref.logic.openoffice.frontend
jablib/src/main/java/org/jabref/logic/openoffice/oocsltext/BSTCitationOOAdapter.java	8	jablib	org.jabref.logic.openoffice.oocsltext
jablib/src/main/java/org/jabref/logic/openoffice/oocsltext/BSTReferenceMarkManager.java	8	jablib	org.jabref.logic.openoffice.oocsltext
jablib/src/main/java/org/jabref/logic/openoffice/oocsltext/CSLCitationOOAdapter.java	8	jablib	org.jabref.logic.openoffice.oocsltext
jablib/src/main/java/org/jabref/logic/openoffice/oocsltext/CSLFormatUtils.java	8	jablib	org.jabref.logic.openoffice.oocsltext
jablib/src/main/java/org/jabref/logic/openoffice/oocsltext/CSLReferenceMark.java	8	jablib	org.jabref.logic.openoffice.oocsltext
jablib/src/main/java/org/jabref/logic/openoffice/oocsltext/CSLReferenceMarkManager.java	8	jablib	org.jabref.logic.openoffice.oocsltext
jablib/src/main/java/org/jabref/logic/openoffice/oocsltext/CSLUpdateBibliography.java	8	jablib	org.jabref.logic.openoffice.oocsltext
jablib/src/main/java/org/jabref/logic/openoffice/style/BstStyleLoader.java	8	jablib	org.jabref.logic.openoffice.style
jablib/src/main/java/org/jabref/logic/openoffice/style/JStyle.java	8	jablib	org.jabref.logic.openoffice.style
jablib/src/main/java/org/jabref/logic/openoffice/style/JStyleGetCitationMarker.java	8	jablib	org.jabref.logic.openoffice.style
jablib/src/main/java/org/jabref/logic/openoffice/style/JStyleGetNumericCitationMarker.java	8	jablib	org.jabref.logic.openoffice.style
jablib/src/main/java/org/jabref/logic/openoffice/style/JStyleLoader.java	8	jablib	org.jabref.logic.openoffice.style
jablib/src/main/java/org/jabref/logic/openoffice/style/OOFormatBibliography.java	8	jablib	org.jabref.logic.openoffice.style
jablib/src/main/java/org/jabref/logic/openoffice/style/OOProcessAuthorYearMarkers.java	8	jablib	org.jabref.logic.openoffice.style
jablib/src/main/java/org/jabref/logic/openoffice/style/OOProcessCitationKeyMarkers.java	8	jablib	org.jabref.logic.openoffice.style
jablib/src/main/java/org/jabref/logic/openoffice/style/OOProcessNumericMarkers.java	8	jablib	org.jabref.logic.openoffice.style
jablib/src/main/java/org/jabref/model/openoffice/CitationEntry.java	8	jablib	org.jabref.model.openoffice
jablib/src/main/java/org/jabref/model/openoffice/backend/NamedRangeManager.java	8	jablib	org.jabref.model.openoffice.backend
jablib/src/main/java/org/jabref/model/openoffice/style/CitationGroup.java	8	jablib	org.jabref.model.openoffice.style
jablib/src/main/java/org/jabref/model/openoffice/style/CitationGroups.java	8	jablib	org.jabref.model.openoffice.style
jablib/src/main/java/org/jabref/model/openoffice/style/CitationType.java	8	jablib	org.jabref.model.openoffice.style
jabgui/src/main/java/org/jabref/gui/DialogService.java	9	jabgui	org.jabref.gui
jabgui/src/main/java/org/jabref/gui/FXDialog.java	9	jabgui	org.jabref.gui
jabgui/src/main/java/org/jabref/gui/JabRefDialogService.java	9	jabgui	org.jabref.gui
jabgui/src/main/java/org/jabref/gui/JabRefGUI.java	9	jabgui	org.jabref.gui
jabgui/src/main/java/org/jabref/gui/entryeditor/citationrelationtab/BibEntryView.java	9	jabgui	org.jabref.gui.entryeditor.citationrelationtab
jabgui/src/main/java/org/jabref/gui/entryeditor/citationrelationtab/CitationRelationItem.java	9	jabgui	org.jabref.gui.entryeditor.citationrelationtab
jabgui/src/main/java/org/jabref/gui/entryeditor/citationrelationtab/CitationRelationsTab.java	9	jabgui	org.jabref.gui.entryeditor.citationrelationtab
jabgui/src/main/java/org/jabref/gui/entryeditor/citationrelationtab/CitationsRelationsTabViewModel.java	9	jabgui	org.jabref.gui.entryeditor.citationrelationtab
jabgui/src/main/java/org/jabref/gui/externalfiles/FileSelectionPage.java	9	jabgui	org.jabref.gui.externalfiles
jabgui/src/main/java/org/jabref/gui/externalfiles/ImportResultsPage.java	9	jabgui	org.jabref.gui.externalfiles
jabgui/src/main/java/org/jabref/gui/externalfiles/UnlinkedFilesWizard.java	9	jabgui	org.jabref.gui.externalfiles
jabgui/src/main/java/org/jabref/gui/fieldeditors/KeywordsEditor.java	9	jabgui	org.jabref.gui.fieldeditors
jabgui/src/main/java/org/jabref/gui/fieldeditors/KeywordsEditorViewModel.java	9	jabgui	org.jabref.gui.fieldeditors
jabgui/src/main/java/org/jabref/gui/frame/ProcessingLibraryDialog.java	9	jabgui	org.jabref.gui.frame
jabgui/src/main/java/org/jabref/gui/help/SearchForUpdateAction.java	9	jabgui	org.jabref.gui.help
jabgui/src/main/java/org/jabref/gui/help/VersionWorker.java	9	jabgui	org.jabref.gui.help
jabgui/src/main/java/org/jabref/gui/theme/StyleSheet.java	9	jabgui	org.jabref.gui.theme
jabgui/src/main/java/org/jabref/gui/theme/StyleSheetDataUrl.java	9	jabgui	org.jabref.gui.theme
jabgui/src/main/java/org/jabref/gui/theme/StyleSheetFile.java	9	jabgui	org.jabref.gui.theme
jabgui/src/main/java/org/jabref/gui/theme/StyleSheetResource.java	9	jabgui	org.jabref.gui.theme
jabgui/src/main/java/org/jabref/gui/theme/ThemeManager.java	9	jabgui	org.jabref.gui.theme
jabgui/src/main/java/org/jabref/gui/util/BaseDialog.java	9	jabgui	org.jabref.gui.util
jabgui/src/main/java/org/jabref/gui/util/UiTaskExecutor.java	9	jabgui	org.jabref.gui.util
jablib/src/main/java/org/jabref/logic/citation/SearchCitationsRelationsService.java	9	jablib	org.jabref.logic.citation
jablib/src/main/java/org/jabref/logic/citation/repository/BibEntryCitationsAndReferencesRepository.java	9	jablib	org.jabref.logic.citation.repository
jablib/src/main/java/org/jabref/logic/citation/repository/BibEntryCitationsAndReferencesRepositoryShell.java	9	jablib	org.jabref.logic.citation.repository
jablib/src/main/java/org/jabref/logic/citation/repository/MVStoreBibEntryRelationRepository.java	9	jablib	org.jabref.logic.citation.repository
jablib/src/main/java/org/jabref/logic/importer/fetcher/citation/CitationFetcher.java	9	jablib	org.jabref.logic.importer.fetcher.citation
jablib/src/main/java/org/jabref/logic/importer/fetcher/citation/CitationFetcherType.java	9	jablib	org.jabref.logic.importer.fetcher.citation
jablib/src/main/java/org/jabref/logic/importer/fetcher/citation/crossref/CrossRefCitationFetcher.java	9	jablib	org.jabref.logic.importer.fetcher.citation.crossref
jablib/src/main/java/org/jabref/logic/importer/fetcher/citation/opencitations/OpenCitationsFetcher.java	9	jablib	org.jabref.logic.importer.fetcher.citation.opencitations
jablib/src/main/java/org/jabref/logic/importer/fetcher/citation/semanticscholar/SemanticScholarCitationFetcher.java	9	jablib	org.jabref.logic.importer.fetcher.citation.semanticscholar
jablib/src/main/java/org/jabref/logic/remote/server/RemoteListenerServerManager.java	9	jablib	org.jabref.logic.remote.server
jablib/src/main/java/org/jabref/logic/util/BackgroundTask.java	9	jablib	org.jabref.logic.util
jablib/src/main/java/org/jabref/logic/util/CurrentThreadTaskExecutor.java	9	jablib	org.jabref.logic.util
jablib/src/main/java/org/jabref/logic/util/DelayTaskThrottler.java	9	jablib	org.jabref.logic.util
jablib/src/main/java/org/jabref/logic/util/HeadlessExecutorService.java	9	jablib	org.jabref.logic.util
jablib/src/main/java/org/jabref/logic/util/TaskExecutor.java	9	jablib	org.jabref.logic.util
jablib/src/main/java/org/jabref/model/ChainNode.java	9	jablib	org.jabref.model
jablib/src/main/java/org/jabref/model/entry/Keyword.java	9	jablib	org.jabref.model.entry
jablib/src/main/java/org/jabref/model/entry/KeywordList.java	9	jablib	org.jabref.model.entry
jabls/src/main/java/org/jabref/languageserver/BibtexTextDocumentService.java	9	jabls	org.jabref.languageserver
jabls/src/main/java/org/jabref/languageserver/BibtexWorkspaceService.java	9	jabls	org.jabref.languageserver
jabls/src/main/java/org/jabref/languageserver/LspClientHandler.java	9	jabls	org.jabref.languageserver
jabls/src/main/java/org/jabref/languageserver/LspLauncher.java	9	jabls	org.jabref.languageserver
jabls/src/main/java/org/jabref/languageserver/controller/LanguageServerController.java	9	jabls	org.jabref.languageserver.controller
jabls/src/main/java/org/jabref/languageserver/util/LspConsistencyCheck.java	9	jabls	org.jabref.languageserver.util
jabls/src/main/java/org/jabref/languageserver/util/LspDiagnosticBuilder.java	9	jabls	org.jabref.languageserver.util
jabls/src/main/java/org/jabref/languageserver/util/LspDiagnosticHandler.java	9	jabls	org.jabref.languageserver.util
jabgui/src/main/java/org/jabref/gui/groups/GroupTreeNodeViewModel.java	10	jabgui	org.jabref.gui.groups
jablib/src/main/java/org/jabref/logic/bibtex/FieldWriter.java	10	jablib	org.jabref.logic.bibtex
jablib/src/main/java/org/jabref/logic/layout/Layout.java	10	jablib	org.jabref.logic.layout
jablib/src/main/java/org/jabref/logic/layout/LayoutEntry.java	10	jablib	org.jabref.logic.layout
jablib/src/main/java/org/jabref/logic/layout/LayoutHelper.java	10	jablib	org.jabref.logic.layout
jablib/src/main/java/org/jabref/logic/layout/StringInt.java	10	jablib	org.jabref.logic.layout
jablib/src/main/java/org/jabref/logic/layout/format/CompositeFormat.java	10	jablib	org.jabref.logic.layout.format
jablib/src/main/java/org/jabref/logic/layout/format/CreateBibORDFAuthors.java	10	jablib	org.jabref.logic.layout.format
jablib/src/main/java/org/jabref/logic/layout/format/HTMLChars.java	10	jablib	org.jabref.logic.layout.format
jablib/src/main/java/org/jabref/logic/layout/format/HTMLParagraphs.java	10	jablib	org.jabref.logic.layout.format
jablib/src/main/java/org/jabref/logic/layout/format/IfPlural.java	10	jablib	org.jabref.logic.layout.format
jablib/src/main/java/org/jabref/logic/layout/format/LatexToUnicodeFormatter.java	10	jablib	org.jabref.logic.layout.format
jablib/src/main/java/org/jabref/logic/layout/format/NameFormatter.java	10	jablib	org.jabref.logic.layout.format
jablib/src/main/java/org/jabref/logic/layout/format/RTFChars.java	10	jablib	org.jabref.logic.layout.format
jablib/src/main/java/org/jabref/logic/layout/format/RemoveBrackets.java	10	jablib	org.jabref.logic.layout.format
jablib/src/main/java/org/jabref/logic/layout/format/RemoveBracketsAddComma.java	10	jablib	org.jabref.logic.layout.format
jablib/src/main/java/org/jabref/logic/layout/format/RemoveLatexCommandsFormatter.java	10	jablib	org.jabref.logic.layout.format
jablib/src/main/java/org/jabref/logic/layout/format/RemoveTilde.java	10	jablib	org.jabref.logic.layout.format
jablib/src/main/java/org/jabref/logic/layout/format/RisKeywords.java	10	jablib	org.jabref.logic.layout.format
jablib/src/main/java/org/jabref/logic/layout/format/ToLowerCase.java	10	jablib	org.jabref.logic.layout.format
jablib/src/main/java/org/jabref/logic/layout/format/ToUpperCase.java	10	jablib	org.jabref.logic.layout.format
jablib/src/main/java/org/jabref/logic/layout/format/XMLChars.java	10	jablib	org.jabref.logic.layout.format
jablib/src/main/java/org/jabref/logic/openoffice/style/OOPreFormatter.java	10	jablib	org.jabref.logic.openoffice.style
jablib/src/main/java/org/jabref/logic/util/BuildInfo.java	10	jablib	org.jabref.logic.util
jablib/src/main/java/org/jabref/logic/util/strings/QuotedStringTokenizer.java	10	jablib	org.jabref.logic.util.strings
jablib/src/main/java/org/jabref/logic/util/strings/RtfCharMap.java	10	jablib	org.jabref.logic.util.strings
jablib/src/main/java/org/jabref/logic/util/strings/StringUtil.java	10	jablib	org.jabref.logic.util.strings
jablib/src/main/java/org/jabref/logic/util/strings/XmlCharsMap.java	10	jablib	org.jabref.logic.util.strings
jablib/src/main/java/org/jabref/model/TreeNode.java	10	jablib	org.jabref.model
jablib/src/main/java/org/jabref/model/groups/AbstractGroup.java	10	jablib	org.jabref.model.groups
jablib/src/main/java/org/jabref/model/groups/AllEntriesGroup.java	10	jablib	org.jabref.model.groups
jablib/src/main/java/org/jabref/model/groups/AutomaticKeywordGroup.java	10	jablib	org.jabref.model.groups
jablib/src/main/java/org/jabref/model/groups/AutomaticPersonsGroup.java	10	jablib	org.jabref.model.groups
jablib/src/main/java/org/jabref/model/groups/ExplicitGroup.java	10	jablib	org.jabref.model.groups
jablib/src/main/java/org/jabref/model/groups/GroupEntryChanger.java	10	jablib	org.jabref.model.groups
jablib/src/main/java/org/jabref/model/groups/GroupHierarchyType.java	10	jablib	org.jabref.model.groups
jablib/src/main/java/org/jabref/model/groups/GroupTreeNode.java	10	jablib	org.jabref.model.groups
jablib/src/main/java/org/jabref/model/groups/KeywordGroup.java	10	jablib	org.jabref.model.groups
jablib/src/main/java/org/jabref/model/groups/RegexKeywordGroup.java	10	jablib	org.jabref.model.groups
jablib/src/main/java/org/jabref/model/groups/SearchGroup.java	10	jablib	org.jabref.model.groups
jablib/src/main/java/org/jabref/model/groups/WordKeywordGroup.java	10	jablib	org.jabref.model.groups
jablib/src/main/java/org/jabref/model/search/matchers/AndMatcher.java	10	jablib	org.jabref.model.search.matchers
jablib/src/main/java/org/jabref/model/search/matchers/MatcherSet.java	10	jablib	org.jabref.model.search.matchers
jablib/src/main/java/org/jabref/model/search/matchers/OrMatcher.java	10	jablib	org.jabref.model.search.matchers
jablib/src/main/java/org/jabref/model/strings/UnicodeToReadableCharMap.java	10	jablib	org.jabref.model.strings
jabgui/src/main/java/org/jabref/gui/WorkspacePreferences.java	11	jabgui	org.jabref.gui
jabgui/src/main/java/org/jabref/gui/commonfxcontrols/CitationKeyPatternsPanel.java	11	jabgui	org.jabref.gui.commonfxcontrols
jabgui/src/main/java/org/jabref/gui/commonfxcontrols/CitationKeyPatternsPanelItemModel.java	11	jabgui	org.jabref.gui.commonfxcontrols
jabgui/src/main/java/org/jabref/gui/commonfxcontrols/CitationKeyPatternsPanelViewModel.java	11	jabgui	org.jabref.gui.commonfxcontrols
jabgui/src/main/java/org/jabref/gui/entryeditor/AllFieldsTab.java	11	jabgui	org.jabref.gui.entryeditor
jabgui/src/main/java/org/jabref/gui/entryeditor/EntryEditorTabFactory.java	11	jabgui	org.jabref.gui.entryeditor
jabgui/src/main/java/org/jabref/gui/entryeditor/EntryEditorTabModel.java	11	jabgui	org.jabref.gui.entryeditor
jabgui/src/main/java/org/jabref/gui/frame/ExternalApplicationsPreferences.java	11	jabgui	org.jabref.gui.frame
jabgui/src/main/java/org/jabref/gui/groups/GroupDialogView.java	11	jabgui	org.jabref.gui.groups
jabgui/src/main/java/org/jabref/gui/groups/GroupDialogViewModel.java	11	jabgui	org.jabref.gui.groups
jabgui/src/main/java/org/jabref/gui/groups/GroupsPreferences.java	11	jabgui	org.jabref.gui.groups
jabgui/src/main/java/org/jabref/gui/preferences/AbstractPreferenceTabView.java	11	jabgui	org.jabref.gui.preferences
jabgui/src/main/java/org/jabref/gui/preferences/PreferenceTabViewModel.java	11	jabgui	org.jabref.gui.preferences
jabgui/src/main/java/org/jabref/gui/preferences/PreferencesDialogView.java	11	jabgui	org.jabref.gui.preferences
jabgui/src/main/java/org/jabref/gui/preferences/PreferencesDialogViewModel.java	11	jabgui	org.jabref.gui.preferences
jabgui/src/main/java/org/jabref/gui/preferences/PreferencesTab.java	11	jabgui	org.jabref.gui.preferences
jabgui/src/main/java/org/jabref/gui/preferences/citationkeypattern/CitationKeyPatternTab.java	11	jabgui	org.jabref.gui.preferences.citationkeypattern
jabgui/src/main/java/org/jabref/gui/preferences/citationkeypattern/CitationKeyPatternTabViewModel.java	11	jabgui	org.jabref.gui.preferences.citationkeypattern
jabgui/src/main/java/org/jabref/gui/preferences/entryeditor/EntryEditorTab.java	11	jabgui	org.jabref.gui.preferences.entryeditor
jabgui/src/main/java/org/jabref/gui/preferences/entryeditor/EntryEditorTabViewModel.java	11	jabgui	org.jabref.gui.preferences.entryeditor
jabgui/src/main/java/org/jabref/gui/preferences/external/ExternalTab.java	11	jabgui	org.jabref.gui.preferences.external
jabgui/src/main/java/org/jabref/gui/preferences/external/ExternalTabViewModel.java	11	jabgui	org.jabref.gui.preferences.external
jabgui/src/main/java/org/jabref/gui/preferences/general/GeneralTab.java	11	jabgui	org.jabref.gui.preferences.general
jabgui/src/main/java/org/jabref/gui/preferences/general/GeneralTabViewModel.java	11	jabgui	org.jabref.gui.preferences.general
jabgui/src/main/java/org/jabref/gui/preferences/groups/GroupsTab.java	11	jabgui	org.jabref.gui.preferences.groups
jabgui/src/main/java/org/jabref/gui/preferences/groups/GroupsTabViewModel.java	11	jabgui	org.jabref.gui.preferences.groups
jabgui/src/main/java/org/jabref/gui/preferences/nameformatter/NameFormatterTab.java	11	jabgui	org.jabref.gui.preferences.nameformatter
jabgui/src/main/java/org/jabref/gui/preferences/nameformatter/NameFormatterTabViewModel.java	11	jabgui	org.jabref.gui.preferences.nameformatter
jabgui/src/main/java/org/jabref/gui/preferences/network/NetworkTab.java	11	jabgui	org.jabref.gui.preferences.network
jabgui/src/main/java/org/jabref/gui/preferences/network/NetworkTabViewModel.java	11	jabgui	org.jabref.gui.preferences.network
jabgui/src/main/java/org/jabref/gui/preferences/table/TableTab.java	11	jabgui	org.jabref.gui.preferences.table
jabgui/src/main/java/org/jabref/gui/preferences/table/TableTabViewModel.java	11	jabgui	org.jabref.gui.preferences.table
jabgui/src/main/java/org/jabref/gui/preferences/xmp/XmpPrivacyTab.java	11	jabgui	org.jabref.gui.preferences.xmp
jabgui/src/main/java/org/jabref/gui/preferences/xmp/XmpPrivacyTabViewModel.java	11	jabgui	org.jabref.gui.preferences.xmp
jabgui/src/main/java/org/jabref/gui/util/FieldsUtil.java	11	jabgui	org.jabref.gui.util
jabgui/src/main/java/org/jabref/migrations/PreferencesMigrations.java	11	jabgui	org.jabref.migrations
jablib/src/main/java/org/jabref/logic/citationkeypattern/CitationKeyGeneratorTestUtils.java	11	jablib	org.jabref.logic.citationkeypattern
jablib/src/main/java/org/jabref/logic/citationkeypattern/CitationKeyPattern.java	11	jablib	org.jabref.logic.citationkeypattern
jablib/src/main/java/org/jabref/logic/citationkeypattern/CitationKeyPatternPreferences.java	11	jablib	org.jabref.logic.citationkeypattern
jablib/src/main/java/org/jabref/logic/push/PushToApplicationPreferences.java	11	jablib	org.jabref.logic.push
jabgui/src/main/java/org/jabref/gui/autosaveandbackup/AutosaveManager.java	12	jabgui	org.jabref.gui.autosaveandbackup
jabgui/src/main/java/org/jabref/gui/autosaveandbackup/BackupManager.java	12	jabgui	org.jabref.gui.autosaveandbackup
jablib/src/main/java/org/jabref/logic/auxparser/AuxParserResult.java	12	jablib	org.jabref.logic.auxparser
jablib/src/main/java/org/jabref/logic/auxparser/DefaultAuxParser.java	12	jablib	org.jabref.logic.auxparser
jablib/src/main/java/org/jabref/logic/bibtex/BibEntryWriter.java	12	jablib	org.jabref.logic.bibtex
jablib/src/main/java/org/jabref/logic/bibtex/TypedBibEntry.java	12	jablib	org.jabref.logic.bibtex
jablib/src/main/java/org/jabref/logic/bibtex/comparator/BibtexStringComparator.java	12	jablib	org.jabref.logic.bibtex.comparator
jablib/src/main/java/org/jabref/logic/bibtex/comparator/CrossRefEntryComparator.java	12	jablib	org.jabref.logic.bibtex.comparator
jablib/src/main/java/org/jabref/logic/bibtex/comparator/EntryComparator.java	12	jablib	org.jabref.logic.bibtex.comparator
jablib/src/main/java/org/jabref/logic/bibtex/comparator/FieldComparator.java	12	jablib	org.jabref.logic.bibtex.comparator
jablib/src/main/java/org/jabref/logic/bibtex/comparator/FieldComparatorStack.java	12	jablib	org.jabref.logic.bibtex.comparator
jablib/src/main/java/org/jabref/logic/bibtex/comparator/IdComparator.java	12	jablib	org.jabref.logic.bibtex.comparator
jablib/src/main/java/org/jabref/logic/citationstyle/JabRefItemDataProvider.java	12	jablib	org.jabref.logic.citationstyle
jablib/src/main/java/org/jabref/logic/exporter/BibWriter.java	12	jablib	org.jabref.logic.exporter
jablib/src/main/java/org/jabref/logic/exporter/OOCalcDatabase.java	12	jablib	org.jabref.logic.exporter
jablib/src/main/java/org/jabref/logic/exporter/OpenDocumentRepresentation.java	12	jablib	org.jabref.logic.exporter
jablib/src/main/java/org/jabref/logic/importer/Parser.java	12	jablib	org.jabref.logic.importer
jablib/src/main/java/org/jabref/logic/importer/fileformat/BibtexParser.java	12	jablib	org.jabref.logic.importer.fileformat
jablib/src/main/java/org/jabref/logic/layout/format/Iso690FormatDate.java	12	jablib	org.jabref.logic.layout.format
jablib/src/main/java/org/jabref/logic/layout/format/Iso690NamesAuthors.java	12	jablib	org.jabref.logic.layout.format
jablib/src/main/java/org/jabref/logic/layout/format/RisMonth.java	12	jablib	org.jabref.logic.layout.format
jablib/src/main/java/org/jabref/logic/msbib/MSBibDatabase.java	12	jablib	org.jabref.logic.msbib
jablib/src/main/java/org/jabref/logic/msbib/MSBibEntry.java	12	jablib	org.jabref.logic.msbib
jablib/src/main/java/org/jabref/logic/msbib/PageNumbers.java	12	jablib	org.jabref.logic.msbib
jablib/src/main/java/org/jabref/logic/util/CoarseChangeFilter.java	12	jablib	org.jabref.logic.util
jablib/src/main/java/org/jabref/model/FieldChange.java	12	jablib	org.jabref.model
jablib/src/main/java/org/jabref/model/database/BibDatabase.java	12	jablib	org.jabref.model.database
jablib/src/main/java/org/jabref/model/database/CitationKeyListener.java	12	jablib	org.jabref.model.database
jablib/src/main/java/org/jabref/model/database/KeyCollisionException.java	12	jablib	org.jabref.model.database
jablib/src/main/java/org/jabref/model/database/event/BibDatabaseContextChangedEvent.java	12	jablib	org.jabref.model.database.event
jablib/src/main/java/org/jabref/model/database/event/EntriesAddedEvent.java	12	jablib	org.jabref.model.database.event
jablib/src/main/java/org/jabref/model/database/event/EntriesRemovedEvent.java	12	jablib	org.jabref.model.database.event
jablib/src/main/java/org/jabref/model/entry/BibEntry.java	12	jablib	org.jabref.model.entry
jablib/src/main/java/org/jabref/model/entry/event/EntryChangedEvent.java	12	jablib	org.jabref.model.entry.event
jablib/src/main/java/org/jabref/model/entry/event/FieldAddedOrRemovedEvent.java	12	jablib	org.jabref.model.entry.event
jablib/src/main/java/org/jabref/model/entry/event/FieldChangedEvent.java	12	jablib	org.jabref.model.entry.event
jablib/src/main/java/org/jabref/model/entry/field/InternalField.java	12	jablib	org.jabref.model.entry.field
jablib/src/main/java/org/jabref/model/metadata/event/MetaDataChangedEvent.java	12	jablib	org.jabref.model.metadata.event
jabgui/src/main/java/org/jabref/gui/actions/ActionHelper.java	13	jabgui	org.jabref.gui.actions
jabgui/src/main/java/org/jabref/gui/actions/StandardActions.java	13	jabgui	org.jabref.gui.actions
jabgui/src/main/java/org/jabref/gui/entryeditor/fileannotationtab/FileAnnotationTabView.java	13	jabgui	org.jabref.gui.entryeditor.fileannotationtab
jabgui/src/main/java/org/jabref/gui/errorconsole/ErrorConsoleView.java	13	jabgui	org.jabref.gui.errorconsole
jabgui/src/main/java/org/jabref/gui/fieldeditors/contextmenu/ContextAction.java	13	jabgui	org.jabref.gui.fieldeditors.contextmenu
jabgui/src/main/java/org/jabref/gui/fieldeditors/contextmenu/ContextMenuFactory.java	13	jabgui	org.jabref.gui.fieldeditors.contextmenu
jabgui/src/main/java/org/jabref/gui/fieldeditors/contextmenu/SingleSelectionMenuBuilder.java	13	jabgui	org.jabref.gui.fieldeditors.contextmenu
jabgui/src/main/java/org/jabref/gui/frame/MainMenu.java	13	jabgui	org.jabref.gui.frame
jabgui/src/main/java/org/jabref/gui/frame/MainToolBar.java	13	jabgui	org.jabref.gui.frame
jabgui/src/main/java/org/jabref/gui/git/GitCommitAction.java	13	jabgui	org.jabref.gui.git
jabgui/src/main/java/org/jabref/gui/git/GitCommitDialogView.java	13	jabgui	org.jabref.gui.git
jabgui/src/main/java/org/jabref/gui/git/GitCommitDialogViewModel.java	13	jabgui	org.jabref.gui.git
jabgui/src/main/java/org/jabref/gui/git/GitPullAction.java	13	jabgui	org.jabref.gui.git
jabgui/src/main/java/org/jabref/gui/git/GitPushAction.java	13	jabgui	org.jabref.gui.git
jabgui/src/main/java/org/jabref/gui/git/GitShareToGitHubAction.java	13	jabgui	org.jabref.gui.git
jabgui/src/main/java/org/jabref/gui/git/GitShareToGitHubDialogView.java	13	jabgui	org.jabref.gui.git
jabgui/src/main/java/org/jabref/gui/git/GitShareToGitHubDialogViewModel.java	13	jabgui	org.jabref.gui.git
jabgui/src/main/java/org/jabref/gui/git/GitStatusViewModel.java	13	jabgui	org.jabref.gui.git
jabgui/src/main/java/org/jabref/gui/keyboard/KeyBinding.java	13	jabgui	org.jabref.gui.keyboard
jabgui/src/main/java/org/jabref/gui/keyboard/KeyBindingCategory.java	13	jabgui	org.jabref.gui.keyboard
jabgui/src/main/java/org/jabref/gui/keyboard/KeyBindingRepository.java	13	jabgui	org.jabref.gui.keyboard
jabgui/src/main/java/org/jabref/gui/preferences/keybindings/KeyBindingViewModel.java	13	jabgui	org.jabref.gui.preferences.keybindings
jabgui/src/main/java/org/jabref/gui/preferences/keybindings/KeyBindingsTab.java	13	jabgui	org.jabref.gui.preferences.keybindings
jabgui/src/main/java/org/jabref/gui/preferences/keybindings/KeyBindingsTabViewModel.java	13	jabgui	org.jabref.gui.preferences.keybindings
jabgui/src/main/java/org/jabref/gui/preferences/keybindings/presets/BashKeyBindingPreset.java	13	jabgui	org.jabref.gui.preferences.keybindings.presets
jabgui/src/main/java/org/jabref/gui/preferences/keybindings/presets/NewEntryBindingPreset.java	13	jabgui	org.jabref.gui.preferences.keybindings.presets
jabgui/src/main/java/org/jabref/gui/util/URLs.java	13	jabgui	org.jabref.gui.util
jablib/src/main/java/org/jabref/logic/git/GitHandler.java	13	jablib	org.jabref.logic.git
jablib/src/main/java/org/jabref/logic/git/GitSyncService.java	13	jablib	org.jabref.logic.git
jablib/src/main/java/org/jabref/logic/git/io/GitRevisionLocator.java	13	jablib	org.jabref.logic.git.io
jablib/src/main/java/org/jabref/logic/git/preferences/GitPreferences.java	13	jablib	org.jabref.logic.git.preferences
jablib/src/main/java/org/jabref/logic/git/status/GitStatusChecker.java	13	jablib	org.jabref.logic.git.status
jablib/src/main/java/org/jabref/logic/git/util/GitInitService.java	13	jablib	org.jabref.logic.git.util
jabgui/src/main/java/org/jabref/gui/collab/DatabaseChangeResolverFactory.java	14	jabgui	org.jabref.gui.collab
jabgui/src/main/java/org/jabref/gui/collab/entrychange/EntryChangeResolver.java	14	jabgui	org.jabref.gui.collab.entrychange
jabgui/src/main/java/org/jabref/gui/duplicationFinder/DuplicateResolverDialog.java	14	jabgui	org.jabref.gui.duplicationFinder
jabgui/src/main/java/org/jabref/gui/mergeentries/FetchAndMergeEntry.java	14	jabgui	org.jabref.gui.mergeentries
jabgui/src/main/java/org/jabref/gui/mergeentries/threewaymerge/FieldRowView.java	14	jabgui	org.jabref.gui.mergeentries.threewaymerge
jabgui/src/main/java/org/jabref/gui/mergeentries/threewaymerge/FieldRowViewModel.java	14	jabgui	org.jabref.gui.mergeentries.threewaymerge
jabgui/src/main/java/org/jabref/gui/mergeentries/threewaymerge/MergeEntriesAction.java	14	jabgui	org.jabref.gui.mergeentries.threewaymerge
jabgui/src/main/java/org/jabref/gui/mergeentries/threewaymerge/MergeEntriesDialog.java	14	jabgui	org.jabref.gui.mergeentries.threewaymerge
jabgui/src/main/java/org/jabref/gui/mergeentries/threewaymerge/ThreeWayMergeHeaderView.java	14	jabgui	org.jabref.gui.mergeentries.threewaymerge
jabgui/src/main/java/org/jabref/gui/mergeentries/threewaymerge/ThreeWayMergeView.java	14	jabgui	org.jabref.gui.mergeentries.threewaymerge
jabgui/src/main/java/org/jabref/gui/mergeentries/threewaymerge/ThreeWayMergeViewModel.java	14	jabgui	org.jabref.gui.mergeentries.threewaymerge
jabgui/src/main/java/org/jabref/gui/mergeentries/threewaymerge/cell/FieldNameCell.java	14	jabgui	org.jabref.gui.mergeentries.threewaymerge.cell
jabgui/src/main/java/org/jabref/gui/mergeentries/threewaymerge/cell/FieldValueCell.java	14	jabgui	org.jabref.gui.mergeentries.threewaymerge.cell
jabgui/src/main/java/org/jabref/gui/mergeentries/threewaymerge/cell/HeaderCell.java	14	jabgui	org.jabref.gui.mergeentries.threewaymerge.cell
jabgui/src/main/java/org/jabref/gui/mergeentries/threewaymerge/cell/MergedFieldCell.java	14	jabgui	org.jabref.gui.mergeentries.threewaymerge.cell
jabgui/src/main/java/org/jabref/gui/mergeentries/threewaymerge/cell/OpenExternalLinkAction.java	14	jabgui	org.jabref.gui.mergeentries.threewaymerge.cell
jabgui/src/main/java/org/jabref/gui/mergeentries/threewaymerge/cell/ThreeWayMergeCell.java	14	jabgui	org.jabref.gui.mergeentries.threewaymerge.cell
jabgui/src/main/java/org/jabref/gui/mergeentries/threewaymerge/cell/sidebuttons/ToggleMergeUnmergeButton.java	14	jabgui	org.jabref.gui.mergeentries.threewaymerge.cell.sidebuttons
jabgui/src/main/java/org/jabref/gui/mergeentries/threewaymerge/diffhighlighter/DiffHighlighter.java	14	jabgui	org.jabref.gui.mergeentries.threewaymerge.diffhighlighter
jabgui/src/main/java/org/jabref/gui/mergeentries/threewaymerge/diffhighlighter/SplitDiffHighlighter.java	14	jabgui	org.jabref.gui.mergeentries.threewaymerge.diffhighlighter
jabgui/src/main/java/org/jabref/gui/mergeentries/threewaymerge/diffhighlighter/UnifiedDiffHighlighter.java	14	jabgui	org.jabref.gui.mergeentries.threewaymerge.diffhighlighter
jabgui/src/main/java/org/jabref/gui/mergeentries/threewaymerge/fieldsmerger/CommentMerger.java	14	jabgui	org.jabref.gui.mergeentries.threewaymerge.fieldsmerger
jabgui/src/main/java/org/jabref/gui/mergeentries/threewaymerge/fieldsmerger/FieldMerger.java	14	jabgui	org.jabref.gui.mergeentries.threewaymerge.fieldsmerger
jabgui/src/main/java/org/jabref/gui/mergeentries/threewaymerge/fieldsmerger/FieldMergerFactory.java	14	jabgui	org.jabref.gui.mergeentries.threewaymerge.fieldsmerger
jabgui/src/main/java/org/jabref/gui/mergeentries/threewaymerge/fieldsmerger/FileMerger.java	14	jabgui	org.jabref.gui.mergeentries.threewaymerge.fieldsmerger
jabgui/src/main/java/org/jabref/gui/mergeentries/threewaymerge/fieldsmerger/GroupMerger.java	14	jabgui	org.jabref.gui.mergeentries.threewaymerge.fieldsmerger
jabgui/src/main/java/org/jabref/gui/mergeentries/threewaymerge/fieldsmerger/KeywordMerger.java	14	jabgui	org.jabref.gui.mergeentries.threewaymerge.fieldsmerger
jabgui/src/main/java/org/jabref/gui/mergeentries/threewaymerge/toolbar/ThreeWayMergeToolbar.java	14	jabgui	org.jabref.gui.mergeentries.threewaymerge.toolbar
jabgui/src/main/java/org/jabref/gui/documentviewer/DocumentViewerView.java	15	jabgui	org.jabref.gui.documentviewer
jabgui/src/main/java/org/jabref/gui/documentviewer/DocumentViewerViewModel.java	15	jabgui	org.jabref.gui.documentviewer
jabgui/src/main/java/org/jabref/gui/documentviewer/ShowDocumentViewerAction.java	15	jabgui	org.jabref.gui.documentviewer
jablib/src/main/java/org/jabref/logic/integrity/AbbreviationChecker.java	15	jablib	org.jabref.logic.integrity
jablib/src/main/java/org/jabref/logic/integrity/BooktitleChecker.java	15	jablib	org.jabref.logic.integrity
jablib/src/main/java/org/jabref/logic/integrity/BracketChecker.java	15	jablib	org.jabref.logic.integrity
jablib/src/main/java/org/jabref/logic/integrity/CitationKeyChecker.java	15	jablib	org.jabref.logic.integrity
jablib/src/main/java/org/jabref/logic/integrity/CitationKeyDuplicationChecker.java	15	jablib	org.jabref.logic.integrity
jablib/src/main/java/org/jabref/logic/integrity/DoiValidityChecker.java	15	jablib	org.jabref.logic.integrity
jablib/src/main/java/org/jabref/logic/integrity/EditionChecker.java	15	jablib	org.jabref.logic.integrity
jablib/src/main/java/org/jabref/logic/integrity/FieldCheckers.java	15	jablib	org.jabref.logic.integrity
jablib/src/main/java/org/jabref/logic/integrity/FileChecker.java	15	jablib	org.jabref.logic.integrity
jablib/src/main/java/org/jabref/logic/integrity/HTMLCharacterChecker.java	15	jablib	org.jabref.logic.integrity
jablib/src/main/java/org/jabref/logic/integrity/HowPublishedChecker.java	15	jablib	org.jabref.logic.integrity
jablib/src/main/java/org/jabref/logic/integrity/ISBNChecker.java	15	jablib	org.jabref.logic.integrity
jablib/src/main/java/org/jabref/logic/integrity/ISSNChecker.java	15	jablib	org.jabref.logic.integrity
jablib/src/main/java/org/jabref/logic/integrity/IntegrityCheck.java	15	jablib	org.jabref.logic.integrity
jablib/src/main/java/org/jabref/logic/integrity/IntegrityMessage.java	15	jablib	org.jabref.logic.integrity
jablib/src/main/java/org/jabref/logic/integrity/JournalInAbbreviationListChecker.java	15	jablib	org.jabref.logic.integrity
jablib/src/main/java/org/jabref/logic/integrity/MonthChecker.java	15	jablib	org.jabref.logic.integrity
jablib/src/main/java/org/jabref/logic/integrity/NoteChecker.java	15	jablib	org.jabref.logic.integrity
jablib/src/main/java/org/jabref/logic/integrity/PagesChecker.java	15	jablib	org.jabref.logic.integrity
jablib/src/main/java/org/jabref/logic/integrity/PersonNamesChecker.java	15	jablib	org.jabref.logic.integrity
jablib/src/main/java/org/jabref/logic/integrity/TitleChecker.java	15	jablib	org.jabref.logic.integrity
jablib/src/main/java/org/jabref/logic/integrity/UrlChecker.java	15	jablib	org.jabref.logic.integrity
jablib/src/main/java/org/jabref/logic/integrity/ValidCitationKeyChecker.java	15	jablib	org.jabref.logic.integrity
jablib/src/main/java/org/jabref/logic/integrity/YearChecker.java	15	jablib	org.jabref.logic.integrity
jabgui/src/main/java/module-info.java	16	jabgui	(default)
jabgui/src/main/java/org/jabref/gui/importer/ImportEntriesDialog.java	16	jabgui	org.jabref.gui.importer
jablib/src/main/java/module-info.java	16	jablib	(default)
jablib/src/main/java/org/jabref/logic/git/io/GitFileWriter.java	16	jablib	org.jabref.logic.git.io
jablib/src/main/java/org/jabref/model/search/LinkedFilesConstants.java	16	jablib	org.jabref.model.search
jabls-cli/src/main/java/module-info.java	16	jabls-cli	(default)
jabls/src/main/java/module-info.java	16	jabls	(default)
jabls/src/main/java/org/jabref/languageserver/ExtensionSettings.java	16	jabls	org.jabref.languageserver
jabsrv-cli/src/main/java/module-info.java	16	jabsrv-cli	(default)
jabsrv-cli/src/main/java/org/jabref/http/server/cli/ServerCli.java	16	jabsrv-cli	org.jabref.http.server.cli
jabsrv/src/main/java/module-info.java	16	jabsrv	(default)
jabsrv/src/main/java/org/jabref/http/JabRefSrvStateManager.java	16	jabsrv	org.jabref.http
jabsrv/src/main/java/org/jabref/http/dto/GlobalExceptionMapper.java	16	jabsrv	org.jabref.http.dto
jabsrv/src/main/java/org/jabref/http/manager/HttpServerManager.java	16	jabsrv	org.jabref.http.manager
jabsrv/src/main/java/org/jabref/http/manager/HttpServerThread.java	16	jabsrv	org.jabref.http.manager
jabsrv/src/main/java/org/jabref/http/server/Server.java	16	jabsrv	org.jabref.http.server
jabsrv/src/main/java/org/jabref/http/server/command/Command.java	16	jabsrv	org.jabref.http.server.command
jabsrv/src/main/java/org/jabref/http/server/command/CommandResource.java	16	jabsrv	org.jabref.http.server.command
jabsrv/src/main/java/org/jabref/http/server/command/SelectEntriesCommand.java	16	jabsrv	org.jabref.http.server.command
jabsrv/src/main/java/org/jabref/http/server/resources/CitationsResource.java	16	jabsrv	org.jabref.http.server.resources
jabsrv/src/main/java/org/jabref/http/server/resources/EntriesResource.java	16	jabsrv	org.jabref.http.server.resources
jabsrv/src/main/java/org/jabref/http/server/resources/EntryResource.java	16	jabsrv	org.jabref.http.server.resources
jabsrv/src/main/java/org/jabref/http/server/resources/LibrariesResource.java	16	jabsrv	org.jabref.http.server.resources
jabsrv/src/main/java/org/jabref/http/server/resources/LibraryResource.java	16	jabsrv	org.jabref.http.server.resources
jabsrv/src/main/java/org/jabref/http/server/resources/MapResource.java	16	jabsrv	org.jabref.http.server.resources
jabsrv/src/main/java/org/jabref/http/server/services/ServerUtils.java	16	jabsrv	org.jabref.http.server.services
test-support/src/main/java/module-info.java	16	test-support	(default)
jabgui/src/main/java/org/jabref/gui/shared/SharedDatabaseLoginDialogView.java	17	jabgui	org.jabref.gui.shared
jabgui/src/main/java/org/jabref/gui/shared/SharedDatabaseLoginDialogViewModel.java	17	jabgui	org.jabref.gui.shared
jabgui/src/main/java/org/jabref/gui/shared/SharedDatabaseUIManager.java	17	jabgui	org.jabref.gui.shared
jablib/src/main/java/org/jabref/logic/ai/embedding/MVStoreEmbeddingStore.java	17	jablib	org.jabref.logic.ai.embedding
jablib/src/main/java/org/jabref/logic/ai/util/MVStoreBase.java	17	jablib	org.jabref.logic.ai.util
jablib/src/main/java/org/jabref/logic/shared/DBMSConnection.java	17	jablib	org.jabref.logic.shared
jablib/src/main/java/org/jabref/logic/shared/DBMSConnectionProperties.java	17	jablib	org.jabref.logic.shared
jablib/src/main/java/org/jabref/logic/shared/DBMSConnectionPropertiesBuilder.java	17	jablib	org.jabref.logic.shared
jablib/src/main/java/org/jabref/logic/shared/DBMSProcessor.java	17	jablib	org.jabref.logic.shared
jablib/src/main/java/org/jabref/logic/shared/DBMSSynchronizer.java	17	jablib	org.jabref.logic.shared
jablib/src/main/java/org/jabref/logic/shared/DBMSType.java	17	jablib	org.jabref.logic.shared
jablib/src/main/java/org/jabref/logic/shared/DatabaseConnection.java	17	jablib	org.jabref.logic.shared
jablib/src/main/java/org/jabref/logic/shared/DatabaseConnectionProperties.java	17	jablib	org.jabref.logic.shared
jablib/src/main/java/org/jabref/logic/shared/DatabaseNotSupportedException.java	17	jablib	org.jabref.logic.shared
jablib/src/main/java/org/jabref/logic/shared/DatabaseSynchronizer.java	17	jablib	org.jabref.logic.shared
jablib/src/main/java/org/jabref/logic/shared/event/ConnectionLostEvent.java	17	jablib	org.jabref.logic.shared.event
jablib/src/main/java/org/jabref/logic/shared/event/UpdateRefusedEvent.java	17	jablib	org.jabref.logic.shared.event
jablib/src/main/java/org/jabref/logic/shared/exception/InvalidDBMSConnectionPropertiesException.java	17	jablib	org.jabref.logic.shared.exception
jablib/src/main/java/org/jabref/logic/shared/exception/NotASharedDatabaseException.java	17	jablib	org.jabref.logic.shared.exception
jablib/src/main/java/org/jabref/logic/shared/exception/OfflineLockException.java	17	jablib	org.jabref.logic.shared.exception
jablib/src/main/java/org/jabref/logic/shared/exception/SharedEntryNotPresentException.java	17	jablib	org.jabref.logic.shared.exception
jablib/src/main/java/org/jabref/logic/shared/prefs/SharedDatabasePreferences.java	17	jablib	org.jabref.logic.shared.prefs
jablib/src/main/java/org/jabref/logic/shared/security/Password.java	17	jablib	org.jabref.logic.shared.security
jablib/src/main/java/org/jabref/model/database/BibDatabaseContext.java	17	jablib	org.jabref.model.database
jablib/src/main/java/org/jabref/model/entry/SharedBibEntryData.java	17	jablib	org.jabref.model.entry
jablib/src/main/java/org/jabref/model/entry/event/EntriesEvent.java	17	jablib	org.jabref.model.entry.event
jablib/src/main/java/org/jabref/logic/formatter/Formatter.java	18	jablib	org.jabref.logic.formatter
jablib/src/main/java/org/jabref/logic/formatter/IdentityFormatter.java	18	jablib	org.jabref.logic.formatter
jablib/src/main/java/org/jabref/logic/formatter/bibtexfields/AddBracesFormatter.java	18	jablib	org.jabref.logic.formatter.bibtexfields
jablib/src/main/java/org/jabref/logic/formatter/bibtexfields/ClearFormatter.java	18	jablib	org.jabref.logic.formatter.bibtexfields
jablib/src/main/java/org/jabref/logic/formatter/bibtexfields/EscapeUnderscoresFormatter.java	18	jablib	org.jabref.logic.formatter.bibtexfields
jablib/src/main/java/org/jabref/logic/formatter/bibtexfields/HtmlToLatexFormatter.java	18	jablib	org.jabref.logic.formatter.bibtexfields
jablib/src/main/java/org/jabref/logic/formatter/bibtexfields/LatexCleanupFormatter.java	18	jablib	org.jabref.logic.formatter.bibtexfields
jablib/src/main/java/org/jabref/logic/formatter/bibtexfields/NormalizeDateFormatter.java	18	jablib	org.jabref.logic.formatter.bibtexfields
jablib/src/main/java/org/jabref/logic/formatter/bibtexfields/NormalizeMonthFormatter.java	18	jablib	org.jabref.logic.formatter.bibtexfields
jablib/src/main/java/org/jabref/logic/formatter/bibtexfields/NormalizeNamesFormatter.java	18	jablib	org.jabref.logic.formatter.bibtexfields
jablib/src/main/java/org/jabref/logic/formatter/bibtexfields/NormalizePagesFormatter.java	18	jablib	org.jabref.logic.formatter.bibtexfields
jablib/src/main/java/org/jabref/logic/formatter/bibtexfields/OrdinalsToSuperscriptFormatter.java	18	jablib	org.jabref.logic.formatter.bibtexfields
jablib/src/main/java/org/jabref/logic/formatter/bibtexfields/RegexFormatter.java	18	jablib	org.jabref.logic.formatter.bibtexfields
jablib/src/main/java/org/jabref/logic/formatter/bibtexfields/RemoveEnclosingBracesFormatter.java	18	jablib	org.jabref.logic.formatter.bibtexfields
jablib/src/main/java/org/jabref/logic/formatter/bibtexfields/RemoveHyphenatedNewlinesFormatter.java	18	jablib	org.jabref.logic.formatter.bibtexfields
jablib/src/main/java/org/jabref/logic/formatter/bibtexfields/RemoveNewlinesFormatter.java	18	jablib	org.jabref.logic.formatter.bibtexfields
jablib/src/main/java/org/jabref/logic/formatter/bibtexfields/UnicodeToLatexFormatter.java	18	jablib	org.jabref.logic.formatter.bibtexfields
jablib/src/main/java/org/jabref/logic/formatter/bibtexfields/UnitsToLatexFormatter.java	18	jablib	org.jabref.logic.formatter.bibtexfields
jablib/src/main/java/org/jabref/logic/formatter/casechanger/CapitalizeFormatter.java	18	jablib	org.jabref.logic.formatter.casechanger
jablib/src/main/java/org/jabref/logic/formatter/casechanger/LowerCaseFormatter.java	18	jablib	org.jabref.logic.formatter.casechanger
jablib/src/main/java/org/jabref/logic/formatter/casechanger/ProtectTermsFormatter.java	18	jablib	org.jabref.logic.formatter.casechanger
jablib/src/main/java/org/jabref/logic/formatter/casechanger/SentenceCaseFormatter.java	18	jablib	org.jabref.logic.formatter.casechanger
jablib/src/main/java/org/jabref/logic/formatter/casechanger/TitleCaseFormatter.java	18	jablib	org.jabref.logic.formatter.casechanger
jablib/src/main/java/org/jabref/logic/formatter/casechanger/UpperCaseFormatter.java	18	jablib	org.jabref.logic.formatter.casechanger
jablib/src/main/java/org/jabref/logic/formatter/minifier/MinifyNameListFormatter.java	18	jablib	org.jabref.logic.formatter.minifier
jabgui/src/main/java/org/jabref/gui/walkthrough/Walkthrough.java	19	jabgui	org.jabref.gui.walkthrough
jabgui/src/main/java/org/jabref/gui/walkthrough/WalkthroughAction.java	19	jabgui	org.jabref.gui.walkthrough
jabgui/src/main/java/org/jabref/gui/walkthrough/WalkthroughHighlighter.java	19	jabgui	org.jabref.gui.walkthrough
jabgui/src/main/java/org/jabref/gui/walkthrough/WalkthroughOverlay.java	19	jabgui	org.jabref.gui.walkthrough
jabgui/src/main/java/org/jabref/gui/walkthrough/WalkthroughRenderer.java	19	jabgui	org.jabref.gui.walkthrough
jabgui/src/main/java/org/jabref/gui/walkthrough/WindowOverlay.java	19	jabgui	org.jabref.gui.walkthrough
jabgui/src/main/java/org/jabref/gui/walkthrough/declarative/NodeResolver.java	19	jabgui	org.jabref.gui.walkthrough.declarative
jabgui/src/main/java/org/jabref/gui/walkthrough/declarative/Trigger.java	19	jabgui	org.jabref.gui.walkthrough.declarative
jabgui/src/main/java/org/jabref/gui/walkthrough/declarative/WindowResolver.java	19	jabgui	org.jabref.gui.walkthrough.declarative
jabgui/src/main/java/org/jabref/gui/walkthrough/effects/FullScreenDarken.java	19	jabgui	org.jabref.gui.walkthrough.effects
jabgui/src/main/java/org/jabref/gui/walkthrough/effects/Spotlight.java	19	jabgui	org.jabref.gui.walkthrough.effects
jabgui/src/main/java/org/jabref/gui/walkthrough/utils/WalkthroughReverter.java	19	jabgui	org.jabref.gui.walkthrough.utils
jabgui/src/main/java/org/jabref/gui/welcome/WelcomeTab.java	19	jabgui	org.jabref.gui.welcome
jabgui/src/main/java/org/jabref/gui/welcome/components/DonationProvider.java	19	jabgui	org.jabref.gui.welcome.components
jabgui/src/main/java/org/jabref/gui/welcome/components/QuickSettings.java	19	jabgui	org.jabref.gui.welcome.components
jabgui/src/main/java/org/jabref/gui/welcome/components/Walkthroughs.java	19	jabgui	org.jabref.gui.welcome.components
jabgui/src/main/java/org/jabref/gui/welcome/quicksettings/EntryTableConfigurationDialog.java	19	jabgui	org.jabref.gui.welcome.quicksettings
jabgui/src/main/java/org/jabref/gui/welcome/quicksettings/LargeLibraryOptimizationDialog.java	19	jabgui	org.jabref.gui.welcome.quicksettings
jabgui/src/main/java/org/jabref/gui/welcome/quicksettings/MainFileDirectoryDialog.java	19	jabgui	org.jabref.gui.welcome.quicksettings
jabgui/src/main/java/org/jabref/gui/welcome/quicksettings/OnlineServicesDialog.java	19	jabgui	org.jabref.gui.welcome.quicksettings
jabgui/src/main/java/org/jabref/gui/welcome/quicksettings/PushApplicationDialog.java	19	jabgui	org.jabref.gui.welcome.quicksettings
jabgui/src/main/java/org/jabref/gui/welcome/quicksettings/ThemeDialog.java	19	jabgui	org.jabref.gui.welcome.quicksettings
jabgui/src/main/java/org/jabref/gui/cleanup/CleanupAction.java	20	jabgui	org.jabref.gui.cleanup
jabgui/src/main/java/org/jabref/gui/cleanup/CleanupDialog.java	20	jabgui	org.jabref.gui.cleanup
jabgui/src/main/java/org/jabref/gui/cleanup/CleanupDialogViewModel.java	20	jabgui	org.jabref.gui.cleanup
jabgui/src/main/java/org/jabref/gui/cleanup/CleanupMultiFieldPanel.java	20	jabgui	org.jabref.gui.cleanup
jabgui/src/main/java/org/jabref/gui/cleanup/CleanupSingleAction.java	20	jabgui	org.jabref.gui.cleanup
jablib/src/main/java/org/jabref/logic/bibtex/FileFieldWriter.java	20	jablib	org.jabref.logic.bibtex
jablib/src/main/java/org/jabref/logic/cleanup/CleanupJob.java	20	jablib	org.jabref.logic.cleanup
jablib/src/main/java/org/jabref/logic/cleanup/CleanupPreferences.java	20	jablib	org.jabref.logic.cleanup
jablib/src/main/java/org/jabref/logic/cleanup/CleanupWorker.java	20	jablib	org.jabref.logic.cleanup
jablib/src/main/java/org/jabref/logic/cleanup/ConvertToBiblatexCleanup.java	20	jablib	org.jabref.logic.cleanup
jablib/src/main/java/org/jabref/logic/cleanup/ConvertToBibtexCleanup.java	20	jablib	org.jabref.logic.cleanup
jablib/src/main/java/org/jabref/logic/cleanup/FieldFormatterCleanup.java	20	jablib	org.jabref.logic.cleanup
jablib/src/main/java/org/jabref/logic/cleanup/FileLinksCleanup.java	20	jablib	org.jabref.logic.cleanup
jablib/src/main/java/org/jabref/logic/cleanup/MoveFilesCleanup.java	20	jablib	org.jabref.logic.cleanup
jablib/src/main/java/org/jabref/logic/cleanup/RelativePathsCleanup.java	20	jablib	org.jabref.logic.cleanup
jablib/src/main/java/org/jabref/logic/cleanup/RenamePdfCleanup.java	20	jablib	org.jabref.logic.cleanup
jablib/src/main/java/org/jabref/logic/cleanup/UpgradePdfPsToFileCleanup.java	20	jablib	org.jabref.logic.cleanup
jablib/src/main/java/org/jabref/logic/importer/util/FileFieldParser.java	20	jablib	org.jabref.logic.importer.util
jablib/src/main/java/org/jabref/logic/layout/ParamLayoutFormatter.java	20	jablib	org.jabref.logic.layout
jablib/src/main/java/org/jabref/logic/layout/format/FileLink.java	20	jablib	org.jabref.logic.layout.format
jablib/src/main/java/org/jabref/logic/layout/format/WrapFileLinks.java	20	jablib	org.jabref.logic.layout.format
jablib/src/main/java/org/jabref/logic/util/io/DatabaseFileLookup.java	20	jablib	org.jabref.logic.util.io
jabgui/src/main/java/org/jabref/gui/collab/ChangeScanner.java	21	jabgui	org.jabref.gui.collab
jabgui/src/main/java/org/jabref/gui/collab/DatabaseChange.java	21	jabgui	org.jabref.gui.collab
jabgui/src/main/java/org/jabref/gui/collab/DatabaseChangeDetailsView.java	21	jabgui	org.jabref.gui.collab
jabgui/src/main/java/org/jabref/gui/collab/DatabaseChangeDetailsViewFactory.java	21	jabgui	org.jabref.gui.collab
jabgui/src/main/java/org/jabref/gui/collab/DatabaseChangeListener.java	21	jabgui	org.jabref.gui.collab
jabgui/src/main/java/org/jabref/gui/collab/DatabaseChangeMonitor.java	21	jabgui	org.jabref.gui.collab
jabgui/src/main/java/org/jabref/gui/collab/DatabaseChangesResolverDialog.java	21	jabgui	org.jabref.gui.collab
jabgui/src/main/java/org/jabref/gui/collab/ExternalChangesResolverViewModel.java	21	jabgui	org.jabref.gui.collab
jabgui/src/main/java/org/jabref/gui/collab/entrychange/EntryChangeDetailsView.java	21	jabgui	org.jabref.gui.collab.entrychange
jabgui/src/main/java/org/jabref/gui/collab/entrychange/EntryWithPreviewAndSourceDetailsView.java	21	jabgui	org.jabref.gui.collab.entrychange
jabgui/src/main/java/org/jabref/gui/collab/entrychange/PreviewWithSourceTab.java	21	jabgui	org.jabref.gui.collab.entrychange
jabgui/src/main/java/org/jabref/gui/collab/groupchange/GroupChangeDetailsView.java	21	jabgui	org.jabref.gui.collab.groupchange
jabgui/src/main/java/org/jabref/gui/collab/metedatachange/MetadataChangeDetailsView.java	21	jabgui	org.jabref.gui.collab.metedatachange
jabgui/src/main/java/org/jabref/gui/collab/preamblechange/PreambleChangeDetailsView.java	21	jabgui	org.jabref.gui.collab.preamblechange
jabgui/src/main/java/org/jabref/gui/collab/stringadd/BibTexStringAddDetailsView.java	21	jabgui	org.jabref.gui.collab.stringadd
jabgui/src/main/java/org/jabref/gui/collab/stringchange/BibTexStringChangeDetailsView.java	21	jabgui	org.jabref.gui.collab.stringchange
jabgui/src/main/java/org/jabref/gui/collab/stringdelete/BibTexStringDeleteDetailsView.java	21	jabgui	org.jabref.gui.collab.stringdelete
jabgui/src/main/java/org/jabref/gui/collab/stringrename/BibTexStringRenameDetailsView.java	21	jabgui	org.jabref.gui.collab.stringrename
jabgui/src/main/java/org/jabref/gui/git/GitDiffDialogView.java	21	jabgui	org.jabref.gui.git
jabgui/src/main/java/org/jabref/gui/git/GitEntryChangeDetailsView.java	21	jabgui	org.jabref.gui.git
jablib/src/main/java/org/jabref/model/util/FileUpdateListener.java	21	jablib	org.jabref.model.util
jabgui/src/main/java/org/jabref/gui/consistency/ConsistencyCheckAction.java	22	jabgui	org.jabref.gui.consistency
jabkit/src/main/java/module-info.java	22	jabkit	(default)
jabkit/src/main/java/org/jabref/toolkit/JabKitLauncher.java	22	jabkit	org.jabref.toolkit
jabkit/src/main/java/org/jabref/toolkit/commands/Check.java	22	jabkit	org.jabref.toolkit.commands
jabkit/src/main/java/org/jabref/toolkit/commands/CheckConsistency.java	22	jabkit	org.jabref.toolkit.commands
jabkit/src/main/java/org/jabref/toolkit/commands/CheckIntegrity.java	22	jabkit	org.jabref.toolkit.commands
jabkit/src/main/java/org/jabref/toolkit/commands/Convert.java	22	jabkit	org.jabref.toolkit.commands
jabkit/src/main/java/org/jabref/toolkit/commands/DoiToBibtex.java	22	jabkit	org.jabref.toolkit.commands
jabkit/src/main/java/org/jabref/toolkit/commands/Fetch.java	22	jabkit	org.jabref.toolkit.commands
jabkit/src/main/java/org/jabref/toolkit/commands/GenerateBibFromAux.java	22	jabkit	org.jabref.toolkit.commands
jabkit/src/main/java/org/jabref/toolkit/commands/GenerateCitationKeys.java	22	jabkit	org.jabref.toolkit.commands
jabkit/src/main/java/org/jabref/toolkit/commands/GetCitedWorks.java	22	jabkit	org.jabref.toolkit.commands
jabkit/src/main/java/org/jabref/toolkit/commands/GetCitingWorks.java	22	jabkit	org.jabref.toolkit.commands
jabkit/src/main/java/org/jabref/toolkit/commands/JabKit.java	22	jabkit	org.jabref.toolkit.commands
jabkit/src/main/java/org/jabref/toolkit/commands/Pdf.java	22	jabkit	org.jabref.toolkit.commands
jabkit/src/main/java/org/jabref/toolkit/commands/PdfUpdate.java	22	jabkit	org.jabref.toolkit.commands
jabkit/src/main/java/org/jabref/toolkit/commands/Preferences.java	22	jabkit	org.jabref.toolkit.commands
jabkit/src/main/java/org/jabref/toolkit/commands/Pseudonymize.java	22	jabkit	org.jabref.toolkit.commands
jabkit/src/main/java/org/jabref/toolkit/commands/Search.java	22	jabkit	org.jabref.toolkit.commands
jabkit/src/main/java/org/jabref/toolkit/converter/CygWinPathConverter.java	22	jabkit	org.jabref.toolkit.converter
jablib/src/main/java/org/jabref/logic/quality/consistency/BibliographyConsistencyCheck.java	22	jablib	org.jabref.logic.quality.consistency
jabgui/src/main/java/org/jabref/gui/preferences/customentrytypes/CustomEntryTypeViewModel.java	23	jabgui	org.jabref.gui.preferences.customentrytypes
jabgui/src/main/java/org/jabref/gui/preferences/customentrytypes/CustomEntryTypesTab.java	23	jabgui	org.jabref.gui.preferences.customentrytypes
jabgui/src/main/java/org/jabref/gui/preferences/customentrytypes/CustomEntryTypesTabViewModel.java	23	jabgui	org.jabref.gui.preferences.customentrytypes
jabgui/src/main/java/org/jabref/gui/preferences/customentrytypes/EntryTypeViewModel.java	23	jabgui	org.jabref.gui.preferences.customentrytypes
jabgui/src/main/java/org/jabref/gui/preferences/customentrytypes/FieldViewModel.java	23	jabgui	org.jabref.gui.preferences.customentrytypes
jablib/src/main/java/org/jabref/model/entry/BibEntryType.java	23	jablib	org.jabref.model.entry
jablib/src/main/java/org/jabref/model/entry/BibEntryTypeBuilder.java	23	jablib	org.jabref.model.entry
jablib/src/main/java/org/jabref/model/entry/BibEntryTypesManager.java	23	jablib	org.jabref.model.entry
jablib/src/main/java/org/jabref/model/entry/field/AMSField.java	23	jablib	org.jabref.model.entry.field
jablib/src/main/java/org/jabref/model/entry/field/BiblatexApaField.java	23	jablib	org.jabref.model.entry.field
jablib/src/main/java/org/jabref/model/entry/field/BiblatexSoftwareField.java	23	jablib	org.jabref.model.entry.field
jablib/src/main/java/org/jabref/model/entry/field/Field.java	23	jablib	org.jabref.model.entry.field
jablib/src/main/java/org/jabref/model/entry/field/FieldFactory.java	23	jablib	org.jabref.model.entry.field
jablib/src/main/java/org/jabref/model/entry/field/FieldPriority.java	23	jablib	org.jabref.model.entry.field
jablib/src/main/java/org/jabref/model/entry/field/IEEEField.java	23	jablib	org.jabref.model.entry.field
jablib/src/main/java/org/jabref/model/entry/field/OrFields.java	23	jablib	org.jabref.model.entry.field
jablib/src/main/java/org/jabref/model/entry/field/StandardField.java	23	jablib	org.jabref.model.entry.field
jablib/src/main/java/org/jabref/model/entry/field/UnknownField.java	23	jablib	org.jabref.model.entry.field
jablib/src/main/java/org/jabref/model/entry/field/UserSpecificCommentField.java	23	jablib	org.jabref.model.entry.field
jablib/src/main/java/org/jabref/model/entry/types/BiblatexSoftwareEntryTypeDefinitions.java	23	jablib	org.jabref.model.entry.types
jablib/src/main/java/org/jabref/model/entry/types/EntryTypeFactory.java	23	jablib	org.jabref.model.entry.types
jabgui/src/main/java/org/jabref/gui/ai/AiPrivacyNoticeViewModel.java	24	jabgui	org.jabref.gui.ai
jabgui/src/main/java/org/jabref/gui/ai/chat/AiChatStatusViewModel.java	24	jabgui	org.jabref.gui.ai.chat
jabgui/src/main/java/org/jabref/gui/ai/chat/AiChatViewModel.java	24	jabgui	org.jabref.gui.ai.chat
jabgui/src/main/java/org/jabref/gui/preferences/ai/AiTab.java	24	jabgui	org.jabref.gui.preferences.ai
jabgui/src/main/java/org/jabref/gui/preferences/ai/AiTabViewModel.java	24	jabgui	org.jabref.gui.preferences.ai
jablib/src/main/java/org/jabref/logic/ai/AiService.java	24	jablib	org.jabref.logic.ai
jablib/src/main/java/org/jabref/logic/ai/chatting/JvmOpenAiChatLanguageModel.java	24	jablib	org.jabref.logic.ai.chatting
jablib/src/main/java/org/jabref/logic/ai/embedding/AsyncEmbeddingModel.java	24	jablib	org.jabref.logic.ai.embedding
jablib/src/main/java/org/jabref/logic/ai/embedding/DeepJavaEmbeddingModel.java	24	jablib	org.jabref.logic.ai.embedding
jablib/src/main/java/org/jabref/logic/ai/embedding/EmbeddingModelCache.java	24	jablib	org.jabref.logic.ai.embedding
jablib/src/main/java/org/jabref/logic/ai/ingestion/repositories/MVStoreIngestedDocumentsRepository.java	24	jablib	org.jabref.logic.ai.ingestion.repositories
jablib/src/main/java/org/jabref/logic/ai/models/AiModelService.java	24	jablib	org.jabref.logic.ai.models
jablib/src/main/java/org/jabref/logic/ai/models/OpenAiCompatibleModelProvider.java	24	jablib	org.jabref.logic.ai.models
jablib/src/main/java/org/jabref/logic/ai/preferences/AiDefaultExpertSettings.java	24	jablib	org.jabref.logic.ai.preferences
jablib/src/main/java/org/jabref/logic/ai/preferences/AiPreferences.java	24	jablib	org.jabref.logic.ai.preferences
jablib/src/main/java/org/jabref/model/ai/chatting/ErrorMessage.java	24	jablib	org.jabref.model.ai.chatting
jabgui/src/main/java/org/jabref/gui/slr/EditExistingStudyAction.java	25	jabgui	org.jabref.gui.slr
jabgui/src/main/java/org/jabref/gui/slr/ExistingStudySearchAction.java	25	jabgui	org.jabref.gui.slr
jabgui/src/main/java/org/jabref/gui/slr/ManageStudyDefinitionView.java	25	jabgui	org.jabref.gui.slr
jabgui/src/main/java/org/jabref/gui/slr/ManageStudyDefinitionViewModel.java	25	jabgui	org.jabref.gui.slr
jabgui/src/main/java/org/jabref/gui/slr/StartNewStudyAction.java	25	jabgui	org.jabref.gui.slr
jabgui/src/main/java/org/jabref/gui/slr/StudyCatalogItem.java	25	jabgui	org.jabref.gui.slr
jablib/src/main/java/org/jabref/logic/crawler/Crawler.java	25	jablib	org.jabref.logic.crawler
jablib/src/main/java/org/jabref/logic/crawler/StudyCatalogToFetcherConverter.java	25	jablib	org.jabref.logic.crawler
jablib/src/main/java/org/jabref/logic/crawler/StudyFetcher.java	25	jablib	org.jabref.logic.crawler
jablib/src/main/java/org/jabref/logic/crawler/StudyRepository.java	25	jablib	org.jabref.logic.crawler
jablib/src/main/java/org/jabref/logic/crawler/StudyYamlParser.java	25	jablib	org.jabref.logic.crawler
jablib/src/main/java/org/jabref/logic/crawler/StudyYamlV1Migrator.java	25	jablib	org.jabref.logic.crawler
jablib/src/main/java/org/jabref/logic/git/SlrGitHandler.java	25	jablib	org.jabref.logic.git
jablib/src/main/java/org/jabref/model/study/Study.java	25	jablib	org.jabref.model.study
jablib/src/main/java/org/jabref/model/study/StudyCatalog.java	25	jablib	org.jabref.model.study
jablib/src/main/java/org/jabref/model/study/StudyQuery.java	25	jablib	org.jabref.model.study
jabgui/src/main/java/org/jabref/gui/integrity/IntegrityCheckDialog.java	26	jabgui	org.jabref.gui.integrity
jabgui/src/main/java/org/jabref/gui/libraryproperties/AbstractPropertiesTabView.java	26	jabgui	org.jabref.gui.libraryproperties
jabgui/src/main/java/org/jabref/gui/libraryproperties/LibraryPropertiesView.java	26	jabgui	org.jabref.gui.libraryproperties
jabgui/src/main/java/org/jabref/gui/libraryproperties/LibraryPropertiesViewModel.java	26	jabgui	org.jabref.gui.libraryproperties
jabgui/src/main/java/org/jabref/gui/libraryproperties/constants/ConstantsItemModel.java	26	jabgui	org.jabref.gui.libraryproperties.constants
jabgui/src/main/java/org/jabref/gui/libraryproperties/constants/ConstantsPropertiesView.java	26	jabgui	org.jabref.gui.libraryproperties.constants
jabgui/src/main/java/org/jabref/gui/libraryproperties/constants/ConstantsPropertiesViewModel.java	26	jabgui	org.jabref.gui.libraryproperties.constants
jabgui/src/main/java/org/jabref/gui/libraryproperties/contentselectors/ContentSelectorView.java	26	jabgui	org.jabref.gui.libraryproperties.contentselectors
jabgui/src/main/java/org/jabref/gui/libraryproperties/contentselectors/ContentSelectorViewModel.java	26	jabgui	org.jabref.gui.libraryproperties.contentselectors
jabgui/src/main/java/org/jabref/gui/libraryproperties/general/GeneralPropertiesView.java	26	jabgui	org.jabref.gui.libraryproperties.general
jabgui/src/main/java/org/jabref/gui/libraryproperties/general/GeneralPropertiesViewModel.java	26	jabgui	org.jabref.gui.libraryproperties.general
jabgui/src/main/java/org/jabref/gui/libraryproperties/keypattern/KeyPatternPropertiesView.java	26	jabgui	org.jabref.gui.libraryproperties.keypattern
jabgui/src/main/java/org/jabref/gui/libraryproperties/keypattern/KeyPatternPropertiesViewModel.java	26	jabgui	org.jabref.gui.libraryproperties.keypattern
jabgui/src/main/java/org/jabref/gui/libraryproperties/saving/SavingPropertiesView.java	26	jabgui	org.jabref.gui.libraryproperties.saving
jabgui/src/main/java/org/jabref/gui/util/ViewModelTextFieldTableCellVisualizationFactory.java	26	jabgui	org.jabref.gui.util
jablib/src/main/java/org/jabref/model/entry/BibtexString.java	26	jablib	org.jabref.model.entry
jabgui/src/main/java/org/jabref/gui/edit/automaticfieldeditor/AbstractAutomaticFieldEditorTabView.java	27	jabgui	org.jabref.gui.edit.automaticfieldeditor
jabgui/src/main/java/org/jabref/gui/edit/automaticfieldeditor/AbstractAutomaticFieldEditorTabViewModel.java	27	jabgui	org.jabref.gui.edit.automaticfieldeditor
jabgui/src/main/java/org/jabref/gui/edit/automaticfieldeditor/AutomaticFieldEditorAction.java	27	jabgui	org.jabref.gui.edit.automaticfieldeditor
jabgui/src/main/java/org/jabref/gui/edit/automaticfieldeditor/AutomaticFieldEditorDialog.java	27	jabgui	org.jabref.gui.edit.automaticfieldeditor
jabgui/src/main/java/org/jabref/gui/edit/automaticfieldeditor/AutomaticFieldEditorViewModel.java	27	jabgui	org.jabref.gui.edit.automaticfieldeditor
jabgui/src/main/java/org/jabref/gui/edit/automaticfieldeditor/MoveFieldValueAction.java	27	jabgui	org.jabref.gui.edit.automaticfieldeditor
jabgui/src/main/java/org/jabref/gui/edit/automaticfieldeditor/clearcontent/ClearContentTabView.java	27	jabgui	org.jabref.gui.edit.automaticfieldeditor.clearcontent
jabgui/src/main/java/org/jabref/gui/edit/automaticfieldeditor/clearcontent/ClearContentViewModel.java	27	jabgui	org.jabref.gui.edit.automaticfieldeditor.clearcontent
jabgui/src/main/java/org/jabref/gui/edit/automaticfieldeditor/copyormovecontent/CopyOrMoveFieldContentTabView.java	27	jabgui	org.jabref.gui.edit.automaticfieldeditor.copyormovecontent
jabgui/src/main/java/org/jabref/gui/edit/automaticfieldeditor/copyormovecontent/CopyOrMoveFieldContentTabViewModel.java	27	jabgui	org.jabref.gui.edit.automaticfieldeditor.copyormovecontent
jabgui/src/main/java/org/jabref/gui/edit/automaticfieldeditor/editfieldcontent/EditFieldContentTabView.java	27	jabgui	org.jabref.gui.edit.automaticfieldeditor.editfieldcontent
jabgui/src/main/java/org/jabref/gui/edit/automaticfieldeditor/editfieldcontent/EditFieldContentViewModel.java	27	jabgui	org.jabref.gui.edit.automaticfieldeditor.editfieldcontent
jabgui/src/main/java/org/jabref/gui/edit/automaticfieldeditor/renamefield/RenameFieldTabView.java	27	jabgui	org.jabref.gui.edit.automaticfieldeditor.renamefield
jabgui/src/main/java/org/jabref/gui/edit/automaticfieldeditor/renamefield/RenameFieldViewModel.java	27	jabgui	org.jabref.gui.edit.automaticfieldeditor.renamefield
jabgui/src/main/java/org/jabref/gui/push/GuiPushToApplicationCommand.java	28	jabgui	org.jabref.gui.push
jabgui/src/main/java/org/jabref/gui/push/GuiPushToApplicationSettings.java	28	jabgui	org.jabref.gui.push
jabgui/src/main/java/org/jabref/gui/push/GuiPushToEmacsSettings.java	28	jabgui	org.jabref.gui.push
jabgui/src/main/java/org/jabref/gui/push/GuiPushToVimSettings.java	28	jabgui	org.jabref.gui.push
jablib/src/main/java/org/jabref/logic/push/AbstractPushToApplication.java	28	jablib	org.jabref.logic.push
jablib/src/main/java/org/jabref/logic/push/PushToApplication.java	28	jablib	org.jabref.logic.push
jablib/src/main/java/org/jabref/logic/push/PushToEmacs.java	28	jablib	org.jabref.logic.push
jablib/src/main/java/org/jabref/logic/push/PushToLyx.java	28	jablib	org.jabref.logic.push
jablib/src/main/java/org/jabref/logic/push/PushToSublimeText.java	28	jablib	org.jabref.logic.push
jablib/src/main/java/org/jabref/logic/push/PushToTeXstudio.java	28	jablib	org.jabref.logic.push
jablib/src/main/java/org/jabref/logic/push/PushToTexShop.java	28	jablib	org.jabref.logic.push
jablib/src/main/java/org/jabref/logic/push/PushToTexmaker.java	28	jablib	org.jabref.logic.push
jablib/src/main/java/org/jabref/logic/push/PushToVim.java	28	jablib	org.jabref.logic.push
jabgui/src/main/java/org/jabref/gui/entryeditor/fileannotationtab/FileAnnotationTab.java	29	jabgui	org.jabref.gui.entryeditor.fileannotationtab
jabgui/src/main/java/org/jabref/gui/entryeditor/fileannotationtab/FileAnnotationTabViewModel.java	29	jabgui	org.jabref.gui.entryeditor.fileannotationtab
jabgui/src/main/java/org/jabref/gui/entryeditor/fileannotationtab/FileAnnotationViewModel.java	29	jabgui	org.jabref.gui.entryeditor.fileannotationtab
jablib/src/main/java/org/jabref/logic/pdf/AnnotationImporter.java	29	jablib	org.jabref.logic.pdf
jablib/src/main/java/org/jabref/logic/pdf/EntryAnnotationImporter.java	29	jablib	org.jabref.logic.pdf
jablib/src/main/java/org/jabref/logic/pdf/FileAnnotationCache.java	29	jablib	org.jabref.logic.pdf
jablib/src/main/java/org/jabref/logic/pdf/PdfAnnotationImporter.java	29	jablib	org.jabref.logic.pdf
jablib/src/main/java/org/jabref/model/pdf/FileAnnotation.java	29	jablib	org.jabref.model.pdf
jablib/src/main/java/org/jabref/model/pdf/FileAnnotationType.java	29	jablib	org.jabref.model.pdf
jabsrv/src/main/java/org/jabref/http/server/cayw/CAYWQueryParams.java	30	jabsrv	org.jabref.http.server.cayw
jabsrv/src/main/java/org/jabref/http/server/cayw/CAYWResource.java	30	jabsrv	org.jabref.http.server.cayw
jabsrv/src/main/java/org/jabref/http/server/cayw/format/BibLatexFormatter.java	30	jabsrv	org.jabref.http.server.cayw.format
jabsrv/src/main/java/org/jabref/http/server/cayw/format/CAYWFormatter.java	30	jabsrv	org.jabref.http.server.cayw.format
jabsrv/src/main/java/org/jabref/http/server/cayw/format/FormatterService.java	30	jabsrv	org.jabref.http.server.cayw.format
jabsrv/src/main/java/org/jabref/http/server/cayw/format/SimpleJsonFormatter.java	30	jabsrv	org.jabref.http.server.cayw.format
jabsrv/src/main/java/org/jabref/http/server/cayw/gui/CAYWEntry.java	30	jabsrv	org.jabref.http.server.cayw.gui
jabsrv/src/main/java/org/jabref/http/server/cayw/gui/SearchDialog.java	30	jabsrv	org.jabref.http.server.cayw.gui
jabsrv/src/main/java/org/jabref/http/server/cayw/gui/SelectedItemsContainer.java	30	jabsrv	org.jabref.http.server.cayw.gui
jabgui/src/main/java/org/jabref/gui/linkedfile/OcrLinkedFileAction.java	31	jabgui	org.jabref.gui.linkedfile
jabgui/src/main/java/org/jabref/gui/preferences/ocr/OcrTab.java	31	jabgui	org.jabref.gui.preferences.ocr
jabgui/src/main/java/org/jabref/gui/preferences/ocr/OcrTabViewModel.java	31	jabgui	org.jabref.gui.preferences.ocr
jablib/src/main/java/org/jabref/logic/ocr/OcrEngine.java	31	jablib	org.jabref.logic.ocr
jablib/src/main/java/org/jabref/logic/ocr/OcrMyPdfEngine.java	31	jablib	org.jabref.logic.ocr
jablib/src/main/java/org/jabref/logic/ocr/OcrPreferences.java	31	jablib	org.jabref.logic.ocr
jablib/src/main/java/org/jabref/logic/ocr/OcrUtils.java	31	jablib	org.jabref.logic.ocr
jablib/src/main/java/org/jabref/logic/ocr/docling/DoclingEngine.java	31	jablib	org.jabref.logic.ocr.docling
jablib/src/main/java/org/jabref/logic/bst/BstEntry.java	32	jablib	org.jabref.logic.bst
jablib/src/main/java/org/jabref/logic/bst/BstFunctions.java	32	jablib	org.jabref.logic.bst
jablib/src/main/java/org/jabref/logic/bst/BstVM.java	32	jablib	org.jabref.logic.bst
jablib/src/main/java/org/jabref/logic/bst/BstVMContext.java	32	jablib	org.jabref.logic.bst
jablib/src/main/java/org/jabref/logic/bst/BstVMVisitor.java	32	jablib	org.jabref.logic.bst
jablib/src/main/java/org/jabref/logic/bst/util/BstCaseChanger.java	32	jablib	org.jabref.logic.bst.util
jablib/src/main/java/org/jabref/logic/bst/util/BstWidthCalculator.java	32	jablib	org.jabref.logic.bst.util
jabgui/src/main/java/org/jabref/gui/desktop/os/DefaultDesktop.java	33	jabgui	org.jabref.gui.desktop.os
jabgui/src/main/java/org/jabref/gui/desktop/os/Linux.java	33	jabgui	org.jabref.gui.desktop.os
jabgui/src/main/java/org/jabref/gui/desktop/os/NativeDesktop.java	33	jabgui	org.jabref.gui.desktop.os
jabgui/src/main/java/org/jabref/gui/desktop/os/OSX.java	33	jabgui	org.jabref.gui.desktop.os
jabgui/src/main/java/org/jabref/gui/desktop/os/Windows.java	33	jabgui	org.jabref.gui.desktop.os
jabgui/src/main/java/org/jabref/gui/cleanup/CleanupSingleFieldPanel.java	34	jabgui	org.jabref.gui.cleanup
jabgui/src/main/java/org/jabref/gui/cleanup/CleanupSingleFieldViewModel.java	34	jabgui	org.jabref.gui.cleanup
jabgui/src/main/java/org/jabref/gui/commonfxcontrols/FieldFormatterCleanupsPanel.java	34	jabgui	org.jabref.gui.commonfxcontrols
jabgui/src/main/java/org/jabref/gui/commonfxcontrols/FieldFormatterCleanupsPanelViewModel.java	34	jabgui	org.jabref.gui.commonfxcontrols
jabgui/src/main/java/org/jabref/gui/preferences/externalfiletypes/EditExternalFileTypeEntryDialog.java	35	jabgui	org.jabref.gui.preferences.externalfiletypes
jabgui/src/main/java/org/jabref/gui/preferences/externalfiletypes/EditExternalFileTypeViewModel.java	35	jabgui	org.jabref.gui.preferences.externalfiletypes
jabgui/src/main/java/org/jabref/gui/preferences/externalfiletypes/ExternalFileTypesTab.java	35	jabgui	org.jabref.gui.preferences.externalfiletypes
jabgui/src/main/java/org/jabref/gui/preferences/externalfiletypes/ExternalFileTypesTabViewModel.java	35	jabgui	org.jabref.gui.preferences.externalfiletypes
jablib/src/main/java/org/jabref/logic/search/query/SearchQueryExtractorVisitor.java	36	jablib	org.jabref.logic.search.query
jablib/src/main/java/org/jabref/logic/search/query/SearchToLuceneVisitor.java	36	jablib	org.jabref.logic.search.query
jablib/src/main/java/org/jabref/logic/search/query/SearchToSqlVisitor.java	36	jablib	org.jabref.logic.search.query
jablib/src/main/java/org/jabref/logic/search/sqlbased/retrieval/LinkedFilesSearcher.java	36	jablib	org.jabref.logic.search.sqlbased.retrieval
jabgui/src/main/java/org/jabref/gui/util/DefaultFileUpdateMonitor.java	37	jabgui	org.jabref.gui.util
jablib/src/main/java/org/jabref/model/util/DummyFileUpdateMonitor.java	37	jablib	org.jabref.model.util
jablib/src/main/java/org/jabref/model/util/FileUpdateMonitor.java	37	jablib	org.jabref.model.util
jabgui/src/main/java/org/jabref/gui/fieldeditors/ISSNEditorViewModel.java	38	jabgui	org.jabref.gui.fieldeditors
jabgui/src/main/java/org/jabref/gui/fieldeditors/journalinfo/JournalInfoViewModel.java	38	jabgui	org.jabref.gui.fieldeditors.journalinfo
jablib/src/main/java/org/jabref/logic/importer/fetcher/JournalInformationFetcher.java	38	jablib	org.jabref.logic.importer.fetcher
jabgui/src/main/java/org/jabref/gui/fieldeditors/contextmenu/ProtectedTermsMenu.java	39	jabgui	org.jabref.gui.fieldeditors.contextmenu
jablib/src/main/java/org/jabref/logic/protectedterms/ProtectedTermsLoader.java	39	jablib	org.jabref.logic.protectedterms
jablib/src/main/java/org/jabref/logic/protectedterms/ProtectedTermsParser.java	39	jablib	org.jabref.logic.protectedterms
jablib/src/main/java/org/jabref/logic/search/sqlbased/IndexManager.java	40	jablib	org.jabref.logic.search.sqlbased
jablib/src/main/java/org/jabref/logic/search/sqlbased/indexing/BibFieldsIndexer.java	40	jablib	org.jabref.logic.search.sqlbased.indexing
jablib/src/main/java/org/jabref/model/search/PostgresConstants.java	40	jablib	org.jabref.model.search
build-support/src/main/java/JournalListMvGenerator.java	41	build-support	(default)
build-support/src/main/java/LtwaListMvGenerator.java	41	build-support	(default)
jabgui/src/main/java/org/jabref/gui/ai/chat/AiChatView.java	42	jabgui	org.jabref.gui.ai.chat
jablib/src/main/java/org/jabref/logic/ai/summarization/listeners/GenerateSummaryAiDatabaseListener.java	42	jablib	org.jabref.logic.ai.summarization.listeners
jabgui/src/main/java/org/jabref/gui/consistency/ConsistencyCheckDialog.java	43	jabgui	org.jabref.gui.consistency
jabgui/src/main/java/org/jabref/gui/consistency/ConsistencyCheckDialogViewModel.java	43	jabgui	org.jabref.gui.consistency
jabgui/src/main/java/org/jabref/gui/linkedfile/DownloadLinkedFileAction.java	44	jabgui	org.jabref.gui.linkedfile
jabgui/src/main/java/org/jabref/gui/linkedfile/RedownloadMissingFilesAction.java	44	jabgui	org.jabref.gui.linkedfile
jabgui/src/main/java/org/jabref/gui/errorconsole/ErrorConsoleViewModel.java	45	jabgui	org.jabref.gui.errorconsole
jabgui/src/main/java/org/jabref/gui/logging/LogMessages.java	45	jabgui	org.jabref.gui.logging
jabgui/src/main/java/org/jabref/gui/mergeentries/threewaymerge/DiffMethod.java	46	jabgui	org.jabref.gui.mergeentries.threewaymerge
jabgui/src/main/java/org/jabref/gui/mergeentries/threewaymerge/GroupDiffMode.java	46	jabgui	org.jabref.gui.mergeentries.threewaymerge
jabgui/src/main/java/org/jabref/gui/openoffice/ModifyBibliographyPropertiesDialogView.java	47	jabgui	org.jabref.gui.openoffice
jabgui/src/main/java/org/jabref/gui/openoffice/ModifyBibliographyPropertiesDialogViewModel.java	47	jabgui	org.jabref.gui.openoffice
jabgui/src/main/java/org/jabref/gui/preferences/autocompletion/AutoCompletionTab.java	48	jabgui	org.jabref.gui.preferences.autocompletion
jabgui/src/main/java/org/jabref/gui/preferences/autocompletion/AutoCompletionTabViewModel.java	48	jabgui	org.jabref.gui.preferences.autocompletion
jabgui/src/main/java/org/jabref/gui/undo/RedoAction.java	49	jabgui	org.jabref.gui.undo
jabgui/src/main/java/org/jabref/gui/undo/UndoAction.java	49	jabgui	org.jabref.gui.undo
jabgui/src/main/java/org/jabref/gui/util/SelectableTextFlow.java	50	jabgui	org.jabref.gui.util
jabgui/src/main/java/org/jabref/gui/util/component/MarkdownTextFlow.java	50	jabgui	org.jabref.gui.util.component
jablib/src/main/java/org/jabref/logic/exporter/AtomicFileOutputStream.java	51	jablib	org.jabref.logic.exporter
jablib/src/main/java/org/jabref/logic/exporter/AtomicFileWriter.java	51	jablib	org.jabref.logic.exporter
jablib/src/main/java/org/jabref/logic/git/merge/planning/util/ConflictRules.java	52	jablib	org.jabref.logic.git.merge.planning.util
jablib/src/main/java/org/jabref/logic/git/merge/planning/util/FieldPatchComputer.java	52	jablib	org.jabref.logic.git.merge.planning.util
jablib/src/main/java/org/jabref/logic/layout/format/FirstPage.java	53	jablib	org.jabref.logic.layout.format
jablib/src/main/java/org/jabref/logic/layout/format/LastPage.java	53	jablib	org.jabref.logic.layout.format
jablib/src/main/java/org/jabref/logic/openoffice/ZoteroCitationData.java	54	jablib	org.jabref.logic.openoffice
jablib/src/main/java/org/jabref/logic/openoffice/ZoteroCitationMarkParser.java	54	jablib	org.jabref.logic.openoffice
jabls/src/main/java/org/jabref/languageserver/util/definition/DefinitionProvider.java	55	jabls	org.jabref.languageserver.util.definition
jabls/src/main/java/org/jabref/languageserver/util/definition/DefinitionProviderFactory.java	55	jabls	org.jabref.languageserver.util.definition
