file	cluster	module	package
jabgui/src/main/java/org/jabref/Launcher.java	0	jabgui	org.jabref
jabgui/src/main/java/org/jabref/cli/ArgumentProcessor.java	0	jabgui	org.jabref.cli
jabgui/src/main/java/org/jabref/cli/GuiCommandLine.java	0	jabgui	org.jabref.cli
jabgui/src/main/java/org/jabref/gui/CoreGuiPreferences.java	0	jabgui	org.jabref.gui
jabgui/src/main/java/org/jabref/gui/DialogService.java	0	jabgui	org.jabref.gui
jabgui/src/main/java/org/jabref/gui/DragAndDropDataFormats.java	0	jabgui	org.jabref.gui
jabgui/src/main/java/org/jabref/gui/FXDialog.java	0	jabgui	org.jabref.gui
jabgui/src/main/java/org/jabref/gui/JabRefDialogService.java	0	jabgui	org.jabref.gui
jabgui/src/main/java/org/jabref/gui/JabRefGuiStateManager.java	0	jabgui	org.jabref.gui
jabgui/src/main/java/org/jabref/gui/LibraryTab.java	0	jabgui	org.jabref.gui
jabgui/src/main/java/org/jabref/gui/LibraryTabContainer.java	0	jabgui	org.jabref.gui
jabgui/src/main/java/org/jabref/gui/StateManager.java	0	jabgui	org.jabref.gui
jabgui/src/main/java/org/jabref/gui/actions/Action.java	0	jabgui	org.jabref.gui.actions
jabgui/src/main/java/org/jabref/gui/actions/ActionFactory.java	0	jabgui	org.jabref.gui.actions
jabgui/src/main/java/org/jabref/gui/actions/JabRefAction.java	0	jabgui	org.jabref.gui.actions
jabgui/src/main/java/org/jabref/gui/autocompleter/AutoCompletePreferences.java	0	jabgui	org.jabref.gui.autocompleter
jabgui/src/main/java/org/jabref/gui/autocompleter/AutoCompletionTextInputBinding.java	0	jabgui	org.jabref.gui.autocompleter
jabgui/src/main/java/org/jabref/gui/autocompleter/WordSuggestionProvider.java	0	jabgui	org.jabref.gui.autocompleter
jabgui/src/main/java/org/jabref/gui/autosaveandbackup/AutosaveManager.java	0	jabgui	org.jabref.gui.autosaveandbackup
jabgui/src/main/java/org/jabref/gui/autosaveandbackup/BackupManager.java	0	jabgui	org.jabref.gui.autosaveandbackup
jabgui/src/main/java/org/jabref/gui/auximport/FromAuxDialog.java	0	jabgui	org.jabref.gui.auximport
jabgui/src/main/java/org/jabref/gui/auximport/NewSubLibraryAction.java	0	jabgui	org.jabref.gui.auximport
jabgui/src/main/java/org/jabref/gui/backup/BackupResolverDialog.java	0	jabgui	org.jabref.gui.backup
jabgui/src/main/java/org/jabref/gui/citationkeypattern/GenerateCitationKeyAction.java	0	jabgui	org.jabref.gui.citationkeypattern
jabgui/src/main/java/org/jabref/gui/citationkeypattern/GenerateCitationKeySingleAction.java	0	jabgui	org.jabref.gui.citationkeypattern
jabgui/src/main/java/org/jabref/gui/cleanup/CleanupAction.java	0	jabgui	org.jabref.gui.cleanup
jabgui/src/main/java/org/jabref/gui/cleanup/CleanupDialog.java	0	jabgui	org.jabref.gui.cleanup
jabgui/src/main/java/org/jabref/gui/cleanup/CleanupDialogViewModel.java	0	jabgui	org.jabref.gui.cleanup
jabgui/src/main/java/org/jabref/gui/cleanup/CleanupMultiFieldPanel.java	0	jabgui	org.jabref.gui.cleanup
jabgui/src/main/java/org/jabref/gui/cleanup/CleanupSingleAction.java	0	jabgui	org.jabref.gui.cleanup
jabgui/src/main/java/org/jabref/gui/collab/ChangeScanner.java	0	jabgui	org.jabref.gui.collab
jabgui/src/main/java/org/jabref/gui/collab/DatabaseChange.java	0	jabgui	org.jabref.gui.collab
jabgui/src/main/java/org/jabref/gui/collab/DatabaseChangeListener.java	0	jabgui	org.jabref.gui.collab
jabgui/src/main/java/org/jabref/gui/collab/DatabaseChangeMonitor.java	0	jabgui	org.jabref.gui.collab
jabgui/src/main/java/org/jabref/gui/collab/DatabaseChangesResolverDialog.java	0	jabgui	org.jabref.gui.collab
jabgui/src/main/java/org/jabref/gui/collab/ExternalChangesResolverViewModel.java	0	jabgui	org.jabref.gui.collab
jabgui/src/main/java/org/jabref/gui/commonfxcontrols/SaveOrderConfigPanel.java	0	jabgui	org.jabref.gui.commonfxcontrols
jabgui/src/main/java/org/jabref/gui/commonfxcontrols/SaveOrderConfigPanelViewModel.java	0	jabgui	org.jabref.gui.commonfxcontrols
jabgui/src/main/java/org/jabref/gui/commonfxcontrols/SortCriterionViewModel.java	0	jabgui	org.jabref.gui.commonfxcontrols
jabgui/src/main/java/org/jabref/gui/copyfiles/CopyFilesAction.java	0	jabgui	org.jabref.gui.copyfiles
jabgui/src/main/java/org/jabref/gui/copyfiles/CopyFilesDialogView.java	0	jabgui	org.jabref.gui.copyfiles
jabgui/src/main/java/org/jabref/gui/copyfiles/CopyFilesTask.java	0	jabgui	org.jabref.gui.copyfiles
jabgui/src/main/java/org/jabref/gui/dialogs/AutosaveUiManager.java	0	jabgui	org.jabref.gui.dialogs
jabgui/src/main/java/org/jabref/gui/dialogs/BackupUIManager.java	0	jabgui	org.jabref.gui.dialogs
jabgui/src/main/java/org/jabref/gui/duplicationFinder/DuplicateSearch.java	0	jabgui	org.jabref.gui.duplicationFinder
jabgui/src/main/java/org/jabref/gui/edit/CopyMoreAction.java	0	jabgui	org.jabref.gui.edit
jabgui/src/main/java/org/jabref/gui/edit/EditAction.java	0	jabgui	org.jabref.gui.edit
jabgui/src/main/java/org/jabref/gui/edit/ManageKeywordsAction.java	0	jabgui	org.jabref.gui.edit
jabgui/src/main/java/org/jabref/gui/edit/ManageKeywordsDialog.java	0	jabgui	org.jabref.gui.edit
jabgui/src/main/java/org/jabref/gui/edit/ManageKeywordsViewModel.java	0	jabgui	org.jabref.gui.edit
jabgui/src/main/java/org/jabref/gui/edit/OpenBrowserAction.java	0	jabgui	org.jabref.gui.edit
jabgui/src/main/java/org/jabref/gui/edit/ReplaceStringAction.java	0	jabgui	org.jabref.gui.edit
jabgui/src/main/java/org/jabref/gui/edit/ReplaceStringView.java	0	jabgui	org.jabref.gui.edit
jabgui/src/main/java/org/jabref/gui/edit/ReplaceStringViewModel.java	0	jabgui	org.jabref.gui.edit
jabgui/src/main/java/org/jabref/gui/entryeditor/AiChatTab.java	0	jabgui	org.jabref.gui.entryeditor
jabgui/src/main/java/org/jabref/gui/entryeditor/AiSummaryTab.java	0	jabgui	org.jabref.gui.entryeditor
jabgui/src/main/java/org/jabref/gui/entryeditor/EntryEditor.java	0	jabgui	org.jabref.gui.entryeditor
jabgui/src/main/java/org/jabref/gui/entryeditor/EntryEditorPreferences.java	0	jabgui	org.jabref.gui.entryeditor
jabgui/src/main/java/org/jabref/gui/entryeditor/EntryEditorTab.java	0	jabgui	org.jabref.gui.entryeditor
jabgui/src/main/java/org/jabref/gui/entryeditor/FieldsEditorTab.java	0	jabgui	org.jabref.gui.entryeditor
jabgui/src/main/java/org/jabref/gui/entryeditor/JumpToFieldViewModel.java	0	jabgui	org.jabref.gui.entryeditor
jabgui/src/main/java/org/jabref/gui/entryeditor/OpenEntryEditorAction.java	0	jabgui	org.jabref.gui.entryeditor
jabgui/src/main/java/org/jabref/gui/entryeditor/PreviewSwitchAction.java	0	jabgui	org.jabref.gui.entryeditor
jabgui/src/main/java/org/jabref/gui/entryeditor/PreviewTab.java	0	jabgui	org.jabref.gui.entryeditor
jabgui/src/main/java/org/jabref/gui/entryeditor/UserDefinedFieldsTab.java	0	jabgui	org.jabref.gui.entryeditor
jabgui/src/main/java/org/jabref/gui/entryeditor/fileannotationtab/FulltextSearchResultsTab.java	0	jabgui	org.jabref.gui.entryeditor.fileannotationtab
jabgui/src/main/java/org/jabref/gui/errorconsole/LogEventViewModel.java	0	jabgui	org.jabref.gui.errorconsole
jabgui/src/main/java/org/jabref/gui/exporter/CreateModifyExporterDialogView.java	0	jabgui	org.jabref.gui.exporter
jabgui/src/main/java/org/jabref/gui/exporter/CreateModifyExporterDialogViewModel.java	0	jabgui	org.jabref.gui.exporter
jabgui/src/main/java/org/jabref/gui/exporter/ExportCommand.java	0	jabgui	org.jabref.gui.exporter
jabgui/src/main/java/org/jabref/gui/exporter/ExportToClipboardAction.java	0	jabgui	org.jabref.gui.exporter
jabgui/src/main/java/org/jabref/gui/exporter/SaveAction.java	0	jabgui	org.jabref.gui.exporter
jabgui/src/main/java/org/jabref/gui/exporter/SaveAllAction.java	0	jabgui	org.jabref.gui.exporter
jabgui/src/main/java/org/jabref/gui/exporter/SaveDatabaseAction.java	0	jabgui	org.jabref.gui.exporter
jabgui/src/main/java/org/jabref/gui/externalfiles/AutoLinkFilesAction.java	0	jabgui	org.jabref.gui.externalfiles
jabgui/src/main/java/org/jabref/gui/externalfiles/AutoSetFileLinksUtil.java	0	jabgui	org.jabref.gui.externalfiles
jabgui/src/main/java/org/jabref/gui/externalfiles/DownloadFullTextAction.java	0	jabgui	org.jabref.gui.externalfiles
jabgui/src/main/java/org/jabref/gui/externalfiles/ExternalFilesEntryLinker.java	0	jabgui	org.jabref.gui.externalfiles
jabgui/src/main/java/org/jabref/gui/externalfiles/FileExtensionViewModel.java	0	jabgui	org.jabref.gui.externalfiles
jabgui/src/main/java/org/jabref/gui/externalfiles/FindUnlinkedFilesAction.java	0	jabgui	org.jabref.gui.externalfiles
jabgui/src/main/java/org/jabref/gui/externalfiles/UnlinkedFilesDialogViewModel.java	0	jabgui	org.jabref.gui.externalfiles
jabgui/src/main/java/org/jabref/gui/externalfiletype/ExternalFileType.java	0	jabgui	org.jabref.gui.externalfiletype
jabgui/src/main/java/org/jabref/gui/externalfiletype/ExternalFileTypes.java	0	jabgui	org.jabref.gui.externalfiletype
jabgui/src/main/java/org/jabref/gui/externalfiletype/UnknownExternalFileType.java	0	jabgui	org.jabref.gui.externalfiletype
jabgui/src/main/java/org/jabref/gui/fieldeditors/CitationKeyEditorViewModel.java	0	jabgui	org.jabref.gui.fieldeditors
jabgui/src/main/java/org/jabref/gui/fieldeditors/FieldEditorFX.java	0	jabgui	org.jabref.gui.fieldeditors
jabgui/src/main/java/org/jabref/gui/fieldeditors/FieldNameLabel.java	0	jabgui	org.jabref.gui.fieldeditors
jabgui/src/main/java/org/jabref/gui/fieldeditors/LinkedFileViewModel.java	0	jabgui	org.jabref.gui.fieldeditors
jabgui/src/main/java/org/jabref/gui/frame/ExternalApplicationsPreferences.java	0	jabgui	org.jabref.gui.frame
jabgui/src/main/java/org/jabref/gui/frame/FileHistoryMenu.java	0	jabgui	org.jabref.gui.frame
jabgui/src/main/java/org/jabref/gui/frame/JabRefFrame.java	0	jabgui	org.jabref.gui.frame
jabgui/src/main/java/org/jabref/gui/frame/JabRefFrameViewModel.java	0	jabgui	org.jabref.gui.frame
jabgui/src/main/java/org/jabref/gui/frame/OpenConsoleAction.java	0	jabgui	org.jabref.gui.frame
jabgui/src/main/java/org/jabref/gui/frame/ProcessingLibraryDialog.java	0	jabgui	org.jabref.gui.frame
jabgui/src/main/java/org/jabref/gui/frame/SendAsEMailAction.java	0	jabgui	org.jabref.gui.frame
jabgui/src/main/java/org/jabref/gui/frame/SendAsStandardEmailAction.java	0	jabgui	org.jabref.gui.frame
jabgui/src/main/java/org/jabref/gui/frame/SidePanePreferences.java	0	jabgui	org.jabref.gui.frame
jabgui/src/main/java/org/jabref/gui/groups/GroupModeViewModel.java	0	jabgui	org.jabref.gui.groups
jabgui/src/main/java/org/jabref/gui/groups/GroupNodeViewModel.java	0	jabgui	org.jabref.gui.groups
jabgui/src/main/java/org/jabref/gui/groups/GroupTreeView.java	0	jabgui	org.jabref.gui.groups
jabgui/src/main/java/org/jabref/gui/groups/GroupTreeViewModel.java	0	jabgui	org.jabref.gui.groups
jabgui/src/main/java/org/jabref/gui/groups/GroupViewMode.java	0	jabgui	org.jabref.gui.groups
jabgui/src/main/java/org/jabref/gui/help/AboutAction.java	0	jabgui	org.jabref.gui.help
jabgui/src/main/java/org/jabref/gui/help/AboutDialogView.java	0	jabgui	org.jabref.gui.help
jabgui/src/main/java/org/jabref/gui/help/AboutDialogViewModel.java	0	jabgui	org.jabref.gui.help
jabgui/src/main/java/org/jabref/gui/help/ErrorConsoleAction.java	0	jabgui	org.jabref.gui.help
jabgui/src/main/java/org/jabref/gui/help/HelpAction.java	0	jabgui	org.jabref.gui.help
jabgui/src/main/java/org/jabref/gui/help/NewVersionDialog.java	0	jabgui	org.jabref.gui.help
jabgui/src/main/java/org/jabref/gui/help/SearchForUpdateAction.java	0	jabgui	org.jabref.gui.help
jabgui/src/main/java/org/jabref/gui/help/VersionWorker.java	0	jabgui	org.jabref.gui.help
jabgui/src/main/java/org/jabref/gui/icon/IconTheme.java	0	jabgui	org.jabref.gui.icon
jabgui/src/main/java/org/jabref/gui/icon/IkonliIcon.java	0	jabgui	org.jabref.gui.icon
jabgui/src/main/java/org/jabref/gui/icon/JabRefIcon.java	0	jabgui	org.jabref.gui.icon
jabgui/src/main/java/org/jabref/gui/icon/JabRefIconView.java	0	jabgui	org.jabref.gui.icon
jabgui/src/main/java/org/jabref/gui/icon/JabRefIkonHandler.java	0	jabgui	org.jabref.gui.icon
jabgui/src/main/java/org/jabref/gui/icon/JabRefMaterialDesignIcon.java	0	jabgui	org.jabref.gui.icon
jabgui/src/main/java/org/jabref/gui/importer/GrobidUseDialogHelper.java	0	jabgui	org.jabref.gui.importer
jabgui/src/main/java/org/jabref/gui/importer/ImportCustomEntryTypesDialog.java	0	jabgui	org.jabref.gui.importer
jabgui/src/main/java/org/jabref/gui/importer/ImportCustomEntryTypesDialogViewModel.java	0	jabgui	org.jabref.gui.importer
jabgui/src/main/java/org/jabref/gui/importer/ImportEntriesViewModel.java	0	jabgui	org.jabref.gui.importer
jabgui/src/main/java/org/jabref/gui/importer/NewDatabaseAction.java	0	jabgui	org.jabref.gui.importer
jabgui/src/main/java/org/jabref/gui/importer/NewEntryAction.java	0	jabgui	org.jabref.gui.importer
jabgui/src/main/java/org/jabref/gui/importer/actions/CheckForNewEntryTypesAction.java	0	jabgui	org.jabref.gui.importer.actions
jabgui/src/main/java/org/jabref/gui/importer/actions/GUIPostOpenAction.java	0	jabgui	org.jabref.gui.importer.actions
jabgui/src/main/java/org/jabref/gui/importer/actions/ImportCommand.java	0	jabgui	org.jabref.gui.importer.actions
jabgui/src/main/java/org/jabref/gui/importer/actions/OpenDatabaseAction.java	0	jabgui	org.jabref.gui.importer.actions
jabgui/src/main/java/org/jabref/gui/importer/fetcher/LookupIdentifierAction.java	0	jabgui	org.jabref.gui.importer.fetcher
jabgui/src/main/java/org/jabref/gui/importer/fetcher/WebSearchPaneView.java	0	jabgui	org.jabref.gui.importer.fetcher
jabgui/src/main/java/org/jabref/gui/importer/fetcher/WebSearchPaneViewModel.java	0	jabgui	org.jabref.gui.importer.fetcher
jabgui/src/main/java/org/jabref/gui/integrity/IntegrityCheckAction.java	0	jabgui	org.jabref.gui.integrity
jabgui/src/main/java/org/jabref/gui/libraryproperties/LibraryPropertiesAction.java	0	jabgui	org.jabref.gui.libraryproperties
jabgui/src/main/java/org/jabref/gui/libraryproperties/saving/SavingPropertiesViewModel.java	0	jabgui	org.jabref.gui.libraryproperties.saving
jabgui/src/main/java/org/jabref/gui/linkedfile/AttachFileAction.java	0	jabgui	org.jabref.gui.linkedfile
jabgui/src/main/java/org/jabref/gui/linkedfile/LinkedFileEditDialog.java	0	jabgui	org.jabref.gui.linkedfile
jabgui/src/main/java/org/jabref/gui/linkedfile/LinkedFileEditDialogViewModel.java	0	jabgui	org.jabref.gui.linkedfile
jabgui/src/main/java/org/jabref/gui/maintable/BibEntryTableViewModel.java	0	jabgui	org.jabref.gui.maintable
jabgui/src/main/java/org/jabref/gui/maintable/CellFactory.java	0	jabgui	org.jabref.gui.maintable
jabgui/src/main/java/org/jabref/gui/maintable/ColumnPreferences.java	0	jabgui	org.jabref.gui.maintable
jabgui/src/main/java/org/jabref/gui/maintable/ColumnPreferencesRecorder.java	0	jabgui	org.jabref.gui.maintable
jabgui/src/main/java/org/jabref/gui/maintable/MainTable.java	0	jabgui	org.jabref.gui.maintable
jabgui/src/main/java/org/jabref/gui/maintable/MainTableColumnFactory.java	0	jabgui	org.jabref.gui.maintable
jabgui/src/main/java/org/jabref/gui/maintable/MainTableColumnModel.java	0	jabgui	org.jabref.gui.maintable
jabgui/src/main/java/org/jabref/gui/maintable/MainTableDataModel.java	0	jabgui	org.jabref.gui.maintable
jabgui/src/main/java/org/jabref/gui/maintable/MainTableFieldValueFormatter.java	0	jabgui	org.jabref.gui.maintable
jabgui/src/main/java/org/jabref/gui/maintable/MainTableHeaderContextMenu.java	0	jabgui	org.jabref.gui.maintable
jabgui/src/main/java/org/jabref/gui/maintable/MainTablePreferences.java	0	jabgui	org.jabref.gui.maintable
jabgui/src/main/java/org/jabref/gui/maintable/MainTableTooltip.java	0	jabgui	org.jabref.gui.maintable
jabgui/src/main/java/org/jabref/gui/maintable/OpenFolderAction.java	0	jabgui	org.jabref.gui.maintable
jabgui/src/main/java/org/jabref/gui/maintable/OpenUrlAction.java	0	jabgui	org.jabref.gui.maintable
jabgui/src/main/java/org/jabref/gui/maintable/RightClickMenu.java	0	jabgui	org.jabref.gui.maintable
jabgui/src/main/java/org/jabref/gui/maintable/SearchShortScienceAction.java	0	jabgui	org.jabref.gui.maintable
jabgui/src/main/java/org/jabref/gui/maintable/columns/FieldColumn.java	0	jabgui	org.jabref.gui.maintable.columns
jabgui/src/main/java/org/jabref/gui/maintable/columns/FileColumn.java	0	jabgui	org.jabref.gui.maintable.columns
jabgui/src/main/java/org/jabref/gui/maintable/columns/LinkedIdentifierColumn.java	0	jabgui	org.jabref.gui.maintable.columns
jabgui/src/main/java/org/jabref/gui/maintable/columns/MainTableColumn.java	0	jabgui	org.jabref.gui.maintable.columns
jabgui/src/main/java/org/jabref/gui/menus/ChangeEntryTypeAction.java	0	jabgui	org.jabref.gui.menus
jabgui/src/main/java/org/jabref/gui/menus/ChangeEntryTypeMenu.java	0	jabgui	org.jabref.gui.menus
jabgui/src/main/java/org/jabref/gui/mergeentries/MergeWithFetchedEntryAction.java	0	jabgui	org.jabref.gui.mergeentries
jabgui/src/main/java/org/jabref/gui/preferences/PreferencesFilter.java	0	jabgui	org.jabref.gui.preferences
jabgui/src/main/java/org/jabref/gui/preferences/PreferencesFilterDialog.java	0	jabgui	org.jabref.gui.preferences
jabgui/src/main/java/org/jabref/gui/preferences/ShowPreferencesAction.java	0	jabgui	org.jabref.gui.preferences
jabgui/src/main/java/org/jabref/gui/preferences/customexporter/CustomExporterTab.java	0	jabgui	org.jabref.gui.preferences.customexporter
jabgui/src/main/java/org/jabref/gui/preferences/customexporter/CustomExporterTabViewModel.java	0	jabgui	org.jabref.gui.preferences.customexporter
jabgui/src/main/java/org/jabref/gui/preferences/customimporter/CustomImporterTab.java	0	jabgui	org.jabref.gui.preferences.customimporter
jabgui/src/main/java/org/jabref/gui/preferences/customimporter/CustomImporterTabViewModel.java	0	jabgui	org.jabref.gui.preferences.customimporter
jabgui/src/main/java/org/jabref/gui/preferences/entry/EntryTab.java	0	jabgui	org.jabref.gui.preferences.entry
jabgui/src/main/java/org/jabref/gui/preferences/entry/EntryTabViewModel.java	0	jabgui	org.jabref.gui.preferences.entry
jabgui/src/main/java/org/jabref/gui/preferences/export/ExportTab.java	0	jabgui	org.jabref.gui.preferences.export
jabgui/src/main/java/org/jabref/gui/preferences/export/ExportTabViewModel.java	0	jabgui	org.jabref.gui.preferences.export
jabgui/src/main/java/org/jabref/gui/preferences/linkedfiles/LinkedFilesTab.java	0	jabgui	org.jabref.gui.preferences.linkedfiles
jabgui/src/main/java/org/jabref/gui/preferences/linkedfiles/LinkedFilesTabViewModel.java	0	jabgui	org.jabref.gui.preferences.linkedfiles
jabgui/src/main/java/org/jabref/gui/preferences/protectedterms/NewProtectedTermsFileDialog.java	0	jabgui	org.jabref.gui.preferences.protectedterms
jabgui/src/main/java/org/jabref/gui/preferences/protectedterms/ProtectedTermsTab.java	0	jabgui	org.jabref.gui.preferences.protectedterms
jabgui/src/main/java/org/jabref/gui/preferences/protectedterms/ProtectedTermsTabViewModel.java	0	jabgui	org.jabref.gui.preferences.protectedterms
jabgui/src/main/java/org/jabref/gui/preferences/table/TableTabViewModel.java	0	jabgui	org.jabref.gui.preferences.table
jabgui/src/main/java/org/jabref/gui/preferences/websearch/WebSearchTab.java	0	jabgui	org.jabref.gui.preferences.websearch
jabgui/src/main/java/org/jabref/gui/preferences/websearch/WebSearchTabViewModel.java	0	jabgui	org.jabref.gui.preferences.websearch
jabgui/src/main/java/org/jabref/gui/preview/PreviewPanel.java	0	jabgui	org.jabref.gui.preview
jabgui/src/main/java/org/jabref/gui/push/GuiPushToApplicationCommand.java	0	jabgui	org.jabref.gui.push
jabgui/src/main/java/org/jabref/gui/push/GuiPushToApplicationSettings.java	0	jabgui	org.jabref.gui.push
jabgui/src/main/java/org/jabref/gui/push/GuiPushToEmacsSettings.java	0	jabgui	org.jabref.gui.push
jabgui/src/main/java/org/jabref/gui/push/GuiPushToVimSettings.java	0	jabgui	org.jabref.gui.push
jabgui/src/main/java/org/jabref/gui/remote/CLIMessageHandler.java	0	jabgui	org.jabref.gui.remote
jabgui/src/main/java/org/jabref/gui/search/GlobalSearchBar.java	0	jabgui	org.jabref.gui.search
jabgui/src/main/java/org/jabref/gui/search/GlobalSearchResultDialog.java	0	jabgui	org.jabref.gui.search
jabgui/src/main/java/org/jabref/gui/search/GlobalSearchResultDialogViewModel.java	0	jabgui	org.jabref.gui.search
jabgui/src/main/java/org/jabref/gui/search/RebuildFulltextSearchIndexAction.java	0	jabgui	org.jabref.gui.search
jabgui/src/main/java/org/jabref/gui/search/SearchFieldRightClickMenu.java	0	jabgui	org.jabref.gui.search
jabgui/src/main/java/org/jabref/gui/search/SearchResultsTable.java	0	jabgui	org.jabref.gui.search
jabgui/src/main/java/org/jabref/gui/search/SearchResultsTableDataModel.java	0	jabgui	org.jabref.gui.search
jabgui/src/main/java/org/jabref/gui/search/SearchTextField.java	0	jabgui	org.jabref.gui.search
jabgui/src/main/java/org/jabref/gui/shared/ConnectToSharedDatabaseCommand.java	0	jabgui	org.jabref.gui.shared
jabgui/src/main/java/org/jabref/gui/shared/SharedDatabaseLoginDialogView.java	0	jabgui	org.jabref.gui.shared
jabgui/src/main/java/org/jabref/gui/shared/SharedDatabaseLoginDialogViewModel.java	0	jabgui	org.jabref.gui.shared
jabgui/src/main/java/org/jabref/gui/shared/SharedDatabaseUIManager.java	0	jabgui	org.jabref.gui.shared
jabgui/src/main/java/org/jabref/gui/sidepane/GroupsSidePaneComponent.java	0	jabgui	org.jabref.gui.sidepane
jabgui/src/main/java/org/jabref/gui/sidepane/SidePane.java	0	jabgui	org.jabref.gui.sidepane
jabgui/src/main/java/org/jabref/gui/sidepane/SidePaneComponent.java	0	jabgui	org.jabref.gui.sidepane
jabgui/src/main/java/org/jabref/gui/sidepane/SidePaneContentFactory.java	0	jabgui	org.jabref.gui.sidepane
jabgui/src/main/java/org/jabref/gui/sidepane/SidePaneType.java	0	jabgui	org.jabref.gui.sidepane
jabgui/src/main/java/org/jabref/gui/sidepane/SidePaneViewModel.java	0	jabgui	org.jabref.gui.sidepane
jabgui/src/main/java/org/jabref/gui/specialfields/SpecialFieldAction.java	0	jabgui	org.jabref.gui.specialfields
jabgui/src/main/java/org/jabref/gui/specialfields/SpecialFieldMenuItemFactory.java	0	jabgui	org.jabref.gui.specialfields
jabgui/src/main/java/org/jabref/gui/specialfields/SpecialFieldValueViewModel.java	0	jabgui	org.jabref.gui.specialfields
jabgui/src/main/java/org/jabref/gui/specialfields/SpecialFieldViewModel.java	0	jabgui	org.jabref.gui.specialfields
jabgui/src/main/java/org/jabref/gui/specialfields/SpecialFieldsPreferences.java	0	jabgui	org.jabref.gui.specialfields
jabgui/src/main/java/org/jabref/gui/util/BaseDialog.java	0	jabgui	org.jabref.gui.util
jabgui/src/main/java/org/jabref/gui/util/CustomLocalDragboard.java	0	jabgui	org.jabref.gui.util
jabgui/src/main/java/org/jabref/gui/util/FileDialogConfiguration.java	0	jabgui	org.jabref.gui.util
jabgui/src/main/java/org/jabref/gui/util/FileFilterConverter.java	0	jabgui	org.jabref.gui.util
jabgui/src/main/java/org/jabref/gui/util/IconValidationDecorator.java	0	jabgui	org.jabref.gui.util
jabgui/src/main/java/org/jabref/gui/util/RecursiveTreeItem.java	0	jabgui	org.jabref.gui.util
jabgui/src/main/java/org/jabref/gui/util/UiTaskExecutor.java	0	jabgui	org.jabref.gui.util
jabgui/src/main/java/org/jabref/gui/util/ValueTableCellFactory.java	0	jabgui	org.jabref.gui.util
jabgui/src/main/java/org/jabref/gui/util/ViewModelTableRowFactory.java	0	jabgui	org.jabref.gui.util
jabgui/src/main/java/org/jabref/gui/util/ViewModelTreeTableCellFactory.java	0	jabgui	org.jabref.gui.util
jabgui/src/main/java/org/jabref/gui/util/ViewModelTreeTableRowFactory.java	0	jabgui	org.jabref.gui.util
jabgui/src/main/java/org/jabref/gui/util/comparator/RankingFieldComparator.java	0	jabgui	org.jabref.gui.util.comparator
jabgui/src/main/java/org/jabref/migrations/ConvertLegacyExplicitGroups.java	0	jabgui	org.jabref.migrations
jablib/src/main/java/org/jabref/logic/FilePreferences.java	0	jablib	org.jabref.logic
jablib/src/main/java/org/jabref/logic/InternalPreferences.java	0	jablib	org.jabref.logic
jablib/src/main/java/org/jabref/logic/LibraryPreferences.java	0	jablib	org.jabref.logic
jablib/src/main/java/org/jabref/logic/UiCommand.java	0	jablib	org.jabref.logic
jablib/src/main/java/org/jabref/logic/ai/embedding/MVStoreEmbeddingStore.java	0	jablib	org.jabref.logic.ai.embedding
jablib/src/main/java/org/jabref/logic/ai/util/MVStoreBase.java	0	jablib	org.jabref.logic.ai.util
jablib/src/main/java/org/jabref/logic/auxparser/AuxParserResult.java	0	jablib	org.jabref.logic.auxparser
jablib/src/main/java/org/jabref/logic/auxparser/DefaultAuxParser.java	0	jablib	org.jabref.logic.auxparser
jablib/src/main/java/org/jabref/logic/bibtex/BibEntryWriter.java	0	jablib	org.jabref.logic.bibtex
jablib/src/main/java/org/jabref/logic/bibtex/FieldPreferences.java	0	jablib	org.jabref.logic.bibtex
jablib/src/main/java/org/jabref/logic/bibtex/TypedBibEntry.java	0	jablib	org.jabref.logic.bibtex
jablib/src/main/java/org/jabref/logic/bibtex/comparator/BibtexStringComparator.java	0	jablib	org.jabref.logic.bibtex.comparator
jablib/src/main/java/org/jabref/logic/bibtex/comparator/CrossRefEntryComparator.java	0	jablib	org.jabref.logic.bibtex.comparator
jablib/src/main/java/org/jabref/logic/bibtex/comparator/EntryComparator.java	0	jablib	org.jabref.logic.bibtex.comparator
jablib/src/main/java/org/jabref/logic/bibtex/comparator/FieldComparator.java	0	jablib	org.jabref.logic.bibtex.comparator
jablib/src/main/java/org/jabref/logic/bibtex/comparator/FieldComparatorStack.java	0	jablib	org.jabref.logic.bibtex.comparator
jablib/src/main/java/org/jabref/logic/bibtex/comparator/IdComparator.java	0	jablib	org.jabref.logic.bibtex.comparator
jablib/src/main/java/org/jabref/logic/citationstyle/JabRefItemDataProvider.java	0	jablib	org.jabref.logic.citationstyle
jablib/src/main/java/org/jabref/logic/cleanup/CleanupJob.java	0	jablib	org.jabref.logic.cleanup
jablib/src/main/java/org/jabref/logic/cleanup/CleanupPreferences.java	0	jablib	org.jabref.logic.cleanup
jablib/src/main/java/org/jabref/logic/cleanup/CleanupWorker.java	0	jablib	org.jabref.logic.cleanup
jablib/src/main/java/org/jabref/logic/cleanup/ConvertToBiblatexCleanup.java	0	jablib	org.jabref.logic.cleanup
jablib/src/main/java/org/jabref/logic/cleanup/ConvertToBibtexCleanup.java	0	jablib	org.jabref.logic.cleanup
jablib/src/main/java/org/jabref/logic/cleanup/FieldFormatterCleanup.java	0	jablib	org.jabref.logic.cleanup
jablib/src/main/java/org/jabref/logic/cleanup/FieldFormatterCleanupActions.java	0	jablib	org.jabref.logic.cleanup
jablib/src/main/java/org/jabref/logic/cleanup/FileLinksCleanup.java	0	jablib	org.jabref.logic.cleanup
jablib/src/main/java/org/jabref/logic/cleanup/MoveFilesCleanup.java	0	jablib	org.jabref.logic.cleanup
jablib/src/main/java/org/jabref/logic/cleanup/RelativePathsCleanup.java	0	jablib	org.jabref.logic.cleanup
jablib/src/main/java/org/jabref/logic/cleanup/RenamePdfCleanup.java	0	jablib	org.jabref.logic.cleanup
jablib/src/main/java/org/jabref/logic/cleanup/UpgradePdfPsToFileCleanup.java	0	jablib	org.jabref.logic.cleanup
jablib/src/main/java/org/jabref/logic/exporter/BibDatabaseWriter.java	0	jablib	org.jabref.logic.exporter
jablib/src/main/java/org/jabref/logic/exporter/BibWriter.java	0	jablib	org.jabref.logic.exporter
jablib/src/main/java/org/jabref/logic/exporter/EmbeddedBibFilePdfExporter.java	0	jablib	org.jabref.logic.exporter
jablib/src/main/java/org/jabref/logic/exporter/ExportPreferences.java	0	jablib	org.jabref.logic.exporter
jablib/src/main/java/org/jabref/logic/exporter/Exporter.java	0	jablib	org.jabref.logic.exporter
jablib/src/main/java/org/jabref/logic/exporter/ExporterFactory.java	0	jablib	org.jabref.logic.exporter
jablib/src/main/java/org/jabref/logic/exporter/MSBibExporter.java	0	jablib	org.jabref.logic.exporter
jablib/src/main/java/org/jabref/logic/exporter/ModsExporter.java	0	jablib	org.jabref.logic.exporter
jablib/src/main/java/org/jabref/logic/exporter/OOCalcDatabase.java	0	jablib	org.jabref.logic.exporter
jablib/src/main/java/org/jabref/logic/exporter/OpenDocumentRepresentation.java	0	jablib	org.jabref.logic.exporter
jablib/src/main/java/org/jabref/logic/exporter/OpenDocumentSpreadsheetCreator.java	0	jablib	org.jabref.logic.exporter
jablib/src/main/java/org/jabref/logic/exporter/OpenOfficeDocumentCreator.java	0	jablib	org.jabref.logic.exporter
jablib/src/main/java/org/jabref/logic/exporter/SaveConfiguration.java	0	jablib	org.jabref.logic.exporter
jablib/src/main/java/org/jabref/logic/exporter/SaveException.java	0	jablib	org.jabref.logic.exporter
jablib/src/main/java/org/jabref/logic/exporter/TemplateExporter.java	0	jablib	org.jabref.logic.exporter
jablib/src/main/java/org/jabref/logic/exporter/XmpExporter.java	0	jablib	org.jabref.logic.exporter
jablib/src/main/java/org/jabref/logic/exporter/XmpPdfExporter.java	0	jablib	org.jabref.logic.exporter
jablib/src/main/java/org/jabref/logic/externalfiles/ExternalFilesContentImporter.java	0	jablib	org.jabref.logic.externalfiles
jablib/src/main/java/org/jabref/logic/formatter/bibtexfields/ConvertMSCCodesFormatter.java	0	jablib	org.jabref.logic.formatter.bibtexfields
jablib/src/main/java/org/jabref/logic/importer/ImportFormatPreferences.java	0	jablib	org.jabref.logic.importer
jablib/src/main/java/org/jabref/logic/importer/ImporterPreferences.java	0	jablib	org.jabref.logic.importer
jablib/src/main/java/org/jabref/logic/importer/Parser.java	0	jablib	org.jabref.logic.importer
jablib/src/main/java/org/jabref/logic/importer/ParserResult.java	0	jablib	org.jabref.logic.importer
jablib/src/main/java/org/jabref/logic/importer/fetcher/MrDlibPreferences.java	0	jablib	org.jabref.logic.importer.fetcher
jablib/src/main/java/org/jabref/logic/importer/fileformat/BibtexParser.java	0	jablib	org.jabref.logic.importer.fileformat
jablib/src/main/java/org/jabref/logic/importer/util/GrobidPreferences.java	0	jablib	org.jabref.logic.importer.util
jablib/src/main/java/org/jabref/logic/importer/util/GrobidService.java	0	jablib	org.jabref.logic.importer.util
jablib/src/main/java/org/jabref/logic/journals/AbbreviationPreferences.java	0	jablib	org.jabref.logic.journals
jablib/src/main/java/org/jabref/logic/l10n/Language.java	0	jablib	org.jabref.logic.l10n
jablib/src/main/java/org/jabref/logic/layout/LayoutFormatterPreferences.java	0	jablib	org.jabref.logic.layout
jablib/src/main/java/org/jabref/logic/layout/LayoutHelper.java	0	jablib	org.jabref.logic.layout
jablib/src/main/java/org/jabref/logic/layout/ParamLayoutFormatter.java	0	jablib	org.jabref.logic.layout
jablib/src/main/java/org/jabref/logic/layout/format/AuthorLastFirstAbbreviator.java	0	jablib	org.jabref.logic.layout.format
jablib/src/main/java/org/jabref/logic/layout/format/FileLink.java	0	jablib	org.jabref.logic.layout.format
jablib/src/main/java/org/jabref/logic/layout/format/Iso690FormatDate.java	0	jablib	org.jabref.logic.layout.format
jablib/src/main/java/org/jabref/logic/layout/format/Iso690NamesAuthors.java	0	jablib	org.jabref.logic.layout.format
jablib/src/main/java/org/jabref/logic/layout/format/NameFormatterPreferences.java	0	jablib	org.jabref.logic.layout.format
jablib/src/main/java/org/jabref/logic/layout/format/NotFoundFormatter.java	0	jablib	org.jabref.logic.layout.format
jablib/src/main/java/org/jabref/logic/layout/format/Number.java	0	jablib	org.jabref.logic.layout.format
jablib/src/main/java/org/jabref/logic/layout/format/Replace.java	0	jablib	org.jabref.logic.layout.format
jablib/src/main/java/org/jabref/logic/layout/format/RisMonth.java	0	jablib	org.jabref.logic.layout.format
jablib/src/main/java/org/jabref/logic/layout/format/WrapContent.java	0	jablib	org.jabref.logic.layout.format
jablib/src/main/java/org/jabref/logic/layout/format/WrapFileLinks.java	0	jablib	org.jabref.logic.layout.format
jablib/src/main/java/org/jabref/logic/net/ProxyPreferences.java	0	jablib	org.jabref.logic.net
jablib/src/main/java/org/jabref/logic/net/ssl/SSLPreferences.java	0	jablib	org.jabref.logic.net.ssl
jablib/src/main/java/org/jabref/logic/net/ssl/TrustStoreManager.java	0	jablib	org.jabref.logic.net.ssl
jablib/src/main/java/org/jabref/logic/pdf/FileAnnotationCache.java	0	jablib	org.jabref.logic.pdf
jablib/src/main/java/org/jabref/logic/preferences/CliPreferences.java	0	jablib	org.jabref.logic.preferences
jablib/src/main/java/org/jabref/logic/preferences/DOIPreferences.java	0	jablib	org.jabref.logic.preferences
jablib/src/main/java/org/jabref/logic/preferences/JabRefCliPreferences.java	0	jablib	org.jabref.logic.preferences
jablib/src/main/java/org/jabref/logic/preferences/LastFilesOpenedPreferences.java	0	jablib	org.jabref.logic.preferences
jablib/src/main/java/org/jabref/logic/preferences/OwnerPreferences.java	0	jablib	org.jabref.logic.preferences
jablib/src/main/java/org/jabref/logic/preferences/TimestampPreferences.java	0	jablib	org.jabref.logic.preferences
jablib/src/main/java/org/jabref/logic/protectedterms/ProtectedTermsList.java	0	jablib	org.jabref.logic.protectedterms
jablib/src/main/java/org/jabref/logic/protectedterms/ProtectedTermsPreferences.java	0	jablib	org.jabref.logic.protectedterms
jablib/src/main/java/org/jabref/logic/push/AbstractPushToApplication.java	0	jablib	org.jabref.logic.push
jablib/src/main/java/org/jabref/logic/push/PushToApplication.java	0	jablib	org.jabref.logic.push
jablib/src/main/java/org/jabref/logic/push/PushToEmacs.java	0	jablib	org.jabref.logic.push
jablib/src/main/java/org/jabref/logic/push/PushToLyx.java	0	jablib	org.jabref.logic.push
jablib/src/main/java/org/jabref/logic/push/PushToSublimeText.java	0	jablib	org.jabref.logic.push
jablib/src/main/java/org/jabref/logic/push/PushToTeXstudio.java	0	jablib	org.jabref.logic.push
jablib/src/main/java/org/jabref/logic/push/PushToTexShop.java	0	jablib	org.jabref.logic.push
jablib/src/main/java/org/jabref/logic/push/PushToTexmaker.java	0	jablib	org.jabref.logic.push
jablib/src/main/java/org/jabref/logic/push/PushToVim.java	0	jablib	org.jabref.logic.push
jablib/src/main/java/org/jabref/logic/remote/Protocol.java	0	jablib	org.jabref.logic.remote
jablib/src/main/java/org/jabref/logic/remote/RemoteMessage.java	0	jablib	org.jabref.logic.remote
jablib/src/main/java/org/jabref/logic/remote/RemotePreferences.java	0	jablib	org.jabref.logic.remote
jablib/src/main/java/org/jabref/logic/remote/client/RemoteClient.java	0	jablib	org.jabref.logic.remote.client
jablib/src/main/java/org/jabref/logic/remote/server/RemoteListenerServer.java	0	jablib	org.jabref.logic.remote.server
jablib/src/main/java/org/jabref/logic/remote/server/RemoteListenerServerThread.java	0	jablib	org.jabref.logic.remote.server
jablib/src/main/java/org/jabref/logic/remote/server/RemoteMessageHandler.java	0	jablib	org.jabref.logic.remote.server
jablib/src/main/java/org/jabref/logic/search/SearchPreferences.java	0	jablib	org.jabref.logic.search
jablib/src/main/java/org/jabref/logic/search/sqlbased/SqlBasedLibrarySearcher.java	0	jablib	org.jabref.logic.search.sqlbased
jablib/src/main/java/org/jabref/logic/shared/DBMSConnection.java	0	jablib	org.jabref.logic.shared
jablib/src/main/java/org/jabref/logic/shared/DBMSConnectionProperties.java	0	jablib	org.jabref.logic.shared
jablib/src/main/java/org/jabref/logic/shared/DBMSConnectionPropertiesBuilder.java	0	jablib	org.jabref.logic.shared
jablib/src/main/java/org/jabref/logic/shared/DBMSProcessor.java	0	jablib	org.jabref.logic.shared
jablib/src/main/java/org/jabref/logic/shared/DBMSSynchronizer.java	0	jablib	org.jabref.logic.shared
jablib/src/main/java/org/jabref/logic/shared/DBMSType.java	0	jablib	org.jabref.logic.shared
jablib/src/main/java/org/jabref/logic/shared/DatabaseConnection.java	0	jablib	org.jabref.logic.shared
jablib/src/main/java/org/jabref/logic/shared/DatabaseConnectionProperties.java	0	jablib	org.jabref.logic.shared
jablib/src/main/java/org/jabref/logic/shared/DatabaseNotSupportedException.java	0	jablib	org.jabref.logic.shared
jablib/src/main/java/org/jabref/logic/shared/DatabaseSynchronizer.java	0	jablib	org.jabref.logic.shared
jablib/src/main/java/org/jabref/logic/shared/event/ConnectionLostEvent.java	0	jablib	org.jabref.logic.shared.event
jablib/src/main/java/org/jabref/logic/shared/event/UpdateRefusedEvent.java	0	jablib	org.jabref.logic.shared.event
jablib/src/main/java/org/jabref/logic/shared/exception/InvalidDBMSConnectionPropertiesException.java	0	jablib	org.jabref.logic.shared.exception
jablib/src/main/java/org/jabref/logic/shared/exception/NotASharedDatabaseException.java	0	jablib	org.jabref.logic.shared.exception
jablib/src/main/java/org/jabref/logic/shared/exception/OfflineLockException.java	0	jablib	org.jabref.logic.shared.exception
jablib/src/main/java/org/jabref/logic/shared/exception/SharedEntryNotPresentException.java	0	jablib	org.jabref.logic.shared.exception
jablib/src/main/java/org/jabref/logic/shared/prefs/SharedDatabasePreferences.java	0	jablib	org.jabref.logic.shared.prefs
jablib/src/main/java/org/jabref/logic/shared/security/Password.java	0	jablib	org.jabref.logic.shared.security
jablib/src/main/java/org/jabref/logic/util/BackgroundTask.java	0	jablib	org.jabref.logic.util
jablib/src/main/java/org/jabref/logic/util/CoarseChangeFilter.java	0	jablib	org.jabref.logic.util
jablib/src/main/java/org/jabref/logic/util/CurrentThreadTaskExecutor.java	0	jablib	org.jabref.logic.util
jablib/src/main/java/org/jabref/logic/util/DelayTaskThrottler.java	0	jablib	org.jabref.logic.util
jablib/src/main/java/org/jabref/logic/util/FileType.java	0	jablib	org.jabref.logic.util
jablib/src/main/java/org/jabref/logic/util/OptionalObjectProperty.java	0	jablib	org.jabref.logic.util
jablib/src/main/java/org/jabref/logic/util/ProgressCounter.java	0	jablib	org.jabref.logic.util
jablib/src/main/java/org/jabref/logic/util/StandardFileType.java	0	jablib	org.jabref.logic.util
jablib/src/main/java/org/jabref/logic/util/TaskExecutor.java	0	jablib	org.jabref.logic.util
jablib/src/main/java/org/jabref/logic/util/io/AutoLinkPreferences.java	0	jablib	org.jabref.logic.util.io
jablib/src/main/java/org/jabref/logic/util/io/BackupFileUtil.java	0	jablib	org.jabref.logic.util.io
jablib/src/main/java/org/jabref/logic/util/io/CitationKeyBasedFileFinder.java	0	jablib	org.jabref.logic.util.io
jablib/src/main/java/org/jabref/logic/util/io/DatabaseFileLookup.java	0	jablib	org.jabref.logic.util.io
jablib/src/main/java/org/jabref/logic/util/io/FileFinders.java	0	jablib	org.jabref.logic.util.io
jablib/src/main/java/org/jabref/logic/util/io/FileHistory.java	0	jablib	org.jabref.logic.util.io
jablib/src/main/java/org/jabref/logic/xmp/DocumentInformationExtractor.java	0	jablib	org.jabref.logic.xmp
jablib/src/main/java/org/jabref/logic/xmp/DublinCoreExtractor.java	0	jablib	org.jabref.logic.xmp
jablib/src/main/java/org/jabref/logic/xmp/XmpPreferences.java	0	jablib	org.jabref.logic.xmp
jablib/src/main/java/org/jabref/logic/xmp/XmpUtilReader.java	0	jablib	org.jabref.logic.xmp
jablib/src/main/java/org/jabref/logic/xmp/XmpUtilShared.java	0	jablib	org.jabref.logic.xmp
jablib/src/main/java/org/jabref/logic/xmp/XmpUtilWriter.java	0	jablib	org.jabref.logic.xmp
jablib/src/main/java/org/jabref/model/FieldChange.java	0	jablib	org.jabref.model
jablib/src/main/java/org/jabref/model/database/BibDatabase.java	0	jablib	org.jabref.model.database
jablib/src/main/java/org/jabref/model/database/BibDatabaseContext.java	0	jablib	org.jabref.model.database
jablib/src/main/java/org/jabref/model/database/BibDatabaseMode.java	0	jablib	org.jabref.model.database
jablib/src/main/java/org/jabref/model/database/CitationKeyListener.java	0	jablib	org.jabref.model.database
jablib/src/main/java/org/jabref/model/database/KeyCollisionException.java	0	jablib	org.jabref.model.database
jablib/src/main/java/org/jabref/model/database/event/BibDatabaseContextChangedEvent.java	0	jablib	org.jabref.model.database.event
jablib/src/main/java/org/jabref/model/database/event/EntriesAddedEvent.java	0	jablib	org.jabref.model.database.event
jablib/src/main/java/org/jabref/model/database/event/EntriesRemovedEvent.java	0	jablib	org.jabref.model.database.event
jablib/src/main/java/org/jabref/model/entry/BibEntry.java	0	jablib	org.jabref.model.entry
jablib/src/main/java/org/jabref/model/entry/BibEntryPreferences.java	0	jablib	org.jabref.model.entry
jablib/src/main/java/org/jabref/model/entry/SharedBibEntryData.java	0	jablib	org.jabref.model.entry
jablib/src/main/java/org/jabref/model/entry/event/EntriesEvent.java	0	jablib	org.jabref.model.entry.event
jablib/src/main/java/org/jabref/model/entry/event/EntryChangedEvent.java	0	jablib	org.jabref.model.entry.event
jablib/src/main/java/org/jabref/model/entry/event/FieldAddedOrRemovedEvent.java	0	jablib	org.jabref.model.entry.event
jablib/src/main/java/org/jabref/model/entry/event/FieldChangedEvent.java	0	jablib	org.jabref.model.entry.event
jablib/src/main/java/org/jabref/model/entry/field/FieldProperty.java	0	jablib	org.jabref.model.entry.field
jablib/src/main/java/org/jabref/model/entry/field/InternalField.java	0	jablib	org.jabref.model.entry.field
jablib/src/main/java/org/jabref/model/entry/field/SpecialFieldValue.java	0	jablib	org.jabref.model.entry.field
jablib/src/main/java/org/jabref/model/groups/AutomaticDateGroup.java	0	jablib	org.jabref.model.groups
jablib/src/main/java/org/jabref/model/groups/AutomaticGroup.java	0	jablib	org.jabref.model.groups
jablib/src/main/java/org/jabref/model/groups/DateGroup.java	0	jablib	org.jabref.model.groups
jablib/src/main/java/org/jabref/model/metadata/SaveOrder.java	0	jablib	org.jabref.model.metadata
jablib/src/main/java/org/jabref/model/metadata/event/MetaDataChangedEvent.java	0	jablib	org.jabref.model.metadata.event
jablib/src/main/java/org/jabref/model/search/SearchDisplayMode.java	0	jablib	org.jabref.model.search
jablib/src/main/java/org/jabref/model/util/FileUpdateListener.java	0	jablib	org.jabref.model.util
jablib/src/main/java/org/jabref/model/util/TreeCollector.java	0	jablib	org.jabref.model.util
test-support/src/main/java/org/jabref/support/BibEntryAssert.java	0	test-support	org.jabref.support
jabgui/src/main/java/org/jabref/gui/entryeditor/RelatedArticlesTab.java	1	jabgui	org.jabref.gui.entryeditor
jabgui/src/main/java/org/jabref/gui/fieldeditors/URLUtil.java	1	jabgui	org.jabref.gui.fieldeditors
jabgui/src/main/java/org/jabref/gui/groups/GroupDescriptions.java	1	jabgui	org.jabref.gui.groups
jabgui/src/main/java/org/jabref/gui/groups/GroupTreeNodeViewModel.java	1	jabgui	org.jabref.gui.groups
jabgui/src/main/java/org/jabref/gui/maintable/ExtractReferencesAction.java	1	jabgui	org.jabref.gui.maintable
jabgui/src/main/java/org/jabref/gui/preferences/journals/AbbreviationViewModel.java	1	jabgui	org.jabref.gui.preferences.journals
jabgui/src/main/java/org/jabref/gui/preferences/journals/AbbreviationsFileViewModel.java	1	jabgui	org.jabref.gui.preferences.journals
jabgui/src/main/java/org/jabref/gui/preferences/journals/JournalAbbreviationsTab.java	1	jabgui	org.jabref.gui.preferences.journals
jabgui/src/main/java/org/jabref/gui/preferences/journals/JournalAbbreviationsTabViewModel.java	1	jabgui	org.jabref.gui.preferences.journals
jabgui/src/main/java/org/jabref/gui/util/BindingsHelper.java	1	jabgui	org.jabref.gui.util
jabgui/src/main/java/org/jabref/migrations/CustomEntryTypePreferenceMigration.java	1	jabgui	org.jabref.migrations
jablib/src/main/java/org/jabref/logic/bibtex/FieldWriter.java	1	jablib	org.jabref.logic.bibtex
jablib/src/main/java/org/jabref/logic/bibtex/FileFieldWriter.java	1	jablib	org.jabref.logic.bibtex
jablib/src/main/java/org/jabref/logic/bibtex/comparator/MetaDataDiff.java	1	jablib	org.jabref.logic.bibtex.comparator
jablib/src/main/java/org/jabref/logic/bst/util/BstNameFormatter.java	1	jablib	org.jabref.logic.bst.util
jablib/src/main/java/org/jabref/logic/bst/util/BstPurifier.java	1	jablib	org.jabref.logic.bst.util
jablib/src/main/java/org/jabref/logic/bst/util/BstTextPrefixer.java	1	jablib	org.jabref.logic.bst.util
jablib/src/main/java/org/jabref/logic/citationkeypattern/AbstractCitationKeyPatterns.java	1	jablib	org.jabref.logic.citationkeypattern
jablib/src/main/java/org/jabref/logic/citationkeypattern/CitationKeyGenerator.java	1	jablib	org.jabref.logic.citationkeypattern
jablib/src/main/java/org/jabref/logic/database/DuplicateCheck.java	1	jablib	org.jabref.logic.database
jablib/src/main/java/org/jabref/logic/exporter/GroupSerializer.java	1	jablib	org.jabref.logic.exporter
jablib/src/main/java/org/jabref/logic/exporter/MetaDataSerializer.java	1	jablib	org.jabref.logic.exporter
jablib/src/main/java/org/jabref/logic/formatter/Formatters.java	1	jablib	org.jabref.logic.formatter
jablib/src/main/java/org/jabref/logic/formatter/casechanger/Title.java	1	jablib	org.jabref.logic.formatter.casechanger
jablib/src/main/java/org/jabref/logic/importer/AuthorListParser.java	1	jablib	org.jabref.logic.importer
jablib/src/main/java/org/jabref/logic/importer/ImportFormatReader.java	1	jablib	org.jabref.logic.importer
jablib/src/main/java/org/jabref/logic/importer/Importer.java	1	jablib	org.jabref.logic.importer
jablib/src/main/java/org/jabref/logic/importer/fetcher/MrDLibFetcher.java	1	jablib	org.jabref.logic.importer.fetcher
jablib/src/main/java/org/jabref/logic/importer/fileformat/BiblioscapeImporter.java	1	jablib	org.jabref.logic.importer.fileformat
jablib/src/main/java/org/jabref/logic/importer/fileformat/BibtexImporter.java	1	jablib	org.jabref.logic.importer.fileformat
jablib/src/main/java/org/jabref/logic/importer/fileformat/CffImporter.java	1	jablib	org.jabref.logic.importer.fileformat
jablib/src/main/java/org/jabref/logic/importer/fileformat/CopacImporter.java	1	jablib	org.jabref.logic.importer.fileformat
jablib/src/main/java/org/jabref/logic/importer/fileformat/CustomImporter.java	1	jablib	org.jabref.logic.importer.fileformat
jablib/src/main/java/org/jabref/logic/importer/fileformat/EndnoteImporter.java	1	jablib	org.jabref.logic.importer.fileformat
jablib/src/main/java/org/jabref/logic/importer/fileformat/EndnoteXmlImporter.java	1	jablib	org.jabref.logic.importer.fileformat
jablib/src/main/java/org/jabref/logic/importer/fileformat/InspecImporter.java	1	jablib	org.jabref.logic.importer.fileformat
jablib/src/main/java/org/jabref/logic/importer/fileformat/IsiImporter.java	1	jablib	org.jabref.logic.importer.fileformat
jablib/src/main/java/org/jabref/logic/importer/fileformat/MedlineImporter.java	1	jablib	org.jabref.logic.importer.fileformat
jablib/src/main/java/org/jabref/logic/importer/fileformat/MedlinePlainImporter.java	1	jablib	org.jabref.logic.importer.fileformat
jablib/src/main/java/org/jabref/logic/importer/fileformat/ModsImporter.java	1	jablib	org.jabref.logic.importer.fileformat
jablib/src/main/java/org/jabref/logic/importer/fileformat/MrDLibImporter.java	1	jablib	org.jabref.logic.importer.fileformat
jablib/src/main/java/org/jabref/logic/importer/fileformat/MsBibImporter.java	1	jablib	org.jabref.logic.importer.fileformat
jablib/src/main/java/org/jabref/logic/importer/fileformat/OvidImporter.java	1	jablib	org.jabref.logic.importer.fileformat
jablib/src/main/java/org/jabref/logic/importer/fileformat/ReferImporter.java	1	jablib	org.jabref.logic.importer.fileformat
jablib/src/main/java/org/jabref/logic/importer/fileformat/RepecNepImporter.java	1	jablib	org.jabref.logic.importer.fileformat
jablib/src/main/java/org/jabref/logic/importer/fileformat/RisImporter.java	1	jablib	org.jabref.logic.importer.fileformat
jablib/src/main/java/org/jabref/logic/importer/fileformat/pdf/PdfContentImporter.java	1	jablib	org.jabref.logic.importer.fileformat.pdf
jablib/src/main/java/org/jabref/logic/importer/fileformat/pdf/PdfEmbeddedBibFileImporter.java	1	jablib	org.jabref.logic.importer.fileformat.pdf
jablib/src/main/java/org/jabref/logic/importer/fileformat/pdf/PdfImporter.java	1	jablib	org.jabref.logic.importer.fileformat.pdf
jablib/src/main/java/org/jabref/logic/importer/fileformat/pdf/PdfMergeMetadataImporter.java	1	jablib	org.jabref.logic.importer.fileformat.pdf
jablib/src/main/java/org/jabref/logic/importer/fileformat/pdf/PdfXmpImporter.java	1	jablib	org.jabref.logic.importer.fileformat.pdf
jablib/src/main/java/org/jabref/logic/importer/fileformat/pdf/RuleBasedBibliographyPdfImporter.java	1	jablib	org.jabref.logic.importer.fileformat.pdf
jablib/src/main/java/org/jabref/logic/importer/util/FileFieldParser.java	1	jablib	org.jabref.logic.importer.util
jablib/src/main/java/org/jabref/logic/importer/util/GroupsParser.java	1	jablib	org.jabref.logic.importer.util
jablib/src/main/java/org/jabref/logic/importer/util/MetaDataParser.java	1	jablib	org.jabref.logic.importer.util
jablib/src/main/java/org/jabref/logic/integrity/CitationKeyDuplicationChecker.java	1	jablib	org.jabref.logic.integrity
jablib/src/main/java/org/jabref/logic/integrity/FieldCheckers.java	1	jablib	org.jabref.logic.integrity
jablib/src/main/java/org/jabref/logic/integrity/NoBibtexFieldChecker.java	1	jablib	org.jabref.logic.integrity
jablib/src/main/java/org/jabref/logic/integrity/ValidCitationKeyChecker.java	1	jablib	org.jabref.logic.integrity
jablib/src/main/java/org/jabref/logic/journals/Abbreviation.java	1	jablib	org.jabref.logic.journals
jablib/src/main/java/org/jabref/logic/journals/AbbreviationParser.java	1	jablib	org.jabref.logic.journals
jablib/src/main/java/org/jabref/logic/journals/AbbreviationType.java	1	jablib	org.jabref.logic.journals
jablib/src/main/java/org/jabref/logic/journals/AbbreviationWriter.java	1	jablib	org.jabref.logic.journals
jablib/src/main/java/org/jabref/logic/journals/JournalAbbreviationLoader.java	1	jablib	org.jabref.logic.journals
jablib/src/main/java/org/jabref/logic/journals/JournalAbbreviationRepository.java	1	jablib	org.jabref.logic.journals
jablib/src/main/java/org/jabref/logic/l10n/Localization.java	1	jablib	org.jabref.logic.l10n
jablib/src/main/java/org/jabref/logic/layout/AbstractParamLayoutFormatter.java	1	jablib	org.jabref.logic.layout
jablib/src/main/java/org/jabref/logic/layout/Layout.java	1	jablib	org.jabref.logic.layout
jablib/src/main/java/org/jabref/logic/layout/LayoutEntry.java	1	jablib	org.jabref.logic.layout
jablib/src/main/java/org/jabref/logic/layout/StringInt.java	1	jablib	org.jabref.logic.layout
jablib/src/main/java/org/jabref/logic/layout/format/AuthorAbbreviator.java	1	jablib	org.jabref.logic.layout.format
jablib/src/main/java/org/jabref/logic/layout/format/AuthorAndsCommaReplacer.java	1	jablib	org.jabref.logic.layout.format
jablib/src/main/java/org/jabref/logic/layout/format/AuthorAndsReplacer.java	1	jablib	org.jabref.logic.layout.format
jablib/src/main/java/org/jabref/logic/layout/format/AuthorFirstAbbrLastCommas.java	1	jablib	org.jabref.logic.layout.format
jablib/src/main/java/org/jabref/logic/layout/format/AuthorFirstAbbrLastOxfordCommas.java	1	jablib	org.jabref.logic.layout.format
jablib/src/main/java/org/jabref/logic/layout/format/AuthorFirstFirst.java	1	jablib	org.jabref.logic.layout.format
jablib/src/main/java/org/jabref/logic/layout/format/AuthorFirstFirstCommas.java	1	jablib	org.jabref.logic.layout.format
jablib/src/main/java/org/jabref/logic/layout/format/AuthorFirstLastCommas.java	1	jablib	org.jabref.logic.layout.format
jablib/src/main/java/org/jabref/logic/layout/format/AuthorFirstLastOxfordCommas.java	1	jablib	org.jabref.logic.layout.format
jablib/src/main/java/org/jabref/logic/layout/format/AuthorLF_FF.java	1	jablib	org.jabref.logic.layout.format
jablib/src/main/java/org/jabref/logic/layout/format/AuthorLF_FFAbbr.java	1	jablib	org.jabref.logic.layout.format
jablib/src/main/java/org/jabref/logic/layout/format/AuthorLastFirst.java	1	jablib	org.jabref.logic.layout.format
jablib/src/main/java/org/jabref/logic/layout/format/AuthorLastFirstAbbrCommas.java	1	jablib	org.jabref.logic.layout.format
jablib/src/main/java/org/jabref/logic/layout/format/AuthorLastFirstAbbrOxfordCommas.java	1	jablib	org.jabref.logic.layout.format
jablib/src/main/java/org/jabref/logic/layout/format/AuthorLastFirstCommas.java	1	jablib	org.jabref.logic.layout.format
jablib/src/main/java/org/jabref/logic/layout/format/AuthorLastFirstOxfordCommas.java	1	jablib	org.jabref.logic.layout.format
jablib/src/main/java/org/jabref/logic/layout/format/AuthorNatBib.java	1	jablib	org.jabref.logic.layout.format
jablib/src/main/java/org/jabref/logic/layout/format/AuthorOrgSci.java	1	jablib	org.jabref.logic.layout.format
jablib/src/main/java/org/jabref/logic/layout/format/Authors.java	1	jablib	org.jabref.logic.layout.format
jablib/src/main/java/org/jabref/logic/layout/format/CompositeFormat.java	1	jablib	org.jabref.logic.layout.format
jablib/src/main/java/org/jabref/logic/layout/format/CreateBibORDFAuthors.java	1	jablib	org.jabref.logic.layout.format
jablib/src/main/java/org/jabref/logic/layout/format/CreateDocBook4Editors.java	1	jablib	org.jabref.logic.layout.format
jablib/src/main/java/org/jabref/logic/layout/format/CurrentDate.java	1	jablib	org.jabref.logic.layout.format
jablib/src/main/java/org/jabref/logic/layout/format/DocBookAuthorFormatter.java	1	jablib	org.jabref.logic.layout.format
jablib/src/main/java/org/jabref/logic/layout/format/GetOpenOfficeType.java	1	jablib	org.jabref.logic.layout.format
jablib/src/main/java/org/jabref/logic/layout/format/HTMLChars.java	1	jablib	org.jabref.logic.layout.format
jablib/src/main/java/org/jabref/logic/layout/format/HTMLParagraphs.java	1	jablib	org.jabref.logic.layout.format
jablib/src/main/java/org/jabref/logic/layout/format/IfPlural.java	1	jablib	org.jabref.logic.layout.format
jablib/src/main/java/org/jabref/logic/layout/format/JournalAbbreviator.java	1	jablib	org.jabref.logic.layout.format
jablib/src/main/java/org/jabref/logic/layout/format/LatexToUnicodeFormatter.java	1	jablib	org.jabref.logic.layout.format
jablib/src/main/java/org/jabref/logic/layout/format/NameFormatter.java	1	jablib	org.jabref.logic.layout.format
jablib/src/main/java/org/jabref/logic/layout/format/RTFChars.java	1	jablib	org.jabref.logic.layout.format
jablib/src/main/java/org/jabref/logic/layout/format/RemoveBrackets.java	1	jablib	org.jabref.logic.layout.format
jablib/src/main/java/org/jabref/logic/layout/format/RemoveBracketsAddComma.java	1	jablib	org.jabref.logic.layout.format
jablib/src/main/java/org/jabref/logic/layout/format/RemoveLatexCommandsFormatter.java	1	jablib	org.jabref.logic.layout.format
jablib/src/main/java/org/jabref/logic/layout/format/RemoveTilde.java	1	jablib	org.jabref.logic.layout.format
jablib/src/main/java/org/jabref/logic/layout/format/RisAuthors.java	1	jablib	org.jabref.logic.layout.format
jablib/src/main/java/org/jabref/logic/layout/format/RisKeywords.java	1	jablib	org.jabref.logic.layout.format
jablib/src/main/java/org/jabref/logic/layout/format/ToLowerCase.java	1	jablib	org.jabref.logic.layout.format
jablib/src/main/java/org/jabref/logic/layout/format/ToUpperCase.java	1	jablib	org.jabref.logic.layout.format
jablib/src/main/java/org/jabref/logic/layout/format/XMLChars.java	1	jablib	org.jabref.logic.layout.format
jablib/src/main/java/org/jabref/logic/msbib/BibTeXConverter.java	1	jablib	org.jabref.logic.msbib
jablib/src/main/java/org/jabref/logic/msbib/MSBibConverter.java	1	jablib	org.jabref.logic.msbib
jablib/src/main/java/org/jabref/logic/msbib/MSBibDatabase.java	1	jablib	org.jabref.logic.msbib
jablib/src/main/java/org/jabref/logic/msbib/MSBibEntry.java	1	jablib	org.jabref.logic.msbib
jablib/src/main/java/org/jabref/logic/msbib/MSBibMapping.java	1	jablib	org.jabref.logic.msbib
jablib/src/main/java/org/jabref/logic/msbib/MsBibAuthor.java	1	jablib	org.jabref.logic.msbib
jablib/src/main/java/org/jabref/logic/msbib/PageNumbers.java	1	jablib	org.jabref.logic.msbib
jablib/src/main/java/org/jabref/logic/net/ProxyRegisterer.java	1	jablib	org.jabref.logic.net
jablib/src/main/java/org/jabref/logic/openoffice/style/OOPreFormatter.java	1	jablib	org.jabref.logic.openoffice.style
jablib/src/main/java/org/jabref/logic/remote/RemoteUtil.java	1	jablib	org.jabref.logic.remote
jablib/src/main/java/org/jabref/logic/util/BuildInfo.java	1	jablib	org.jabref.logic.util
jablib/src/main/java/org/jabref/logic/util/MetadataSerializationConfiguration.java	1	jablib	org.jabref.logic.util
jablib/src/main/java/org/jabref/logic/util/TestEntry.java	1	jablib	org.jabref.logic.util
jablib/src/main/java/org/jabref/logic/util/UpdateField.java	1	jablib	org.jabref.logic.util
jablib/src/main/java/org/jabref/logic/util/io/FileFinder.java	1	jablib	org.jabref.logic.util.io
jablib/src/main/java/org/jabref/logic/util/io/FileNameCleaner.java	1	jablib	org.jabref.logic.util.io
jablib/src/main/java/org/jabref/logic/util/io/RegExpBasedFileFinder.java	1	jablib	org.jabref.logic.util.io
jablib/src/main/java/org/jabref/logic/util/io/XMLUtil.java	1	jablib	org.jabref.logic.util.io
jablib/src/main/java/org/jabref/logic/util/strings/HTMLUnicodeConversionMaps.java	1	jablib	org.jabref.logic.util.strings
jablib/src/main/java/org/jabref/logic/util/strings/QuotedStringTokenizer.java	1	jablib	org.jabref.logic.util.strings
jablib/src/main/java/org/jabref/logic/util/strings/RtfCharMap.java	1	jablib	org.jabref.logic.util.strings
jablib/src/main/java/org/jabref/logic/util/strings/StringUtil.java	1	jablib	org.jabref.logic.util.strings
jablib/src/main/java/org/jabref/logic/util/strings/XmlCharsMap.java	1	jablib	org.jabref.logic.util.strings
jablib/src/main/java/org/jabref/model/TreeNode.java	1	jablib	org.jabref.model
jablib/src/main/java/org/jabref/model/database/BibDatabaseModeDetection.java	1	jablib	org.jabref.model.database
jablib/src/main/java/org/jabref/model/database/BibDatabases.java	1	jablib	org.jabref.model.database
jablib/src/main/java/org/jabref/model/entry/Author.java	1	jablib	org.jabref.model.entry
jablib/src/main/java/org/jabref/model/entry/AuthorList.java	1	jablib	org.jabref.model.entry
jablib/src/main/java/org/jabref/model/entry/CanonicalBibEntry.java	1	jablib	org.jabref.model.entry
jablib/src/main/java/org/jabref/model/entry/EntryConverter.java	1	jablib	org.jabref.model.entry
jablib/src/main/java/org/jabref/model/entry/EntryLinkList.java	1	jablib	org.jabref.model.entry
jablib/src/main/java/org/jabref/model/entry/IdGenerator.java	1	jablib	org.jabref.model.entry
jablib/src/main/java/org/jabref/model/entry/types/BiblatexEntryTypeDefinitions.java	1	jablib	org.jabref.model.entry.types
jablib/src/main/java/org/jabref/model/entry/types/BibtexEntryTypeDefinitions.java	1	jablib	org.jabref.model.entry.types
jablib/src/main/java/org/jabref/model/entry/types/EntryType.java	1	jablib	org.jabref.model.entry.types
jablib/src/main/java/org/jabref/model/entry/types/IEEETranEntryTypeDefinitions.java	1	jablib	org.jabref.model.entry.types
jablib/src/main/java/org/jabref/model/entry/types/StandardEntryType.java	1	jablib	org.jabref.model.entry.types
jablib/src/main/java/org/jabref/model/groups/AbstractGroup.java	1	jablib	org.jabref.model.groups
jablib/src/main/java/org/jabref/model/groups/AllEntriesGroup.java	1	jablib	org.jabref.model.groups
jablib/src/main/java/org/jabref/model/groups/AutomaticKeywordGroup.java	1	jablib	org.jabref.model.groups
jablib/src/main/java/org/jabref/model/groups/AutomaticPersonsGroup.java	1	jablib	org.jabref.model.groups
jablib/src/main/java/org/jabref/model/groups/ExplicitGroup.java	1	jablib	org.jabref.model.groups
jablib/src/main/java/org/jabref/model/groups/GroupEntryChanger.java	1	jablib	org.jabref.model.groups
jablib/src/main/java/org/jabref/model/groups/GroupHierarchyType.java	1	jablib	org.jabref.model.groups
jablib/src/main/java/org/jabref/model/groups/GroupTreeNode.java	1	jablib	org.jabref.model.groups
jablib/src/main/java/org/jabref/model/groups/KeywordGroup.java	1	jablib	org.jabref.model.groups
jablib/src/main/java/org/jabref/model/groups/LastNameGroup.java	1	jablib	org.jabref.model.groups
jablib/src/main/java/org/jabref/model/groups/RegexKeywordGroup.java	1	jablib	org.jabref.model.groups
jablib/src/main/java/org/jabref/model/groups/SearchGroup.java	1	jablib	org.jabref.model.groups
jablib/src/main/java/org/jabref/model/groups/TexGroup.java	1	jablib	org.jabref.model.groups
jablib/src/main/java/org/jabref/model/groups/WordKeywordGroup.java	1	jablib	org.jabref.model.groups
jablib/src/main/java/org/jabref/model/metadata/ContentSelector.java	1	jablib	org.jabref.model.metadata
jablib/src/main/java/org/jabref/model/metadata/ContentSelectors.java	1	jablib	org.jabref.model.metadata
jablib/src/main/java/org/jabref/model/metadata/MetaData.java	1	jablib	org.jabref.model.metadata
jablib/src/main/java/org/jabref/model/search/matchers/AndMatcher.java	1	jablib	org.jabref.model.search.matchers
jablib/src/main/java/org/jabref/model/search/matchers/MatcherSet.java	1	jablib	org.jabref.model.search.matchers
jablib/src/main/java/org/jabref/model/search/matchers/OrMatcher.java	1	jablib	org.jabref.model.search.matchers
jablib/src/main/java/org/jabref/model/strings/UnicodeToReadableCharMap.java	1	jablib	org.jabref.model.strings
jabgui/src/main/java/org/jabref/gui/WorkspacePreferences.java	2	jabgui	org.jabref.gui
jabgui/src/main/java/org/jabref/gui/commonfxcontrols/CitationKeyPatternsPanel.java	2	jabgui	org.jabref.gui.commonfxcontrols
jabgui/src/main/java/org/jabref/gui/commonfxcontrols/CitationKeyPatternsPanelItemModel.java	2	jabgui	org.jabref.gui.commonfxcontrols
jabgui/src/main/java/org/jabref/gui/commonfxcontrols/CitationKeyPatternsPanelViewModel.java	2	jabgui	org.jabref.gui.commonfxcontrols
jabgui/src/main/java/org/jabref/gui/edit/CopyToPreferences.java	2	jabgui	org.jabref.gui.edit
jabgui/src/main/java/org/jabref/gui/entryeditor/AllFieldsTab.java	2	jabgui	org.jabref.gui.entryeditor
jabgui/src/main/java/org/jabref/gui/entryeditor/EntryEditorTabFactory.java	2	jabgui	org.jabref.gui.entryeditor
jabgui/src/main/java/org/jabref/gui/entryeditor/EntryEditorTabModel.java	2	jabgui	org.jabref.gui.entryeditor
jabgui/src/main/java/org/jabref/gui/entryeditor/LatexCitationsTab.java	2	jabgui	org.jabref.gui.entryeditor
jabgui/src/main/java/org/jabref/gui/entryeditor/LatexCitationsTabViewModel.java	2	jabgui	org.jabref.gui.entryeditor
jabgui/src/main/java/org/jabref/gui/externalfiles/ImportHandler.java	2	jabgui	org.jabref.gui.externalfiles
jabgui/src/main/java/org/jabref/gui/externalfiles/PdfMergeDialog.java	2	jabgui	org.jabref.gui.externalfiles
jabgui/src/main/java/org/jabref/gui/externalfiles/UnlinkedFilesCrawler.java	2	jabgui	org.jabref.gui.externalfiles
jabgui/src/main/java/org/jabref/gui/externalfiles/UnlinkedFilesDialogPreferences.java	2	jabgui	org.jabref.gui.externalfiles
jabgui/src/main/java/org/jabref/gui/externalfiles/UnlinkedPDFFileFilter.java	2	jabgui	org.jabref.gui.externalfiles
jabgui/src/main/java/org/jabref/gui/groups/GroupDialogView.java	2	jabgui	org.jabref.gui.groups
jabgui/src/main/java/org/jabref/gui/groups/GroupDialogViewModel.java	2	jabgui	org.jabref.gui.groups
jabgui/src/main/java/org/jabref/gui/groups/GroupsPreferences.java	2	jabgui	org.jabref.gui.groups
jabgui/src/main/java/org/jabref/gui/importer/BookCoverFetcher.java	2	jabgui	org.jabref.gui.importer
jabgui/src/main/java/org/jabref/gui/integrity/IntegrityCheckDialog.java	2	jabgui	org.jabref.gui.integrity
jabgui/src/main/java/org/jabref/gui/libraryproperties/AbstractPropertiesTabView.java	2	jabgui	org.jabref.gui.libraryproperties
jabgui/src/main/java/org/jabref/gui/libraryproperties/LibraryPropertiesView.java	2	jabgui	org.jabref.gui.libraryproperties
jabgui/src/main/java/org/jabref/gui/libraryproperties/LibraryPropertiesViewModel.java	2	jabgui	org.jabref.gui.libraryproperties
jabgui/src/main/java/org/jabref/gui/libraryproperties/constants/ConstantsItemModel.java	2	jabgui	org.jabref.gui.libraryproperties.constants
jabgui/src/main/java/org/jabref/gui/libraryproperties/constants/ConstantsPropertiesView.java	2	jabgui	org.jabref.gui.libraryproperties.constants
jabgui/src/main/java/org/jabref/gui/libraryproperties/constants/ConstantsPropertiesViewModel.java	2	jabgui	org.jabref.gui.libraryproperties.constants
jabgui/src/main/java/org/jabref/gui/libraryproperties/contentselectors/ContentSelectorView.java	2	jabgui	org.jabref.gui.libraryproperties.contentselectors
jabgui/src/main/java/org/jabref/gui/libraryproperties/contentselectors/ContentSelectorViewModel.java	2	jabgui	org.jabref.gui.libraryproperties.contentselectors
jabgui/src/main/java/org/jabref/gui/libraryproperties/general/GeneralPropertiesView.java	2	jabgui	org.jabref.gui.libraryproperties.general
jabgui/src/main/java/org/jabref/gui/libraryproperties/general/GeneralPropertiesViewModel.java	2	jabgui	org.jabref.gui.libraryproperties.general
jabgui/src/main/java/org/jabref/gui/libraryproperties/keypattern/KeyPatternPropertiesView.java	2	jabgui	org.jabref.gui.libraryproperties.keypattern
jabgui/src/main/java/org/jabref/gui/libraryproperties/keypattern/KeyPatternPropertiesViewModel.java	2	jabgui	org.jabref.gui.libraryproperties.keypattern
jabgui/src/main/java/org/jabref/gui/libraryproperties/saving/SavingPropertiesView.java	2	jabgui	org.jabref.gui.libraryproperties.saving
jabgui/src/main/java/org/jabref/gui/mergeentries/multiwaymerge/DiffHighlightingEllipsingTextFlow.java	2	jabgui	org.jabref.gui.mergeentries.multiwaymerge
jabgui/src/main/java/org/jabref/gui/mergeentries/multiwaymerge/MultiMergeEntriesView.java	2	jabgui	org.jabref.gui.mergeentries.multiwaymerge
jabgui/src/main/java/org/jabref/gui/mergeentries/multiwaymerge/MultiMergeEntriesViewModel.java	2	jabgui	org.jabref.gui.mergeentries.multiwaymerge
jabgui/src/main/java/org/jabref/gui/newentry/NewEntryPreferences.java	2	jabgui	org.jabref.gui.newentry
jabgui/src/main/java/org/jabref/gui/newentry/NewEntryView.java	2	jabgui	org.jabref.gui.newentry
jabgui/src/main/java/org/jabref/gui/newentry/NewEntryViewModel.java	2	jabgui	org.jabref.gui.newentry
jabgui/src/main/java/org/jabref/gui/preferences/AbstractPreferenceTabView.java	2	jabgui	org.jabref.gui.preferences
jabgui/src/main/java/org/jabref/gui/preferences/GuiPreferences.java	2	jabgui	org.jabref.gui.preferences
jabgui/src/main/java/org/jabref/gui/preferences/JabRefGuiPreferences.java	2	jabgui	org.jabref.gui.preferences
jabgui/src/main/java/org/jabref/gui/preferences/PreferenceTabViewModel.java	2	jabgui	org.jabref.gui.preferences
jabgui/src/main/java/org/jabref/gui/preferences/PreferencesDialogView.java	2	jabgui	org.jabref.gui.preferences
jabgui/src/main/java/org/jabref/gui/preferences/PreferencesDialogViewModel.java	2	jabgui	org.jabref.gui.preferences
jabgui/src/main/java/org/jabref/gui/preferences/PreferencesTab.java	2	jabgui	org.jabref.gui.preferences
jabgui/src/main/java/org/jabref/gui/preferences/citationkeypattern/CitationKeyPatternTab.java	2	jabgui	org.jabref.gui.preferences.citationkeypattern
jabgui/src/main/java/org/jabref/gui/preferences/citationkeypattern/CitationKeyPatternTabViewModel.java	2	jabgui	org.jabref.gui.preferences.citationkeypattern
jabgui/src/main/java/org/jabref/gui/preferences/entryeditor/EntryEditorTab.java	2	jabgui	org.jabref.gui.preferences.entryeditor
jabgui/src/main/java/org/jabref/gui/preferences/entryeditor/EntryEditorTabViewModel.java	2	jabgui	org.jabref.gui.preferences.entryeditor
jabgui/src/main/java/org/jabref/gui/preferences/external/ExternalTab.java	2	jabgui	org.jabref.gui.preferences.external
jabgui/src/main/java/org/jabref/gui/preferences/external/ExternalTabViewModel.java	2	jabgui	org.jabref.gui.preferences.external
jabgui/src/main/java/org/jabref/gui/preferences/general/GeneralTab.java	2	jabgui	org.jabref.gui.preferences.general
jabgui/src/main/java/org/jabref/gui/preferences/general/GeneralTabViewModel.java	2	jabgui	org.jabref.gui.preferences.general
jabgui/src/main/java/org/jabref/gui/preferences/groups/GroupsTab.java	2	jabgui	org.jabref.gui.preferences.groups
jabgui/src/main/java/org/jabref/gui/preferences/groups/GroupsTabViewModel.java	2	jabgui	org.jabref.gui.preferences.groups
jabgui/src/main/java/org/jabref/gui/preferences/nameformatter/NameFormatterTab.java	2	jabgui	org.jabref.gui.preferences.nameformatter
jabgui/src/main/java/org/jabref/gui/preferences/nameformatter/NameFormatterTabViewModel.java	2	jabgui	org.jabref.gui.preferences.nameformatter
jabgui/src/main/java/org/jabref/gui/preferences/network/NetworkTab.java	2	jabgui	org.jabref.gui.preferences.network
jabgui/src/main/java/org/jabref/gui/preferences/network/NetworkTabViewModel.java	2	jabgui	org.jabref.gui.preferences.network
jabgui/src/main/java/org/jabref/gui/preferences/preview/PreviewTab.java	2	jabgui	org.jabref.gui.preferences.preview
jabgui/src/main/java/org/jabref/gui/preferences/preview/PreviewTabViewModel.java	2	jabgui	org.jabref.gui.preferences.preview
jabgui/src/main/java/org/jabref/gui/preferences/table/TableTab.java	2	jabgui	org.jabref.gui.preferences.table
jabgui/src/main/java/org/jabref/gui/preferences/xmp/XmpPrivacyTab.java	2	jabgui	org.jabref.gui.preferences.xmp
jabgui/src/main/java/org/jabref/gui/preferences/xmp/XmpPrivacyTabViewModel.java	2	jabgui	org.jabref.gui.preferences.xmp
jabgui/src/main/java/org/jabref/gui/preview/CopyCitationAction.java	2	jabgui	org.jabref.gui.preview
jabgui/src/main/java/org/jabref/gui/preview/PreviewPreferences.java	2	jabgui	org.jabref.gui.preview
jabgui/src/main/java/org/jabref/gui/preview/PreviewViewer.java	2	jabgui	org.jabref.gui.preview
jabgui/src/main/java/org/jabref/gui/texparser/CitationsDisplay.java	2	jabgui	org.jabref.gui.texparser
jabgui/src/main/java/org/jabref/gui/texparser/ParseLatexAction.java	2	jabgui	org.jabref.gui.texparser
jabgui/src/main/java/org/jabref/gui/texparser/ParseLatexDialogView.java	2	jabgui	org.jabref.gui.texparser
jabgui/src/main/java/org/jabref/gui/texparser/ParseLatexDialogViewModel.java	2	jabgui	org.jabref.gui.texparser
jabgui/src/main/java/org/jabref/gui/texparser/ParseLatexResultView.java	2	jabgui	org.jabref.gui.texparser
jabgui/src/main/java/org/jabref/gui/texparser/ParseLatexResultViewModel.java	2	jabgui	org.jabref.gui.texparser
jabgui/src/main/java/org/jabref/gui/texparser/ReferenceViewModel.java	2	jabgui	org.jabref.gui.texparser
jabgui/src/main/java/org/jabref/gui/util/FieldsUtil.java	2	jabgui	org.jabref.gui.util
jabgui/src/main/java/org/jabref/gui/util/FileNodeViewModel.java	2	jabgui	org.jabref.gui.util
jabgui/src/main/java/org/jabref/gui/util/ViewModelTextFieldTableCellVisualizationFactory.java	2	jabgui	org.jabref.gui.util
jabgui/src/main/java/org/jabref/gui/welcome/DonationPreferences.java	2	jabgui	org.jabref.gui.welcome
jabgui/src/main/java/org/jabref/gui/welcome/quicksettings/viewmodel/PushApplicationDialogViewModel.java	2	jabgui	org.jabref.gui.welcome.quicksettings.viewmodel
jabgui/src/main/java/org/jabref/gui/welcome/quicksettings/viewmodel/ThemeDialogViewModel.java	2	jabgui	org.jabref.gui.welcome.quicksettings.viewmodel
jabgui/src/main/java/org/jabref/migrations/PreferencesMigrations.java	2	jabgui	org.jabref.migrations
jablib/src/main/java/org/jabref/logic/bst/BstEntry.java	2	jablib	org.jabref.logic.bst
jablib/src/main/java/org/jabref/logic/bst/BstFunctions.java	2	jablib	org.jabref.logic.bst
jablib/src/main/java/org/jabref/logic/bst/BstVM.java	2	jablib	org.jabref.logic.bst
jablib/src/main/java/org/jabref/logic/bst/BstVMContext.java	2	jablib	org.jabref.logic.bst
jablib/src/main/java/org/jabref/logic/bst/BstVMVisitor.java	2	jablib	org.jabref.logic.bst
jablib/src/main/java/org/jabref/logic/bst/util/BstCaseChanger.java	2	jablib	org.jabref.logic.bst.util
jablib/src/main/java/org/jabref/logic/bst/util/BstWidthCalculator.java	2	jablib	org.jabref.logic.bst.util
jablib/src/main/java/org/jabref/logic/citationkeypattern/CitationKeyGeneratorTestUtils.java	2	jablib	org.jabref.logic.citationkeypattern
jablib/src/main/java/org/jabref/logic/citationkeypattern/CitationKeyPattern.java	2	jablib	org.jabref.logic.citationkeypattern
jablib/src/main/java/org/jabref/logic/citationkeypattern/CitationKeyPatternPreferences.java	2	jablib	org.jabref.logic.citationkeypattern
jablib/src/main/java/org/jabref/logic/citationstyle/CSLAdapter.java	2	jablib	org.jabref.logic.citationstyle
jablib/src/main/java/org/jabref/logic/citationstyle/CitationStyleCache.java	2	jablib	org.jabref.logic.citationstyle
jablib/src/main/java/org/jabref/logic/citationstyle/CitationStyleGenerator.java	2	jablib	org.jabref.logic.citationstyle
jablib/src/main/java/org/jabref/logic/citationstyle/CitationStyleOutputFormat.java	2	jablib	org.jabref.logic.citationstyle
jablib/src/main/java/org/jabref/logic/externalfiles/LinkedFileHandler.java	2	jablib	org.jabref.logic.externalfiles
jablib/src/main/java/org/jabref/logic/importer/plaincitation/LlmPlainCitationParser.java	2	jablib	org.jabref.logic.importer.plaincitation
jablib/src/main/java/org/jabref/logic/openoffice/bst/BSTFormatUtils.java	2	jablib	org.jabref.logic.openoffice.bst
jablib/src/main/java/org/jabref/logic/preview/BstPreviewLayout.java	2	jablib	org.jabref.logic.preview
jablib/src/main/java/org/jabref/logic/preview/CitationStylePreviewLayout.java	2	jablib	org.jabref.logic.preview
jablib/src/main/java/org/jabref/logic/preview/PreviewLayout.java	2	jablib	org.jabref.logic.preview
jablib/src/main/java/org/jabref/logic/push/PushToApplicationDetector.java	2	jablib	org.jabref.logic.push
jablib/src/main/java/org/jabref/logic/push/PushToApplicationPreferences.java	2	jablib	org.jabref.logic.push
jablib/src/main/java/org/jabref/logic/texparser/DefaultLatexParser.java	2	jablib	org.jabref.logic.texparser
jablib/src/main/java/org/jabref/logic/texparser/TexBibEntriesResolver.java	2	jablib	org.jabref.logic.texparser
jablib/src/main/java/org/jabref/logic/util/Directories.java	2	jablib	org.jabref.logic.util
jablib/src/main/java/org/jabref/logic/util/URLUtil.java	2	jablib	org.jabref.logic.util
jablib/src/main/java/org/jabref/logic/util/io/FileNameUniqueness.java	2	jablib	org.jabref.logic.util.io
jablib/src/main/java/org/jabref/logic/util/io/FileUtil.java	2	jablib	org.jabref.logic.util.io
jablib/src/main/java/org/jabref/model/entry/BibtexString.java	2	jablib	org.jabref.model.entry
jablib/src/main/java/org/jabref/model/entry/LinkedFile.java	2	jablib	org.jabref.model.entry
jablib/src/main/java/org/jabref/model/texparser/Citation.java	2	jablib	org.jabref.model.texparser
jablib/src/main/java/org/jabref/model/texparser/LatexBibEntriesResolverResult.java	2	jablib	org.jabref.model.texparser
jablib/src/main/java/org/jabref/model/texparser/LatexParserResult.java	2	jablib	org.jabref.model.texparser
jabgui/src/main/java/org/jabref/gui/clipboard/ClipBoardManager.java	3	jabgui	org.jabref.gui.clipboard
jabgui/src/main/java/org/jabref/gui/documentviewer/DocumentViewerView.java	3	jabgui	org.jabref.gui.documentviewer
jabgui/src/main/java/org/jabref/gui/documentviewer/DocumentViewerViewModel.java	3	jabgui	org.jabref.gui.documentviewer
jabgui/src/main/java/org/jabref/gui/documentviewer/ShowDocumentViewerAction.java	3	jabgui	org.jabref.gui.documentviewer
jabgui/src/main/java/org/jabref/gui/edit/CopyDoiUrlAction.java	3	jabgui	org.jabref.gui.edit
jablib/src/main/java/org/jabref/logic/cleanup/DoiCleanup.java	3	jablib	org.jabref.logic.cleanup
jablib/src/main/java/org/jabref/logic/importer/CompositeIdFetcher.java	3	jablib	org.jabref.logic.importer
jablib/src/main/java/org/jabref/logic/importer/EntryBasedParserFetcher.java	3	jablib	org.jabref.logic.importer
jablib/src/main/java/org/jabref/logic/importer/FetcherResult.java	3	jablib	org.jabref.logic.importer
jablib/src/main/java/org/jabref/logic/importer/FulltextFetcher.java	3	jablib	org.jabref.logic.importer
jablib/src/main/java/org/jabref/logic/importer/FulltextFetchers.java	3	jablib	org.jabref.logic.importer
jablib/src/main/java/org/jabref/logic/importer/IdBasedFetcher.java	3	jablib	org.jabref.logic.importer
jablib/src/main/java/org/jabref/logic/importer/IdBasedParserFetcher.java	3	jablib	org.jabref.logic.importer
jablib/src/main/java/org/jabref/logic/importer/IdParserFetcher.java	3	jablib	org.jabref.logic.importer
jablib/src/main/java/org/jabref/logic/importer/PagedSearchBasedFetcher.java	3	jablib	org.jabref.logic.importer
jablib/src/main/java/org/jabref/logic/importer/PagedSearchBasedParserFetcher.java	3	jablib	org.jabref.logic.importer
jablib/src/main/java/org/jabref/logic/importer/QueryParser.java	3	jablib	org.jabref.logic.importer
jablib/src/main/java/org/jabref/logic/importer/SearchBasedFetcher.java	3	jablib	org.jabref.logic.importer
jablib/src/main/java/org/jabref/logic/importer/SearchBasedParserFetcher.java	3	jablib	org.jabref.logic.importer
jablib/src/main/java/org/jabref/logic/importer/WebFetcher.java	3	jablib	org.jabref.logic.importer
jablib/src/main/java/org/jabref/logic/importer/WebFetchers.java	3	jablib	org.jabref.logic.importer
jablib/src/main/java/org/jabref/logic/importer/fetcher/ACMPortalFetcher.java	3	jablib	org.jabref.logic.importer.fetcher
jablib/src/main/java/org/jabref/logic/importer/fetcher/ACS.java	3	jablib	org.jabref.logic.importer.fetcher
jablib/src/main/java/org/jabref/logic/importer/fetcher/AbstractIsbnFetcher.java	3	jablib	org.jabref.logic.importer.fetcher
jablib/src/main/java/org/jabref/logic/importer/fetcher/ApsFetcher.java	3	jablib	org.jabref.logic.importer.fetcher
jablib/src/main/java/org/jabref/logic/importer/fetcher/ArXivFetcher.java	3	jablib	org.jabref.logic.importer.fetcher
jablib/src/main/java/org/jabref/logic/importer/fetcher/AstrophysicsDataSystem.java	3	jablib	org.jabref.logic.importer.fetcher
jablib/src/main/java/org/jabref/logic/importer/fetcher/BiodiversityLibrary.java	3	jablib	org.jabref.logic.importer.fetcher
jablib/src/main/java/org/jabref/logic/importer/fetcher/BvbFetcher.java	3	jablib	org.jabref.logic.importer.fetcher
jablib/src/main/java/org/jabref/logic/importer/fetcher/CollectionOfComputerScienceBibliographiesFetcher.java	3	jablib	org.jabref.logic.importer.fetcher
jablib/src/main/java/org/jabref/logic/importer/fetcher/CollectionOfComputerScienceBibliographiesParser.java	3	jablib	org.jabref.logic.importer.fetcher
jablib/src/main/java/org/jabref/logic/importer/fetcher/ComplexSearchQuery.java	3	jablib	org.jabref.logic.importer.fetcher
jablib/src/main/java/org/jabref/logic/importer/fetcher/CompositeSearchBasedFetcher.java	3	jablib	org.jabref.logic.importer.fetcher
jablib/src/main/java/org/jabref/logic/importer/fetcher/CrossRef.java	3	jablib	org.jabref.logic.importer.fetcher
jablib/src/main/java/org/jabref/logic/importer/fetcher/CustomizableKeyFetcher.java	3	jablib	org.jabref.logic.importer.fetcher
jablib/src/main/java/org/jabref/logic/importer/fetcher/DBLPFetcher.java	3	jablib	org.jabref.logic.importer.fetcher
jablib/src/main/java/org/jabref/logic/importer/fetcher/DOAJFetcher.java	3	jablib	org.jabref.logic.importer.fetcher
jablib/src/main/java/org/jabref/logic/importer/fetcher/DiVA.java	3	jablib	org.jabref.logic.importer.fetcher
jablib/src/main/java/org/jabref/logic/importer/fetcher/DoiFetcher.java	3	jablib	org.jabref.logic.importer.fetcher
jablib/src/main/java/org/jabref/logic/importer/fetcher/DoiResolution.java	3	jablib	org.jabref.logic.importer.fetcher
jablib/src/main/java/org/jabref/logic/importer/fetcher/GoogleScholar.java	3	jablib	org.jabref.logic.importer.fetcher
jablib/src/main/java/org/jabref/logic/importer/fetcher/GvkFetcher.java	3	jablib	org.jabref.logic.importer.fetcher
jablib/src/main/java/org/jabref/logic/importer/fetcher/IEEE.java	3	jablib	org.jabref.logic.importer.fetcher
jablib/src/main/java/org/jabref/logic/importer/fetcher/INSPIREFetcher.java	3	jablib	org.jabref.logic.importer.fetcher
jablib/src/main/java/org/jabref/logic/importer/fetcher/ISIDOREFetcher.java	3	jablib	org.jabref.logic.importer.fetcher
jablib/src/main/java/org/jabref/logic/importer/fetcher/IacrEprintFetcher.java	3	jablib	org.jabref.logic.importer.fetcher
jablib/src/main/java/org/jabref/logic/importer/fetcher/JstorFetcher.java	3	jablib	org.jabref.logic.importer.fetcher
jablib/src/main/java/org/jabref/logic/importer/fetcher/LibraryOfCongress.java	3	jablib	org.jabref.logic.importer.fetcher
jablib/src/main/java/org/jabref/logic/importer/fetcher/MathSciNet.java	3	jablib	org.jabref.logic.importer.fetcher
jablib/src/main/java/org/jabref/logic/importer/fetcher/MedlineFetcher.java	3	jablib	org.jabref.logic.importer.fetcher
jablib/src/main/java/org/jabref/logic/importer/fetcher/Medra.java	3	jablib	org.jabref.logic.importer.fetcher
jablib/src/main/java/org/jabref/logic/importer/fetcher/OpenAccessDoi.java	3	jablib	org.jabref.logic.importer.fetcher
jablib/src/main/java/org/jabref/logic/importer/fetcher/ResearchGate.java	3	jablib	org.jabref.logic.importer.fetcher
jablib/src/main/java/org/jabref/logic/importer/fetcher/RfcFetcher.java	3	jablib	org.jabref.logic.importer.fetcher
jablib/src/main/java/org/jabref/logic/importer/fetcher/ScienceDirect.java	3	jablib	org.jabref.logic.importer.fetcher
jablib/src/main/java/org/jabref/logic/importer/fetcher/SemanticScholar.java	3	jablib	org.jabref.logic.importer.fetcher
jablib/src/main/java/org/jabref/logic/importer/fetcher/SpringerNatureFullTextFetcher.java	3	jablib	org.jabref.logic.importer.fetcher
jablib/src/main/java/org/jabref/logic/importer/fetcher/SpringerNatureWebFetcher.java	3	jablib	org.jabref.logic.importer.fetcher
jablib/src/main/java/org/jabref/logic/importer/fetcher/TitleFetcher.java	3	jablib	org.jabref.logic.importer.fetcher
jablib/src/main/java/org/jabref/logic/importer/fetcher/TrustLevel.java	3	jablib	org.jabref.logic.importer.fetcher
jablib/src/main/java/org/jabref/logic/importer/fetcher/ZbMATH.java	3	jablib	org.jabref.logic.importer.fetcher
jablib/src/main/java/org/jabref/logic/importer/fetcher/isbntobibtex/EbookDeIsbnFetcher.java	3	jablib	org.jabref.logic.importer.fetcher.isbntobibtex
jablib/src/main/java/org/jabref/logic/importer/fetcher/isbntobibtex/IsbnFetcher.java	3	jablib	org.jabref.logic.importer.fetcher.isbntobibtex
jablib/src/main/java/org/jabref/logic/importer/fetcher/transformers/AbstractQueryTransformer.java	3	jablib	org.jabref.logic.importer.fetcher.transformers
jablib/src/main/java/org/jabref/logic/importer/fetcher/transformers/CollectionOfComputerScienceBibliographiesQueryTransformer.java	3	jablib	org.jabref.logic.importer.fetcher.transformers
jablib/src/main/java/org/jabref/logic/importer/fetcher/transformers/GVKQueryTransformer.java	3	jablib	org.jabref.logic.importer.fetcher.transformers
jablib/src/main/java/org/jabref/logic/importer/fetcher/transformers/IEEEQueryTransformer.java	3	jablib	org.jabref.logic.importer.fetcher.transformers
jablib/src/main/java/org/jabref/logic/importer/fetcher/transformers/JstorQueryTransformer.java	3	jablib	org.jabref.logic.importer.fetcher.transformers
jablib/src/main/java/org/jabref/logic/importer/fetcher/transformers/SpringerQueryTransformer.java	3	jablib	org.jabref.logic.importer.fetcher.transformers
jablib/src/main/java/org/jabref/logic/importer/fetcher/transformers/ZbMathQueryTransformer.java	3	jablib	org.jabref.logic.importer.fetcher.transformers
jablib/src/main/java/org/jabref/logic/importer/fileformat/MarcXmlParser.java	3	jablib	org.jabref.logic.importer.fileformat
jablib/src/main/java/org/jabref/logic/importer/fileformat/PicaXmlParser.java	3	jablib	org.jabref.logic.importer.fileformat
jablib/src/main/java/org/jabref/logic/importer/util/JsonReader.java	3	jablib	org.jabref.logic.importer.util
jablib/src/main/java/org/jabref/logic/importer/util/ShortDOIService.java	3	jablib	org.jabref.logic.importer.util
jablib/src/main/java/org/jabref/logic/integrity/AbbreviationChecker.java	3	jablib	org.jabref.logic.integrity
jablib/src/main/java/org/jabref/logic/integrity/BooktitleChecker.java	3	jablib	org.jabref.logic.integrity
jablib/src/main/java/org/jabref/logic/integrity/BracketChecker.java	3	jablib	org.jabref.logic.integrity
jablib/src/main/java/org/jabref/logic/integrity/CitationKeyChecker.java	3	jablib	org.jabref.logic.integrity
jablib/src/main/java/org/jabref/logic/integrity/DoiValidityChecker.java	3	jablib	org.jabref.logic.integrity
jablib/src/main/java/org/jabref/logic/integrity/EditionChecker.java	3	jablib	org.jabref.logic.integrity
jablib/src/main/java/org/jabref/logic/integrity/FileChecker.java	3	jablib	org.jabref.logic.integrity
jablib/src/main/java/org/jabref/logic/integrity/HTMLCharacterChecker.java	3	jablib	org.jabref.logic.integrity
jablib/src/main/java/org/jabref/logic/integrity/HowPublishedChecker.java	3	jablib	org.jabref.logic.integrity
jablib/src/main/java/org/jabref/logic/integrity/ISBNChecker.java	3	jablib	org.jabref.logic.integrity
jablib/src/main/java/org/jabref/logic/integrity/ISSNChecker.java	3	jablib	org.jabref.logic.integrity
jablib/src/main/java/org/jabref/logic/integrity/IntegrityCheck.java	3	jablib	org.jabref.logic.integrity
jablib/src/main/java/org/jabref/logic/integrity/IntegrityMessage.java	3	jablib	org.jabref.logic.integrity
jablib/src/main/java/org/jabref/logic/integrity/JournalInAbbreviationListChecker.java	3	jablib	org.jabref.logic.integrity
jablib/src/main/java/org/jabref/logic/integrity/MonthChecker.java	3	jablib	org.jabref.logic.integrity
jablib/src/main/java/org/jabref/logic/integrity/NoteChecker.java	3	jablib	org.jabref.logic.integrity
jablib/src/main/java/org/jabref/logic/integrity/PagesChecker.java	3	jablib	org.jabref.logic.integrity
jablib/src/main/java/org/jabref/logic/integrity/PersonNamesChecker.java	3	jablib	org.jabref.logic.integrity
jablib/src/main/java/org/jabref/logic/integrity/TitleChecker.java	3	jablib	org.jabref.logic.integrity
jablib/src/main/java/org/jabref/logic/integrity/UrlChecker.java	3	jablib	org.jabref.logic.integrity
jablib/src/main/java/org/jabref/logic/integrity/YearChecker.java	3	jablib	org.jabref.logic.integrity
jablib/src/main/java/org/jabref/logic/layout/format/DOICheck.java	3	jablib	org.jabref.logic.layout.format
jablib/src/main/java/org/jabref/logic/layout/format/DOIStrip.java	3	jablib	org.jabref.logic.layout.format
jablib/src/main/java/org/jabref/logic/net/URLDownload.java	3	jablib	org.jabref.logic.net
jablib/src/main/java/org/jabref/model/entry/identifier/ARK.java	3	jablib	org.jabref.model.entry.identifier
jablib/src/main/java/org/jabref/model/entry/identifier/ArXivIdentifier.java	3	jablib	org.jabref.model.entry.identifier
jablib/src/main/java/org/jabref/model/entry/identifier/DOI.java	3	jablib	org.jabref.model.entry.identifier
jablib/src/main/java/org/jabref/model/entry/identifier/ISBN.java	3	jablib	org.jabref.model.entry.identifier
jablib/src/main/java/org/jabref/model/entry/identifier/ISSN.java	3	jablib	org.jabref.model.entry.identifier
jablib/src/main/java/org/jabref/model/entry/identifier/IacrEprint.java	3	jablib	org.jabref.model.entry.identifier
jablib/src/main/java/org/jabref/model/entry/identifier/Identifier.java	3	jablib	org.jabref.model.entry.identifier
jablib/src/main/java/org/jabref/model/entry/identifier/MathSciNetId.java	3	jablib	org.jabref.model.entry.identifier
jabgui/src/main/java/org/jabref/gui/JabRefGUI.java	4	jabgui	org.jabref.gui
jabgui/src/main/java/org/jabref/gui/ai/AiPrivacyNoticeViewModel.java	4	jabgui	org.jabref.gui.ai
jabgui/src/main/java/org/jabref/gui/ai/chat/AiChatStatusViewModel.java	4	jabgui	org.jabref.gui.ai.chat
jabgui/src/main/java/org/jabref/gui/ai/chat/AiChatViewModel.java	4	jabgui	org.jabref.gui.ai.chat
jabgui/src/main/java/org/jabref/gui/entryeditor/citationrelationtab/BibEntryView.java	4	jabgui	org.jabref.gui.entryeditor.citationrelationtab
jabgui/src/main/java/org/jabref/gui/entryeditor/citationrelationtab/CitationRelationItem.java	4	jabgui	org.jabref.gui.entryeditor.citationrelationtab
jabgui/src/main/java/org/jabref/gui/entryeditor/citationrelationtab/CitationRelationsTab.java	4	jabgui	org.jabref.gui.entryeditor.citationrelationtab
jabgui/src/main/java/org/jabref/gui/entryeditor/citationrelationtab/CitationsRelationsTabViewModel.java	4	jabgui	org.jabref.gui.entryeditor.citationrelationtab
jabgui/src/main/java/org/jabref/gui/externalfiles/FileSelectionPage.java	4	jabgui	org.jabref.gui.externalfiles
jabgui/src/main/java/org/jabref/gui/externalfiles/ImportResultsPage.java	4	jabgui	org.jabref.gui.externalfiles
jabgui/src/main/java/org/jabref/gui/externalfiles/UnlinkedFilesWizard.java	4	jabgui	org.jabref.gui.externalfiles
jabgui/src/main/java/org/jabref/gui/fieldeditors/KeywordsEditor.java	4	jabgui	org.jabref.gui.fieldeditors
jabgui/src/main/java/org/jabref/gui/fieldeditors/KeywordsEditorViewModel.java	4	jabgui	org.jabref.gui.fieldeditors
jabgui/src/main/java/org/jabref/gui/preferences/ai/AiTab.java	4	jabgui	org.jabref.gui.preferences.ai
jabgui/src/main/java/org/jabref/gui/preferences/ai/AiTabViewModel.java	4	jabgui	org.jabref.gui.preferences.ai
jabgui/src/main/java/org/jabref/gui/theme/StyleSheet.java	4	jabgui	org.jabref.gui.theme
jabgui/src/main/java/org/jabref/gui/theme/StyleSheetDataUrl.java	4	jabgui	org.jabref.gui.theme
jabgui/src/main/java/org/jabref/gui/theme/StyleSheetFile.java	4	jabgui	org.jabref.gui.theme
jabgui/src/main/java/org/jabref/gui/theme/StyleSheetResource.java	4	jabgui	org.jabref.gui.theme
jabgui/src/main/java/org/jabref/gui/theme/ThemeManager.java	4	jabgui	org.jabref.gui.theme
jabgui/src/main/java/org/jabref/gui/walkthrough/Walkthrough.java	4	jabgui	org.jabref.gui.walkthrough
jabgui/src/main/java/org/jabref/gui/walkthrough/WalkthroughAction.java	4	jabgui	org.jabref.gui.walkthrough
jabgui/src/main/java/org/jabref/gui/walkthrough/WalkthroughHighlighter.java	4	jabgui	org.jabref.gui.walkthrough
jabgui/src/main/java/org/jabref/gui/walkthrough/WalkthroughOverlay.java	4	jabgui	org.jabref.gui.walkthrough
jabgui/src/main/java/org/jabref/gui/walkthrough/WalkthroughRenderer.java	4	jabgui	org.jabref.gui.walkthrough
jabgui/src/main/java/org/jabref/gui/walkthrough/WindowOverlay.java	4	jabgui	org.jabref.gui.walkthrough
jabgui/src/main/java/org/jabref/gui/walkthrough/declarative/NodeResolver.java	4	jabgui	org.jabref.gui.walkthrough.declarative
jabgui/src/main/java/org/jabref/gui/walkthrough/declarative/Trigger.java	4	jabgui	org.jabref.gui.walkthrough.declarative
jabgui/src/main/java/org/jabref/gui/walkthrough/declarative/WindowResolver.java	4	jabgui	org.jabref.gui.walkthrough.declarative
jabgui/src/main/java/org/jabref/gui/walkthrough/effects/FullScreenDarken.java	4	jabgui	org.jabref.gui.walkthrough.effects
jabgui/src/main/java/org/jabref/gui/walkthrough/effects/Spotlight.java	4	jabgui	org.jabref.gui.walkthrough.effects
jabgui/src/main/java/org/jabref/gui/walkthrough/utils/WalkthroughReverter.java	4	jabgui	org.jabref.gui.walkthrough.utils
jabgui/src/main/java/org/jabref/gui/welcome/WelcomeTab.java	4	jabgui	org.jabref.gui.welcome
jabgui/src/main/java/org/jabref/gui/welcome/components/DonationProvider.java	4	jabgui	org.jabref.gui.welcome.components
jabgui/src/main/java/org/jabref/gui/welcome/components/QuickSettings.java	4	jabgui	org.jabref.gui.welcome.components
jabgui/src/main/java/org/jabref/gui/welcome/components/Walkthroughs.java	4	jabgui	org.jabref.gui.welcome.components
jabgui/src/main/java/org/jabref/gui/welcome/quicksettings/EntryTableConfigurationDialog.java	4	jabgui	org.jabref.gui.welcome.quicksettings
jabgui/src/main/java/org/jabref/gui/welcome/quicksettings/LargeLibraryOptimizationDialog.java	4	jabgui	org.jabref.gui.welcome.quicksettings
jabgui/src/main/java/org/jabref/gui/welcome/quicksettings/MainFileDirectoryDialog.java	4	jabgui	org.jabref.gui.welcome.quicksettings
jabgui/src/main/java/org/jabref/gui/welcome/quicksettings/OnlineServicesDialog.java	4	jabgui	org.jabref.gui.welcome.quicksettings
jabgui/src/main/java/org/jabref/gui/welcome/quicksettings/PushApplicationDialog.java	4	jabgui	org.jabref.gui.welcome.quicksettings
jabgui/src/main/java/org/jabref/gui/welcome/quicksettings/ThemeDialog.java	4	jabgui	org.jabref.gui.welcome.quicksettings
jablib/src/main/java/org/jabref/logic/ai/AiService.java	4	jablib	org.jabref.logic.ai
jablib/src/main/java/org/jabref/logic/ai/chatting/JvmOpenAiChatLanguageModel.java	4	jablib	org.jabref.logic.ai.chatting
jablib/src/main/java/org/jabref/logic/ai/embedding/AsyncEmbeddingModel.java	4	jablib	org.jabref.logic.ai.embedding
jablib/src/main/java/org/jabref/logic/ai/embedding/DeepJavaEmbeddingModel.java	4	jablib	org.jabref.logic.ai.embedding
jablib/src/main/java/org/jabref/logic/ai/embedding/EmbeddingModelCache.java	4	jablib	org.jabref.logic.ai.embedding
jablib/src/main/java/org/jabref/logic/ai/ingestion/repositories/MVStoreIngestedDocumentsRepository.java	4	jablib	org.jabref.logic.ai.ingestion.repositories
jablib/src/main/java/org/jabref/logic/ai/models/AiModelService.java	4	jablib	org.jabref.logic.ai.models
jablib/src/main/java/org/jabref/logic/ai/models/OpenAiCompatibleModelProvider.java	4	jablib	org.jabref.logic.ai.models
jablib/src/main/java/org/jabref/logic/ai/preferences/AiDefaultExpertSettings.java	4	jablib	org.jabref.logic.ai.preferences
jablib/src/main/java/org/jabref/logic/ai/preferences/AiPreferences.java	4	jablib	org.jabref.logic.ai.preferences
jablib/src/main/java/org/jabref/logic/citation/SearchCitationsRelationsService.java	4	jablib	org.jabref.logic.citation
jablib/src/main/java/org/jabref/logic/citation/repository/BibEntryCitationsAndReferencesRepository.java	4	jablib	org.jabref.logic.citation.repository
jablib/src/main/java/org/jabref/logic/citation/repository/BibEntryCitationsAndReferencesRepositoryShell.java	4	jablib	org.jabref.logic.citation.repository
jablib/src/main/java/org/jabref/logic/citation/repository/MVStoreBibEntryRelationRepository.java	4	jablib	org.jabref.logic.citation.repository
jablib/src/main/java/org/jabref/logic/importer/fetcher/citation/CitationFetcher.java	4	jablib	org.jabref.logic.importer.fetcher.citation
jablib/src/main/java/org/jabref/logic/importer/fetcher/citation/CitationFetcherType.java	4	jablib	org.jabref.logic.importer.fetcher.citation
jablib/src/main/java/org/jabref/logic/importer/fetcher/citation/crossref/CrossRefCitationFetcher.java	4	jablib	org.jabref.logic.importer.fetcher.citation.crossref
jablib/src/main/java/org/jabref/logic/importer/fetcher/citation/opencitations/OpenCitationsFetcher.java	4	jablib	org.jabref.logic.importer.fetcher.citation.opencitations
jablib/src/main/java/org/jabref/logic/importer/fetcher/citation/semanticscholar/SemanticScholarCitationFetcher.java	4	jablib	org.jabref.logic.importer.fetcher.citation.semanticscholar
jablib/src/main/java/org/jabref/model/ChainNode.java	4	jablib	org.jabref.model
jablib/src/main/java/org/jabref/model/ai/chatting/ErrorMessage.java	4	jablib	org.jabref.model.ai.chatting
jablib/src/main/java/org/jabref/model/entry/Keyword.java	4	jablib	org.jabref.model.entry
jablib/src/main/java/org/jabref/model/entry/KeywordList.java	4	jablib	org.jabref.model.entry
jabls/src/main/java/org/jabref/languageserver/BibtexTextDocumentService.java	4	jabls	org.jabref.languageserver
jabls/src/main/java/org/jabref/languageserver/BibtexWorkspaceService.java	4	jabls	org.jabref.languageserver
jabls/src/main/java/org/jabref/languageserver/LspClientHandler.java	4	jabls	org.jabref.languageserver
jabls/src/main/java/org/jabref/languageserver/LspLauncher.java	4	jabls	org.jabref.languageserver
jabls/src/main/java/org/jabref/languageserver/controller/LanguageServerController.java	4	jabls	org.jabref.languageserver.controller
jabls/src/main/java/org/jabref/languageserver/util/LspConsistencyCheck.java	4	jabls	org.jabref.languageserver.util
jabls/src/main/java/org/jabref/languageserver/util/LspDiagnosticBuilder.java	4	jabls	org.jabref.languageserver.util
jabls/src/main/java/org/jabref/languageserver/util/LspDiagnosticHandler.java	4	jabls	org.jabref.languageserver.util
jabgui/src/main/java/module-info.java	5	jabgui	(default)
jabgui/src/main/java/org/jabref/gui/consistency/ConsistencyCheckAction.java	5	jabgui	org.jabref.gui.consistency
jabgui/src/main/java/org/jabref/gui/importer/ImportEntriesDialog.java	5	jabgui	org.jabref.gui.importer
jabkit/src/main/java/module-info.java	5	jabkit	(default)
jabkit/src/main/java/org/jabref/toolkit/JabKitLauncher.java	5	jabkit	org.jabref.toolkit
jabkit/src/main/java/org/jabref/toolkit/commands/Check.java	5	jabkit	org.jabref.toolkit.commands
jabkit/src/main/java/org/jabref/toolkit/commands/CheckConsistency.java	5	jabkit	org.jabref.toolkit.commands
jabkit/src/main/java/org/jabref/toolkit/commands/CheckIntegrity.java	5	jabkit	org.jabref.toolkit.commands
jabkit/src/main/java/org/jabref/toolkit/commands/Convert.java	5	jabkit	org.jabref.toolkit.commands
jabkit/src/main/java/org/jabref/toolkit/commands/DoiToBibtex.java	5	jabkit	org.jabref.toolkit.commands
jabkit/src/main/java/org/jabref/toolkit/commands/Fetch.java	5	jabkit	org.jabref.toolkit.commands
jabkit/src/main/java/org/jabref/toolkit/commands/GenerateBibFromAux.java	5	jabkit	org.jabref.toolkit.commands
jabkit/src/main/java/org/jabref/toolkit/commands/GenerateCitationKeys.java	5	jabkit	org.jabref.toolkit.commands
jabkit/src/main/java/org/jabref/toolkit/commands/GetCitedWorks.java	5	jabkit	org.jabref.toolkit.commands
jabkit/src/main/java/org/jabref/toolkit/commands/GetCitingWorks.java	5	jabkit	org.jabref.toolkit.commands
jabkit/src/main/java/org/jabref/toolkit/commands/JabKit.java	5	jabkit	org.jabref.toolkit.commands
jabkit/src/main/java/org/jabref/toolkit/commands/Pdf.java	5	jabkit	org.jabref.toolkit.commands
jabkit/src/main/java/org/jabref/toolkit/commands/PdfUpdate.java	5	jabkit	org.jabref.toolkit.commands
jabkit/src/main/java/org/jabref/toolkit/commands/Preferences.java	5	jabkit	org.jabref.toolkit.commands
jabkit/src/main/java/org/jabref/toolkit/commands/Pseudonymize.java	5	jabkit	org.jabref.toolkit.commands
jabkit/src/main/java/org/jabref/toolkit/commands/Search.java	5	jabkit	org.jabref.toolkit.commands
jabkit/src/main/java/org/jabref/toolkit/converter/CygWinPathConverter.java	5	jabkit	org.jabref.toolkit.converter
jablib/src/main/java/module-info.java	5	jablib	(default)
jablib/src/main/java/org/jabref/logic/git/io/GitFileWriter.java	5	jablib	org.jabref.logic.git.io
jablib/src/main/java/org/jabref/logic/quality/consistency/BibliographyConsistencyCheck.java	5	jablib	org.jabref.logic.quality.consistency
jablib/src/main/java/org/jabref/model/search/LinkedFilesConstants.java	5	jablib	org.jabref.model.search
jabls-cli/src/main/java/module-info.java	5	jabls-cli	(default)
jabls/src/main/java/module-info.java	5	jabls	(default)
jabls/src/main/java/org/jabref/languageserver/ExtensionSettings.java	5	jabls	org.jabref.languageserver
jabsrv-cli/src/main/java/module-info.java	5	jabsrv-cli	(default)
jabsrv-cli/src/main/java/org/jabref/http/server/cli/ServerCli.java	5	jabsrv-cli	org.jabref.http.server.cli
jabsrv/src/main/java/module-info.java	5	jabsrv	(default)
jabsrv/src/main/java/org/jabref/http/JabRefSrvStateManager.java	5	jabsrv	org.jabref.http
jabsrv/src/main/java/org/jabref/http/dto/GlobalExceptionMapper.java	5	jabsrv	org.jabref.http.dto
jabsrv/src/main/java/org/jabref/http/manager/HttpServerManager.java	5	jabsrv	org.jabref.http.manager
jabsrv/src/main/java/org/jabref/http/manager/HttpServerThread.java	5	jabsrv	org.jabref.http.manager
jabsrv/src/main/java/org/jabref/http/server/Server.java	5	jabsrv	org.jabref.http.server
jabsrv/src/main/java/org/jabref/http/server/cayw/CAYWQueryParams.java	5	jabsrv	org.jabref.http.server.cayw
jabsrv/src/main/java/org/jabref/http/server/cayw/CAYWResource.java	5	jabsrv	org.jabref.http.server.cayw
jabsrv/src/main/java/org/jabref/http/server/cayw/format/BibLatexFormatter.java	5	jabsrv	org.jabref.http.server.cayw.format
jabsrv/src/main/java/org/jabref/http/server/cayw/format/CAYWFormatter.java	5	jabsrv	org.jabref.http.server.cayw.format
jabsrv/src/main/java/org/jabref/http/server/cayw/format/FormatterService.java	5	jabsrv	org.jabref.http.server.cayw.format
jabsrv/src/main/java/org/jabref/http/server/cayw/format/SimpleJsonFormatter.java	5	jabsrv	org.jabref.http.server.cayw.format
jabsrv/src/main/java/org/jabref/http/server/cayw/gui/CAYWEntry.java	5	jabsrv	org.jabref.http.server.cayw.gui
jabsrv/src/main/java/org/jabref/http/server/cayw/gui/SearchDialog.java	5	jabsrv	org.jabref.http.server.cayw.gui
jabsrv/src/main/java/org/jabref/http/server/cayw/gui/SelectedItemsContainer.java	5	jabsrv	org.jabref.http.server.cayw.gui
jabsrv/src/main/java/org/jabref/http/server/command/Command.java	5	jabsrv	org.jabref.http.server.command
jabsrv/src/main/java/org/jabref/http/server/command/CommandResource.java	5	jabsrv	org.jabref.http.server.command
jabsrv/src/main/java/org/jabref/http/server/command/SelectEntriesCommand.java	5	jabsrv	org.jabref.http.server.command
jabsrv/src/main/java/org/jabref/http/server/resources/CitationsResource.java	5	jabsrv	org.jabref.http.server.resources
jabsrv/src/main/java/org/jabref/http/server/resources/EntriesResource.java	5	jabsrv	org.jabref.http.server.resources
jabsrv/src/main/java/org/jabref/http/server/resources/EntryResource.java	5	jabsrv	org.jabref.http.server.resources
jabsrv/src/main/java/org/jabref/http/server/resources/LibrariesResource.java	5	jabsrv	org.jabref.http.server.resources
jabsrv/src/main/java/org/jabref/http/server/resources/LibraryResource.java	5	jabsrv	org.jabref.http.server.resources
jabsrv/src/main/java/org/jabref/http/server/resources/MapResource.java	5	jabsrv	org.jabref.http.server.resources
jabsrv/src/main/java/org/jabref/http/server/services/ServerUtils.java	5	jabsrv	org.jabref.http.server.services
test-support/src/main/java/module-info.java	5	test-support	(default)
jabgui/src/main/java/org/jabref/gui/autocompleter/BibEntrySuggestionProvider.java	6	jabgui	org.jabref.gui.autocompleter
jabgui/src/main/java/org/jabref/gui/autocompleter/ContentSelectorSuggestionProvider.java	6	jabgui	org.jabref.gui.autocompleter
jabgui/src/main/java/org/jabref/gui/autocompleter/JournalsSuggestionProvider.java	6	jabgui	org.jabref.gui.autocompleter
jabgui/src/main/java/org/jabref/gui/autocompleter/PersonNameSuggestionProvider.java	6	jabgui	org.jabref.gui.autocompleter
jabgui/src/main/java/org/jabref/gui/autocompleter/StringSuggestionProvider.java	6	jabgui	org.jabref.gui.autocompleter
jabgui/src/main/java/org/jabref/gui/autocompleter/SuggestionProvider.java	6	jabgui	org.jabref.gui.autocompleter
jabgui/src/main/java/org/jabref/gui/autocompleter/SuggestionProviders.java	6	jabgui	org.jabref.gui.autocompleter
jabgui/src/main/java/org/jabref/gui/fieldeditors/AbstractEditorViewModel.java	6	jabgui	org.jabref.gui.fieldeditors
jabgui/src/main/java/org/jabref/gui/fieldeditors/CitationCountEditor.java	6	jabgui	org.jabref.gui.fieldeditors
jabgui/src/main/java/org/jabref/gui/fieldeditors/CitationKeyEditor.java	6	jabgui	org.jabref.gui.fieldeditors
jabgui/src/main/java/org/jabref/gui/fieldeditors/DateEditor.java	6	jabgui	org.jabref.gui.fieldeditors
jabgui/src/main/java/org/jabref/gui/fieldeditors/DateEditorViewModel.java	6	jabgui	org.jabref.gui.fieldeditors
jabgui/src/main/java/org/jabref/gui/fieldeditors/EditorTextArea.java	6	jabgui	org.jabref.gui.fieldeditors
jabgui/src/main/java/org/jabref/gui/fieldeditors/EditorTextField.java	6	jabgui	org.jabref.gui.fieldeditors
jabgui/src/main/java/org/jabref/gui/fieldeditors/FieldEditors.java	6	jabgui	org.jabref.gui.fieldeditors
jabgui/src/main/java/org/jabref/gui/fieldeditors/ISSNEditor.java	6	jabgui	org.jabref.gui.fieldeditors
jabgui/src/main/java/org/jabref/gui/fieldeditors/JournalEditor.java	6	jabgui	org.jabref.gui.fieldeditors
jabgui/src/main/java/org/jabref/gui/fieldeditors/JournalEditorViewModel.java	6	jabgui	org.jabref.gui.fieldeditors
jabgui/src/main/java/org/jabref/gui/fieldeditors/JournalInfoOptInDialogHelper.java	6	jabgui	org.jabref.gui.fieldeditors
jabgui/src/main/java/org/jabref/gui/fieldeditors/LinkedEntriesEditor.java	6	jabgui	org.jabref.gui.fieldeditors
jabgui/src/main/java/org/jabref/gui/fieldeditors/LinkedEntriesEditorViewModel.java	6	jabgui	org.jabref.gui.fieldeditors
jabgui/src/main/java/org/jabref/gui/fieldeditors/LinkedFilesEditor.java	6	jabgui	org.jabref.gui.fieldeditors
jabgui/src/main/java/org/jabref/gui/fieldeditors/LinkedFilesEditorViewModel.java	6	jabgui	org.jabref.gui.fieldeditors
jabgui/src/main/java/org/jabref/gui/fieldeditors/MarkdownEditor.java	6	jabgui	org.jabref.gui.fieldeditors
jabgui/src/main/java/org/jabref/gui/fieldeditors/OwnerEditor.java	6	jabgui	org.jabref.gui.fieldeditors
jabgui/src/main/java/org/jabref/gui/fieldeditors/OwnerEditorViewModel.java	6	jabgui	org.jabref.gui.fieldeditors
jabgui/src/main/java/org/jabref/gui/fieldeditors/PersonsEditor.java	6	jabgui	org.jabref.gui.fieldeditors
jabgui/src/main/java/org/jabref/gui/fieldeditors/PersonsEditorViewModel.java	6	jabgui	org.jabref.gui.fieldeditors
jabgui/src/main/java/org/jabref/gui/fieldeditors/SimpleEditor.java	6	jabgui	org.jabref.gui.fieldeditors
jabgui/src/main/java/org/jabref/gui/fieldeditors/SimpleEditorViewModel.java	6	jabgui	org.jabref.gui.fieldeditors
jabgui/src/main/java/org/jabref/gui/fieldeditors/UrlEditor.java	6	jabgui	org.jabref.gui.fieldeditors
jabgui/src/main/java/org/jabref/gui/fieldeditors/UrlEditorViewModel.java	6	jabgui	org.jabref.gui.fieldeditors
jabgui/src/main/java/org/jabref/gui/fieldeditors/contextmenu/DefaultMenu.java	6	jabgui	org.jabref.gui.fieldeditors.contextmenu
jabgui/src/main/java/org/jabref/gui/fieldeditors/contextmenu/EditorMenus.java	6	jabgui	org.jabref.gui.fieldeditors.contextmenu
jabgui/src/main/java/org/jabref/gui/fieldeditors/identifier/BaseIdentifierEditorViewModel.java	6	jabgui	org.jabref.gui.fieldeditors.identifier
jabgui/src/main/java/org/jabref/gui/fieldeditors/identifier/DoiIdentifierEditorViewModel.java	6	jabgui	org.jabref.gui.fieldeditors.identifier
jabgui/src/main/java/org/jabref/gui/fieldeditors/identifier/EprintIdentifierEditorViewModel.java	6	jabgui	org.jabref.gui.fieldeditors.identifier
jabgui/src/main/java/org/jabref/gui/fieldeditors/identifier/ISBNIdentifierEditorViewModel.java	6	jabgui	org.jabref.gui.fieldeditors.identifier
jabgui/src/main/java/org/jabref/gui/fieldeditors/identifier/IdentifierEditor.java	6	jabgui	org.jabref.gui.fieldeditors.identifier
jabgui/src/main/java/org/jabref/gui/fieldeditors/optioneditors/MonthEditorViewModel.java	6	jabgui	org.jabref.gui.fieldeditors.optioneditors
jabgui/src/main/java/org/jabref/gui/fieldeditors/optioneditors/OptionEditor.java	6	jabgui	org.jabref.gui.fieldeditors.optioneditors
jabgui/src/main/java/org/jabref/gui/fieldeditors/optioneditors/OptionEditorViewModel.java	6	jabgui	org.jabref.gui.fieldeditors.optioneditors
jabgui/src/main/java/org/jabref/gui/fieldeditors/optioneditors/mapbased/MapBasedEditorViewModel.java	6	jabgui	org.jabref.gui.fieldeditors.optioneditors.mapbased
jabgui/src/main/java/org/jabref/gui/fieldeditors/optioneditors/mapbased/PatentTypeEditorViewModel.java	6	jabgui	org.jabref.gui.fieldeditors.optioneditors.mapbased
jabgui/src/main/java/org/jabref/gui/fieldeditors/optioneditors/mapbased/YesNoEditorViewModel.java	6	jabgui	org.jabref.gui.fieldeditors.optioneditors.mapbased
jabgui/src/main/java/org/jabref/gui/linkedfile/AttachFileFromURLAction.java	6	jabgui	org.jabref.gui.linkedfile
jabgui/src/main/java/org/jabref/gui/linkedfile/DeleteFileAction.java	6	jabgui	org.jabref.gui.linkedfile
jabgui/src/main/java/org/jabref/gui/util/ViewModelListCellFactory.java	6	jabgui	org.jabref.gui.util
jabgui/src/main/java/org/jabref/gui/util/component/TemporalAccessorPicker.java	6	jabgui	org.jabref.gui.util.component
jablib/src/main/java/org/jabref/logic/formatter/bibtexfields/CleanupUrlFormatter.java	6	jablib	org.jabref.logic.formatter.bibtexfields
jablib/src/main/java/org/jabref/logic/importer/util/IdentifierParser.java	6	jablib	org.jabref.logic.importer.util
jablib/src/main/java/org/jabref/model/entry/Date.java	6	jablib	org.jabref.model.entry
build-support/src/main/java/CitationStyleCatalogGenerator.java	7	build-support	(default)
jabgui/src/main/java/org/jabref/gui/openoffice/CSLStyleSelectViewModel.java	7	jabgui	org.jabref.gui.openoffice
jabgui/src/main/java/org/jabref/gui/openoffice/DetectOpenOfficeInstallation.java	7	jabgui	org.jabref.gui.openoffice
jabgui/src/main/java/org/jabref/gui/openoffice/JStyleSelectViewModel.java	7	jabgui	org.jabref.gui.openoffice
jabgui/src/main/java/org/jabref/gui/openoffice/OOBibBase.java	7	jabgui	org.jabref.gui.openoffice
jabgui/src/main/java/org/jabref/gui/openoffice/OOBibBaseConnect.java	7	jabgui	org.jabref.gui.openoffice
jabgui/src/main/java/org/jabref/gui/openoffice/OpenOfficePanel.java	7	jabgui	org.jabref.gui.openoffice
jabgui/src/main/java/org/jabref/gui/openoffice/StyleSelectDialogView.java	7	jabgui	org.jabref.gui.openoffice
jabgui/src/main/java/org/jabref/gui/openoffice/StyleSelectDialogViewModel.java	7	jabgui	org.jabref.gui.openoffice
jabgui/src/main/java/org/jabref/gui/preferences/openoffice/OpenOfficeTab.java	7	jabgui	org.jabref.gui.preferences.openoffice
jabgui/src/main/java/org/jabref/gui/preferences/openoffice/OpenOfficeTabViewModel.java	7	jabgui	org.jabref.gui.preferences.openoffice
jablib/src/main/java/org/jabref/logic/citationstyle/CSLStyleLoader.java	7	jablib	org.jabref.logic.citationstyle
jablib/src/main/java/org/jabref/logic/citationstyle/CSLStyleUtils.java	7	jablib	org.jabref.logic.citationstyle
jablib/src/main/java/org/jabref/logic/citationstyle/CitationStyle.java	7	jablib	org.jabref.logic.citationstyle
jablib/src/main/java/org/jabref/logic/citationstyle/JabRefLocaleProvider.java	7	jablib	org.jabref.logic.citationstyle
jablib/src/main/java/org/jabref/logic/openoffice/OpenOfficeFileSearch.java	7	jablib	org.jabref.logic.openoffice
jablib/src/main/java/org/jabref/logic/openoffice/OpenOfficePreferences.java	7	jablib	org.jabref.logic.openoffice
jablib/src/main/java/org/jabref/logic/openoffice/ReferenceMark.java	7	jablib	org.jabref.logic.openoffice
jablib/src/main/java/org/jabref/logic/openoffice/action/EditInsert.java	7	jablib	org.jabref.logic.openoffice.action
jablib/src/main/java/org/jabref/logic/openoffice/action/EditMerge.java	7	jablib	org.jabref.logic.openoffice.action
jablib/src/main/java/org/jabref/logic/openoffice/action/EditSeparate.java	7	jablib	org.jabref.logic.openoffice.action
jablib/src/main/java/org/jabref/logic/openoffice/action/Update.java	7	jablib	org.jabref.logic.openoffice.action
jablib/src/main/java/org/jabref/logic/openoffice/backend/Backend52.java	7	jablib	org.jabref.logic.openoffice.backend
jablib/src/main/java/org/jabref/logic/openoffice/backend/JStyleReferenceMark.java	7	jablib	org.jabref.logic.openoffice.backend
jablib/src/main/java/org/jabref/logic/openoffice/backend/NamedRangeManagerReferenceMark.java	7	jablib	org.jabref.logic.openoffice.backend
jablib/src/main/java/org/jabref/logic/openoffice/backend/NamedRangeReferenceMark.java	7	jablib	org.jabref.logic.openoffice.backend
jablib/src/main/java/org/jabref/logic/openoffice/bst/PandocLatexConverter.java	7	jablib	org.jabref.logic.openoffice.bst
jablib/src/main/java/org/jabref/logic/openoffice/frontend/OOFrontend.java	7	jablib	org.jabref.logic.openoffice.frontend
jablib/src/main/java/org/jabref/logic/openoffice/frontend/UpdateBibliography.java	7	jablib	org.jabref.logic.openoffice.frontend
jablib/src/main/java/org/jabref/logic/openoffice/frontend/UpdateCitationMarkers.java	7	jablib	org.jabref.logic.openoffice.frontend
jablib/src/main/java/org/jabref/logic/openoffice/oocsltext/BSTCitationOOAdapter.java	7	jablib	org.jabref.logic.openoffice.oocsltext
jablib/src/main/java/org/jabref/logic/openoffice/oocsltext/BSTReferenceMarkManager.java	7	jablib	org.jabref.logic.openoffice.oocsltext
jablib/src/main/java/org/jabref/logic/openoffice/oocsltext/CSLCitationOOAdapter.java	7	jablib	org.jabref.logic.openoffice.oocsltext
jablib/src/main/java/org/jabref/logic/openoffice/oocsltext/CSLFormatUtils.java	7	jablib	org.jabref.logic.openoffice.oocsltext
jablib/src/main/java/org/jabref/logic/openoffice/oocsltext/CSLReferenceMark.java	7	jablib	org.jabref.logic.openoffice.oocsltext
jablib/src/main/java/org/jabref/logic/openoffice/oocsltext/CSLReferenceMarkManager.java	7	jablib	org.jabref.logic.openoffice.oocsltext
jablib/src/main/java/org/jabref/logic/openoffice/oocsltext/CSLUpdateBibliography.java	7	jablib	org.jabref.logic.openoffice.oocsltext
jablib/src/main/java/org/jabref/logic/openoffice/style/BstStyleLoader.java	7	jablib	org.jabref.logic.openoffice.style
jablib/src/main/java/org/jabref/logic/openoffice/style/JStyle.java	7	jablib	org.jabref.logic.openoffice.style
jablib/src/main/java/org/jabref/logic/openoffice/style/JStyleGetCitationMarker.java	7	jablib	org.jabref.logic.openoffice.style
jablib/src/main/java/org/jabref/logic/openoffice/style/JStyleGetNumericCitationMarker.java	7	jablib	org.jabref.logic.openoffice.style
jablib/src/main/java/org/jabref/logic/openoffice/style/JStyleLoader.java	7	jablib	org.jabref.logic.openoffice.style
jablib/src/main/java/org/jabref/logic/openoffice/style/OOFormatBibliography.java	7	jablib	org.jabref.logic.openoffice.style
jablib/src/main/java/org/jabref/logic/openoffice/style/OOProcessAuthorYearMarkers.java	7	jablib	org.jabref.logic.openoffice.style
jablib/src/main/java/org/jabref/logic/openoffice/style/OOProcessCitationKeyMarkers.java	7	jablib	org.jabref.logic.openoffice.style
jablib/src/main/java/org/jabref/logic/openoffice/style/OOProcessNumericMarkers.java	7	jablib	org.jabref.logic.openoffice.style
jablib/src/main/java/org/jabref/model/openoffice/CitationEntry.java	7	jablib	org.jabref.model.openoffice
jablib/src/main/java/org/jabref/model/openoffice/backend/NamedRangeManager.java	7	jablib	org.jabref.model.openoffice.backend
jablib/src/main/java/org/jabref/model/openoffice/style/CitationGroup.java	7	jablib	org.jabref.model.openoffice.style
jablib/src/main/java/org/jabref/model/openoffice/style/CitationGroups.java	7	jablib	org.jabref.model.openoffice.style
jablib/src/main/java/org/jabref/model/openoffice/style/CitationType.java	7	jablib	org.jabref.model.openoffice.style
jabgui/src/main/java/org/jabref/gui/actions/ActionHelper.java	8	jabgui	org.jabref.gui.actions
jabgui/src/main/java/org/jabref/gui/actions/StandardActions.java	8	jabgui	org.jabref.gui.actions
jabgui/src/main/java/org/jabref/gui/entryeditor/fileannotationtab/FileAnnotationTab.java	8	jabgui	org.jabref.gui.entryeditor.fileannotationtab
jabgui/src/main/java/org/jabref/gui/entryeditor/fileannotationtab/FileAnnotationTabView.java	8	jabgui	org.jabref.gui.entryeditor.fileannotationtab
jabgui/src/main/java/org/jabref/gui/entryeditor/fileannotationtab/FileAnnotationTabViewModel.java	8	jabgui	org.jabref.gui.entryeditor.fileannotationtab
jabgui/src/main/java/org/jabref/gui/entryeditor/fileannotationtab/FileAnnotationViewModel.java	8	jabgui	org.jabref.gui.entryeditor.fileannotationtab
jabgui/src/main/java/org/jabref/gui/errorconsole/ErrorConsoleView.java	8	jabgui	org.jabref.gui.errorconsole
jabgui/src/main/java/org/jabref/gui/fieldeditors/contextmenu/ContextAction.java	8	jabgui	org.jabref.gui.fieldeditors.contextmenu
jabgui/src/main/java/org/jabref/gui/fieldeditors/contextmenu/ContextMenuFactory.java	8	jabgui	org.jabref.gui.fieldeditors.contextmenu
jabgui/src/main/java/org/jabref/gui/fieldeditors/contextmenu/SingleSelectionMenuBuilder.java	8	jabgui	org.jabref.gui.fieldeditors.contextmenu
jabgui/src/main/java/org/jabref/gui/frame/MainMenu.java	8	jabgui	org.jabref.gui.frame
jabgui/src/main/java/org/jabref/gui/frame/MainToolBar.java	8	jabgui	org.jabref.gui.frame
jabgui/src/main/java/org/jabref/gui/git/GitCommitAction.java	8	jabgui	org.jabref.gui.git
jabgui/src/main/java/org/jabref/gui/git/GitCommitDialogView.java	8	jabgui	org.jabref.gui.git
jabgui/src/main/java/org/jabref/gui/git/GitCommitDialogViewModel.java	8	jabgui	org.jabref.gui.git
jabgui/src/main/java/org/jabref/gui/git/GitPullAction.java	8	jabgui	org.jabref.gui.git
jabgui/src/main/java/org/jabref/gui/git/GitPushAction.java	8	jabgui	org.jabref.gui.git
jabgui/src/main/java/org/jabref/gui/git/GitShareToGitHubAction.java	8	jabgui	org.jabref.gui.git
jabgui/src/main/java/org/jabref/gui/git/GitShareToGitHubDialogView.java	8	jabgui	org.jabref.gui.git
jabgui/src/main/java/org/jabref/gui/git/GitShareToGitHubDialogViewModel.java	8	jabgui	org.jabref.gui.git
jabgui/src/main/java/org/jabref/gui/git/GitStatusViewModel.java	8	jabgui	org.jabref.gui.git
jabgui/src/main/java/org/jabref/gui/keyboard/KeyBinding.java	8	jabgui	org.jabref.gui.keyboard
jabgui/src/main/java/org/jabref/gui/keyboard/KeyBindingCategory.java	8	jabgui	org.jabref.gui.keyboard
jabgui/src/main/java/org/jabref/gui/keyboard/KeyBindingRepository.java	8	jabgui	org.jabref.gui.keyboard
jabgui/src/main/java/org/jabref/gui/preferences/keybindings/KeyBindingViewModel.java	8	jabgui	org.jabref.gui.preferences.keybindings
jabgui/src/main/java/org/jabref/gui/preferences/keybindings/KeyBindingsTab.java	8	jabgui	org.jabref.gui.preferences.keybindings
jabgui/src/main/java/org/jabref/gui/preferences/keybindings/KeyBindingsTabViewModel.java	8	jabgui	org.jabref.gui.preferences.keybindings
jabgui/src/main/java/org/jabref/gui/preferences/keybindings/presets/BashKeyBindingPreset.java	8	jabgui	org.jabref.gui.preferences.keybindings.presets
jabgui/src/main/java/org/jabref/gui/preferences/keybindings/presets/NewEntryBindingPreset.java	8	jabgui	org.jabref.gui.preferences.keybindings.presets
jabgui/src/main/java/org/jabref/gui/util/URLs.java	8	jabgui	org.jabref.gui.util
jablib/src/main/java/org/jabref/logic/git/GitHandler.java	8	jablib	org.jabref.logic.git
jablib/src/main/java/org/jabref/logic/git/GitSyncService.java	8	jablib	org.jabref.logic.git
jablib/src/main/java/org/jabref/logic/git/io/GitRevisionLocator.java	8	jablib	org.jabref.logic.git.io
jablib/src/main/java/org/jabref/logic/git/preferences/GitPreferences.java	8	jablib	org.jabref.logic.git.preferences
jablib/src/main/java/org/jabref/logic/git/status/GitStatusChecker.java	8	jablib	org.jabref.logic.git.status
jablib/src/main/java/org/jabref/logic/git/util/GitInitService.java	8	jablib	org.jabref.logic.git.util
jablib/src/main/java/org/jabref/logic/pdf/AnnotationImporter.java	8	jablib	org.jabref.logic.pdf
jablib/src/main/java/org/jabref/logic/pdf/EntryAnnotationImporter.java	8	jablib	org.jabref.logic.pdf
jablib/src/main/java/org/jabref/logic/pdf/PdfAnnotationImporter.java	8	jablib	org.jabref.logic.pdf
jablib/src/main/java/org/jabref/model/pdf/FileAnnotation.java	8	jablib	org.jabref.model.pdf
jablib/src/main/java/org/jabref/model/pdf/FileAnnotationType.java	8	jablib	org.jabref.model.pdf
jabgui/src/main/java/org/jabref/gui/collab/DatabaseChangeResolverFactory.java	9	jabgui	org.jabref.gui.collab
jabgui/src/main/java/org/jabref/gui/collab/entrychange/EntryChangeResolver.java	9	jabgui	org.jabref.gui.collab.entrychange
jabgui/src/main/java/org/jabref/gui/duplicationFinder/DuplicateResolverDialog.java	9	jabgui	org.jabref.gui.duplicationFinder
jabgui/src/main/java/org/jabref/gui/mergeentries/FetchAndMergeEntry.java	9	jabgui	org.jabref.gui.mergeentries
jabgui/src/main/java/org/jabref/gui/mergeentries/threewaymerge/FieldRowView.java	9	jabgui	org.jabref.gui.mergeentries.threewaymerge
jabgui/src/main/java/org/jabref/gui/mergeentries/threewaymerge/FieldRowViewModel.java	9	jabgui	org.jabref.gui.mergeentries.threewaymerge
jabgui/src/main/java/org/jabref/gui/mergeentries/threewaymerge/MergeEntriesAction.java	9	jabgui	org.jabref.gui.mergeentries.threewaymerge
jabgui/src/main/java/org/jabref/gui/mergeentries/threewaymerge/MergeEntriesDialog.java	9	jabgui	org.jabref.gui.mergeentries.threewaymerge
jabgui/src/main/java/org/jabref/gui/mergeentries/threewaymerge/ThreeWayMergeHeaderView.java	9	jabgui	org.jabref.gui.mergeentries.threewaymerge
jabgui/src/main/java/org/jabref/gui/mergeentries/threewaymerge/ThreeWayMergeView.java	9	jabgui	org.jabref.gui.mergeentries.threewaymerge
jabgui/src/main/java/org/jabref/gui/mergeentries/threewaymerge/ThreeWayMergeViewModel.java	9	jabgui	org.jabref.gui.mergeentries.threewaymerge
jabgui/src/main/java/org/jabref/gui/mergeentries/threewaymerge/cell/FieldNameCell.java	9	jabgui	org.jabref.gui.mergeentries.threewaymerge.cell
jabgui/src/main/java/org/jabref/gui/mergeentries/threewaymerge/cell/FieldValueCell.java	9	jabgui	org.jabref.gui.mergeentries.threewaymerge.cell
jabgui/src/main/java/org/jabref/gui/mergeentries/threewaymerge/cell/HeaderCell.java	9	jabgui	org.jabref.gui.mergeentries.threewaymerge.cell
jabgui/src/main/java/org/jabref/gui/mergeentries/threewaymerge/cell/MergedFieldCell.java	9	jabgui	org.jabref.gui.mergeentries.threewaymerge.cell
jabgui/src/main/java/org/jabref/gui/mergeentries/threewaymerge/cell/OpenExternalLinkAction.java	9	jabgui	org.jabref.gui.mergeentries.threewaymerge.cell
jabgui/src/main/java/org/jabref/gui/mergeentries/threewaymerge/cell/ThreeWayMergeCell.java	9	jabgui	org.jabref.gui.mergeentries.threewaymerge.cell
jabgui/src/main/java/org/jabref/gui/mergeentries/threewaymerge/cell/sidebuttons/ToggleMergeUnmergeButton.java	9	jabgui	org.jabref.gui.mergeentries.threewaymerge.cell.sidebuttons
jabgui/src/main/java/org/jabref/gui/mergeentries/threewaymerge/diffhighlighter/DiffHighlighter.java	9	jabgui	org.jabref.gui.mergeentries.threewaymerge.diffhighlighter
jabgui/src/main/java/org/jabref/gui/mergeentries/threewaymerge/diffhighlighter/SplitDiffHighlighter.java	9	jabgui	org.jabref.gui.mergeentries.threewaymerge.diffhighlighter
jabgui/src/main/java/org/jabref/gui/mergeentries/threewaymerge/diffhighlighter/UnifiedDiffHighlighter.java	9	jabgui	org.jabref.gui.mergeentries.threewaymerge.diffhighlighter
jabgui/src/main/java/org/jabref/gui/mergeentries/threewaymerge/fieldsmerger/CommentMerger.java	9	jabgui	org.jabref.gui.mergeentries.threewaymerge.fieldsmerger
jabgui/src/main/java/org/jabref/gui/mergeentries/threewaymerge/fieldsmerger/FieldMerger.java	9	jabgui	org.jabref.gui.mergeentries.threewaymerge.fieldsmerger
jabgui/src/main/java/org/jabref/gui/mergeentries/threewaymerge/fieldsmerger/FieldMergerFactory.java	9	jabgui	org.jabref.gui.mergeentries.threewaymerge.fieldsmerger
jabgui/src/main/java/org/jabref/gui/mergeentries/threewaymerge/fieldsmerger/FileMerger.java	9	jabgui	org.jabref.gui.mergeentries.threewaymerge.fieldsmerger
jabgui/src/main/java/org/jabref/gui/mergeentries/threewaymerge/fieldsmerger/GroupMerger.java	9	jabgui	org.jabref.gui.mergeentries.threewaymerge.fieldsmerger
jabgui/src/main/java/org/jabref/gui/mergeentries/threewaymerge/fieldsmerger/KeywordMerger.java	9	jabgui	org.jabref.gui.mergeentries.threewaymerge.fieldsmerger
jabgui/src/main/java/org/jabref/gui/mergeentries/threewaymerge/toolbar/ThreeWayMergeToolbar.java	9	jabgui	org.jabref.gui.mergeentries.threewaymerge.toolbar
jablib/src/main/java/org/jabref/logic/formatter/Formatter.java	10	jablib	org.jabref.logic.formatter
jablib/src/main/java/org/jabref/logic/formatter/IdentityFormatter.java	10	jablib	org.jabref.logic.formatter
jablib/src/main/java/org/jabref/logic/formatter/bibtexfields/AddBracesFormatter.java	10	jablib	org.jabref.logic.formatter.bibtexfields
jablib/src/main/java/org/jabref/logic/formatter/bibtexfields/ClearFormatter.java	10	jablib	org.jabref.logic.formatter.bibtexfields
jablib/src/main/java/org/jabref/logic/formatter/bibtexfields/EscapeUnderscoresFormatter.java	10	jablib	org.jabref.logic.formatter.bibtexfields
jablib/src/main/java/org/jabref/logic/formatter/bibtexfields/HtmlToLatexFormatter.java	10	jablib	org.jabref.logic.formatter.bibtexfields
jablib/src/main/java/org/jabref/logic/formatter/bibtexfields/LatexCleanupFormatter.java	10	jablib	org.jabref.logic.formatter.bibtexfields
jablib/src/main/java/org/jabref/logic/formatter/bibtexfields/NormalizeDateFormatter.java	10	jablib	org.jabref.logic.formatter.bibtexfields
jablib/src/main/java/org/jabref/logic/formatter/bibtexfields/NormalizeMonthFormatter.java	10	jablib	org.jabref.logic.formatter.bibtexfields
jablib/src/main/java/org/jabref/logic/formatter/bibtexfields/NormalizeNamesFormatter.java	10	jablib	org.jabref.logic.formatter.bibtexfields
jablib/src/main/java/org/jabref/logic/formatter/bibtexfields/NormalizePagesFormatter.java	10	jablib	org.jabref.logic.formatter.bibtexfields
jablib/src/main/java/org/jabref/logic/formatter/bibtexfields/OrdinalsToSuperscriptFormatter.java	10	jablib	org.jabref.logic.formatter.bibtexfields
jablib/src/main/java/org/jabref/logic/formatter/bibtexfields/RegexFormatter.java	10	jablib	org.jabref.logic.formatter.bibtexfields
jablib/src/main/java/org/jabref/logic/formatter/bibtexfields/RemoveEnclosingBracesFormatter.java	10	jablib	org.jabref.logic.formatter.bibtexfields
jablib/src/main/java/org/jabref/logic/formatter/bibtexfields/RemoveHyphenatedNewlinesFormatter.java	10	jablib	org.jabref.logic.formatter.bibtexfields
jablib/src/main/java/org/jabref/logic/formatter/bibtexfields/RemoveNewlinesFormatter.java	10	jablib	org.jabref.logic.formatter.bibtexfields
jablib/src/main/java/org/jabref/logic/formatter/bibtexfields/UnicodeToLatexFormatter.java	10	jablib	org.jabref.logic.formatter.bibtexfields
jablib/src/main/java/org/jabref/logic/formatter/bibtexfields/UnitsToLatexFormatter.java	10	jablib	org.jabref.logic.formatter.bibtexfields
jablib/src/main/java/org/jabref/logic/formatter/casechanger/CapitalizeFormatter.java	10	jablib	org.jabref.logic.formatter.casechanger
jablib/src/main/java/org/jabref/logic/formatter/casechanger/LowerCaseFormatter.java	10	jablib	org.jabref.logic.formatter.casechanger
jablib/src/main/java/org/jabref/logic/formatter/casechanger/ProtectTermsFormatter.java	10	jablib	org.jabref.logic.formatter.casechanger
jablib/src/main/java/org/jabref/logic/formatter/casechanger/SentenceCaseFormatter.java	10	jablib	org.jabref.logic.formatter.casechanger
jablib/src/main/java/org/jabref/logic/formatter/casechanger/TitleCaseFormatter.java	10	jablib	org.jabref.logic.formatter.casechanger
jablib/src/main/java/org/jabref/logic/formatter/casechanger/UpperCaseFormatter.java	10	jablib	org.jabref.logic.formatter.casechanger
jablib/src/main/java/org/jabref/logic/formatter/minifier/MinifyNameListFormatter.java	10	jablib	org.jabref.logic.formatter.minifier
jabgui/src/main/java/org/jabref/gui/preferences/customentrytypes/CustomEntryTypeViewModel.java	11	jabgui	org.jabref.gui.preferences.customentrytypes
jabgui/src/main/java/org/jabref/gui/preferences/customentrytypes/CustomEntryTypesTab.java	11	jabgui	org.jabref.gui.preferences.customentrytypes
jabgui/src/main/java/org/jabref/gui/preferences/customentrytypes/CustomEntryTypesTabViewModel.java	11	jabgui	org.jabref.gui.preferences.customentrytypes
jabgui/src/main/java/org/jabref/gui/preferences/customentrytypes/EntryTypeViewModel.java	11	jabgui	org.jabref.gui.preferences.customentrytypes
jabgui/src/main/java/org/jabref/gui/preferences/customentrytypes/FieldViewModel.java	11	jabgui	org.jabref.gui.preferences.customentrytypes
jablib/src/main/java/org/jabref/model/entry/BibEntryType.java	11	jablib	org.jabref.model.entry
jablib/src/main/java/org/jabref/model/entry/BibEntryTypeBuilder.java	11	jablib	org.jabref.model.entry
jablib/src/main/java/org/jabref/model/entry/BibEntryTypesManager.java	11	jablib	org.jabref.model.entry
jablib/src/main/java/org/jabref/model/entry/field/AMSField.java	11	jablib	org.jabref.model.entry.field
jablib/src/main/java/org/jabref/model/entry/field/BiblatexApaField.java	11	jablib	org.jabref.model.entry.field
jablib/src/main/java/org/jabref/model/entry/field/BiblatexSoftwareField.java	11	jablib	org.jabref.model.entry.field
jablib/src/main/java/org/jabref/model/entry/field/Field.java	11	jablib	org.jabref.model.entry.field
jablib/src/main/java/org/jabref/model/entry/field/FieldFactory.java	11	jablib	org.jabref.model.entry.field
jablib/src/main/java/org/jabref/model/entry/field/FieldPriority.java	11	jablib	org.jabref.model.entry.field
jablib/src/main/java/org/jabref/model/entry/field/IEEEField.java	11	jablib	org.jabref.model.entry.field
jablib/src/main/java/org/jabref/model/entry/field/OrFields.java	11	jablib	org.jabref.model.entry.field
jablib/src/main/java/org/jabref/model/entry/field/StandardField.java	11	jablib	org.jabref.model.entry.field
jablib/src/main/java/org/jabref/model/entry/field/UnknownField.java	11	jablib	org.jabref.model.entry.field
jablib/src/main/java/org/jabref/model/entry/field/UserSpecificCommentField.java	11	jablib	org.jabref.model.entry.field
jablib/src/main/java/org/jabref/model/entry/types/BiblatexSoftwareEntryTypeDefinitions.java	11	jablib	org.jabref.model.entry.types
jablib/src/main/java/org/jabref/model/entry/types/EntryTypeFactory.java	11	jablib	org.jabref.model.entry.types
jabgui/src/main/java/org/jabref/gui/slr/EditExistingStudyAction.java	12	jabgui	org.jabref.gui.slr
jabgui/src/main/java/org/jabref/gui/slr/ExistingStudySearchAction.java	12	jabgui	org.jabref.gui.slr
jabgui/src/main/java/org/jabref/gui/slr/ManageStudyDefinitionView.java	12	jabgui	org.jabref.gui.slr
jabgui/src/main/java/org/jabref/gui/slr/ManageStudyDefinitionViewModel.java	12	jabgui	org.jabref.gui.slr
jabgui/src/main/java/org/jabref/gui/slr/StartNewStudyAction.java	12	jabgui	org.jabref.gui.slr
jabgui/src/main/java/org/jabref/gui/slr/StudyCatalogItem.java	12	jabgui	org.jabref.gui.slr
jablib/src/main/java/org/jabref/logic/crawler/Crawler.java	12	jablib	org.jabref.logic.crawler
jablib/src/main/java/org/jabref/logic/crawler/StudyCatalogToFetcherConverter.java	12	jablib	org.jabref.logic.crawler
jablib/src/main/java/org/jabref/logic/crawler/StudyFetcher.java	12	jablib	org.jabref.logic.crawler
jablib/src/main/java/org/jabref/logic/crawler/StudyRepository.java	12	jablib	org.jabref.logic.crawler
jablib/src/main/java/org/jabref/logic/crawler/StudyYamlParser.java	12	jablib	org.jabref.logic.crawler
jablib/src/main/java/org/jabref/logic/crawler/StudyYamlV1Migrator.java	12	jablib	org.jabref.logic.crawler
jablib/src/main/java/org/jabref/logic/git/SlrGitHandler.java	12	jablib	org.jabref.logic.git
jablib/src/main/java/org/jabref/model/study/Study.java	12	jablib	org.jabref.model.study
jablib/src/main/java/org/jabref/model/study/StudyCatalog.java	12	jablib	org.jabref.model.study
jablib/src/main/java/org/jabref/model/study/StudyQuery.java	12	jablib	org.jabref.model.study
jabgui/src/main/java/org/jabref/gui/collab/DatabaseChangeDetailsView.java	13	jabgui	org.jabref.gui.collab
jabgui/src/main/java/org/jabref/gui/collab/DatabaseChangeDetailsViewFactory.java	13	jabgui	org.jabref.gui.collab
jabgui/src/main/java/org/jabref/gui/collab/entrychange/EntryChangeDetailsView.java	13	jabgui	org.jabref.gui.collab.entrychange
jabgui/src/main/java/org/jabref/gui/collab/entrychange/EntryWithPreviewAndSourceDetailsView.java	13	jabgui	org.jabref.gui.collab.entrychange
jabgui/src/main/java/org/jabref/gui/collab/entrychange/PreviewWithSourceTab.java	13	jabgui	org.jabref.gui.collab.entrychange
jabgui/src/main/java/org/jabref/gui/collab/groupchange/GroupChangeDetailsView.java	13	jabgui	org.jabref.gui.collab.groupchange
jabgui/src/main/java/org/jabref/gui/collab/metedatachange/MetadataChangeDetailsView.java	13	jabgui	org.jabref.gui.collab.metedatachange
jabgui/src/main/java/org/jabref/gui/collab/preamblechange/PreambleChangeDetailsView.java	13	jabgui	org.jabref.gui.collab.preamblechange
jabgui/src/main/java/org/jabref/gui/collab/stringadd/BibTexStringAddDetailsView.java	13	jabgui	org.jabref.gui.collab.stringadd
jabgui/src/main/java/org/jabref/gui/collab/stringchange/BibTexStringChangeDetailsView.java	13	jabgui	org.jabref.gui.collab.stringchange
jabgui/src/main/java/org/jabref/gui/collab/stringdelete/BibTexStringDeleteDetailsView.java	13	jabgui	org.jabref.gui.collab.stringdelete
jabgui/src/main/java/org/jabref/gui/collab/stringrename/BibTexStringRenameDetailsView.java	13	jabgui	org.jabref.gui.collab.stringrename
jabgui/src/main/java/org/jabref/gui/git/GitDiffDialogView.java	13	jabgui	org.jabref.gui.git
jabgui/src/main/java/org/jabref/gui/git/GitEntryChangeDetailsView.java	13	jabgui	org.jabref.gui.git
jabgui/src/main/java/org/jabref/gui/edit/automaticfieldeditor/AbstractAutomaticFieldEditorTabView.java	14	jabgui	org.jabref.gui.edit.automaticfieldeditor
jabgui/src/main/java/org/jabref/gui/edit/automaticfieldeditor/AbstractAutomaticFieldEditorTabViewModel.java	14	jabgui	org.jabref.gui.edit.automaticfieldeditor
jabgui/src/main/java/org/jabref/gui/edit/automaticfieldeditor/AutomaticFieldEditorAction.java	14	jabgui	org.jabref.gui.edit.automaticfieldeditor
jabgui/src/main/java/org/jabref/gui/edit/automaticfieldeditor/AutomaticFieldEditorDialog.java	14	jabgui	org.jabref.gui.edit.automaticfieldeditor
jabgui/src/main/java/org/jabref/gui/edit/automaticfieldeditor/AutomaticFieldEditorViewModel.java	14	jabgui	org.jabref.gui.edit.automaticfieldeditor
jabgui/src/main/java/org/jabref/gui/edit/automaticfieldeditor/MoveFieldValueAction.java	14	jabgui	org.jabref.gui.edit.automaticfieldeditor
jabgui/src/main/java/org/jabref/gui/edit/automaticfieldeditor/clearcontent/ClearContentTabView.java	14	jabgui	org.jabref.gui.edit.automaticfieldeditor.clearcontent
jabgui/src/main/java/org/jabref/gui/edit/automaticfieldeditor/clearcontent/ClearContentViewModel.java	14	jabgui	org.jabref.gui.edit.automaticfieldeditor.clearcontent
jabgui/src/main/java/org/jabref/gui/edit/automaticfieldeditor/copyormovecontent/CopyOrMoveFieldContentTabView.java	14	jabgui	org.jabref.gui.edit.automaticfieldeditor.copyormovecontent
jabgui/src/main/java/org/jabref/gui/edit/automaticfieldeditor/copyormovecontent/CopyOrMoveFieldContentTabViewModel.java	14	jabgui	org.jabref.gui.edit.automaticfieldeditor.copyormovecontent
jabgui/src/main/java/org/jabref/gui/edit/automaticfieldeditor/editfieldcontent/EditFieldContentTabView.java	14	jabgui	org.jabref.gui.edit.automaticfieldeditor.editfieldcontent
jabgui/src/main/java/org/jabref/gui/edit/automaticfieldeditor/editfieldcontent/EditFieldContentViewModel.java	14	jabgui	org.jabref.gui.edit.automaticfieldeditor.editfieldcontent
jabgui/src/main/java/org/jabref/gui/edit/automaticfieldeditor/renamefield/RenameFieldTabView.java	14	jabgui	org.jabref.gui.edit.automaticfieldeditor.renamefield
jabgui/src/main/java/org/jabref/gui/edit/automaticfieldeditor/renamefield/RenameFieldViewModel.java	14	jabgui	org.jabref.gui.edit.automaticfieldeditor.renamefield
jabgui/src/main/java/org/jabref/gui/linkedfile/OcrLinkedFileAction.java	15	jabgui	org.jabref.gui.linkedfile
jabgui/src/main/java/org/jabref/gui/preferences/ocr/OcrTab.java	15	jabgui	org.jabref.gui.preferences.ocr
jabgui/src/main/java/org/jabref/gui/preferences/ocr/OcrTabViewModel.java	15	jabgui	org.jabref.gui.preferences.ocr
jablib/src/main/java/org/jabref/logic/ocr/OcrEngine.java	15	jablib	org.jabref.logic.ocr
jablib/src/main/java/org/jabref/logic/ocr/OcrMyPdfEngine.java	15	jablib	org.jabref.logic.ocr
jablib/src/main/java/org/jabref/logic/ocr/OcrPreferences.java	15	jablib	org.jabref.logic.ocr
jablib/src/main/java/org/jabref/logic/ocr/OcrUtils.java	15	jablib	org.jabref.logic.ocr
jablib/src/main/java/org/jabref/logic/ocr/docling/DoclingEngine.java	15	jablib	org.jabref.logic.ocr.docling
jabgui/src/main/java/org/jabref/gui/desktop/os/DefaultDesktop.java	16	jabgui	org.jabref.gui.desktop.os
jabgui/src/main/java/org/jabref/gui/desktop/os/Linux.java	16	jabgui	org.jabref.gui.desktop.os
jabgui/src/main/java/org/jabref/gui/desktop/os/NativeDesktop.java	16	jabgui	org.jabref.gui.desktop.os
jabgui/src/main/java/org/jabref/gui/desktop/os/OSX.java	16	jabgui	org.jabref.gui.desktop.os
jabgui/src/main/java/org/jabref/gui/desktop/os/Windows.java	16	jabgui	org.jabref.gui.desktop.os
jabgui/src/main/java/org/jabref/gui/cleanup/CleanupSingleFieldPanel.java	17	jabgui	org.jabref.gui.cleanup
jabgui/src/main/java/org/jabref/gui/cleanup/CleanupSingleFieldViewModel.java	17	jabgui	org.jabref.gui.cleanup
jabgui/src/main/java/org/jabref/gui/commonfxcontrols/FieldFormatterCleanupsPanel.java	17	jabgui	org.jabref.gui.commonfxcontrols
jabgui/src/main/java/org/jabref/gui/commonfxcontrols/FieldFormatterCleanupsPanelViewModel.java	17	jabgui	org.jabref.gui.commonfxcontrols
jabgui/src/main/java/org/jabref/gui/preferences/externalfiletypes/EditExternalFileTypeEntryDialog.java	18	jabgui	org.jabref.gui.preferences.externalfiletypes
jabgui/src/main/java/org/jabref/gui/preferences/externalfiletypes/EditExternalFileTypeViewModel.java	18	jabgui	org.jabref.gui.preferences.externalfiletypes
jabgui/src/main/java/org/jabref/gui/preferences/externalfiletypes/ExternalFileTypesTab.java	18	jabgui	org.jabref.gui.preferences.externalfiletypes
jabgui/src/main/java/org/jabref/gui/preferences/externalfiletypes/ExternalFileTypesTabViewModel.java	18	jabgui	org.jabref.gui.preferences.externalfiletypes
jablib/src/main/java/org/jabref/logic/search/query/SearchQueryExtractorVisitor.java	19	jablib	org.jabref.logic.search.query
jablib/src/main/java/org/jabref/logic/search/query/SearchToLuceneVisitor.java	19	jablib	org.jabref.logic.search.query
jablib/src/main/java/org/jabref/logic/search/query/SearchToSqlVisitor.java	19	jablib	org.jabref.logic.search.query
jablib/src/main/java/org/jabref/logic/search/sqlbased/retrieval/LinkedFilesSearcher.java	19	jablib	org.jabref.logic.search.sqlbased.retrieval
jabgui/src/main/java/org/jabref/gui/util/DefaultFileUpdateMonitor.java	20	jabgui	org.jabref.gui.util
jablib/src/main/java/org/jabref/model/util/DummyFileUpdateMonitor.java	20	jablib	org.jabref.model.util
jablib/src/main/java/org/jabref/model/util/FileUpdateMonitor.java	20	jablib	org.jabref.model.util
jabgui/src/main/java/org/jabref/gui/fieldeditors/ISSNEditorViewModel.java	21	jabgui	org.jabref.gui.fieldeditors
jabgui/src/main/java/org/jabref/gui/fieldeditors/journalinfo/JournalInfoViewModel.java	21	jabgui	org.jabref.gui.fieldeditors.journalinfo
jablib/src/main/java/org/jabref/logic/importer/fetcher/JournalInformationFetcher.java	21	jablib	org.jabref.logic.importer.fetcher
jabgui/src/main/java/org/jabref/gui/fieldeditors/contextmenu/ProtectedTermsMenu.java	22	jabgui	org.jabref.gui.fieldeditors.contextmenu
jablib/src/main/java/org/jabref/logic/protectedterms/ProtectedTermsLoader.java	22	jablib	org.jabref.logic.protectedterms
jablib/src/main/java/org/jabref/logic/protectedterms/ProtectedTermsParser.java	22	jablib	org.jabref.logic.protectedterms
jablib/src/main/java/org/jabref/logic/search/sqlbased/IndexManager.java	23	jablib	org.jabref.logic.search.sqlbased
jablib/src/main/java/org/jabref/logic/search/sqlbased/indexing/BibFieldsIndexer.java	23	jablib	org.jabref.logic.search.sqlbased.indexing
jablib/src/main/java/org/jabref/model/search/PostgresConstants.java	23	jablib	org.jabref.model.search
jabgui/src/main/java/org/jabref/gui/bibtexhighlighter/BibTeXHighlighter.java	24	jabgui	org.jabref.gui.bibtexhighlighter
jabgui/src/main/java/org/jabref/gui/entryeditor/SourceTab.java	24	jabgui	org.jabref.gui.entryeditor
jabgui/src/main/java/org/jabref/gui/keyboard/CodeAreaKeyBindings.java	24	jabgui	org.jabref.gui.keyboard
build-support/src/main/java/JournalListMvGenerator.java	25	build-support	(default)
build-support/src/main/java/LtwaListMvGenerator.java	25	build-support	(default)
jabgui/src/main/java/org/jabref/gui/ai/chat/AiChatView.java	26	jabgui	org.jabref.gui.ai.chat
jablib/src/main/java/org/jabref/logic/ai/summarization/listeners/GenerateSummaryAiDatabaseListener.java	26	jablib	org.jabref.logic.ai.summarization.listeners
jabgui/src/main/java/org/jabref/gui/consistency/ConsistencyCheckDialog.java	27	jabgui	org.jabref.gui.consistency
jabgui/src/main/java/org/jabref/gui/consistency/ConsistencyCheckDialogViewModel.java	27	jabgui	org.jabref.gui.consistency
jabgui/src/main/java/org/jabref/gui/linkedfile/DownloadLinkedFileAction.java	28	jabgui	org.jabref.gui.linkedfile
jabgui/src/main/java/org/jabref/gui/linkedfile/RedownloadMissingFilesAction.java	28	jabgui	org.jabref.gui.linkedfile
jabgui/src/main/java/org/jabref/gui/errorconsole/ErrorConsoleViewModel.java	29	jabgui	org.jabref.gui.errorconsole
jabgui/src/main/java/org/jabref/gui/logging/LogMessages.java	29	jabgui	org.jabref.gui.logging
jabgui/src/main/java/org/jabref/gui/mergeentries/threewaymerge/DiffMethod.java	30	jabgui	org.jabref.gui.mergeentries.threewaymerge
jabgui/src/main/java/org/jabref/gui/mergeentries/threewaymerge/GroupDiffMode.java	30	jabgui	org.jabref.gui.mergeentries.threewaymerge
jabgui/src/main/java/org/jabref/gui/openoffice/ModifyBibliographyPropertiesDialogView.java	31	jabgui	org.jabref.gui.openoffice
jabgui/src/main/java/org/jabref/gui/openoffice/ModifyBibliographyPropertiesDialogViewModel.java	31	jabgui	org.jabref.gui.openoffice
jabgui/src/main/java/org/jabref/gui/preferences/autocompletion/AutoCompletionTab.java	32	jabgui	org.jabref.gui.preferences.autocompletion
jabgui/src/main/java/org/jabref/gui/preferences/autocompletion/AutoCompletionTabViewModel.java	32	jabgui	org.jabref.gui.preferences.autocompletion
jabgui/src/main/java/org/jabref/gui/undo/RedoAction.java	33	jabgui	org.jabref.gui.undo
jabgui/src/main/java/org/jabref/gui/undo/UndoAction.java	33	jabgui	org.jabref.gui.undo
jabgui/src/main/java/org/jabref/gui/util/SelectableTextFlow.java	34	jabgui	org.jabref.gui.util
jabgui/src/main/java/org/jabref/gui/util/component/MarkdownTextFlow.java	34	jabgui	org.jabref.gui.util.component
jablib/src/main/java/org/jabref/logic/exporter/AtomicFileOutputStream.java	35	jablib	org.jabref.logic.exporter
jablib/src/main/java/org/jabref/logic/exporter/AtomicFileWriter.java	35	jablib	org.jabref.logic.exporter
jablib/src/main/java/org/jabref/logic/git/merge/planning/util/ConflictRules.java	36	jablib	org.jabref.logic.git.merge.planning.util
jablib/src/main/java/org/jabref/logic/git/merge/planning/util/FieldPatchComputer.java	36	jablib	org.jabref.logic.git.merge.planning.util
jablib/src/main/java/org/jabref/logic/layout/format/FirstPage.java	37	jablib	org.jabref.logic.layout.format
jablib/src/main/java/org/jabref/logic/layout/format/LastPage.java	37	jablib	org.jabref.logic.layout.format
jablib/src/main/java/org/jabref/logic/openoffice/ZoteroCitationData.java	38	jablib	org.jabref.logic.openoffice
jablib/src/main/java/org/jabref/logic/openoffice/ZoteroCitationMarkParser.java	38	jablib	org.jabref.logic.openoffice
jabls/src/main/java/org/jabref/languageserver/util/definition/DefinitionProvider.java	39	jabls	org.jabref.languageserver.util.definition
jabls/src/main/java/org/jabref/languageserver/util/definition/DefinitionProviderFactory.java	39	jabls	org.jabref.languageserver.util.definition
jablib/src/main/java/org/jabref/logic/remote/server/RemoteListenerServerManager.java	40	jablib	org.jabref.logic.remote.server
jablib/src/main/java/org/jabref/logic/util/HeadlessExecutorService.java	40	jablib	org.jabref.logic.util
