fileA	fileB	revsA	revsB	shared	weight	crossPackage	crossModule
jabgui/src/main/java/org/jabref/gui/desktop/os/DefaultDesktop.java	jabgui/src/main/java/org/jabref/gui/desktop/os/Linux.java	16	48	16	1.00	false	false
jabgui/src/main/java/org/jabref/gui/dialogs/AutosaveUiManager.java	jabgui/src/main/java/org/jabref/gui/exporter/SaveDatabaseAction.java	15	194	15	1.00	true	false
jabsrv-cli/src/main/java/module-info.java	jabsrv/src/main/java/module-info.java	11	25	11	1.00	false	true
jabgui/src/main/java/org/jabref/gui/frame/JabRefFrame.java	jabgui/src/main/java/org/jabref/gui/libraryproperties/LibraryPropertiesAction.java	1215	10	10	1.00	true	false
jabgui/src/main/java/org/jabref/gui/preferences/groups/GroupsTab.java	jabgui/src/main/java/org/jabref/gui/preferences/groups/GroupsTabViewModel.java	10	11	10	1.00	false	false
jablib/src/main/java/org/jabref/logic/layout/format/CreateDocBook4Editors.java	jablib/src/main/java/org/jabref/logic/layout/format/DocBookAuthorFormatter.java	10	35	10	1.00	false	false
jabgui/src/main/java/org/jabref/gui/frame/JabRefFrame.java	jabgui/src/main/java/org/jabref/gui/sidepane/SidePaneViewModel.java	1215	9	9	1.00	true	false
jabkit/src/main/java/org/jabref/toolkit/commands/Convert.java	jabkit/src/main/java/org/jabref/toolkit/commands/GenerateBibFromAux.java	12	9	9	1.00	false	false
jabgui/src/main/java/org/jabref/gui/push/GuiPushToEmacsSettings.java	jabgui/src/main/java/org/jabref/gui/push/GuiPushToVimSettings.java	8	8	8	1.00	false	false
jablib/src/main/java/org/jabref/logic/layout/format/AuthorLF_FF.java	jablib/src/main/java/org/jabref/logic/layout/format/AuthorLF_FFAbbr.java	8	8	8	1.00	false	false
jablib/src/main/java/org/jabref/logic/git/GitHandler.java	jablib/src/main/java/org/jabref/logic/git/GitSyncService.java	19	7	7	1.00	false	false
jablib/src/main/java/org/jabref/logic/layout/format/AuthorFirstAbbrLastCommas.java	jablib/src/main/java/org/jabref/logic/layout/format/AuthorFirstLastCommas.java	7	7	7	1.00	false	false
jablib/src/main/java/org/jabref/logic/layout/format/AuthorFirstAbbrLastCommas.java	jablib/src/main/java/org/jabref/logic/layout/format/AuthorLastFirstAbbrCommas.java	7	7	7	1.00	false	false
jablib/src/main/java/org/jabref/logic/layout/format/AuthorFirstAbbrLastCommas.java	jablib/src/main/java/org/jabref/logic/layout/format/AuthorLastFirstCommas.java	7	7	7	1.00	false	false
jablib/src/main/java/org/jabref/logic/layout/format/AuthorFirstLastCommas.java	jablib/src/main/java/org/jabref/logic/layout/format/AuthorLastFirstAbbrCommas.java	7	7	7	1.00	false	false
jablib/src/main/java/org/jabref/logic/layout/format/AuthorFirstLastCommas.java	jablib/src/main/java/org/jabref/logic/layout/format/AuthorLastFirstCommas.java	7	7	7	1.00	false	false
jablib/src/main/java/org/jabref/logic/layout/format/AuthorLastFirstAbbrCommas.java	jablib/src/main/java/org/jabref/logic/layout/format/AuthorLastFirstCommas.java	7	7	7	1.00	false	false
jablib/src/main/java/org/jabref/logic/shared/DBMSConnectionProperties.java	jablib/src/main/java/org/jabref/logic/shared/DatabaseConnectionProperties.java	15	7	7	1.00	false	false
jabgui/src/main/java/org/jabref/gui/collab/ChangeScanner.java	jabgui/src/main/java/org/jabref/gui/collab/DatabaseChangeResolverFactory.java	135	6	6	1.00	false	false
jabgui/src/main/java/org/jabref/gui/collab/DatabaseChangeResolverFactory.java	jabgui/src/main/java/org/jabref/gui/collab/entrychange/EntryChangeResolver.java	6	11	6	1.00	true	false
jabgui/src/main/java/org/jabref/gui/edit/automaticfieldeditor/editfieldcontent/EditFieldContentTabView.java	jabgui/src/main/java/org/jabref/gui/edit/automaticfieldeditor/renamefield/RenameFieldTabView.java	6	7	6	1.00	true	false
jabgui/src/main/java/org/jabref/gui/entryeditor/AiChatTab.java	jabgui/src/main/java/org/jabref/gui/entryeditor/AiSummaryTab.java	8	6	6	1.00	false	false
jabgui/src/main/java/org/jabref/gui/entryeditor/AiSummaryTab.java	jabgui/src/main/java/org/jabref/gui/entryeditor/EntryEditor.java	6	655	6	1.00	false	false
jabgui/src/main/java/org/jabref/gui/fieldeditors/FieldEditors.java	jabgui/src/main/java/org/jabref/gui/fieldeditors/optioneditors/MonthEditorViewModel.java	60	6	6	1.00	true	false
jabgui/src/main/java/org/jabref/gui/frame/JabRefFrame.java	jabgui/src/main/java/org/jabref/gui/specialfields/SpecialFieldMenuItemFactory.java	1215	6	6	1.00	true	false
jabgui/src/main/java/org/jabref/gui/keyboard/KeyBinding.java	jabgui/src/main/java/org/jabref/gui/preferences/keybindings/presets/NewEntryBindingPreset.java	80	6	6	1.00	true	false
jabgui/src/main/java/org/jabref/gui/maintable/RightClickMenu.java	jabgui/src/main/java/org/jabref/gui/specialfields/SpecialFieldMenuItemFactory.java	216	6	6	1.00	true	false
jabgui/src/main/java/org/jabref/gui/openoffice/JStyleSelectViewModel.java	jabgui/src/main/java/org/jabref/gui/openoffice/StyleSelectDialogViewModel.java	6	23	6	1.00	false	false
jabgui/src/main/java/org/jabref/gui/preferences/nameformatter/NameFormatterTab.java	jabgui/src/main/java/org/jabref/gui/preferences/nameformatter/NameFormatterTabViewModel.java	8	6	6	1.00	false	false
jabkit/src/main/java/org/jabref/toolkit/JabKitLauncher.java	jabkit/src/main/java/org/jabref/toolkit/commands/Fetch.java	16	6	6	1.00	true	false
jabkit/src/main/java/org/jabref/toolkit/commands/CheckConsistency.java	jabkit/src/main/java/org/jabref/toolkit/commands/Fetch.java	16	6	6	1.00	false	false
jabkit/src/main/java/org/jabref/toolkit/commands/CheckIntegrity.java	jabkit/src/main/java/org/jabref/toolkit/commands/Fetch.java	11	6	6	1.00	false	false
jabkit/src/main/java/org/jabref/toolkit/commands/Convert.java	jabkit/src/main/java/org/jabref/toolkit/commands/Fetch.java	12	6	6	1.00	false	false
jabkit/src/main/java/org/jabref/toolkit/commands/Fetch.java	jabkit/src/main/java/org/jabref/toolkit/commands/GenerateBibFromAux.java	6	9	6	1.00	false	false
jabkit/src/main/java/org/jabref/toolkit/commands/Fetch.java	jabkit/src/main/java/org/jabref/toolkit/commands/GenerateCitationKeys.java	6	14	6	1.00	false	false
jabkit/src/main/java/org/jabref/toolkit/commands/Fetch.java	jabkit/src/main/java/org/jabref/toolkit/commands/JabKit.java	6	18	6	1.00	false	false
jabkit/src/main/java/org/jabref/toolkit/commands/Fetch.java	jabkit/src/main/java/org/jabref/toolkit/commands/PdfUpdate.java	6	10	6	1.00	false	false
jabkit/src/main/java/org/jabref/toolkit/commands/Fetch.java	jabkit/src/main/java/org/jabref/toolkit/commands/Search.java	6	12	6	1.00	false	false
jablib/src/main/java/org/jabref/logic/preferences/JabRefCliPreferences.java	jablib/src/main/java/org/jabref/logic/preferences/TimestampPreferences.java	1078	6	6	1.00	false	false
jabgui/src/main/java/org/jabref/gui/autocompleter/ContentSelectorSuggestionProvider.java	jabgui/src/main/java/org/jabref/gui/fieldeditors/FieldEditors.java	5	60	5	1.00	true	false
jabgui/src/main/java/org/jabref/gui/edit/OpenBrowserAction.java	jabgui/src/main/java/org/jabref/gui/frame/JabRefFrame.java	5	1215	5	1.00	true	false
jabgui/src/main/java/org/jabref/gui/edit/automaticfieldeditor/editfieldcontent/EditFieldContentTabView.java	jabgui/src/main/java/org/jabref/gui/edit/automaticfieldeditor/editfieldcontent/EditFieldContentViewModel.java	6	5	5	1.00	false	false
jabgui/src/main/java/org/jabref/gui/edit/automaticfieldeditor/editfieldcontent/EditFieldContentViewModel.java	jabgui/src/main/java/org/jabref/gui/edit/automaticfieldeditor/renamefield/RenameFieldTabView.java	5	7	5	1.00	true	false
jabgui/src/main/java/org/jabref/gui/edit/automaticfieldeditor/renamefield/RenameFieldTabView.java	jabgui/src/main/java/org/jabref/gui/edit/automaticfieldeditor/renamefield/RenameFieldViewModel.java	7	5	5	1.00	false	false
jabgui/src/main/java/org/jabref/gui/entryeditor/EntryEditorTabModel.java	jabgui/src/main/java/org/jabref/gui/preferences/JabRefGuiPreferences.java	5	60	5	1.00	true	false
jabgui/src/main/java/org/jabref/gui/fieldeditors/FieldEditors.java	jabgui/src/main/java/org/jabref/gui/fieldeditors/OwnerEditorViewModel.java	60	5	5	1.00	false	false
jabgui/src/main/java/org/jabref/gui/fieldeditors/FieldEditors.java	jabgui/src/main/java/org/jabref/gui/fieldeditors/optioneditors/OptionEditorViewModel.java	60	5	5	1.00	true	false
jabgui/src/main/java/org/jabref/gui/fieldeditors/FieldEditors.java	jabgui/src/main/java/org/jabref/gui/fieldeditors/optioneditors/mapbased/PatentTypeEditorViewModel.java	60	5	5	1.00	true	false
jabgui/src/main/java/org/jabref/gui/fieldeditors/FieldEditors.java	jabgui/src/main/java/org/jabref/gui/fieldeditors/optioneditors/mapbased/YesNoEditorViewModel.java	60	5	5	1.00	true	false
jabgui/src/main/java/org/jabref/gui/fieldeditors/JournalEditor.java	jabgui/src/main/java/org/jabref/gui/fieldeditors/SimpleEditorViewModel.java	21	5	5	1.00	false	false
jabgui/src/main/java/org/jabref/gui/fieldeditors/OwnerEditor.java	jabgui/src/main/java/org/jabref/gui/fieldeditors/OwnerEditorViewModel.java	13	5	5	1.00	false	false
jabgui/src/main/java/org/jabref/gui/fieldeditors/SimpleEditor.java	jabgui/src/main/java/org/jabref/gui/fieldeditors/SimpleEditorViewModel.java	22	5	5	1.00	false	false
jabgui/src/main/java/org/jabref/gui/fieldeditors/optioneditors/MonthEditorViewModel.java	jabgui/src/main/java/org/jabref/gui/fieldeditors/optioneditors/OptionEditorViewModel.java	6	5	5	1.00	false	false
jabgui/src/main/java/org/jabref/gui/fieldeditors/optioneditors/MonthEditorViewModel.java	jabgui/src/main/java/org/jabref/gui/fieldeditors/optioneditors/mapbased/PatentTypeEditorViewModel.java	6	5	5	1.00	true	false
jabgui/src/main/java/org/jabref/gui/fieldeditors/optioneditors/MonthEditorViewModel.java	jabgui/src/main/java/org/jabref/gui/fieldeditors/optioneditors/mapbased/YesNoEditorViewModel.java	6	5	5	1.00	true	false
jabgui/src/main/java/org/jabref/gui/fieldeditors/optioneditors/OptionEditorViewModel.java	jabgui/src/main/java/org/jabref/gui/fieldeditors/optioneditors/mapbased/MapBasedEditorViewModel.java	5	7	5	1.00	true	false
jabgui/src/main/java/org/jabref/gui/fieldeditors/optioneditors/OptionEditorViewModel.java	jabgui/src/main/java/org/jabref/gui/fieldeditors/optioneditors/mapbased/PatentTypeEditorViewModel.java	5	5	5	1.00	true	false
jabgui/src/main/java/org/jabref/gui/fieldeditors/optioneditors/OptionEditorViewModel.java	jabgui/src/main/java/org/jabref/gui/fieldeditors/optioneditors/mapbased/YesNoEditorViewModel.java	5	5	5	1.00	true	false
jabgui/src/main/java/org/jabref/gui/fieldeditors/optioneditors/mapbased/MapBasedEditorViewModel.java	jabgui/src/main/java/org/jabref/gui/fieldeditors/optioneditors/mapbased/PatentTypeEditorViewModel.java	7	5	5	1.00	false	false
jabgui/src/main/java/org/jabref/gui/fieldeditors/optioneditors/mapbased/MapBasedEditorViewModel.java	jabgui/src/main/java/org/jabref/gui/fieldeditors/optioneditors/mapbased/YesNoEditorViewModel.java	7	5	5	1.00	false	false
jabgui/src/main/java/org/jabref/gui/fieldeditors/optioneditors/mapbased/PatentTypeEditorViewModel.java	jabgui/src/main/java/org/jabref/gui/fieldeditors/optioneditors/mapbased/YesNoEditorViewModel.java	5	5	5	1.00	false	false
jabgui/src/main/java/org/jabref/gui/maintable/MainTable.java	jablib/src/main/java/org/jabref/logic/bibtex/comparator/FieldComparatorStack.java	293	5	5	1.00	true	true
jabgui/src/main/java/org/jabref/gui/preferences/AbstractPreferenceTabView.java	jabgui/src/main/java/org/jabref/gui/preferences/preview/PreviewTab.java	5	42	5	1.00	true	false
jabgui/src/main/java/org/jabref/gui/preferences/GuiPreferences.java	jabgui/src/main/java/org/jabref/gui/preferences/JabRefGuiPreferences.java	5	60	5	1.00	false	false
jabgui/src/main/java/org/jabref/gui/preferences/ocr/OcrTab.java	jabgui/src/main/java/org/jabref/gui/preferences/ocr/OcrTabViewModel.java	5	6	5	1.00	false	false
jabgui/src/main/java/org/jabref/gui/welcome/quicksettings/viewmodel/ThemeDialogViewModel.java	jablib/src/main/java/org/jabref/logic/push/PushToApplicationDetector.java	8	5	5	1.00	true	true
jabkit/src/main/java/org/jabref/toolkit/commands/GetCitedWorks.java	jabkit/src/main/java/org/jabref/toolkit/commands/GetCitingWorks.java	6	5	5	1.00	false	false
jablib/src/main/java/org/jabref/logic/bibtex/comparator/CrossRefEntryComparator.java	jablib/src/main/java/org/jabref/logic/bibtex/comparator/FieldComparatorStack.java	13	5	5	1.00	false	false
jablib/src/main/java/org/jabref/logic/bibtex/comparator/FieldComparator.java	jablib/src/main/java/org/jabref/logic/bibtex/comparator/FieldComparatorStack.java	72	5	5	1.00	false	false
jablib/src/main/java/org/jabref/logic/bibtex/comparator/FieldComparatorStack.java	jablib/src/main/java/org/jabref/logic/exporter/OOCalcDatabase.java	5	38	5	1.00	true	false
jablib/src/main/java/org/jabref/logic/bibtex/comparator/FieldComparatorStack.java	jablib/src/main/java/org/jabref/logic/exporter/OpenDocumentRepresentation.java	5	39	5	1.00	true	false
jablib/src/main/java/org/jabref/logic/git/GitHandler.java	jablib/src/main/java/org/jabref/logic/git/io/GitRevisionLocator.java	19	5	5	1.00	true	false
jablib/src/main/java/org/jabref/logic/git/GitSyncService.java	jablib/src/main/java/org/jabref/logic/git/io/GitRevisionLocator.java	7	5	5	1.00	true	false
jablib/src/main/java/org/jabref/logic/importer/fileformat/EndnoteImporter.java	jablib/src/main/java/org/jabref/logic/layout/format/RisAuthors.java	70	5	5	1.00	true	false
jablib/src/main/java/org/jabref/logic/importer/fileformat/RisImporter.java	jablib/src/main/java/org/jabref/logic/layout/format/RisAuthors.java	94	5	5	1.00	true	false
jablib/src/main/java/org/jabref/logic/integrity/HowPublishedChecker.java	jablib/src/main/java/org/jabref/logic/integrity/NoteChecker.java	5	6	5	1.00	false	false
jablib/src/main/java/org/jabref/logic/layout/format/AuthorFirstAbbrLastCommas.java	jablib/src/main/java/org/jabref/logic/layout/format/AuthorFirstAbbrLastOxfordCommas.java	7	5	5	1.00	false	false
jablib/src/main/java/org/jabref/logic/layout/format/AuthorFirstAbbrLastCommas.java	jablib/src/main/java/org/jabref/logic/layout/format/AuthorFirstLastOxfordCommas.java	7	5	5	1.00	false	false
jablib/src/main/java/org/jabref/logic/layout/format/AuthorFirstAbbrLastCommas.java	jablib/src/main/java/org/jabref/logic/layout/format/AuthorLastFirstAbbrOxfordCommas.java	7	5	5	1.00	false	false
jablib/src/main/java/org/jabref/logic/layout/format/AuthorFirstAbbrLastCommas.java	jablib/src/main/java/org/jabref/logic/layout/format/AuthorLastFirstOxfordCommas.java	7	5	5	1.00	false	false
jablib/src/main/java/org/jabref/logic/layout/format/AuthorFirstAbbrLastOxfordCommas.java	jablib/src/main/java/org/jabref/logic/layout/format/AuthorFirstLastCommas.java	5	7	5	1.00	false	false
jablib/src/main/java/org/jabref/logic/layout/format/AuthorFirstAbbrLastOxfordCommas.java	jablib/src/main/java/org/jabref/logic/layout/format/AuthorFirstLastOxfordCommas.java	5	5	5	1.00	false	false
jablib/src/main/java/org/jabref/logic/layout/format/AuthorFirstAbbrLastOxfordCommas.java	jablib/src/main/java/org/jabref/logic/layout/format/AuthorLastFirstAbbrCommas.java	5	7	5	1.00	false	false
jablib/src/main/java/org/jabref/logic/layout/format/AuthorFirstAbbrLastOxfordCommas.java	jablib/src/main/java/org/jabref/logic/layout/format/AuthorLastFirstAbbrOxfordCommas.java	5	5	5	1.00	false	false
jablib/src/main/java/org/jabref/logic/layout/format/AuthorFirstAbbrLastOxfordCommas.java	jablib/src/main/java/org/jabref/logic/layout/format/AuthorLastFirstCommas.java	5	7	5	1.00	false	false
jablib/src/main/java/org/jabref/logic/layout/format/AuthorFirstAbbrLastOxfordCommas.java	jablib/src/main/java/org/jabref/logic/layout/format/AuthorLastFirstOxfordCommas.java	5	5	5	1.00	false	false
jablib/src/main/java/org/jabref/logic/layout/format/AuthorFirstLastCommas.java	jablib/src/main/java/org/jabref/logic/layout/format/AuthorFirstLastOxfordCommas.java	7	5	5	1.00	false	false
jablib/src/main/java/org/jabref/logic/layout/format/AuthorFirstLastCommas.java	jablib/src/main/java/org/jabref/logic/layout/format/AuthorLastFirstAbbrOxfordCommas.java	7	5	5	1.00	false	false
jablib/src/main/java/org/jabref/logic/layout/format/AuthorFirstLastCommas.java	jablib/src/main/java/org/jabref/logic/layout/format/AuthorLastFirstOxfordCommas.java	7	5	5	1.00	false	false
jablib/src/main/java/org/jabref/logic/layout/format/AuthorFirstLastOxfordCommas.java	jablib/src/main/java/org/jabref/logic/layout/format/AuthorLastFirstAbbrCommas.java	5	7	5	1.00	false	false
jablib/src/main/java/org/jabref/logic/layout/format/AuthorFirstLastOxfordCommas.java	jablib/src/main/java/org/jabref/logic/layout/format/AuthorLastFirstAbbrOxfordCommas.java	5	5	5	1.00	false	false
jablib/src/main/java/org/jabref/logic/layout/format/AuthorFirstLastOxfordCommas.java	jablib/src/main/java/org/jabref/logic/layout/format/AuthorLastFirstCommas.java	5	7	5	1.00	false	false
jablib/src/main/java/org/jabref/logic/layout/format/AuthorFirstLastOxfordCommas.java	jablib/src/main/java/org/jabref/logic/layout/format/AuthorLastFirstOxfordCommas.java	5	5	5	1.00	false	false
jablib/src/main/java/org/jabref/logic/layout/format/AuthorLastFirstAbbrCommas.java	jablib/src/main/java/org/jabref/logic/layout/format/AuthorLastFirstAbbrOxfordCommas.java	7	5	5	1.00	false	false
jablib/src/main/java/org/jabref/logic/layout/format/AuthorLastFirstAbbrCommas.java	jablib/src/main/java/org/jabref/logic/layout/format/AuthorLastFirstOxfordCommas.java	7	5	5	1.00	false	false
jablib/src/main/java/org/jabref/logic/layout/format/AuthorLastFirstAbbrOxfordCommas.java	jablib/src/main/java/org/jabref/logic/layout/format/AuthorLastFirstCommas.java	5	7	5	1.00	false	false
jablib/src/main/java/org/jabref/logic/layout/format/AuthorLastFirstAbbrOxfordCommas.java	jablib/src/main/java/org/jabref/logic/layout/format/AuthorLastFirstOxfordCommas.java	5	5	5	1.00	false	false
jablib/src/main/java/org/jabref/logic/layout/format/AuthorLastFirstCommas.java	jablib/src/main/java/org/jabref/logic/layout/format/AuthorLastFirstOxfordCommas.java	7	5	5	1.00	false	false
jablib/src/main/java/org/jabref/logic/openoffice/action/EditInsert.java	jablib/src/main/java/org/jabref/logic/openoffice/action/EditSeparate.java	6	5	5	1.00	false	false
jablib/src/main/java/org/jabref/logic/openoffice/action/EditMerge.java	jablib/src/main/java/org/jabref/logic/openoffice/action/EditSeparate.java	9	5	5	1.00	false	false
jablib/src/main/java/org/jabref/logic/openoffice/style/JStyle.java	jablib/src/main/java/org/jabref/logic/openoffice/style/JStyleGetNumericCitationMarker.java	104	5	5	1.00	false	false
jablib/src/main/java/org/jabref/logic/openoffice/style/OOFormatBibliography.java	jablib/src/main/java/org/jabref/logic/openoffice/style/OOProcessAuthorYearMarkers.java	5	7	5	1.00	false	false
jablib/src/main/java/org/jabref/logic/openoffice/style/OOProcessAuthorYearMarkers.java	jablib/src/main/java/org/jabref/logic/openoffice/style/OOProcessNumericMarkers.java	7	5	5	1.00	false	false
jablib/src/main/java/org/jabref/model/entry/field/BiblatexApaField.java	jablib/src/main/java/org/jabref/model/entry/field/StandardField.java	5	37	5	1.00	false	false
jabls-cli/src/main/java/module-info.java	jabls/src/main/java/module-info.java	5	12	5	1.00	false	true
jabls-cli/src/main/java/module-info.java	jabsrv/src/main/java/module-info.java	5	25	5	1.00	false	true
jabsrv/src/main/java/org/jabref/http/server/cayw/CAYWResource.java	jabsrv/src/main/java/org/jabref/http/server/cayw/format/BibLatexFormatter.java	16	5	5	1.00	true	false
jabgui/src/main/java/org/jabref/gui/JabRefGUI.java	jablib/src/main/java/org/jabref/logic/citation/repository/BibEntryCitationsAndReferencesRepositoryShell.java	190	4	4	1.00	true	true
jabgui/src/main/java/org/jabref/gui/JabRefGUI.java	jabls/src/main/java/org/jabref/languageserver/controller/LanguageServerController.java	190	4	4	1.00	true	true
jabgui/src/main/java/org/jabref/gui/actions/StandardActions.java	jabgui/src/main/java/org/jabref/gui/fieldeditors/contextmenu/ContextAction.java	144	4	4	1.00	true	false
jabgui/src/main/java/org/jabref/gui/actions/StandardActions.java	jabgui/src/main/java/org/jabref/gui/fieldeditors/contextmenu/SingleSelectionMenuBuilder.java	144	4	4	1.00	true	false
jabgui/src/main/java/org/jabref/gui/actions/StandardActions.java	jablib/src/main/java/org/jabref/logic/journals/AbbreviationType.java	144	4	4	1.00	true	true
jabgui/src/main/java/org/jabref/gui/bibtexhighlighter/BibTeXHighlighter.java	jabgui/src/main/java/org/jabref/gui/entryeditor/SourceTab.java	4	75	4	1.00	true	false
jabgui/src/main/java/org/jabref/gui/commonfxcontrols/SortCriterionViewModel.java	jablib/src/main/java/org/jabref/logic/preferences/JabRefCliPreferences.java	4	1078	4	1.00	true	true
jabgui/src/main/java/org/jabref/gui/commonfxcontrols/SortCriterionViewModel.java	jablib/src/main/java/org/jabref/model/metadata/SaveOrder.java	4	30	4	1.00	true	true
jabgui/src/main/java/org/jabref/gui/edit/CopyToPreferences.java	jabgui/src/main/java/org/jabref/gui/preferences/JabRefGuiPreferences.java	4	60	4	1.00	true	false
jabgui/src/main/java/org/jabref/gui/edit/automaticfieldeditor/AutomaticFieldEditorAction.java	jabgui/src/main/java/org/jabref/gui/edit/automaticfieldeditor/AutomaticFieldEditorDialog.java	4	6	4	1.00	false	false
jabgui/src/main/java/org/jabref/gui/edit/automaticfieldeditor/AutomaticFieldEditorAction.java	jabgui/src/main/java/org/jabref/gui/edit/automaticfieldeditor/AutomaticFieldEditorViewModel.java	4	6	4	1.00	false	false
jabgui/src/main/java/org/jabref/gui/edit/automaticfieldeditor/AutomaticFieldEditorAction.java	jabgui/src/main/java/org/jabref/gui/edit/automaticfieldeditor/renamefield/RenameFieldTabView.java	4	7	4	1.00	true	false
jabgui/src/main/java/org/jabref/gui/edit/automaticfieldeditor/AutomaticFieldEditorAction.java	jabgui/src/main/java/org/jabref/gui/edit/automaticfieldeditor/renamefield/RenameFieldViewModel.java	4	5	4	1.00	true	false
jabgui/src/main/java/org/jabref/gui/edit/automaticfieldeditor/clearcontent/ClearContentTabView.java	jabgui/src/main/java/org/jabref/gui/edit/automaticfieldeditor/clearcontent/ClearContentViewModel.java	4	4	4	1.00	false	false
jabgui/src/main/java/org/jabref/gui/edit/automaticfieldeditor/clearcontent/ClearContentTabView.java	jabgui/src/main/java/org/jabref/gui/edit/automaticfieldeditor/editfieldcontent/EditFieldContentTabView.java	4	6	4	1.00	true	false
jabgui/src/main/java/org/jabref/gui/edit/automaticfieldeditor/clearcontent/ClearContentTabView.java	jabgui/src/main/java/org/jabref/gui/edit/automaticfieldeditor/editfieldcontent/EditFieldContentViewModel.java	4	5	4	1.00	true	false
jabgui/src/main/java/org/jabref/gui/edit/automaticfieldeditor/clearcontent/ClearContentTabView.java	jabgui/src/main/java/org/jabref/gui/edit/automaticfieldeditor/renamefield/RenameFieldTabView.java	4	7	4	1.00	true	false
jabgui/src/main/java/org/jabref/gui/edit/automaticfieldeditor/clearcontent/ClearContentViewModel.java	jabgui/src/main/java/org/jabref/gui/edit/automaticfieldeditor/editfieldcontent/EditFieldContentTabView.java	4	6	4	1.00	true	false
jabgui/src/main/java/org/jabref/gui/edit/automaticfieldeditor/clearcontent/ClearContentViewModel.java	jabgui/src/main/java/org/jabref/gui/edit/automaticfieldeditor/editfieldcontent/EditFieldContentViewModel.java	4	5	4	1.00	true	false
jabgui/src/main/java/org/jabref/gui/edit/automaticfieldeditor/clearcontent/ClearContentViewModel.java	jabgui/src/main/java/org/jabref/gui/edit/automaticfieldeditor/renamefield/RenameFieldTabView.java	4	7	4	1.00	true	false
jabgui/src/main/java/org/jabref/gui/edit/automaticfieldeditor/copyormovecontent/CopyOrMoveFieldContentTabView.java	jabgui/src/main/java/org/jabref/gui/edit/automaticfieldeditor/copyormovecontent/CopyOrMoveFieldContentTabViewModel.java	6	4	4	1.00	false	false
jabgui/src/main/java/org/jabref/gui/edit/automaticfieldeditor/copyormovecontent/CopyOrMoveFieldContentTabViewModel.java	jabgui/src/main/java/org/jabref/gui/edit/automaticfieldeditor/editfieldcontent/EditFieldContentTabView.java	4	6	4	1.00	true	false
jabgui/src/main/java/org/jabref/gui/edit/automaticfieldeditor/copyormovecontent/CopyOrMoveFieldContentTabViewModel.java	jabgui/src/main/java/org/jabref/gui/edit/automaticfieldeditor/editfieldcontent/EditFieldContentViewModel.java	4	5	4	1.00	true	false
jabgui/src/main/java/org/jabref/gui/edit/automaticfieldeditor/copyormovecontent/CopyOrMoveFieldContentTabViewModel.java	jabgui/src/main/java/org/jabref/gui/edit/automaticfieldeditor/renamefield/RenameFieldTabView.java	4	7	4	1.00	true	false
jabgui/src/main/java/org/jabref/gui/edit/automaticfieldeditor/copyormovecontent/CopyOrMoveFieldContentTabViewModel.java	jabgui/src/main/java/org/jabref/gui/edit/automaticfieldeditor/renamefield/RenameFieldViewModel.java	4	5	4	1.00	true	false
jabgui/src/main/java/org/jabref/gui/entryeditor/PreviewSwitchAction.java	jabgui/src/main/java/org/jabref/gui/frame/JabRefFrame.java	4	1215	4	1.00	true	false
jabgui/src/main/java/org/jabref/gui/entryeditor/citationrelationtab/CitationRelationsTab.java	jablib/src/main/java/org/jabref/logic/citation/repository/BibEntryCitationsAndReferencesRepositoryShell.java	50	4	4	1.00	true	true
jabgui/src/main/java/org/jabref/gui/externalfiles/FileSelectionPage.java	jabgui/src/main/java/org/jabref/gui/externalfiles/ImportResultsPage.java	7	4	4	1.00	false	false
jabgui/src/main/java/org/jabref/gui/fieldeditors/LinkedFilesEditorViewModel.java	jabgui/src/main/java/org/jabref/gui/linkedfile/AttachFileFromURLAction.java	68	4	4	1.00	true	false
jabgui/src/main/java/org/jabref/gui/fieldeditors/identifier/EprintIdentifierEditorViewModel.java	jabgui/src/main/java/org/jabref/gui/fieldeditors/identifier/IdentifierEditor.java	4	28	4	1.00	false	false
jabgui/src/main/java/org/jabref/gui/git/GitShareToGitHubDialogView.java	jabgui/src/main/java/org/jabref/gui/git/GitShareToGitHubDialogViewModel.java	4	7	4	1.00	false	false
jabgui/src/main/java/org/jabref/gui/groups/GroupTreeView.java	jabgui/src/main/java/org/jabref/gui/util/ViewModelTreeTableRowFactory.java	92	4	4	1.00	true	false
jabgui/src/main/java/org/jabref/gui/importer/BookCoverFetcher.java	jabgui/src/main/java/org/jabref/gui/preview/PreviewViewer.java	4	58	4	1.00	true	false
jabgui/src/main/java/org/jabref/gui/mergeentries/threewaymerge/ThreeWayMergeView.java	jabgui/src/main/java/org/jabref/gui/mergeentries/threewaymerge/cell/OpenExternalLinkAction.java	30	4	4	1.00	true	false
jabgui/src/main/java/org/jabref/gui/mergeentries/threewaymerge/cell/FieldValueCell.java	jabgui/src/main/java/org/jabref/gui/mergeentries/threewaymerge/cell/OpenExternalLinkAction.java	8	4	4	1.00	false	false
jabgui/src/main/java/org/jabref/gui/mergeentries/threewaymerge/cell/HeaderCell.java	jabgui/src/main/java/org/jabref/gui/mergeentries/threewaymerge/cell/OpenExternalLinkAction.java	5	4	4	1.00	false	false
jabgui/src/main/java/org/jabref/gui/shared/SharedDatabaseLoginDialogViewModel.java	jablib/src/main/java/org/jabref/logic/shared/DBMSConnectionPropertiesBuilder.java	33	4	4	1.00	true	true
jabgui/src/main/java/org/jabref/gui/shared/SharedDatabaseUIManager.java	jablib/src/main/java/org/jabref/logic/shared/event/ConnectionLostEvent.java	62	4	4	1.00	true	true
jabgui/src/main/java/org/jabref/gui/welcome/WelcomeTab.java	jabgui/src/main/java/org/jabref/gui/welcome/components/Walkthroughs.java	23	4	4	1.00	true	false
jabgui/src/main/java/org/jabref/gui/welcome/quicksettings/viewmodel/PushApplicationDialogViewModel.java	jabgui/src/main/java/org/jabref/gui/welcome/quicksettings/viewmodel/ThemeDialogViewModel.java	4	8	4	1.00	false	false
jabgui/src/main/java/org/jabref/gui/welcome/quicksettings/viewmodel/PushApplicationDialogViewModel.java	jablib/src/main/java/org/jabref/logic/push/PushToApplicationDetector.java	4	5	4	1.00	true	true
jabkit/src/main/java/org/jabref/toolkit/commands/Check.java	jabkit/src/main/java/org/jabref/toolkit/commands/CheckConsistency.java	4	16	4	1.00	false	false
jabkit/src/main/java/org/jabref/toolkit/commands/Check.java	jabkit/src/main/java/org/jabref/toolkit/commands/CheckIntegrity.java	4	11	4	1.00	false	false
jablib/src/main/java/org/jabref/logic/LibraryPreferences.java	jablib/src/main/java/org/jabref/logic/preferences/JabRefCliPreferences.java	4	1078	4	1.00	true	false
jablib/src/main/java/org/jabref/logic/citation/SearchCitationsRelationsService.java	jablib/src/main/java/org/jabref/logic/citation/repository/BibEntryCitationsAndReferencesRepositoryShell.java	12	4	4	1.00	true	false
jablib/src/main/java/org/jabref/logic/crawler/StudyCatalogToFetcherConverter.java	jablib/src/main/java/org/jabref/model/study/StudyQuery.java	8	4	4	1.00	true	false
jablib/src/main/java/org/jabref/logic/crawler/StudyRepository.java	jablib/src/main/java/org/jabref/model/study/StudyQuery.java	40	4	4	1.00	true	false
jablib/src/main/java/org/jabref/logic/crawler/StudyYamlParser.java	jablib/src/main/java/org/jabref/model/study/StudyQuery.java	7	4	4	1.00	true	false
jablib/src/main/java/org/jabref/logic/integrity/BooktitleChecker.java	jablib/src/main/java/org/jabref/logic/integrity/BracketChecker.java	4	5	4	1.00	false	false
jablib/src/main/java/org/jabref/logic/integrity/BooktitleChecker.java	jablib/src/main/java/org/jabref/logic/integrity/FileChecker.java	4	10	4	1.00	false	false
jablib/src/main/java/org/jabref/logic/integrity/BooktitleChecker.java	jablib/src/main/java/org/jabref/logic/integrity/ISSNChecker.java	4	13	4	1.00	false	false
jablib/src/main/java/org/jabref/logic/integrity/BooktitleChecker.java	jablib/src/main/java/org/jabref/logic/integrity/PagesChecker.java	4	12	4	1.00	false	false
jablib/src/main/java/org/jabref/logic/integrity/BooktitleChecker.java	jablib/src/main/java/org/jabref/logic/integrity/TitleChecker.java	4	7	4	1.00	false	false
jablib/src/main/java/org/jabref/logic/integrity/BooktitleChecker.java	jablib/src/main/java/org/jabref/logic/integrity/UrlChecker.java	4	5	4	1.00	false	false
jablib/src/main/java/org/jabref/logic/integrity/BooktitleChecker.java	jablib/src/main/java/org/jabref/logic/integrity/YearChecker.java	4	5	4	1.00	false	false
jablib/src/main/java/org/jabref/logic/journals/AbbreviationType.java	jablib/src/main/java/org/jabref/logic/journals/JournalAbbreviationRepository.java	4	32	4	1.00	false	false
jablib/src/main/java/org/jabref/logic/net/ssl/SSLPreferences.java	jablib/src/main/java/org/jabref/logic/preferences/JabRefCliPreferences.java	4	1078	4	1.00	true	false
jablib/src/main/java/org/jabref/logic/ocr/OcrMyPdfEngine.java	jablib/src/main/java/org/jabref/logic/ocr/docling/DoclingEngine.java	8	4	4	1.00	true	false
jablib/src/main/java/org/jabref/logic/openoffice/ZoteroCitationData.java	jablib/src/main/java/org/jabref/logic/openoffice/ZoteroCitationMarkParser.java	4	5	4	1.00	false	false
jablib/src/main/java/org/jabref/logic/openoffice/backend/JStyleReferenceMark.java	jablib/src/main/java/org/jabref/logic/openoffice/style/OOProcessAuthorYearMarkers.java	4	7	4	1.00	true	false
jablib/src/main/java/org/jabref/logic/openoffice/style/OOFormatBibliography.java	jablib/src/main/java/org/jabref/model/openoffice/style/CitationGroups.java	5	4	4	1.00	true	false
jablib/src/main/java/org/jabref/logic/openoffice/style/OOProcessAuthorYearMarkers.java	jablib/src/main/java/org/jabref/model/openoffice/style/CitationGroups.java	7	4	4	1.00	true	false
jablib/src/main/java/org/jabref/logic/preferences/DOIPreferences.java	jablib/src/main/java/org/jabref/logic/preferences/JabRefCliPreferences.java	4	1078	4	1.00	false	false
jablib/src/main/java/org/jabref/logic/preferences/JabRefCliPreferences.java	jablib/src/main/java/org/jabref/logic/preferences/OwnerPreferences.java	1078	4	4	1.00	false	false
jablib/src/main/java/org/jabref/logic/preferences/JabRefCliPreferences.java	jablib/src/main/java/org/jabref/model/entry/BibEntryPreferences.java	1078	4	4	1.00	true	false
jablib/src/main/java/org/jabref/logic/preferences/OwnerPreferences.java	jablib/src/main/java/org/jabref/logic/preferences/TimestampPreferences.java	4	6	4	1.00	false	false
jablib/src/main/java/org/jabref/logic/remote/server/RemoteListenerServerManager.java	jablib/src/main/java/org/jabref/logic/util/HeadlessExecutorService.java	4	34	4	1.00	true	false
jablib/src/main/java/org/jabref/logic/shared/DBMSConnection.java	jablib/src/main/java/org/jabref/logic/shared/event/ConnectionLostEvent.java	13	4	4	1.00	true	false
jablib/src/main/java/org/jabref/logic/shared/DBMSConnectionProperties.java	jablib/src/main/java/org/jabref/logic/shared/DBMSConnectionPropertiesBuilder.java	15	4	4	1.00	false	false
jablib/src/main/java/org/jabref/logic/shared/DBMSConnectionProperties.java	jablib/src/main/java/org/jabref/logic/shared/event/ConnectionLostEvent.java	15	4	4	1.00	true	false
jablib/src/main/java/org/jabref/logic/shared/DBMSConnectionPropertiesBuilder.java	jablib/src/main/java/org/jabref/logic/shared/DatabaseConnectionProperties.java	4	7	4	1.00	false	false
jablib/src/main/java/org/jabref/logic/shared/DBMSProcessor.java	jablib/src/main/java/org/jabref/logic/shared/event/ConnectionLostEvent.java	44	4	4	1.00	true	false
jablib/src/main/java/org/jabref/logic/shared/DBMSSynchronizer.java	jablib/src/main/java/org/jabref/logic/shared/event/ConnectionLostEvent.java	38	4	4	1.00	true	false
jablib/src/main/java/org/jabref/logic/shared/event/ConnectionLostEvent.java	jablib/src/main/java/org/jabref/logic/shared/event/UpdateRefusedEvent.java	4	5	4	1.00	false	false
jablib/src/main/java/org/jabref/model/study/Study.java	jablib/src/main/java/org/jabref/model/study/StudyQuery.java	14	4	4	1.00	false	false
jablib/src/main/java/org/jabref/model/study/StudyCatalog.java	jablib/src/main/java/org/jabref/model/study/StudyQuery.java	8	4	4	1.00	false	false
jabls/src/main/java/module-info.java	jabls/src/main/java/org/jabref/languageserver/ExtensionSettings.java	12	4	4	1.00	true	false
jabls/src/main/java/org/jabref/languageserver/LspLauncher.java	jabls/src/main/java/org/jabref/languageserver/controller/LanguageServerController.java	8	4	4	1.00	true	false
jabsrv/src/main/java/org/jabref/http/dto/GlobalExceptionMapper.java	jabsrv/src/main/java/org/jabref/http/server/Server.java	4	20	4	1.00	true	false
jabsrv/src/main/java/org/jabref/http/server/cayw/CAYWQueryParams.java	jabsrv/src/main/java/org/jabref/http/server/cayw/CAYWResource.java	4	16	4	1.00	false	false
jabsrv/src/main/java/org/jabref/http/server/cayw/CAYWResource.java	jabsrv/src/main/java/org/jabref/http/server/cayw/format/SimpleJsonFormatter.java	16	4	4	1.00	true	false
jabsrv/src/main/java/org/jabref/http/server/cayw/format/BibLatexFormatter.java	jabsrv/src/main/java/org/jabref/http/server/cayw/format/SimpleJsonFormatter.java	5	4	4	1.00	false	false
jabsrv/src/main/java/org/jabref/http/server/resources/CitationsResource.java	jabsrv/src/main/java/org/jabref/http/server/resources/EntriesResource.java	4	7	4	1.00	false	false
jabgui/src/main/java/org/jabref/Launcher.java	jablib/src/main/java/org/jabref/logic/remote/RemoteMessage.java	159	3	3	1.00	true	true
jabgui/src/main/java/org/jabref/Launcher.java	jablib/src/main/java/org/jabref/logic/remote/server/RemoteMessageHandler.java	159	3	3	1.00	true	true
jabgui/src/main/java/org/jabref/cli/ArgumentProcessor.java	jablib/src/main/java/org/jabref/logic/shared/exception/InvalidDBMSConnectionPropertiesException.java	123	3	3	1.00	true	true
jabgui/src/main/java/org/jabref/gui/JabRefGUI.java	jabgui/src/main/java/org/jabref/gui/theme/StyleSheetDataUrl.java	190	3	3	1.00	true	false
jabgui/src/main/java/org/jabref/gui/JabRefGUI.java	jabgui/src/main/java/org/jabref/gui/theme/StyleSheetResource.java	190	3	3	1.00	true	false
jabgui/src/main/java/org/jabref/gui/JabRefGUI.java	jablib/src/main/java/org/jabref/logic/citation/repository/BibEntryCitationsAndReferencesRepository.java	190	3	3	1.00	true	true
jabgui/src/main/java/org/jabref/gui/JabRefGUI.java	jablib/src/main/java/org/jabref/logic/shared/exception/InvalidDBMSConnectionPropertiesException.java	190	3	3	1.00	true	true
jabgui/src/main/java/org/jabref/gui/LibraryTab.java	jabgui/src/main/java/org/jabref/gui/autocompleter/JournalsSuggestionProvider.java	1048	3	3	1.00	true	false
jabgui/src/main/java/org/jabref/gui/LibraryTab.java	jabgui/src/main/java/org/jabref/gui/entryeditor/OpenEntryEditorAction.java	1048	3	3	1.00	true	false
jabgui/src/main/java/org/jabref/gui/LibraryTab.java	jablib/src/main/java/org/jabref/logic/shared/exception/InvalidDBMSConnectionPropertiesException.java	1048	3	3	1.00	true	true
jabgui/src/main/java/org/jabref/gui/LibraryTab.java	jablib/src/main/java/org/jabref/logic/shared/exception/OfflineLockException.java	1048	3	3	1.00	true	true
jabgui/src/main/java/org/jabref/gui/LibraryTab.java	jablib/src/main/java/org/jabref/logic/shared/exception/SharedEntryNotPresentException.java	1048	3	3	1.00	true	true
jabgui/src/main/java/org/jabref/gui/actions/StandardActions.java	jabgui/src/main/java/org/jabref/gui/fieldeditors/contextmenu/ContextMenuFactory.java	144	3	3	1.00	true	false
jabgui/src/main/java/org/jabref/gui/ai/AiPrivacyNoticeViewModel.java	jablib/src/main/java/org/jabref/logic/ai/embedding/EmbeddingModelCache.java	4	3	3	1.00	true	true
jabgui/src/main/java/org/jabref/gui/ai/chat/AiChatStatusViewModel.java	jabgui/src/main/java/org/jabref/gui/ai/chat/AiChatViewModel.java	3	4	3	1.00	false	false
jabgui/src/main/java/org/jabref/gui/autocompleter/BibEntrySuggestionProvider.java	jabgui/src/main/java/org/jabref/gui/autocompleter/StringSuggestionProvider.java	4	3	3	1.00	false	false
jabgui/src/main/java/org/jabref/gui/autocompleter/JournalsSuggestionProvider.java	jabgui/src/main/java/org/jabref/gui/autocompleter/SuggestionProviders.java	3	13	3	1.00	false	false
jabgui/src/main/java/org/jabref/gui/autocompleter/PersonNameSuggestionProvider.java	jabgui/src/main/java/org/jabref/gui/autocompleter/StringSuggestionProvider.java	6	3	3	1.00	false	false
jabgui/src/main/java/org/jabref/gui/autocompleter/StringSuggestionProvider.java	jabgui/src/main/java/org/jabref/gui/fieldeditors/JournalEditor.java	3	21	3	1.00	true	false
jabgui/src/main/java/org/jabref/gui/autocompleter/StringSuggestionProvider.java	jabgui/src/main/java/org/jabref/gui/fieldeditors/SimpleEditor.java	3	22	3	1.00	true	false
jabgui/src/main/java/org/jabref/gui/autocompleter/StringSuggestionProvider.java	jabgui/src/main/java/org/jabref/gui/fieldeditors/SimpleEditorViewModel.java	3	5	3	1.00	true	false
jabgui/src/main/java/org/jabref/gui/cleanup/CleanupSingleFieldPanel.java	jabgui/src/main/java/org/jabref/gui/cleanup/CleanupSingleFieldViewModel.java	5	3	3	1.00	false	false
jabgui/src/main/java/org/jabref/gui/collab/ChangeScanner.java	jabgui/src/main/java/org/jabref/gui/collab/DatabaseChangeListener.java	135	3	3	1.00	false	false
jabgui/src/main/java/org/jabref/gui/collab/DatabaseChangeDetailsView.java	jabgui/src/main/java/org/jabref/gui/collab/preamblechange/PreambleChangeDetailsView.java	7	3	3	1.00	true	false
jabgui/src/main/java/org/jabref/gui/collab/DatabaseChangeDetailsView.java	jabgui/src/main/java/org/jabref/gui/collab/stringadd/BibTexStringAddDetailsView.java	7	3	3	1.00	true	false
jabgui/src/main/java/org/jabref/gui/collab/DatabaseChangeDetailsView.java	jabgui/src/main/java/org/jabref/gui/collab/stringchange/BibTexStringChangeDetailsView.java	7	3	3	1.00	true	false
jabgui/src/main/java/org/jabref/gui/collab/DatabaseChangeDetailsView.java	jabgui/src/main/java/org/jabref/gui/collab/stringdelete/BibTexStringDeleteDetailsView.java	7	3	3	1.00	true	false
jabgui/src/main/java/org/jabref/gui/collab/DatabaseChangeDetailsView.java	jabgui/src/main/java/org/jabref/gui/collab/stringrename/BibTexStringRenameDetailsView.java	7	3	3	1.00	true	false
jabgui/src/main/java/org/jabref/gui/collab/DatabaseChangeDetailsViewFactory.java	jabgui/src/main/java/org/jabref/gui/collab/preamblechange/PreambleChangeDetailsView.java	10	3	3	1.00	true	false
jabgui/src/main/java/org/jabref/gui/collab/DatabaseChangeDetailsViewFactory.java	jabgui/src/main/java/org/jabref/gui/collab/stringadd/BibTexStringAddDetailsView.java	10	3	3	1.00	true	false
jabgui/src/main/java/org/jabref/gui/collab/DatabaseChangeDetailsViewFactory.java	jabgui/src/main/java/org/jabref/gui/collab/stringchange/BibTexStringChangeDetailsView.java	10	3	3	1.00	true	false
jabgui/src/main/java/org/jabref/gui/collab/DatabaseChangeDetailsViewFactory.java	jabgui/src/main/java/org/jabref/gui/collab/stringdelete/BibTexStringDeleteDetailsView.java	10	3	3	1.00	true	false
jabgui/src/main/java/org/jabref/gui/collab/DatabaseChangeDetailsViewFactory.java	jabgui/src/main/java/org/jabref/gui/collab/stringrename/BibTexStringRenameDetailsView.java	10	3	3	1.00	true	false
jabgui/src/main/java/org/jabref/gui/collab/DatabaseChangeListener.java	jabgui/src/main/java/org/jabref/gui/collab/DatabaseChangeMonitor.java	3	28	3	1.00	false	false
jabgui/src/main/java/org/jabref/gui/collab/entrychange/EntryChangeDetailsView.java	jabgui/src/main/java/org/jabref/gui/collab/preamblechange/PreambleChangeDetailsView.java	18	3	3	1.00	true	false
jabgui/src/main/java/org/jabref/gui/collab/entrychange/EntryChangeDetailsView.java	jabgui/src/main/java/org/jabref/gui/collab/stringadd/BibTexStringAddDetailsView.java	18	3	3	1.00	true	false
jabgui/src/main/java/org/jabref/gui/collab/entrychange/EntryChangeDetailsView.java	jabgui/src/main/java/org/jabref/gui/collab/stringchange/BibTexStringChangeDetailsView.java	18	3	3	1.00	true	false
jabgui/src/main/java/org/jabref/gui/collab/entrychange/EntryChangeDetailsView.java	jabgui/src/main/java/org/jabref/gui/collab/stringdelete/BibTexStringDeleteDetailsView.java	18	3	3	1.00	true	false
jabgui/src/main/java/org/jabref/gui/collab/entrychange/EntryChangeDetailsView.java	jabgui/src/main/java/org/jabref/gui/collab/stringrename/BibTexStringRenameDetailsView.java	18	3	3	1.00	true	false
jabgui/src/main/java/org/jabref/gui/collab/groupchange/GroupChangeDetailsView.java	jabgui/src/main/java/org/jabref/gui/collab/preamblechange/PreambleChangeDetailsView.java	7	3	3	1.00	true	false
jabgui/src/main/java/org/jabref/gui/collab/groupchange/GroupChangeDetailsView.java	jabgui/src/main/java/org/jabref/gui/collab/stringadd/BibTexStringAddDetailsView.java	7	3	3	1.00	true	false
jabgui/src/main/java/org/jabref/gui/collab/groupchange/GroupChangeDetailsView.java	jabgui/src/main/java/org/jabref/gui/collab/stringchange/BibTexStringChangeDetailsView.java	7	3	3	1.00	true	false
jabgui/src/main/java/org/jabref/gui/collab/groupchange/GroupChangeDetailsView.java	jabgui/src/main/java/org/jabref/gui/collab/stringdelete/BibTexStringDeleteDetailsView.java	7	3	3	1.00	true	false
jabgui/src/main/java/org/jabref/gui/collab/groupchange/GroupChangeDetailsView.java	jabgui/src/main/java/org/jabref/gui/collab/stringrename/BibTexStringRenameDetailsView.java	7	3	3	1.00	true	false
jabgui/src/main/java/org/jabref/gui/collab/metedatachange/MetadataChangeDetailsView.java	jabgui/src/main/java/org/jabref/gui/collab/preamblechange/PreambleChangeDetailsView.java	13	3	3	1.00	true	false
jabgui/src/main/java/org/jabref/gui/collab/metedatachange/MetadataChangeDetailsView.java	jabgui/src/main/java/org/jabref/gui/collab/stringadd/BibTexStringAddDetailsView.java	13	3	3	1.00	true	false
jabgui/src/main/java/org/jabref/gui/collab/metedatachange/MetadataChangeDetailsView.java	jabgui/src/main/java/org/jabref/gui/collab/stringchange/BibTexStringChangeDetailsView.java	13	3	3	1.00	true	false
jabgui/src/main/java/org/jabref/gui/collab/metedatachange/MetadataChangeDetailsView.java	jabgui/src/main/java/org/jabref/gui/collab/stringdelete/BibTexStringDeleteDetailsView.java	13	3	3	1.00	true	false
jabgui/src/main/java/org/jabref/gui/collab/metedatachange/MetadataChangeDetailsView.java	jabgui/src/main/java/org/jabref/gui/collab/stringrename/BibTexStringRenameDetailsView.java	13	3	3	1.00	true	false
jabgui/src/main/java/org/jabref/gui/collab/preamblechange/PreambleChangeDetailsView.java	jabgui/src/main/java/org/jabref/gui/collab/stringadd/BibTexStringAddDetailsView.java	3	3	3	1.00	true	false
jabgui/src/main/java/org/jabref/gui/collab/preamblechange/PreambleChangeDetailsView.java	jabgui/src/main/java/org/jabref/gui/collab/stringchange/BibTexStringChangeDetailsView.java	3	3	3	1.00	true	false
jabgui/src/main/java/org/jabref/gui/collab/preamblechange/PreambleChangeDetailsView.java	jabgui/src/main/java/org/jabref/gui/collab/stringdelete/BibTexStringDeleteDetailsView.java	3	3	3	1.00	true	false
jabgui/src/main/java/org/jabref/gui/collab/preamblechange/PreambleChangeDetailsView.java	jabgui/src/main/java/org/jabref/gui/collab/stringrename/BibTexStringRenameDetailsView.java	3	3	3	1.00	true	false
jabgui/src/main/java/org/jabref/gui/collab/stringadd/BibTexStringAddDetailsView.java	jabgui/src/main/java/org/jabref/gui/collab/stringchange/BibTexStringChangeDetailsView.java	3	3	3	1.00	true	false
jabgui/src/main/java/org/jabref/gui/collab/stringadd/BibTexStringAddDetailsView.java	jabgui/src/main/java/org/jabref/gui/collab/stringdelete/BibTexStringDeleteDetailsView.java	3	3	3	1.00	true	false
jabgui/src/main/java/org/jabref/gui/collab/stringadd/BibTexStringAddDetailsView.java	jabgui/src/main/java/org/jabref/gui/collab/stringrename/BibTexStringRenameDetailsView.java	3	3	3	1.00	true	false
jabgui/src/main/java/org/jabref/gui/collab/stringchange/BibTexStringChangeDetailsView.java	jabgui/src/main/java/org/jabref/gui/collab/stringdelete/BibTexStringDeleteDetailsView.java	3	3	3	1.00	true	false
jabgui/src/main/java/org/jabref/gui/collab/stringchange/BibTexStringChangeDetailsView.java	jabgui/src/main/java/org/jabref/gui/collab/stringrename/BibTexStringRenameDetailsView.java	3	3	3	1.00	true	false
jabgui/src/main/java/org/jabref/gui/collab/stringdelete/BibTexStringDeleteDetailsView.java	jabgui/src/main/java/org/jabref/gui/collab/stringrename/BibTexStringRenameDetailsView.java	3	3	3	1.00	true	false
jabgui/src/main/java/org/jabref/gui/commonfxcontrols/CitationKeyPatternsPanel.java	jabgui/src/main/java/org/jabref/gui/commonfxcontrols/CitationKeyPatternsPanelItemModel.java	11	3	3	1.00	false	false
jabgui/src/main/java/org/jabref/gui/commonfxcontrols/CitationKeyPatternsPanel.java	jablib/src/main/java/org/jabref/logic/citationkeypattern/CitationKeyPattern.java	11	3	3	1.00	true	true
jabgui/src/main/java/org/jabref/gui/commonfxcontrols/CitationKeyPatternsPanelItemModel.java	jabgui/src/main/java/org/jabref/gui/commonfxcontrols/CitationKeyPatternsPanelViewModel.java	3	9	3	1.00	false	false
jabgui/src/main/java/org/jabref/gui/commonfxcontrols/CitationKeyPatternsPanelItemModel.java	jabgui/src/main/java/org/jabref/gui/preferences/citationkeypattern/CitationKeyPatternTab.java	3	15	3	1.00	true	false
jabgui/src/main/java/org/jabref/gui/commonfxcontrols/CitationKeyPatternsPanelItemModel.java	jabgui/src/main/java/org/jabref/gui/preferences/citationkeypattern/CitationKeyPatternTabViewModel.java	3	10	3	1.00	true	false
jabgui/src/main/java/org/jabref/gui/duplicationFinder/DuplicateResolverDialog.java	jabgui/src/main/java/org/jabref/gui/mergeentries/threewaymerge/ThreeWayMergeHeaderView.java	86	3	3	1.00	true	false
jabgui/src/main/java/org/jabref/gui/duplicationFinder/DuplicateResolverDialog.java	jabgui/src/main/java/org/jabref/gui/mergeentries/threewaymerge/cell/FieldNameCell.java	86	3	3	1.00	true	false
jabgui/src/main/java/org/jabref/gui/duplicationFinder/DuplicateResolverDialog.java	jabgui/src/main/java/org/jabref/gui/mergeentries/threewaymerge/cell/MergedFieldCell.java	86	3	3	1.00	true	false
jabgui/src/main/java/org/jabref/gui/duplicationFinder/DuplicateResolverDialog.java	jabgui/src/main/java/org/jabref/gui/mergeentries/threewaymerge/diffhighlighter/DiffHighlighter.java	86	3	3	1.00	true	false
jabgui/src/main/java/org/jabref/gui/duplicationFinder/DuplicateResolverDialog.java	jabgui/src/main/java/org/jabref/gui/mergeentries/threewaymerge/diffhighlighter/SplitDiffHighlighter.java	86	3	3	1.00	true	false
jabgui/src/main/java/org/jabref/gui/duplicationFinder/DuplicateResolverDialog.java	jabgui/src/main/java/org/jabref/gui/mergeentries/threewaymerge/diffhighlighter/UnifiedDiffHighlighter.java	86	3	3	1.00	true	false
jabgui/src/main/java/org/jabref/gui/edit/ManageKeywordsAction.java	jabgui/src/main/java/org/jabref/gui/frame/JabRefFrame.java	3	1215	3	1.00	true	false
jabgui/src/main/java/org/jabref/gui/edit/automaticfieldeditor/AbstractAutomaticFieldEditorTabView.java	jabgui/src/main/java/org/jabref/gui/edit/automaticfieldeditor/AutomaticFieldEditorDialog.java	3	6	3	1.00	false	false
jabgui/src/main/java/org/jabref/gui/edit/automaticfieldeditor/AbstractAutomaticFieldEditorTabView.java	jabgui/src/main/java/org/jabref/gui/edit/automaticfieldeditor/AutomaticFieldEditorViewModel.java	3	6	3	1.00	false	false
jabgui/src/main/java/org/jabref/gui/entryeditor/OpenEntryEditorAction.java	jabgui/src/main/java/org/jabref/gui/frame/JabRefFrame.java	3	1215	3	1.00	true	false
jabgui/src/main/java/org/jabref/gui/entryeditor/citationrelationtab/CitationRelationItem.java	jabgui/src/main/java/org/jabref/gui/entryeditor/citationrelationtab/CitationRelationsTab.java	3	50	3	1.00	false	false
jabgui/src/main/java/org/jabref/gui/entryeditor/citationrelationtab/CitationRelationsTab.java	jablib/src/main/java/org/jabref/logic/citation/repository/BibEntryCitationsAndReferencesRepository.java	50	3	3	1.00	true	true
jabgui/src/main/java/org/jabref/gui/entryeditor/citationrelationtab/CitationRelationsTab.java	jablib/src/main/java/org/jabref/logic/importer/fetcher/citation/opencitations/OpenCitationsFetcher.java	50	3	3	1.00	true	true
jabgui/src/main/java/org/jabref/gui/entryeditor/fileannotationtab/FileAnnotationTab.java	jablib/src/main/java/org/jabref/logic/pdf/AnnotationImporter.java	90	3	3	1.00	true	true
jabgui/src/main/java/org/jabref/gui/exporter/SaveDatabaseAction.java	jablib/src/main/java/org/jabref/logic/shared/exception/InvalidDBMSConnectionPropertiesException.java	194	3	3	1.00	true	true
jabgui/src/main/java/org/jabref/gui/externalfiles/DownloadFullTextAction.java	jablib/src/main/java/org/jabref/logic/importer/FetcherResult.java	83	3	3	1.00	true	true
jabgui/src/main/java/org/jabref/gui/fieldeditors/AbstractEditorViewModel.java	jabgui/src/main/java/org/jabref/gui/fieldeditors/PersonsEditorViewModel.java	14	3	3	1.00	false	false
jabgui/src/main/java/org/jabref/gui/fieldeditors/DateEditor.java	jabgui/src/main/java/org/jabref/gui/fieldeditors/PersonsEditorViewModel.java	9	3	3	1.00	false	false
jabgui/src/main/java/org/jabref/gui/fieldeditors/DateEditorViewModel.java	jabgui/src/main/java/org/jabref/gui/fieldeditors/PersonsEditorViewModel.java	8	3	3	1.00	false	false
jabgui/src/main/java/org/jabref/gui/fieldeditors/FieldEditors.java	jabgui/src/main/java/org/jabref/gui/fieldeditors/PersonsEditorViewModel.java	60	3	3	1.00	false	false
jabgui/src/main/java/org/jabref/gui/fieldeditors/ISSNEditorViewModel.java	jablib/src/main/java/org/jabref/logic/importer/fetcher/JournalInformationFetcher.java	3	5	3	1.00	true	true
jabgui/src/main/java/org/jabref/gui/fieldeditors/JournalEditor.java	jabgui/src/main/java/org/jabref/gui/fieldeditors/PersonsEditorViewModel.java	21	3	3	1.00	false	false
jabgui/src/main/java/org/jabref/gui/fieldeditors/JournalEditorViewModel.java	jabgui/src/main/java/org/jabref/gui/fieldeditors/PersonsEditorViewModel.java	10	3	3	1.00	false	false
jabgui/src/main/java/org/jabref/gui/fieldeditors/LinkedEntriesEditor.java	jabgui/src/main/java/org/jabref/gui/fieldeditors/PersonsEditorViewModel.java	13	3	3	1.00	false	false
jabgui/src/main/java/org/jabref/gui/fieldeditors/LinkedEntriesEditorViewModel.java	jabgui/src/main/java/org/jabref/gui/fieldeditors/PersonsEditorViewModel.java	10	3	3	1.00	false	false
jabgui/src/main/java/org/jabref/gui/fieldeditors/LinkedFileViewModel.java	jablib/src/main/java/org/jabref/logic/importer/FetcherResult.java	114	3	3	1.00	true	true
jabgui/src/main/java/org/jabref/gui/fieldeditors/LinkedFilesEditor.java	jabgui/src/main/java/org/jabref/gui/fieldeditors/PersonsEditorViewModel.java	86	3	3	1.00	false	false
jabgui/src/main/java/org/jabref/gui/fieldeditors/LinkedFilesEditor.java	jabgui/src/main/java/org/jabref/gui/fieldeditors/contextmenu/ContextMenuFactory.java	86	3	3	1.00	true	false
jabgui/src/main/java/org/jabref/gui/fieldeditors/LinkedFilesEditorViewModel.java	jabgui/src/main/java/org/jabref/gui/fieldeditors/PersonsEditorViewModel.java	68	3	3	1.00	false	false
jabgui/src/main/java/org/jabref/gui/fieldeditors/OwnerEditor.java	jabgui/src/main/java/org/jabref/gui/fieldeditors/PersonsEditorViewModel.java	13	3	3	1.00	false	false
jabgui/src/main/java/org/jabref/gui/fieldeditors/OwnerEditorViewModel.java	jabgui/src/main/java/org/jabref/gui/fieldeditors/PersonsEditorViewModel.java	5	3	3	1.00	false	false
jabgui/src/main/java/org/jabref/gui/fieldeditors/PersonsEditor.java	jabgui/src/main/java/org/jabref/gui/fieldeditors/PersonsEditorViewModel.java	16	3	3	1.00	false	false
jabgui/src/main/java/org/jabref/gui/fieldeditors/PersonsEditorViewModel.java	jabgui/src/main/java/org/jabref/gui/fieldeditors/SimpleEditor.java	3	22	3	1.00	false	false
jabgui/src/main/java/org/jabref/gui/fieldeditors/PersonsEditorViewModel.java	jabgui/src/main/java/org/jabref/gui/fieldeditors/SimpleEditorViewModel.java	3	5	3	1.00	false	false
jabgui/src/main/java/org/jabref/gui/fieldeditors/PersonsEditorViewModel.java	jabgui/src/main/java/org/jabref/gui/fieldeditors/UrlEditor.java	3	18	3	1.00	false	false
jabgui/src/main/java/org/jabref/gui/fieldeditors/PersonsEditorViewModel.java	jabgui/src/main/java/org/jabref/gui/fieldeditors/UrlEditorViewModel.java	3	8	3	1.00	false	false
jabgui/src/main/java/org/jabref/gui/fieldeditors/PersonsEditorViewModel.java	jabgui/src/main/java/org/jabref/gui/fieldeditors/identifier/IdentifierEditor.java	3	28	3	1.00	true	false
jabgui/src/main/java/org/jabref/gui/fieldeditors/PersonsEditorViewModel.java	jabgui/src/main/java/org/jabref/gui/fieldeditors/optioneditors/MonthEditorViewModel.java	3	6	3	1.00	true	false
jabgui/src/main/java/org/jabref/gui/fieldeditors/PersonsEditorViewModel.java	jabgui/src/main/java/org/jabref/gui/fieldeditors/optioneditors/OptionEditorViewModel.java	3	5	3	1.00	true	false
jabgui/src/main/java/org/jabref/gui/fieldeditors/PersonsEditorViewModel.java	jabgui/src/main/java/org/jabref/gui/fieldeditors/optioneditors/mapbased/MapBasedEditorViewModel.java	3	7	3	1.00	true	false
jabgui/src/main/java/org/jabref/gui/fieldeditors/PersonsEditorViewModel.java	jabgui/src/main/java/org/jabref/gui/fieldeditors/optioneditors/mapbased/PatentTypeEditorViewModel.java	3	5	3	1.00	true	false
jabgui/src/main/java/org/jabref/gui/fieldeditors/PersonsEditorViewModel.java	jabgui/src/main/java/org/jabref/gui/fieldeditors/optioneditors/mapbased/YesNoEditorViewModel.java	3	5	3	1.00	true	false
jabgui/src/main/java/org/jabref/gui/fieldeditors/identifier/BaseIdentifierEditorViewModel.java	jabgui/src/main/java/org/jabref/gui/fieldeditors/identifier/ISBNIdentifierEditorViewModel.java	7	3	3	1.00	false	false
jabgui/src/main/java/org/jabref/gui/fieldeditors/identifier/DoiIdentifierEditorViewModel.java	jabgui/src/main/java/org/jabref/gui/fieldeditors/identifier/ISBNIdentifierEditorViewModel.java	7	3	3	1.00	false	false
jabgui/src/main/java/org/jabref/gui/fieldeditors/identifier/EprintIdentifierEditorViewModel.java	jabgui/src/main/java/org/jabref/gui/fieldeditors/identifier/ISBNIdentifierEditorViewModel.java	4	3	3	1.00	false	false
jabgui/src/main/java/org/jabref/gui/fieldeditors/identifier/ISBNIdentifierEditorViewModel.java	jabgui/src/main/java/org/jabref/gui/fieldeditors/identifier/IdentifierEditor.java	3	28	3	1.00	false	false
jabgui/src/main/java/org/jabref/gui/fieldeditors/journalinfo/JournalInfoViewModel.java	jablib/src/main/java/org/jabref/logic/importer/fetcher/JournalInformationFetcher.java	3	5	3	1.00	true	true
jabgui/src/main/java/org/jabref/gui/frame/JabRefFrame.java	jabgui/src/main/java/org/jabref/gui/frame/SendAsStandardEmailAction.java	1215	3	3	1.00	false	false
jabgui/src/main/java/org/jabref/gui/git/GitShareToGitHubAction.java	jabgui/src/main/java/org/jabref/gui/git/GitShareToGitHubDialogViewModel.java	3	7	3	1.00	false	false
jabgui/src/main/java/org/jabref/gui/git/GitShareToGitHubAction.java	jablib/src/main/java/org/jabref/logic/git/GitHandler.java	3	19	3	1.00	true	true
jabgui/src/main/java/org/jabref/gui/git/GitShareToGitHubAction.java	jablib/src/main/java/org/jabref/logic/git/status/GitStatusChecker.java	3	10	3	1.00	true	true
jabgui/src/main/java/org/jabref/gui/git/GitShareToGitHubDialogViewModel.java	jablib/src/main/java/org/jabref/logic/git/util/GitInitService.java	7	3	3	1.00	true	true
jabgui/src/main/java/org/jabref/gui/groups/GroupModeViewModel.java	jabgui/src/main/java/org/jabref/gui/groups/GroupViewMode.java	5	3	3	1.00	false	false
jabgui/src/main/java/org/jabref/gui/groups/GroupNodeViewModel.java	jablib/src/main/java/org/jabref/model/groups/AutomaticGroup.java	68	3	3	1.00	true	true
jabgui/src/main/java/org/jabref/gui/groups/GroupNodeViewModel.java	jablib/src/main/java/org/jabref/model/groups/DateGroup.java	68	3	3	1.00	true	true
jabgui/src/main/java/org/jabref/gui/groups/GroupViewMode.java	jabgui/src/main/java/org/jabref/gui/icon/IconTheme.java	3	170	3	1.00	true	false
jabgui/src/main/java/org/jabref/gui/groups/GroupViewMode.java	jabgui/src/main/java/org/jabref/gui/maintable/MainTableDataModel.java	3	44	3	1.00	true	false
jabgui/src/main/java/org/jabref/gui/groups/GroupViewMode.java	jabgui/src/main/java/org/jabref/gui/sidepane/SidePaneComponent.java	3	53	3	1.00	true	false
jabgui/src/main/java/org/jabref/gui/groups/GroupViewMode.java	jablib/src/main/java/org/jabref/logic/preferences/JabRefCliPreferences.java	3	1078	3	1.00	true	true
jabgui/src/main/java/org/jabref/gui/icon/IconTheme.java	jabgui/src/main/java/org/jabref/gui/icon/JabRefIkonHandler.java	170	3	3	1.00	false	false
jabgui/src/main/java/org/jabref/gui/importer/actions/OpenDatabaseAction.java	jablib/src/main/java/org/jabref/logic/shared/exception/InvalidDBMSConnectionPropertiesException.java	224	3	3	1.00	true	true
jabgui/src/main/java/org/jabref/gui/libraryproperties/AbstractPropertiesTabView.java	jabgui/src/main/java/org/jabref/gui/libraryproperties/LibraryPropertiesView.java	3	7	3	1.00	false	false
jabgui/src/main/java/org/jabref/gui/libraryproperties/AbstractPropertiesTabView.java	jabgui/src/main/java/org/jabref/gui/libraryproperties/keypattern/KeyPatternPropertiesView.java	3	8	3	1.00	true	false
jabgui/src/main/java/org/jabref/gui/libraryproperties/AbstractPropertiesTabView.java	jabgui/src/main/java/org/jabref/gui/libraryproperties/saving/SavingPropertiesView.java	3	7	3	1.00	true	false
jabgui/src/main/java/org/jabref/gui/libraryproperties/constants/ConstantsPropertiesViewModel.java	jabgui/src/main/java/org/jabref/gui/util/ViewModelTextFieldTableCellVisualizationFactory.java	10	3	3	1.00	true	false
jabgui/src/main/java/org/jabref/gui/linkedfile/DownloadLinkedFileAction.java	jabgui/src/main/java/org/jabref/gui/linkedfile/RedownloadMissingFilesAction.java	11	3	3	1.00	false	false
jabgui/src/main/java/org/jabref/gui/maintable/RightClickMenu.java	jabgui/src/main/java/org/jabref/gui/menus/ChangeEntryTypeAction.java	216	3	3	1.00	true	false
jabgui/src/main/java/org/jabref/gui/mergeentries/threewaymerge/DiffMethod.java	jabgui/src/main/java/org/jabref/gui/mergeentries/threewaymerge/GroupDiffMode.java	3	3	3	1.00	false	false
jabgui/src/main/java/org/jabref/gui/mergeentries/threewaymerge/FieldRowViewModel.java	jabgui/src/main/java/org/jabref/gui/mergeentries/threewaymerge/fieldsmerger/CommentMerger.java	8	3	3	1.00	true	false
jabgui/src/main/java/org/jabref/gui/mergeentries/threewaymerge/FieldRowViewModel.java	jabgui/src/main/java/org/jabref/gui/mergeentries/threewaymerge/fieldsmerger/FieldMerger.java	8	3	3	1.00	true	false
jabgui/src/main/java/org/jabref/gui/mergeentries/threewaymerge/MergeEntriesDialog.java	jabgui/src/main/java/org/jabref/gui/mergeentries/threewaymerge/cell/FieldNameCell.java	63	3	3	1.00	true	false
jabgui/src/main/java/org/jabref/gui/mergeentries/threewaymerge/MergeEntriesDialog.java	jabgui/src/main/java/org/jabref/gui/mergeentries/threewaymerge/cell/MergedFieldCell.java	63	3	3	1.00	true	false
jabgui/src/main/java/org/jabref/gui/mergeentries/threewaymerge/MergeEntriesDialog.java	jabgui/src/main/java/org/jabref/gui/mergeentries/threewaymerge/diffhighlighter/DiffHighlighter.java	63	3	3	1.00	true	false
jabgui/src/main/java/org/jabref/gui/mergeentries/threewaymerge/MergeEntriesDialog.java	jabgui/src/main/java/org/jabref/gui/mergeentries/threewaymerge/diffhighlighter/SplitDiffHighlighter.java	63	3	3	1.00	true	false
jabgui/src/main/java/org/jabref/gui/mergeentries/threewaymerge/MergeEntriesDialog.java	jabgui/src/main/java/org/jabref/gui/mergeentries/threewaymerge/diffhighlighter/UnifiedDiffHighlighter.java	63	3	3	1.00	true	false
jabgui/src/main/java/org/jabref/gui/mergeentries/threewaymerge/ThreeWayMergeHeaderView.java	jabgui/src/main/java/org/jabref/gui/mergeentries/threewaymerge/ThreeWayMergeViewModel.java	3	4	3	1.00	false	false
jabgui/src/main/java/org/jabref/gui/mergeentries/threewaymerge/ThreeWayMergeHeaderView.java	jabgui/src/main/java/org/jabref/gui/mergeentries/threewaymerge/toolbar/ThreeWayMergeToolbar.java	3	24	3	1.00	true	false
jabgui/src/main/java/org/jabref/gui/mergeentries/threewaymerge/ThreeWayMergeView.java	jabgui/src/main/java/org/jabref/gui/mergeentries/threewaymerge/cell/FieldNameCell.java	30	3	3	1.00	true	false
jabgui/src/main/java/org/jabref/gui/mergeentries/threewaymerge/ThreeWayMergeView.java	jabgui/src/main/java/org/jabref/gui/mergeentries/threewaymerge/cell/MergedFieldCell.java	30	3	3	1.00	true	false
jabgui/src/main/java/org/jabref/gui/mergeentries/threewaymerge/ThreeWayMergeView.java	jabgui/src/main/java/org/jabref/gui/mergeentries/threewaymerge/diffhighlighter/DiffHighlighter.java	30	3	3	1.00	true	false
jabgui/src/main/java/org/jabref/gui/mergeentries/threewaymerge/ThreeWayMergeView.java	jabgui/src/main/java/org/jabref/gui/mergeentries/threewaymerge/diffhighlighter/SplitDiffHighlighter.java	30	3	3	1.00	true	false
jabgui/src/main/java/org/jabref/gui/mergeentries/threewaymerge/ThreeWayMergeView.java	jabgui/src/main/java/org/jabref/gui/mergeentries/threewaymerge/diffhighlighter/UnifiedDiffHighlighter.java	30	3	3	1.00	true	false
jabgui/src/main/java/org/jabref/gui/mergeentries/threewaymerge/cell/FieldNameCell.java	jabgui/src/main/java/org/jabref/gui/mergeentries/threewaymerge/cell/FieldValueCell.java	3	8	3	1.00	false	false
jabgui/src/main/java/org/jabref/gui/mergeentries/threewaymerge/cell/FieldNameCell.java	jabgui/src/main/java/org/jabref/gui/mergeentries/threewaymerge/cell/HeaderCell.java	3	5	3	1.00	false	false
jabgui/src/main/java/org/jabref/gui/mergeentries/threewaymerge/cell/FieldNameCell.java	jabgui/src/main/java/org/jabref/gui/mergeentries/threewaymerge/cell/MergedFieldCell.java	3	3	3	1.00	false	false
jabgui/src/main/java/org/jabref/gui/mergeentries/threewaymerge/cell/FieldNameCell.java	jabgui/src/main/java/org/jabref/gui/mergeentries/threewaymerge/cell/OpenExternalLinkAction.java	3	4	3	1.00	false	false
jabgui/src/main/java/org/jabref/gui/mergeentries/threewaymerge/cell/FieldValueCell.java	jabgui/src/main/java/org/jabref/gui/mergeentries/threewaymerge/cell/MergedFieldCell.java	8	3	3	1.00	false	false
jabgui/src/main/java/org/jabref/gui/mergeentries/threewaymerge/cell/HeaderCell.java	jabgui/src/main/java/org/jabref/gui/mergeentries/threewaymerge/cell/MergedFieldCell.java	5	3	3	1.00	false	false
jabgui/src/main/java/org/jabref/gui/mergeentries/threewaymerge/cell/HeaderCell.java	jabgui/src/main/java/org/jabref/gui/mergeentries/threewaymerge/fieldsmerger/CommentMerger.java	5	3	3	1.00	true	false
jabgui/src/main/java/org/jabref/gui/mergeentries/threewaymerge/cell/HeaderCell.java	jabgui/src/main/java/org/jabref/gui/mergeentries/threewaymerge/fieldsmerger/FieldMerger.java	5	3	3	1.00	true	false
jabgui/src/main/java/org/jabref/gui/mergeentries/threewaymerge/cell/MergedFieldCell.java	jabgui/src/main/java/org/jabref/gui/mergeentries/threewaymerge/cell/OpenExternalLinkAction.java	3	4	3	1.00	false	false
jabgui/src/main/java/org/jabref/gui/mergeentries/threewaymerge/cell/sidebuttons/ToggleMergeUnmergeButton.java	jabgui/src/main/java/org/jabref/gui/mergeentries/threewaymerge/fieldsmerger/CommentMerger.java	5	3	3	1.00	true	false
jabgui/src/main/java/org/jabref/gui/mergeentries/threewaymerge/cell/sidebuttons/ToggleMergeUnmergeButton.java	jabgui/src/main/java/org/jabref/gui/mergeentries/threewaymerge/fieldsmerger/FieldMerger.java	5	3	3	1.00	true	false
jabgui/src/main/java/org/jabref/gui/mergeentries/threewaymerge/diffhighlighter/DiffHighlighter.java	jabgui/src/main/java/org/jabref/gui/mergeentries/threewaymerge/diffhighlighter/SplitDiffHighlighter.java	3	3	3	1.00	false	false
jabgui/src/main/java/org/jabref/gui/mergeentries/threewaymerge/diffhighlighter/DiffHighlighter.java	jabgui/src/main/java/org/jabref/gui/mergeentries/threewaymerge/diffhighlighter/UnifiedDiffHighlighter.java	3	3	3	1.00	false	false
jabgui/src/main/java/org/jabref/gui/mergeentries/threewaymerge/diffhighlighter/DiffHighlighter.java	jabgui/src/main/java/org/jabref/gui/mergeentries/threewaymerge/toolbar/ThreeWayMergeToolbar.java	3	24	3	1.00	true	false
jabgui/src/main/java/org/jabref/gui/mergeentries/threewaymerge/diffhighlighter/SplitDiffHighlighter.java	jabgui/src/main/java/org/jabref/gui/mergeentries/threewaymerge/diffhighlighter/UnifiedDiffHighlighter.java	3	3	3	1.00	false	false
jabgui/src/main/java/org/jabref/gui/mergeentries/threewaymerge/diffhighlighter/SplitDiffHighlighter.java	jabgui/src/main/java/org/jabref/gui/mergeentries/threewaymerge/toolbar/ThreeWayMergeToolbar.java	3	24	3	1.00	true	false
jabgui/src/main/java/org/jabref/gui/mergeentries/threewaymerge/diffhighlighter/UnifiedDiffHighlighter.java	jabgui/src/main/java/org/jabref/gui/mergeentries/threewaymerge/toolbar/ThreeWayMergeToolbar.java	3	24	3	1.00	true	false
jabgui/src/main/java/org/jabref/gui/mergeentries/threewaymerge/fieldsmerger/CommentMerger.java	jabgui/src/main/java/org/jabref/gui/mergeentries/threewaymerge/fieldsmerger/FieldMerger.java	3	3	3	1.00	false	false
jabgui/src/main/java/org/jabref/gui/mergeentries/threewaymerge/fieldsmerger/CommentMerger.java	jabgui/src/main/java/org/jabref/gui/mergeentries/threewaymerge/fieldsmerger/FileMerger.java	3	4	3	1.00	false	false
jabgui/src/main/java/org/jabref/gui/mergeentries/threewaymerge/fieldsmerger/CommentMerger.java	jabgui/src/main/java/org/jabref/gui/mergeentries/threewaymerge/fieldsmerger/GroupMerger.java	3	6	3	1.00	false	false
jabgui/src/main/java/org/jabref/gui/mergeentries/threewaymerge/fieldsmerger/CommentMerger.java	jabgui/src/main/java/org/jabref/gui/mergeentries/threewaymerge/fieldsmerger/KeywordMerger.java	3	6	3	1.00	false	false
jabgui/src/main/java/org/jabref/gui/mergeentries/threewaymerge/fieldsmerger/FieldMerger.java	jabgui/src/main/java/org/jabref/gui/mergeentries/threewaymerge/fieldsmerger/FileMerger.java	3	4	3	1.00	false	false
jabgui/src/main/java/org/jabref/gui/mergeentries/threewaymerge/fieldsmerger/FieldMerger.java	jabgui/src/main/java/org/jabref/gui/mergeentries/threewaymerge/fieldsmerger/GroupMerger.java	3	6	3	1.00	false	false
jabgui/src/main/java/org/jabref/gui/mergeentries/threewaymerge/fieldsmerger/FieldMerger.java	jabgui/src/main/java/org/jabref/gui/mergeentries/threewaymerge/fieldsmerger/KeywordMerger.java	3	6	3	1.00	false	false
jabgui/src/main/java/org/jabref/gui/newentry/NewEntryPreferences.java	jabgui/src/main/java/org/jabref/gui/preferences/JabRefGuiPreferences.java	3	60	3	1.00	true	false
jabgui/src/main/java/org/jabref/gui/openoffice/CSLStyleSelectViewModel.java	jabgui/src/main/java/org/jabref/gui/openoffice/StyleSelectDialogView.java	3	29	3	1.00	false	false
jabgui/src/main/java/org/jabref/gui/openoffice/CSLStyleSelectViewModel.java	jabgui/src/main/java/org/jabref/gui/openoffice/StyleSelectDialogViewModel.java	3	23	3	1.00	false	false
jabgui/src/main/java/org/jabref/gui/openoffice/ModifyBibliographyPropertiesDialogView.java	jabgui/src/main/java/org/jabref/gui/openoffice/ModifyBibliographyPropertiesDialogViewModel.java	3	3	3	1.00	false	false
jabgui/src/main/java/org/jabref/gui/openoffice/OpenOfficePanel.java	jabgui/src/main/java/org/jabref/gui/preferences/openoffice/OpenOfficeTab.java	230	3	3	1.00	true	false
jabgui/src/main/java/org/jabref/gui/openoffice/OpenOfficePanel.java	jabgui/src/main/java/org/jabref/gui/preferences/openoffice/OpenOfficeTabViewModel.java	230	3	3	1.00	true	false
jabgui/src/main/java/org/jabref/gui/openoffice/StyleSelectDialogView.java	jabgui/src/main/java/org/jabref/gui/theme/StyleSheetDataUrl.java	29	3	3	1.00	true	false
jabgui/src/main/java/org/jabref/gui/openoffice/StyleSelectDialogView.java	jabgui/src/main/java/org/jabref/gui/theme/StyleSheetResource.java	29	3	3	1.00	true	false
jabgui/src/main/java/org/jabref/gui/openoffice/StyleSelectDialogView.java	jablib/src/main/java/org/jabref/logic/openoffice/bst/PandocLatexConverter.java	29	3	3	1.00	true	true
jabgui/src/main/java/org/jabref/gui/openoffice/StyleSelectDialogViewModel.java	jablib/src/main/java/org/jabref/logic/openoffice/style/BstStyleLoader.java	23	3	3	1.00	true	true
jabgui/src/main/java/org/jabref/gui/preferences/JabRefGuiPreferences.java	jabgui/src/main/java/org/jabref/gui/welcome/DonationPreferences.java	60	3	3	1.00	true	false
jabgui/src/main/java/org/jabref/gui/preferences/autocompletion/AutoCompletionTab.java	jabgui/src/main/java/org/jabref/gui/preferences/autocompletion/AutoCompletionTabViewModel.java	4	3	3	1.00	false	false
jabgui/src/main/java/org/jabref/gui/preferences/export/ExportTab.java	jabgui/src/main/java/org/jabref/gui/preferences/export/ExportTabViewModel.java	3	6	3	1.00	false	false
jabgui/src/main/java/org/jabref/gui/preferences/external/ExternalTabViewModel.java	jablib/src/main/java/org/jabref/logic/push/PushToApplicationPreferences.java	16	3	3	1.00	true	true
jabgui/src/main/java/org/jabref/gui/preferences/openoffice/OpenOfficeTab.java	jabgui/src/main/java/org/jabref/gui/preferences/openoffice/OpenOfficeTabViewModel.java	3	3	3	1.00	false	false
jabgui/src/main/java/org/jabref/gui/remote/CLIMessageHandler.java	jablib/src/main/java/org/jabref/logic/remote/RemoteMessage.java	26	3	3	1.00	true	true
jabgui/src/main/java/org/jabref/gui/remote/CLIMessageHandler.java	jablib/src/main/java/org/jabref/logic/remote/server/RemoteMessageHandler.java	26	3	3	1.00	true	true
jabgui/src/main/java/org/jabref/gui/shared/SharedDatabaseUIManager.java	jablib/src/main/java/org/jabref/logic/shared/DatabaseConnection.java	62	3	3	1.00	true	true
jabgui/src/main/java/org/jabref/gui/shared/SharedDatabaseUIManager.java	jablib/src/main/java/org/jabref/logic/shared/DatabaseSynchronizer.java	62	3	3	1.00	true	true
jabgui/src/main/java/org/jabref/gui/shared/SharedDatabaseUIManager.java	jablib/src/main/java/org/jabref/logic/shared/exception/InvalidDBMSConnectionPropertiesException.java	62	3	3	1.00	true	true
jabgui/src/main/java/org/jabref/gui/shared/SharedDatabaseUIManager.java	jablib/src/main/java/org/jabref/logic/shared/exception/OfflineLockException.java	62	3	3	1.00	true	true
jabgui/src/main/java/org/jabref/gui/shared/SharedDatabaseUIManager.java	jablib/src/main/java/org/jabref/logic/shared/exception/SharedEntryNotPresentException.java	62	3	3	1.00	true	true
jabgui/src/main/java/org/jabref/gui/slr/EditExistingStudyAction.java	jabgui/src/main/java/org/jabref/gui/slr/ManageStudyDefinitionViewModel.java	3	17	3	1.00	false	false
jabgui/src/main/java/org/jabref/gui/slr/EditExistingStudyAction.java	jabgui/src/main/java/org/jabref/gui/slr/StartNewStudyAction.java	3	13	3	1.00	false	false
jabgui/src/main/java/org/jabref/gui/slr/EditExistingStudyAction.java	jablib/src/main/java/org/jabref/logic/crawler/StudyRepository.java	3	40	3	1.00	true	true
jabgui/src/main/java/org/jabref/gui/slr/EditExistingStudyAction.java	jablib/src/main/java/org/jabref/logic/crawler/StudyYamlParser.java	3	7	3	1.00	true	true
jabgui/src/main/java/org/jabref/gui/slr/EditExistingStudyAction.java	jablib/src/main/java/org/jabref/model/study/Study.java	3	14	3	1.00	true	true
jabgui/src/main/java/org/jabref/gui/slr/ManageStudyDefinitionViewModel.java	jablib/src/main/java/org/jabref/logic/crawler/StudyYamlV1Migrator.java	17	3	3	1.00	true	true
jabgui/src/main/java/org/jabref/gui/slr/StudyCatalogItem.java	jablib/src/main/java/org/jabref/logic/crawler/StudyYamlV1Migrator.java	8	3	3	1.00	true	true
jabgui/src/main/java/org/jabref/gui/theme/StyleSheet.java	jabgui/src/main/java/org/jabref/gui/theme/StyleSheetDataUrl.java	6	3	3	1.00	false	false
jabgui/src/main/java/org/jabref/gui/theme/StyleSheet.java	jabgui/src/main/java/org/jabref/gui/theme/StyleSheetResource.java	6	3	3	1.00	false	false
jabgui/src/main/java/org/jabref/gui/theme/StyleSheetDataUrl.java	jabgui/src/main/java/org/jabref/gui/theme/StyleSheetFile.java	3	7	3	1.00	false	false
jabgui/src/main/java/org/jabref/gui/theme/StyleSheetDataUrl.java	jabgui/src/main/java/org/jabref/gui/theme/StyleSheetResource.java	3	3	3	1.00	false	false
jabgui/src/main/java/org/jabref/gui/theme/StyleSheetDataUrl.java	jabgui/src/main/java/org/jabref/gui/theme/ThemeManager.java	3	27	3	1.00	false	false
jabgui/src/main/java/org/jabref/gui/theme/StyleSheetFile.java	jabgui/src/main/java/org/jabref/gui/theme/StyleSheetResource.java	7	3	3	1.00	false	false
jabgui/src/main/java/org/jabref/gui/theme/StyleSheetResource.java	jabgui/src/main/java/org/jabref/gui/theme/ThemeManager.java	3	27	3	1.00	false	false
jabgui/src/main/java/org/jabref/gui/undo/RedoAction.java	jabgui/src/main/java/org/jabref/gui/undo/UndoAction.java	4	3	3	1.00	false	false
jabgui/src/main/java/org/jabref/gui/walkthrough/Walkthrough.java	jabgui/src/main/java/org/jabref/gui/walkthrough/WalkthroughAction.java	3	11	3	1.00	false	false
jabgui/src/main/java/org/jabref/gui/walkthrough/Walkthrough.java	jabgui/src/main/java/org/jabref/gui/walkthrough/WalkthroughHighlighter.java	3	5	3	1.00	false	false
jabgui/src/main/java/org/jabref/gui/walkthrough/Walkthrough.java	jabgui/src/main/java/org/jabref/gui/walkthrough/WalkthroughOverlay.java	3	5	3	1.00	false	false
jabgui/src/main/java/org/jabref/gui/walkthrough/Walkthrough.java	jabgui/src/main/java/org/jabref/gui/walkthrough/declarative/NodeResolver.java	3	9	3	1.00	true	false
jabgui/src/main/java/org/jabref/gui/walkthrough/Walkthrough.java	jabgui/src/main/java/org/jabref/gui/walkthrough/effects/FullScreenDarken.java	3	3	3	1.00	true	false
jabgui/src/main/java/org/jabref/gui/walkthrough/WalkthroughAction.java	jabgui/src/main/java/org/jabref/gui/walkthrough/effects/FullScreenDarken.java	11	3	3	1.00	true	false
jabgui/src/main/java/org/jabref/gui/walkthrough/WalkthroughAction.java	jabgui/src/main/java/org/jabref/gui/walkthrough/utils/WalkthroughReverter.java	11	3	3	1.00	true	false
jabgui/src/main/java/org/jabref/gui/walkthrough/WalkthroughHighlighter.java	jabgui/src/main/java/org/jabref/gui/walkthrough/effects/FullScreenDarken.java	5	3	3	1.00	true	false
jabgui/src/main/java/org/jabref/gui/walkthrough/WalkthroughOverlay.java	jabgui/src/main/java/org/jabref/gui/walkthrough/effects/FullScreenDarken.java	5	3	3	1.00	true	false
jabgui/src/main/java/org/jabref/gui/walkthrough/WalkthroughOverlay.java	jabgui/src/main/java/org/jabref/gui/walkthrough/utils/WalkthroughReverter.java	5	3	3	1.00	true	false
jabgui/src/main/java/org/jabref/gui/walkthrough/WindowOverlay.java	jabgui/src/main/java/org/jabref/gui/walkthrough/utils/WalkthroughReverter.java	6	3	3	1.00	true	false
jabgui/src/main/java/org/jabref/gui/walkthrough/declarative/NodeResolver.java	jabgui/src/main/java/org/jabref/gui/walkthrough/effects/FullScreenDarken.java	9	3	3	1.00	true	false
jabgui/src/main/java/org/jabref/gui/walkthrough/declarative/NodeResolver.java	jabgui/src/main/java/org/jabref/gui/walkthrough/utils/WalkthroughReverter.java	9	3	3	1.00	true	false
jabgui/src/main/java/org/jabref/gui/walkthrough/effects/Spotlight.java	jabgui/src/main/java/org/jabref/gui/walkthrough/utils/WalkthroughReverter.java	5	3	3	1.00	true	false
jabgui/src/main/java/org/jabref/gui/welcome/quicksettings/EntryTableConfigurationDialog.java	jabgui/src/main/java/org/jabref/gui/welcome/quicksettings/LargeLibraryOptimizationDialog.java	3	3	3	1.00	false	false
jabgui/src/main/java/org/jabref/gui/welcome/quicksettings/EntryTableConfigurationDialog.java	jabgui/src/main/java/org/jabref/gui/welcome/quicksettings/MainFileDirectoryDialog.java	3	3	3	1.00	false	false
jabgui/src/main/java/org/jabref/gui/welcome/quicksettings/EntryTableConfigurationDialog.java	jabgui/src/main/java/org/jabref/gui/welcome/quicksettings/OnlineServicesDialog.java	3	3	3	1.00	false	false
jabgui/src/main/java/org/jabref/gui/welcome/quicksettings/EntryTableConfigurationDialog.java	jabgui/src/main/java/org/jabref/gui/welcome/quicksettings/PushApplicationDialog.java	3	3	3	1.00	false	false
jabgui/src/main/java/org/jabref/gui/welcome/quicksettings/EntryTableConfigurationDialog.java	jabgui/src/main/java/org/jabref/gui/welcome/quicksettings/ThemeDialog.java	3	6	3	1.00	false	false
jabgui/src/main/java/org/jabref/gui/welcome/quicksettings/LargeLibraryOptimizationDialog.java	jabgui/src/main/java/org/jabref/gui/welcome/quicksettings/MainFileDirectoryDialog.java	3	3	3	1.00	false	false
jabgui/src/main/java/org/jabref/gui/welcome/quicksettings/LargeLibraryOptimizationDialog.java	jabgui/src/main/java/org/jabref/gui/welcome/quicksettings/OnlineServicesDialog.java	3	3	3	1.00	false	false
jabgui/src/main/java/org/jabref/gui/welcome/quicksettings/LargeLibraryOptimizationDialog.java	jabgui/src/main/java/org/jabref/gui/welcome/quicksettings/PushApplicationDialog.java	3	3	3	1.00	false	false
jabgui/src/main/java/org/jabref/gui/welcome/quicksettings/LargeLibraryOptimizationDialog.java	jabgui/src/main/java/org/jabref/gui/welcome/quicksettings/ThemeDialog.java	3	6	3	1.00	false	false
jabgui/src/main/java/org/jabref/gui/welcome/quicksettings/MainFileDirectoryDialog.java	jabgui/src/main/java/org/jabref/gui/welcome/quicksettings/OnlineServicesDialog.java	3	3	3	1.00	false	false
jabgui/src/main/java/org/jabref/gui/welcome/quicksettings/MainFileDirectoryDialog.java	jabgui/src/main/java/org/jabref/gui/welcome/quicksettings/PushApplicationDialog.java	3	3	3	1.00	false	false
jabgui/src/main/java/org/jabref/gui/welcome/quicksettings/MainFileDirectoryDialog.java	jabgui/src/main/java/org/jabref/gui/welcome/quicksettings/ThemeDialog.java	3	6	3	1.00	false	false
jabgui/src/main/java/org/jabref/gui/welcome/quicksettings/OnlineServicesDialog.java	jabgui/src/main/java/org/jabref/gui/welcome/quicksettings/PushApplicationDialog.java	3	3	3	1.00	false	false
jabgui/src/main/java/org/jabref/gui/welcome/quicksettings/OnlineServicesDialog.java	jabgui/src/main/java/org/jabref/gui/welcome/quicksettings/ThemeDialog.java	3	6	3	1.00	false	false
jabgui/src/main/java/org/jabref/gui/welcome/quicksettings/PushApplicationDialog.java	jabgui/src/main/java/org/jabref/gui/welcome/quicksettings/ThemeDialog.java	3	6	3	1.00	false	false
jabkit/src/main/java/module-info.java	jabkit/src/main/java/org/jabref/toolkit/converter/CygWinPathConverter.java	14	3	3	1.00	true	false
jabkit/src/main/java/org/jabref/toolkit/commands/CheckConsistency.java	jabkit/src/main/java/org/jabref/toolkit/converter/CygWinPathConverter.java	16	3	3	1.00	true	false
jabkit/src/main/java/org/jabref/toolkit/commands/CheckIntegrity.java	jabkit/src/main/java/org/jabref/toolkit/converter/CygWinPathConverter.java	11	3	3	1.00	true	false
jabkit/src/main/java/org/jabref/toolkit/commands/Convert.java	jabkit/src/main/java/org/jabref/toolkit/converter/CygWinPathConverter.java	12	3	3	1.00	true	false
jabkit/src/main/java/org/jabref/toolkit/commands/Pseudonymize.java	jabkit/src/main/java/org/jabref/toolkit/converter/CygWinPathConverter.java	10	3	3	1.00	true	false
jabkit/src/main/java/org/jabref/toolkit/commands/Search.java	jabkit/src/main/java/org/jabref/toolkit/converter/CygWinPathConverter.java	12	3	3	1.00	true	false
jablib/src/main/java/org/jabref/logic/ai/AiService.java	jablib/src/main/java/org/jabref/logic/ai/embedding/DeepJavaEmbeddingModel.java	13	3	3	1.00	true	false
jablib/src/main/java/org/jabref/logic/ai/AiService.java	jablib/src/main/java/org/jabref/logic/ai/embedding/EmbeddingModelCache.java	13	3	3	1.00	true	false
jablib/src/main/java/org/jabref/logic/ai/AiService.java	jablib/src/main/java/org/jabref/logic/ai/ingestion/repositories/MVStoreIngestedDocumentsRepository.java	13	3	3	1.00	true	false
jablib/src/main/java/org/jabref/logic/ai/chatting/JvmOpenAiChatLanguageModel.java	jablib/src/main/java/org/jabref/model/ai/chatting/ErrorMessage.java	5	3	3	1.00	true	false
jablib/src/main/java/org/jabref/logic/ai/embedding/AsyncEmbeddingModel.java	jablib/src/main/java/org/jabref/logic/ai/embedding/EmbeddingModelCache.java	5	3	3	1.00	false	false
jablib/src/main/java/org/jabref/logic/ai/embedding/EmbeddingModelCache.java	jablib/src/main/java/org/jabref/logic/ai/preferences/AiPreferences.java	3	19	3	1.00	true	false
jablib/src/main/java/org/jabref/logic/bst/BstEntry.java	jablib/src/main/java/org/jabref/logic/bst/BstFunctions.java	3	9	3	1.00	false	false
jablib/src/main/java/org/jabref/logic/bst/BstEntry.java	jablib/src/main/java/org/jabref/logic/bst/BstVMVisitor.java	3	8	3	1.00	false	false
jablib/src/main/java/org/jabref/logic/bst/BstFunctions.java	jablib/src/main/java/org/jabref/logic/bst/BstVMContext.java	9	3	3	1.00	false	false
jablib/src/main/java/org/jabref/logic/bst/BstVM.java	jablib/src/main/java/org/jabref/logic/bst/BstVMContext.java	5	3	3	1.00	false	false
jablib/src/main/java/org/jabref/logic/bst/BstVMVisitor.java	jablib/src/main/java/org/jabref/logic/bst/util/BstWidthCalculator.java	8	3	3	1.00	true	false
jablib/src/main/java/org/jabref/logic/bst/util/BstCaseChanger.java	jablib/src/main/java/org/jabref/logic/bst/util/BstWidthCalculator.java	26	3	3	1.00	false	false
jablib/src/main/java/org/jabref/logic/citation/SearchCitationsRelationsService.java	jablib/src/main/java/org/jabref/logic/citation/repository/BibEntryCitationsAndReferencesRepository.java	12	3	3	1.00	true	false
jablib/src/main/java/org/jabref/logic/citation/repository/BibEntryCitationsAndReferencesRepository.java	jablib/src/main/java/org/jabref/logic/citation/repository/BibEntryCitationsAndReferencesRepositoryShell.java	3	4	3	1.00	false	false
jablib/src/main/java/org/jabref/logic/citation/repository/BibEntryCitationsAndReferencesRepository.java	jablib/src/main/java/org/jabref/logic/citation/repository/MVStoreBibEntryRelationRepository.java	3	4	3	1.00	false	false
jablib/src/main/java/org/jabref/logic/citationkeypattern/CitationKeyGeneratorTestUtils.java	jablib/src/main/java/org/jabref/logic/citationkeypattern/CitationKeyPatternPreferences.java	3	20	3	1.00	false	false
jablib/src/main/java/org/jabref/logic/crawler/StudyCatalogToFetcherConverter.java	jablib/src/main/java/org/jabref/logic/crawler/StudyYamlV1Migrator.java	8	3	3	1.00	false	false
jablib/src/main/java/org/jabref/logic/crawler/StudyRepository.java	jablib/src/main/java/org/jabref/logic/crawler/StudyYamlV1Migrator.java	40	3	3	1.00	false	false
jablib/src/main/java/org/jabref/logic/crawler/StudyYamlParser.java	jablib/src/main/java/org/jabref/logic/crawler/StudyYamlV1Migrator.java	7	3	3	1.00	false	false
jablib/src/main/java/org/jabref/logic/crawler/StudyYamlV1Migrator.java	jablib/src/main/java/org/jabref/model/study/Study.java	3	14	3	1.00	true	false
jablib/src/main/java/org/jabref/logic/crawler/StudyYamlV1Migrator.java	jablib/src/main/java/org/jabref/model/study/StudyCatalog.java	3	8	3	1.00	true	false
jablib/src/main/java/org/jabref/logic/crawler/StudyYamlV1Migrator.java	jablib/src/main/java/org/jabref/model/study/StudyQuery.java	3	4	3	1.00	true	false
jablib/src/main/java/org/jabref/logic/exporter/AtomicFileOutputStream.java	jablib/src/main/java/org/jabref/logic/exporter/AtomicFileWriter.java	20	3	3	1.00	false	false
jablib/src/main/java/org/jabref/logic/git/merge/planning/util/ConflictRules.java	jablib/src/main/java/org/jabref/logic/git/merge/planning/util/FieldPatchComputer.java	4	3	3	1.00	false	false
jablib/src/main/java/org/jabref/logic/git/status/GitStatusChecker.java	jablib/src/main/java/org/jabref/logic/git/util/GitInitService.java	10	3	3	1.00	true	false
jablib/src/main/java/org/jabref/logic/importer/FetcherResult.java	jablib/src/main/java/org/jabref/logic/importer/FulltextFetcher.java	3	8	3	1.00	false	false
jablib/src/main/java/org/jabref/logic/importer/FetcherResult.java	jablib/src/main/java/org/jabref/logic/importer/FulltextFetchers.java	3	65	3	1.00	false	false
jablib/src/main/java/org/jabref/logic/importer/FetcherResult.java	jablib/src/main/java/org/jabref/logic/importer/WebFetchers.java	3	102	3	1.00	false	false
jablib/src/main/java/org/jabref/logic/importer/QueryParser.java	jablib/src/main/java/org/jabref/logic/importer/SearchBasedFetcher.java	3	16	3	1.00	false	false
jablib/src/main/java/org/jabref/logic/importer/QueryParser.java	jablib/src/main/java/org/jabref/logic/importer/fetcher/ComplexSearchQuery.java	3	9	3	1.00	true	false
jablib/src/main/java/org/jabref/logic/importer/fetcher/IEEE.java	jablib/src/main/java/org/jabref/logic/importer/fetcher/transformers/CollectionOfComputerScienceBibliographiesQueryTransformer.java	55	3	3	1.00	true	false
jablib/src/main/java/org/jabref/logic/importer/fetcher/IEEE.java	jablib/src/main/java/org/jabref/logic/importer/fetcher/transformers/GVKQueryTransformer.java	55	3	3	1.00	true	false
jablib/src/main/java/org/jabref/logic/importer/fetcher/IEEE.java	jablib/src/main/java/org/jabref/logic/importer/fetcher/transformers/ZbMathQueryTransformer.java	55	3	3	1.00	true	false
jablib/src/main/java/org/jabref/logic/importer/fetcher/MrDlibPreferences.java	jablib/src/main/java/org/jabref/logic/preferences/JabRefCliPreferences.java	3	1078	3	1.00	true	false
jablib/src/main/java/org/jabref/logic/importer/fetcher/SpringerNatureWebFetcher.java	jablib/src/main/java/org/jabref/logic/importer/fetcher/transformers/SpringerQueryTransformer.java	30	3	3	1.00	true	false
jablib/src/main/java/org/jabref/logic/importer/fetcher/transformers/AbstractQueryTransformer.java	jablib/src/main/java/org/jabref/logic/importer/fetcher/transformers/CollectionOfComputerScienceBibliographiesQueryTransformer.java	8	3	3	1.00	false	false
jablib/src/main/java/org/jabref/logic/importer/fetcher/transformers/AbstractQueryTransformer.java	jablib/src/main/java/org/jabref/logic/importer/fetcher/transformers/GVKQueryTransformer.java	8	3	3	1.00	false	false
jablib/src/main/java/org/jabref/logic/importer/fetcher/transformers/AbstractQueryTransformer.java	jablib/src/main/java/org/jabref/logic/importer/fetcher/transformers/ZbMathQueryTransformer.java	8	3	3	1.00	false	false
jablib/src/main/java/org/jabref/logic/importer/fetcher/transformers/CollectionOfComputerScienceBibliographiesQueryTransformer.java	jablib/src/main/java/org/jabref/logic/importer/fetcher/transformers/GVKQueryTransformer.java	3	3	3	1.00	false	false
jablib/src/main/java/org/jabref/logic/importer/fetcher/transformers/CollectionOfComputerScienceBibliographiesQueryTransformer.java	jablib/src/main/java/org/jabref/logic/importer/fetcher/transformers/IEEEQueryTransformer.java	3	5	3	1.00	false	false
jablib/src/main/java/org/jabref/logic/importer/fetcher/transformers/CollectionOfComputerScienceBibliographiesQueryTransformer.java	jablib/src/main/java/org/jabref/logic/importer/fetcher/transformers/ZbMathQueryTransformer.java	3	3	3	1.00	false	false
jablib/src/main/java/org/jabref/logic/importer/fetcher/transformers/GVKQueryTransformer.java	jablib/src/main/java/org/jabref/logic/importer/fetcher/transformers/IEEEQueryTransformer.java	3	5	3	1.00	false	false
jablib/src/main/java/org/jabref/logic/importer/fetcher/transformers/GVKQueryTransformer.java	jablib/src/main/java/org/jabref/logic/importer/fetcher/transformers/ZbMathQueryTransformer.java	3	3	3	1.00	false	false
jablib/src/main/java/org/jabref/logic/importer/fetcher/transformers/IEEEQueryTransformer.java	jablib/src/main/java/org/jabref/logic/importer/fetcher/transformers/ZbMathQueryTransformer.java	5	3	3	1.00	false	false
jablib/src/main/java/org/jabref/logic/importer/fileformat/pdf/PdfMergeMetadataImporter.java	jablib/src/main/java/org/jabref/logic/importer/fileformat/pdf/PdfXmpImporter.java	27	3	3	1.00	false	false
jablib/src/main/java/org/jabref/logic/layout/format/ToLowerCase.java	jablib/src/main/java/org/jabref/logic/layout/format/ToUpperCase.java	7	3	3	1.00	false	false
jablib/src/main/java/org/jabref/logic/ocr/OcrEngine.java	jablib/src/main/java/org/jabref/logic/ocr/OcrMyPdfEngine.java	3	8	3	1.00	false	false
jablib/src/main/java/org/jabref/logic/ocr/OcrMyPdfEngine.java	jablib/src/main/java/org/jabref/logic/ocr/OcrUtils.java	8	3	3	1.00	false	false
jablib/src/main/java/org/jabref/logic/ocr/OcrUtils.java	jablib/src/main/java/org/jabref/logic/ocr/docling/DoclingEngine.java	3	4	3	1.00	true	false
jablib/src/main/java/org/jabref/logic/openoffice/backend/Backend52.java	jablib/src/main/java/org/jabref/logic/openoffice/backend/NamedRangeManagerReferenceMark.java	8	3	3	1.00	false	false
jablib/src/main/java/org/jabref/logic/openoffice/backend/Backend52.java	jablib/src/main/java/org/jabref/model/openoffice/backend/NamedRangeManager.java	8	3	3	1.00	true	false
jablib/src/main/java/org/jabref/logic/openoffice/backend/NamedRangeManagerReferenceMark.java	jablib/src/main/java/org/jabref/logic/openoffice/backend/NamedRangeReferenceMark.java	3	7	3	1.00	false	false
jablib/src/main/java/org/jabref/logic/openoffice/backend/NamedRangeManagerReferenceMark.java	jablib/src/main/java/org/jabref/model/openoffice/backend/NamedRangeManager.java	3	3	3	1.00	true	false
jablib/src/main/java/org/jabref/logic/openoffice/backend/NamedRangeReferenceMark.java	jablib/src/main/java/org/jabref/model/openoffice/backend/NamedRangeManager.java	7	3	3	1.00	true	false
jablib/src/main/java/org/jabref/logic/openoffice/bst/PandocLatexConverter.java	jablib/src/main/java/org/jabref/logic/openoffice/oocsltext/BSTCitationOOAdapter.java	3	8	3	1.00	true	false
jablib/src/main/java/org/jabref/logic/openoffice/style/OOFormatBibliography.java	jablib/src/main/java/org/jabref/logic/openoffice/style/OOProcessCitationKeyMarkers.java	5	3	3	1.00	false	false
jablib/src/main/java/org/jabref/logic/openoffice/style/OOFormatBibliography.java	jablib/src/main/java/org/jabref/model/openoffice/style/CitationGroup.java	5	3	3	1.00	true	false
jablib/src/main/java/org/jabref/logic/openoffice/style/OOProcessAuthorYearMarkers.java	jablib/src/main/java/org/jabref/logic/openoffice/style/OOProcessCitationKeyMarkers.java	7	3	3	1.00	false	false
jablib/src/main/java/org/jabref/logic/openoffice/style/OOProcessAuthorYearMarkers.java	jablib/src/main/java/org/jabref/model/openoffice/style/CitationGroup.java	7	3	3	1.00	true	false
jablib/src/main/java/org/jabref/logic/openoffice/style/OOProcessAuthorYearMarkers.java	jablib/src/main/java/org/jabref/model/openoffice/style/CitationType.java	7	3	3	1.00	true	false
jablib/src/main/java/org/jabref/logic/openoffice/style/OOProcessCitationKeyMarkers.java	jablib/src/main/java/org/jabref/logic/openoffice/style/OOProcessNumericMarkers.java	3	5	3	1.00	false	false
jablib/src/main/java/org/jabref/logic/openoffice/style/OOProcessNumericMarkers.java	jablib/src/main/java/org/jabref/model/openoffice/style/CitationGroup.java	5	3	3	1.00	true	false
jablib/src/main/java/org/jabref/logic/pdf/AnnotationImporter.java	jablib/src/main/java/org/jabref/logic/pdf/EntryAnnotationImporter.java	3	14	3	1.00	false	false
jablib/src/main/java/org/jabref/logic/pdf/AnnotationImporter.java	jablib/src/main/java/org/jabref/logic/pdf/PdfAnnotationImporter.java	3	30	3	1.00	false	false
jablib/src/main/java/org/jabref/logic/pdf/AnnotationImporter.java	jablib/src/main/java/org/jabref/model/pdf/FileAnnotation.java	3	22	3	1.00	true	false
jablib/src/main/java/org/jabref/logic/preferences/JabRefCliPreferences.java	jablib/src/main/java/org/jabref/logic/preferences/LastFilesOpenedPreferences.java	1078	3	3	1.00	false	false
jablib/src/main/java/org/jabref/logic/preferences/JabRefCliPreferences.java	jablib/src/main/java/org/jabref/logic/protectedterms/ProtectedTermsList.java	1078	3	3	1.00	true	false
jablib/src/main/java/org/jabref/logic/preferences/JabRefCliPreferences.java	jablib/src/main/java/org/jabref/logic/push/PushToApplicationPreferences.java	1078	3	3	1.00	true	false
jablib/src/main/java/org/jabref/logic/remote/RemoteMessage.java	jablib/src/main/java/org/jabref/logic/remote/client/RemoteClient.java	3	7	3	1.00	true	false
jablib/src/main/java/org/jabref/logic/remote/RemoteMessage.java	jablib/src/main/java/org/jabref/logic/remote/server/RemoteListenerServer.java	3	18	3	1.00	true	false
jablib/src/main/java/org/jabref/logic/remote/client/RemoteClient.java	jablib/src/main/java/org/jabref/logic/remote/server/RemoteMessageHandler.java	7	3	3	1.00	true	false
jablib/src/main/java/org/jabref/logic/remote/server/RemoteListenerServer.java	jablib/src/main/java/org/jabref/logic/remote/server/RemoteMessageHandler.java	18	3	3	1.00	false	false
jablib/src/main/java/org/jabref/logic/search/query/SearchQueryExtractorVisitor.java	jablib/src/main/java/org/jabref/logic/search/query/SearchToLuceneVisitor.java	3	6	3	1.00	false	false
jablib/src/main/java/org/jabref/logic/search/query/SearchQueryExtractorVisitor.java	jablib/src/main/java/org/jabref/logic/search/query/SearchToSqlVisitor.java	3	5	3	1.00	false	false
jablib/src/main/java/org/jabref/logic/search/sqlbased/indexing/BibFieldsIndexer.java	jablib/src/main/java/org/jabref/model/search/PostgresConstants.java	12	3	3	1.00	true	false
jablib/src/main/java/org/jabref/logic/shared/DBMSConnection.java	jablib/src/main/java/org/jabref/logic/shared/DatabaseConnection.java	13	3	3	1.00	false	false
jablib/src/main/java/org/jabref/logic/shared/DBMSConnection.java	jablib/src/main/java/org/jabref/logic/shared/exception/InvalidDBMSConnectionPropertiesException.java	13	3	3	1.00	true	false
jablib/src/main/java/org/jabref/logic/shared/DBMSConnection.java	jablib/src/main/java/org/jabref/logic/shared/exception/OfflineLockException.java	13	3	3	1.00	true	false
jablib/src/main/java/org/jabref/logic/shared/DBMSConnection.java	jablib/src/main/java/org/jabref/logic/shared/exception/SharedEntryNotPresentException.java	13	3	3	1.00	true	false
jablib/src/main/java/org/jabref/logic/shared/DBMSConnectionProperties.java	jablib/src/main/java/org/jabref/logic/shared/exception/InvalidDBMSConnectionPropertiesException.java	15	3	3	1.00	true	false
jablib/src/main/java/org/jabref/logic/shared/DBMSConnectionProperties.java	jablib/src/main/java/org/jabref/logic/shared/exception/OfflineLockException.java	15	3	3	1.00	true	false
jablib/src/main/java/org/jabref/logic/shared/DBMSConnectionProperties.java	jablib/src/main/java/org/jabref/logic/shared/exception/SharedEntryNotPresentException.java	15	3	3	1.00	true	false
jablib/src/main/java/org/jabref/logic/shared/DBMSProcessor.java	jablib/src/main/java/org/jabref/logic/shared/DatabaseNotSupportedException.java	44	3	3	1.00	false	false
jablib/src/main/java/org/jabref/logic/shared/DBMSProcessor.java	jablib/src/main/java/org/jabref/logic/shared/exception/OfflineLockException.java	44	3	3	1.00	true	false
jablib/src/main/java/org/jabref/logic/shared/DBMSProcessor.java	jablib/src/main/java/org/jabref/logic/shared/exception/SharedEntryNotPresentException.java	44	3	3	1.00	true	false
jablib/src/main/java/org/jabref/logic/shared/DBMSSynchronizer.java	jablib/src/main/java/org/jabref/logic/shared/DatabaseConnection.java	38	3	3	1.00	false	false
jablib/src/main/java/org/jabref/logic/shared/DBMSSynchronizer.java	jablib/src/main/java/org/jabref/logic/shared/DatabaseNotSupportedException.java	38	3	3	1.00	false	false
jablib/src/main/java/org/jabref/logic/shared/DBMSSynchronizer.java	jablib/src/main/java/org/jabref/logic/shared/DatabaseSynchronizer.java	38	3	3	1.00	false	false
jablib/src/main/java/org/jabref/logic/shared/DBMSSynchronizer.java	jablib/src/main/java/org/jabref/logic/shared/exception/InvalidDBMSConnectionPropertiesException.java	38	3	3	1.00	true	false
jablib/src/main/java/org/jabref/logic/shared/DBMSSynchronizer.java	jablib/src/main/java/org/jabref/logic/shared/exception/OfflineLockException.java	38	3	3	1.00	true	false
jablib/src/main/java/org/jabref/logic/shared/DBMSSynchronizer.java	jablib/src/main/java/org/jabref/logic/shared/exception/SharedEntryNotPresentException.java	38	3	3	1.00	true	false
jablib/src/main/java/org/jabref/logic/shared/DBMSSynchronizer.java	jablib/src/main/java/org/jabref/model/database/event/EntriesRemovedEvent.java	38	3	3	1.00	true	false
jablib/src/main/java/org/jabref/logic/shared/DBMSSynchronizer.java	jablib/src/main/java/org/jabref/model/entry/event/EntriesEvent.java	38	3	3	1.00	true	false
jablib/src/main/java/org/jabref/logic/shared/DBMSType.java	jablib/src/main/java/org/jabref/logic/shared/exception/OfflineLockException.java	11	3	3	1.00	true	false
jablib/src/main/java/org/jabref/logic/shared/DBMSType.java	jablib/src/main/java/org/jabref/logic/shared/exception/SharedEntryNotPresentException.java	11	3	3	1.00	true	false
jablib/src/main/java/org/jabref/logic/shared/event/ConnectionLostEvent.java	jablib/src/main/java/org/jabref/logic/shared/exception/OfflineLockException.java	4	3	3	1.00	true	false
jablib/src/main/java/org/jabref/logic/shared/event/ConnectionLostEvent.java	jablib/src/main/java/org/jabref/logic/shared/exception/SharedEntryNotPresentException.java	4	3	3	1.00	true	false
jablib/src/main/java/org/jabref/logic/shared/event/UpdateRefusedEvent.java	jablib/src/main/java/org/jabref/logic/shared/exception/OfflineLockException.java	5	3	3	1.00	true	false
jablib/src/main/java/org/jabref/logic/shared/event/UpdateRefusedEvent.java	jablib/src/main/java/org/jabref/logic/shared/exception/SharedEntryNotPresentException.java	5	3	3	1.00	true	false
jablib/src/main/java/org/jabref/logic/shared/exception/InvalidDBMSConnectionPropertiesException.java	jablib/src/main/java/org/jabref/logic/shared/prefs/SharedDatabasePreferences.java	3	13	3	1.00	true	false
jablib/src/main/java/org/jabref/logic/shared/exception/InvalidDBMSConnectionPropertiesException.java	jablib/src/main/java/org/jabref/model/database/BibDatabaseContext.java	3	99	3	1.00	true	false
jablib/src/main/java/org/jabref/logic/shared/exception/OfflineLockException.java	jablib/src/main/java/org/jabref/logic/shared/exception/SharedEntryNotPresentException.java	3	3	3	1.00	false	false
jablib/src/main/java/org/jabref/logic/shared/exception/OfflineLockException.java	jablib/src/main/java/org/jabref/model/database/BibDatabaseContext.java	3	99	3	1.00	true	false
jablib/src/main/java/org/jabref/logic/shared/exception/SharedEntryNotPresentException.java	jablib/src/main/java/org/jabref/model/database/BibDatabaseContext.java	3	99	3	1.00	true	false
jablib/src/main/java/org/jabref/logic/xmp/DocumentInformationExtractor.java	jablib/src/main/java/org/jabref/logic/xmp/DublinCoreExtractor.java	3	19	3	1.00	false	false
jablib/src/main/java/org/jabref/logic/xmp/DocumentInformationExtractor.java	jablib/src/main/java/org/jabref/logic/xmp/XmpUtilWriter.java	3	22	3	1.00	false	false
jablib/src/main/java/org/jabref/model/database/BibDatabase.java	jablib/src/main/java/org/jabref/model/database/event/EntriesAddedEvent.java	209	3	3	1.00	true	false
jablib/src/main/java/org/jabref/model/database/BibDatabase.java	jablib/src/main/java/org/jabref/model/database/event/EntriesRemovedEvent.java	209	3	3	1.00	true	false
jablib/src/main/java/org/jabref/model/entry/Author.java	jablib/src/main/java/org/jabref/model/groups/LastNameGroup.java	17	3	3	1.00	true	false
jablib/src/main/java/org/jabref/model/entry/BibEntry.java	jablib/src/main/java/org/jabref/model/entry/event/FieldAddedOrRemovedEvent.java	312	3	3	1.00	true	false
jablib/src/main/java/org/jabref/model/entry/BibEntryType.java	jablib/src/main/java/org/jabref/model/entry/field/FieldPriority.java	14	3	3	1.00	true	false
jablib/src/main/java/org/jabref/model/entry/BibEntryTypesManager.java	jablib/src/main/java/org/jabref/model/entry/types/BiblatexSoftwareEntryTypeDefinitions.java	20	3	3	1.00	true	false
jablib/src/main/java/org/jabref/model/openoffice/style/CitationGroup.java	jablib/src/main/java/org/jabref/model/openoffice/style/CitationGroups.java	3	4	3	1.00	false	false
jabls/src/main/java/org/jabref/languageserver/util/LspDiagnosticBuilder.java	jabls/src/main/java/org/jabref/languageserver/util/LspDiagnosticHandler.java	3	5	3	1.00	false	false
jabls/src/main/java/org/jabref/languageserver/util/definition/DefinitionProvider.java	jabls/src/main/java/org/jabref/languageserver/util/definition/DefinitionProviderFactory.java	3	3	3	1.00	false	false
jabsrv-cli/src/main/java/org/jabref/http/server/cli/ServerCli.java	jabsrv/src/main/java/org/jabref/http/server/resources/MapResource.java	10	3	3	1.00	true	true
jabsrv/src/main/java/org/jabref/http/manager/HttpServerThread.java	jabsrv/src/main/java/org/jabref/http/server/command/Command.java	7	3	3	1.00	true	false
jabsrv/src/main/java/org/jabref/http/server/Server.java	jabsrv/src/main/java/org/jabref/http/server/command/Command.java	20	3	3	1.00	true	false
jabsrv/src/main/java/org/jabref/http/server/cayw/CAYWResource.java	jabsrv/src/main/java/org/jabref/http/server/cayw/format/CAYWFormatter.java	16	3	3	1.00	true	false
jabsrv/src/main/java/org/jabref/http/server/cayw/CAYWResource.java	jabsrv/src/main/java/org/jabref/http/server/cayw/format/FormatterService.java	16	3	3	1.00	true	false
jabsrv/src/main/java/org/jabref/http/server/cayw/CAYWResource.java	jabsrv/src/main/java/org/jabref/http/server/cayw/gui/CAYWEntry.java	16	3	3	1.00	true	false
jabsrv/src/main/java/org/jabref/http/server/cayw/format/BibLatexFormatter.java	jabsrv/src/main/java/org/jabref/http/server/cayw/format/CAYWFormatter.java	5	3	3	1.00	false	false
jabsrv/src/main/java/org/jabref/http/server/cayw/format/BibLatexFormatter.java	jabsrv/src/main/java/org/jabref/http/server/cayw/format/FormatterService.java	5	3	3	1.00	false	false
jabsrv/src/main/java/org/jabref/http/server/cayw/format/CAYWFormatter.java	jabsrv/src/main/java/org/jabref/http/server/cayw/format/FormatterService.java	3	3	3	1.00	false	false
jabsrv/src/main/java/org/jabref/http/server/cayw/format/CAYWFormatter.java	jabsrv/src/main/java/org/jabref/http/server/cayw/format/SimpleJsonFormatter.java	3	4	3	1.00	false	false
jabsrv/src/main/java/org/jabref/http/server/cayw/format/FormatterService.java	jabsrv/src/main/java/org/jabref/http/server/cayw/format/SimpleJsonFormatter.java	3	4	3	1.00	false	false
jabsrv/src/main/java/org/jabref/http/server/cayw/gui/CAYWEntry.java	jabsrv/src/main/java/org/jabref/http/server/cayw/gui/SelectedItemsContainer.java	3	4	3	1.00	false	false
jabsrv/src/main/java/org/jabref/http/server/command/SelectEntriesCommand.java	jabsrv/src/main/java/org/jabref/http/server/services/ServerUtils.java	3	7	3	1.00	true	false
jabsrv/src/main/java/org/jabref/http/server/resources/EntryResource.java	jabsrv/src/main/java/org/jabref/http/server/resources/MapResource.java	7	3	3	1.00	false	false
jablib/src/main/java/org/jabref/logic/preferences/CliPreferences.java	jablib/src/main/java/org/jabref/logic/preferences/JabRefCliPreferences.java	115	1078	109	0.95	false	false
jabgui/src/main/java/org/jabref/gui/desktop/os/DefaultDesktop.java	jabgui/src/main/java/org/jabref/gui/desktop/os/OSX.java	16	29	15	0.94	false	false
jablib/src/main/java/org/jabref/logic/exporter/ExportPreferences.java	jablib/src/main/java/org/jabref/logic/preferences/JabRefCliPreferences.java	15	1078	14	0.93	true	false
jabgui/src/main/java/org/jabref/gui/entryeditor/FieldsEditorTab.java	jabgui/src/main/java/org/jabref/gui/entryeditor/PreviewTab.java	48	14	13	0.93	false	false
jabgui/src/main/java/org/jabref/gui/preferences/customentrytypes/CustomEntryTypesTabViewModel.java	jabgui/src/main/java/org/jabref/gui/preferences/customentrytypes/FieldViewModel.java	47	14	13	0.93	false	false
jabgui/src/main/java/org/jabref/gui/fieldeditors/OwnerEditor.java	jabgui/src/main/java/org/jabref/gui/fieldeditors/UrlEditor.java	13	18	12	0.92	false	false
jablib/src/main/java/org/jabref/logic/bibtex/FieldPreferences.java	jablib/src/main/java/org/jabref/logic/preferences/JabRefCliPreferences.java	13	1078	12	0.92	true	false
jablib/src/main/java/org/jabref/logic/remote/Protocol.java	jablib/src/main/java/org/jabref/logic/remote/server/RemoteListenerServer.java	12	18	11	0.92	true	false
jabkit/src/main/java/org/jabref/toolkit/commands/CheckConsistency.java	jabkit/src/main/java/org/jabref/toolkit/commands/CheckIntegrity.java	16	11	10	0.91	false	false
jablib/src/main/java/org/jabref/logic/formatter/casechanger/CapitalizeFormatter.java	jablib/src/main/java/org/jabref/logic/formatter/casechanger/LowerCaseFormatter.java	11	11	10	0.91	false	false
jablib/src/main/java/org/jabref/logic/formatter/casechanger/CapitalizeFormatter.java	jablib/src/main/java/org/jabref/logic/formatter/casechanger/TitleCaseFormatter.java	11	12	10	0.91	false	false
jablib/src/main/java/org/jabref/logic/formatter/casechanger/CapitalizeFormatter.java	jablib/src/main/java/org/jabref/logic/formatter/casechanger/UpperCaseFormatter.java	11	12	10	0.91	false	false
jablib/src/main/java/org/jabref/logic/formatter/casechanger/LowerCaseFormatter.java	jablib/src/main/java/org/jabref/logic/formatter/casechanger/TitleCaseFormatter.java	11	12	10	0.91	false	false
jablib/src/main/java/org/jabref/logic/formatter/casechanger/LowerCaseFormatter.java	jablib/src/main/java/org/jabref/logic/formatter/casechanger/UpperCaseFormatter.java	11	12	10	0.91	false	false
jablib/src/main/java/org/jabref/model/texparser/LatexBibEntriesResolverResult.java	jablib/src/main/java/org/jabref/model/texparser/LatexParserResult.java	11	24	10	0.91	false	false
jabgui/src/main/java/org/jabref/gui/shared/SharedDatabaseLoginDialogView.java	jabgui/src/main/java/org/jabref/gui/shared/SharedDatabaseLoginDialogViewModel.java	21	33	19	0.90	false	false
jabgui/src/main/java/org/jabref/gui/preferences/citationkeypattern/CitationKeyPatternTab.java	jabgui/src/main/java/org/jabref/gui/preferences/citationkeypattern/CitationKeyPatternTabViewModel.java	15	10	9	0.90	false	false
jabkit/src/main/java/org/jabref/toolkit/commands/Convert.java	jabkit/src/main/java/org/jabref/toolkit/commands/PdfUpdate.java	12	10	9	0.90	false	false
jabkit/src/main/java/org/jabref/toolkit/commands/PdfUpdate.java	jabkit/src/main/java/org/jabref/toolkit/commands/Search.java	10	12	9	0.90	false	false
jablib/src/main/java/org/jabref/logic/InternalPreferences.java	jablib/src/main/java/org/jabref/logic/preferences/JabRefCliPreferences.java	10	1078	9	0.90	true	false
jablib/src/main/java/org/jabref/logic/journals/AbbreviationPreferences.java	jablib/src/main/java/org/jabref/logic/preferences/JabRefCliPreferences.java	10	1078	9	0.90	true	false
jabgui/src/main/java/org/jabref/gui/desktop/os/Linux.java	jabgui/src/main/java/org/jabref/gui/desktop/os/OSX.java	48	29	26	0.90	false	false
jablib/src/main/java/org/jabref/logic/layout/format/DOICheck.java	jablib/src/main/java/org/jabref/logic/layout/format/DOIStrip.java	29	18	16	0.89	false	false
jabgui/src/main/java/org/jabref/gui/commonfxcontrols/CitationKeyPatternsPanel.java	jabgui/src/main/java/org/jabref/gui/commonfxcontrols/CitationKeyPatternsPanelViewModel.java	11	9	8	0.89	false	false
jabgui/src/main/java/org/jabref/gui/exporter/SaveAction.java	jabgui/src/main/java/org/jabref/gui/exporter/SaveAllAction.java	9	39	8	0.89	false	false
jabgui/src/main/java/org/jabref/gui/externalfiletype/ExternalFileType.java	jabgui/src/main/java/org/jabref/gui/externalfiletype/UnknownExternalFileType.java	34	9	8	0.89	false	false
jabgui/src/main/java/org/jabref/gui/sidepane/SidePane.java	jabgui/src/main/java/org/jabref/gui/sidepane/SidePaneViewModel.java	89	9	8	0.89	false	false
jabgui/src/main/java/org/jabref/gui/sidepane/SidePaneContentFactory.java	jabgui/src/main/java/org/jabref/gui/sidepane/SidePaneViewModel.java	14	9	8	0.89	false	false
jabgui/src/main/java/org/jabref/gui/util/UiTaskExecutor.java	jablib/src/main/java/org/jabref/logic/util/TaskExecutor.java	44	9	8	0.89	true	true
jabkit/src/main/java/org/jabref/toolkit/commands/CheckConsistency.java	jabkit/src/main/java/org/jabref/toolkit/commands/GenerateBibFromAux.java	16	9	8	0.89	false	false
jabkit/src/main/java/org/jabref/toolkit/commands/CheckIntegrity.java	jabkit/src/main/java/org/jabref/toolkit/commands/GenerateBibFromAux.java	11	9	8	0.89	false	false
jabkit/src/main/java/org/jabref/toolkit/commands/GenerateBibFromAux.java	jabkit/src/main/java/org/jabref/toolkit/commands/GenerateCitationKeys.java	9	14	8	0.89	false	false
jabkit/src/main/java/org/jabref/toolkit/commands/GenerateBibFromAux.java	jabkit/src/main/java/org/jabref/toolkit/commands/PdfUpdate.java	9	10	8	0.89	false	false
jabkit/src/main/java/org/jabref/toolkit/commands/GenerateBibFromAux.java	jabkit/src/main/java/org/jabref/toolkit/commands/Search.java	9	12	8	0.89	false	false
jablib/src/main/java/org/jabref/logic/importer/fetcher/AbstractIsbnFetcher.java	jablib/src/main/java/org/jabref/logic/importer/fetcher/DoiFetcher.java	9	53	8	0.89	false	false
jablib/src/main/java/org/jabref/logic/layout/format/AuthorFirstFirst.java	jablib/src/main/java/org/jabref/logic/layout/format/AuthorLastFirst.java	14	9	8	0.89	false	false
jablib/src/main/java/org/jabref/logic/preferences/JabRefCliPreferences.java	jablib/src/main/java/org/jabref/logic/util/io/AutoLinkPreferences.java	1078	9	8	0.89	true	false
jablib/src/main/java/org/jabref/logic/preferences/JabRefCliPreferences.java	jablib/src/main/java/org/jabref/logic/xmp/XmpPreferences.java	1078	9	8	0.89	true	false
jablib/src/main/java/org/jabref/model/database/BibDatabase.java	jablib/src/main/java/org/jabref/model/database/CitationKeyListener.java	209	9	8	0.89	false	false
jabgui/src/main/java/org/jabref/gui/desktop/os/DefaultDesktop.java	jabgui/src/main/java/org/jabref/gui/desktop/os/Windows.java	16	34	14	0.88	false	false
jablib/src/main/java/org/jabref/logic/importer/ImportFormatPreferences.java	jablib/src/main/java/org/jabref/logic/preferences/JabRefCliPreferences.java	16	1078	14	0.88	true	false
jabgui/src/main/java/org/jabref/gui/LibraryTabContainer.java	jabgui/src/main/java/org/jabref/gui/frame/JabRefFrame.java	8	1215	7	0.88	true	false
jabgui/src/main/java/org/jabref/gui/autocompleter/AutoCompletePreferences.java	jablib/src/main/java/org/jabref/logic/preferences/JabRefCliPreferences.java	8	1078	7	0.88	true	true
jabgui/src/main/java/org/jabref/gui/entryeditor/AiChatTab.java	jabgui/src/main/java/org/jabref/gui/entryeditor/EntryEditor.java	8	655	7	0.88	false	false
jabgui/src/main/java/org/jabref/gui/groups/GroupsPreferences.java	jablib/src/main/java/org/jabref/logic/preferences/JabRefCliPreferences.java	8	1078	7	0.88	true	true
jabgui/src/main/java/org/jabref/gui/icon/IconTheme.java	jabgui/src/main/java/org/jabref/gui/icon/JabRefIcon.java	170	8	7	0.88	false	false
jabgui/src/main/java/org/jabref/gui/preferences/entry/EntryTab.java	jabgui/src/main/java/org/jabref/gui/preferences/entry/EntryTabViewModel.java	8	8	7	0.88	false	false
jabgui/src/main/java/org/jabref/gui/push/GuiPushToApplicationSettings.java	jabgui/src/main/java/org/jabref/gui/push/GuiPushToEmacsSettings.java	10	8	7	0.88	false	false
jabgui/src/main/java/org/jabref/gui/push/GuiPushToApplicationSettings.java	jabgui/src/main/java/org/jabref/gui/push/GuiPushToVimSettings.java	10	8	7	0.88	false	false
jabgui/src/main/java/org/jabref/gui/slr/ManageStudyDefinitionViewModel.java	jabgui/src/main/java/org/jabref/gui/slr/StudyCatalogItem.java	17	8	7	0.88	false	false
jabkit/src/main/java/org/jabref/toolkit/commands/DoiToBibtex.java	jabkit/src/main/java/org/jabref/toolkit/commands/JabKit.java	8	18	7	0.88	false	false
jablib/src/main/java/org/jabref/logic/citationstyle/CSLStyleUtils.java	jablib/src/main/java/org/jabref/logic/citationstyle/CitationStyle.java	8	41	7	0.88	false	false
jablib/src/main/java/org/jabref/logic/crawler/StudyCatalogToFetcherConverter.java	jablib/src/main/java/org/jabref/logic/crawler/StudyRepository.java	8	40	7	0.88	false	false
jablib/src/main/java/org/jabref/logic/importer/fileformat/IsiImporter.java	jablib/src/main/java/org/jabref/logic/layout/format/RisMonth.java	95	8	7	0.88	true	false
jablib/src/main/java/org/jabref/logic/importer/fileformat/RisImporter.java	jablib/src/main/java/org/jabref/logic/layout/format/RisMonth.java	94	8	7	0.88	true	false
jablib/src/main/java/org/jabref/logic/integrity/ISBNChecker.java	jablib/src/main/java/org/jabref/logic/integrity/ISSNChecker.java	8	13	7	0.88	false	false
jablib/src/main/java/org/jabref/logic/layout/format/Iso690FormatDate.java	jablib/src/main/java/org/jabref/logic/layout/format/Iso690NamesAuthors.java	8	10	7	0.88	false	false
jablib/src/main/java/org/jabref/logic/layout/format/RisMonth.java	jablib/src/main/java/org/jabref/model/entry/BibEntry.java	8	312	7	0.88	true	false
jablib/src/main/java/org/jabref/logic/preview/CitationStylePreviewLayout.java	jablib/src/main/java/org/jabref/logic/preview/PreviewLayout.java	11	8	7	0.88	false	false
jabsrv/src/main/java/org/jabref/http/server/Server.java	jabsrv/src/main/java/org/jabref/http/server/resources/LibrariesResource.java	20	8	7	0.88	true	false
jabgui/src/main/java/org/jabref/gui/preferences/entryeditor/EntryEditorTab.java	jabgui/src/main/java/org/jabref/gui/preferences/entryeditor/EntryEditorTabViewModel.java	22	25	19	0.86	false	false
jablib/src/main/java/org/jabref/logic/cleanup/MoveFilesCleanup.java	jablib/src/main/java/org/jabref/logic/cleanup/RenamePdfCleanup.java	22	53	19	0.86	false	false
jablib/src/main/java/org/jabref/logic/push/PushToEmacs.java	jablib/src/main/java/org/jabref/logic/push/PushToVim.java	68	58	50	0.86	false	false
jablib/src/main/java/org/jabref/logic/push/PushToEmacs.java	jablib/src/main/java/org/jabref/logic/push/PushToTeXstudio.java	68	29	25	0.86	false	false
jablib/src/main/java/org/jabref/logic/FilePreferences.java	jablib/src/main/java/org/jabref/logic/preferences/JabRefCliPreferences.java	28	1078	24	0.86	true	false
jabgui/src/main/java/org/jabref/gui/entryeditor/EntryEditor.java	jabgui/src/main/java/org/jabref/gui/entryeditor/PreviewTab.java	655	14	12	0.86	false	false
jablib/src/main/java/org/jabref/logic/preferences/JabRefCliPreferences.java	jablib/src/main/java/org/jabref/logic/search/SearchPreferences.java	1078	14	12	0.86	true	false
jabgui/src/main/java/module-info.java	jablib/src/main/java/org/jabref/model/search/LinkedFilesConstants.java	149	7	6	0.86	true	true
jabgui/src/main/java/org/jabref/gui/collab/groupchange/GroupChangeDetailsView.java	jabgui/src/main/java/org/jabref/gui/collab/metedatachange/MetadataChangeDetailsView.java	7	13	6	0.86	true	false
jabgui/src/main/java/org/jabref/gui/edit/ReplaceStringAction.java	jabgui/src/main/java/org/jabref/gui/frame/JabRefFrame.java	7	1215	6	0.86	true	false
jabgui/src/main/java/org/jabref/gui/fieldeditors/KeywordsEditor.java	jabgui/src/main/java/org/jabref/gui/fieldeditors/KeywordsEditorViewModel.java	13	7	6	0.86	false	false
jabgui/src/main/java/org/jabref/gui/fieldeditors/identifier/BaseIdentifierEditorViewModel.java	jabgui/src/main/java/org/jabref/gui/fieldeditors/identifier/IdentifierEditor.java	7	28	6	0.86	false	false
jabgui/src/main/java/org/jabref/gui/frame/JabRefFrame.java	jabgui/src/main/java/org/jabref/gui/help/AboutAction.java	1215	7	6	0.86	true	false
jabgui/src/main/java/org/jabref/gui/git/GitPullAction.java	jablib/src/main/java/org/jabref/logic/git/GitHandler.java	7	19	6	0.86	true	true
jabgui/src/main/java/org/jabref/gui/git/GitPullAction.java	jablib/src/main/java/org/jabref/logic/git/status/GitStatusChecker.java	7	10	6	0.86	true	true
jabgui/src/main/java/org/jabref/gui/git/GitShareToGitHubDialogViewModel.java	jablib/src/main/java/org/jabref/logic/git/GitHandler.java	7	19	6	0.86	true	true
jabgui/src/main/java/org/jabref/gui/git/GitShareToGitHubDialogViewModel.java	jablib/src/main/java/org/jabref/logic/git/status/GitStatusChecker.java	7	10	6	0.86	true	true
jabgui/src/main/java/org/jabref/gui/importer/GrobidUseDialogHelper.java	jablib/src/main/java/org/jabref/logic/preferences/JabRefCliPreferences.java	7	1078	6	0.86	true	true
jabgui/src/main/java/org/jabref/gui/openoffice/OOBibBase.java	jablib/src/main/java/org/jabref/logic/openoffice/oocsltext/BSTReferenceMarkManager.java	159	7	6	0.86	true	true
jabgui/src/main/java/org/jabref/gui/preferences/journals/AbbreviationViewModel.java	jabgui/src/main/java/org/jabref/gui/preferences/journals/AbbreviationsFileViewModel.java	7	10	6	0.86	false	false
jabgui/src/main/java/org/jabref/gui/preferences/journals/AbbreviationViewModel.java	jabgui/src/main/java/org/jabref/gui/preferences/journals/JournalAbbreviationsTab.java	7	26	6	0.86	false	false
jabgui/src/main/java/org/jabref/gui/preferences/journals/AbbreviationViewModel.java	jabgui/src/main/java/org/jabref/gui/preferences/journals/JournalAbbreviationsTabViewModel.java	7	30	6	0.86	false	false
jabgui/src/main/java/org/jabref/gui/shared/SharedDatabaseLoginDialogViewModel.java	jablib/src/main/java/org/jabref/logic/shared/DatabaseConnectionProperties.java	33	7	6	0.86	true	true
jabgui/src/main/java/org/jabref/gui/texparser/ParseLatexAction.java	jabgui/src/main/java/org/jabref/gui/texparser/ParseLatexDialogViewModel.java	7	30	6	0.86	false	false
jabgui/src/main/java/org/jabref/gui/texparser/ParseLatexAction.java	jabgui/src/main/java/org/jabref/gui/texparser/ParseLatexResultView.java	7	16	6	0.86	false	false
jablib/src/main/java/org/jabref/logic/crawler/StudyYamlParser.java	jablib/src/main/java/org/jabref/model/study/Study.java	7	14	6	0.86	true	false
jablib/src/main/java/org/jabref/logic/git/GitSyncService.java	jablib/src/main/java/org/jabref/logic/git/status/GitStatusChecker.java	7	10	6	0.86	true	false
jablib/src/main/java/org/jabref/logic/importer/util/GrobidPreferences.java	jablib/src/main/java/org/jabref/logic/preferences/JabRefCliPreferences.java	7	1078	6	0.86	true	false
jablib/src/main/java/org/jabref/logic/shared/DatabaseConnectionProperties.java	jablib/src/main/java/org/jabref/logic/shared/prefs/SharedDatabasePreferences.java	7	13	6	0.86	true	false
jablib/src/main/java/org/jabref/model/search/matchers/AndMatcher.java	jablib/src/main/java/org/jabref/model/search/matchers/OrMatcher.java	14	7	6	0.86	false	false
jabgui/src/main/java/org/jabref/gui/fieldeditors/JournalEditor.java	jabgui/src/main/java/org/jabref/gui/fieldeditors/OwnerEditor.java	21	13	11	0.85	false	false
jablib/src/main/java/org/jabref/logic/openoffice/oocsltext/CSLCitationOOAdapter.java	jablib/src/main/java/org/jabref/logic/openoffice/oocsltext/CSLFormatUtils.java	90	13	11	0.85	false	false
jabgui/src/main/java/org/jabref/gui/preferences/general/GeneralTab.java	jabgui/src/main/java/org/jabref/gui/preferences/general/GeneralTabViewModel.java	55	79	46	0.84	false	false
jabgui/src/main/java/org/jabref/gui/DialogService.java	jabgui/src/main/java/org/jabref/gui/JabRefDialogService.java	36	79	30	0.83	false	false
jablib/src/main/java/org/jabref/logic/layout/format/FileLink.java	jablib/src/main/java/org/jabref/logic/layout/format/WrapFileLinks.java	30	46	25	0.83	false	false
jablib/src/main/java/org/jabref/logic/importer/util/GroupsParser.java	jablib/src/main/java/org/jabref/logic/util/MetadataSerializationConfiguration.java	45	18	15	0.83	true	false
jabgui/src/main/java/org/jabref/gui/entryeditor/citationrelationtab/CitationRelationsTab.java	jabgui/src/main/java/org/jabref/gui/entryeditor/citationrelationtab/CitationsRelationsTabViewModel.java	50	12	10	0.83	false	false
jabgui/src/main/java/org/jabref/gui/icon/IconTheme.java	jabgui/src/main/java/org/jabref/gui/icon/JabRefMaterialDesignIcon.java	170	12	10	0.83	false	false
jabkit/src/main/java/org/jabref/toolkit/commands/Convert.java	jabkit/src/main/java/org/jabref/toolkit/commands/Search.java	12	12	10	0.83	false	false
jablib/src/main/java/org/jabref/logic/formatter/casechanger/SentenceCaseFormatter.java	jablib/src/main/java/org/jabref/logic/formatter/casechanger/TitleCaseFormatter.java	12	12	10	0.83	false	false
jablib/src/main/java/org/jabref/logic/formatter/casechanger/TitleCaseFormatter.java	jablib/src/main/java/org/jabref/logic/formatter/casechanger/UpperCaseFormatter.java	12	12	10	0.83	false	false
jabgui/src/main/java/org/jabref/gui/LibraryTab.java	jablib/src/main/java/org/jabref/model/database/KeyCollisionException.java	1048	6	5	0.83	true	true
jabgui/src/main/java/org/jabref/gui/LibraryTab.java	jablib/src/main/java/org/jabref/model/entry/event/EntryChangedEvent.java	1048	6	5	0.83	true	true
jabgui/src/main/java/org/jabref/gui/cleanup/CleanupAction.java	jabgui/src/main/java/org/jabref/gui/cleanup/CleanupSingleAction.java	66	6	5	0.83	false	false
jabgui/src/main/java/org/jabref/gui/collab/DatabaseChangeResolverFactory.java	jabgui/src/main/java/org/jabref/gui/frame/JabRefFrame.java	6	1215	5	0.83	true	false
jabgui/src/main/java/org/jabref/gui/collab/DatabaseChangeResolverFactory.java	jabgui/src/main/java/org/jabref/gui/maintable/RightClickMenu.java	6	216	5	0.83	true	false
jabgui/src/main/java/org/jabref/gui/collab/DatabaseChangeResolverFactory.java	jabgui/src/main/java/org/jabref/gui/mergeentries/FetchAndMergeEntry.java	6	34	5	0.83	true	false
jabgui/src/main/java/org/jabref/gui/collab/DatabaseChangeResolverFactory.java	jabgui/src/main/java/org/jabref/gui/mergeentries/threewaymerge/MergeEntriesAction.java	6	18	5	0.83	true	false
jabgui/src/main/java/org/jabref/gui/collab/DatabaseChangeResolverFactory.java	jabgui/src/main/java/org/jabref/gui/mergeentries/threewaymerge/MergeEntriesDialog.java	6	63	5	0.83	true	false
jabgui/src/main/java/org/jabref/gui/collab/DatabaseChangeResolverFactory.java	jabgui/src/main/java/org/jabref/gui/shared/SharedDatabaseUIManager.java	6	62	5	0.83	true	false
jabgui/src/main/java/org/jabref/gui/edit/ReplaceStringView.java	jabgui/src/main/java/org/jabref/gui/edit/ReplaceStringViewModel.java	8	6	5	0.83	false	false
jabgui/src/main/java/org/jabref/gui/edit/automaticfieldeditor/AutomaticFieldEditorDialog.java	jabgui/src/main/java/org/jabref/gui/edit/automaticfieldeditor/AutomaticFieldEditorViewModel.java	6	6	5	0.83	false	false
jabgui/src/main/java/org/jabref/gui/edit/automaticfieldeditor/AutomaticFieldEditorViewModel.java	jabgui/src/main/java/org/jabref/gui/edit/automaticfieldeditor/renamefield/RenameFieldTabView.java	6	7	5	0.83	true	false
jabgui/src/main/java/org/jabref/gui/edit/automaticfieldeditor/copyormovecontent/CopyOrMoveFieldContentTabView.java	jabgui/src/main/java/org/jabref/gui/edit/automaticfieldeditor/editfieldcontent/EditFieldContentTabView.java	6	6	5	0.83	true	false
jabgui/src/main/java/org/jabref/gui/edit/automaticfieldeditor/copyormovecontent/CopyOrMoveFieldContentTabView.java	jabgui/src/main/java/org/jabref/gui/edit/automaticfieldeditor/renamefield/RenameFieldTabView.java	6	7	5	0.83	true	false
jabgui/src/main/java/org/jabref/gui/entryeditor/AiSummaryTab.java	jabgui/src/main/java/org/jabref/gui/sidepane/SidePaneContentFactory.java	6	14	5	0.83	true	false
jabgui/src/main/java/org/jabref/gui/entryeditor/EntryEditor.java	jabgui/src/main/java/org/jabref/gui/fieldeditors/CitationKeyEditorViewModel.java	655	6	5	0.83	true	false
jabgui/src/main/java/org/jabref/gui/fieldeditors/optioneditors/MonthEditorViewModel.java	jabgui/src/main/java/org/jabref/gui/fieldeditors/optioneditors/mapbased/MapBasedEditorViewModel.java	6	7	5	0.83	true	false
jabgui/src/main/java/org/jabref/gui/mergeentries/threewaymerge/ThreeWayMergeView.java	jabgui/src/main/java/org/jabref/gui/mergeentries/threewaymerge/fieldsmerger/KeywordMerger.java	30	6	5	0.83	true	false
jabgui/src/main/java/org/jabref/gui/openoffice/JStyleSelectViewModel.java	jabgui/src/main/java/org/jabref/gui/openoffice/OpenOfficePanel.java	6	230	5	0.83	false	false
jabgui/src/main/java/org/jabref/gui/openoffice/JStyleSelectViewModel.java	jabgui/src/main/java/org/jabref/gui/openoffice/StyleSelectDialogView.java	6	29	5	0.83	false	false
jabgui/src/main/java/org/jabref/gui/openoffice/JStyleSelectViewModel.java	jablib/src/main/java/org/jabref/logic/preferences/JabRefCliPreferences.java	6	1078	5	0.83	true	true
jabgui/src/main/java/org/jabref/gui/preferences/customentrytypes/CustomEntryTypesTab.java	jabgui/src/main/java/org/jabref/gui/preferences/customentrytypes/EntryTypeViewModel.java	41	6	5	0.83	false	false
jabgui/src/main/java/org/jabref/gui/preferences/customentrytypes/CustomEntryTypesTabViewModel.java	jabgui/src/main/java/org/jabref/gui/preferences/customentrytypes/EntryTypeViewModel.java	47	6	5	0.83	false	false
jabgui/src/main/java/org/jabref/gui/preferences/nameformatter/NameFormatterTabViewModel.java	jabgui/src/main/java/org/jabref/gui/preferences/xmp/XmpPrivacyTab.java	6	8	5	0.83	true	false
jabgui/src/main/java/org/jabref/gui/preferences/ocr/OcrTabViewModel.java	jablib/src/main/java/org/jabref/logic/ocr/OcrMyPdfEngine.java	6	8	5	0.83	true	true
jabgui/src/main/java/org/jabref/gui/preferences/ocr/OcrTabViewModel.java	jablib/src/main/java/org/jabref/logic/ocr/OcrPreferences.java	6	6	5	0.83	true	true
jabgui/src/main/java/org/jabref/gui/remote/CLIMessageHandler.java	jablib/src/main/java/org/jabref/logic/remote/server/RemoteListenerServerThread.java	26	6	5	0.83	true	true
jabgui/src/main/java/org/jabref/gui/search/GlobalSearchResultDialog.java	jabgui/src/main/java/org/jabref/gui/search/GlobalSearchResultDialogViewModel.java	26	6	5	0.83	false	false
jabkit/src/main/java/org/jabref/toolkit/JabKitLauncher.java	jabkit/src/main/java/org/jabref/toolkit/commands/Preferences.java	16	6	5	0.83	true	false
jabkit/src/main/java/org/jabref/toolkit/commands/CheckConsistency.java	jabkit/src/main/java/org/jabref/toolkit/commands/Preferences.java	16	6	5	0.83	false	false
jabkit/src/main/java/org/jabref/toolkit/commands/CheckIntegrity.java	jabkit/src/main/java/org/jabref/toolkit/commands/Preferences.java	11	6	5	0.83	false	false
jabkit/src/main/java/org/jabref/toolkit/commands/Convert.java	jabkit/src/main/java/org/jabref/toolkit/commands/Preferences.java	12	6	5	0.83	false	false
jabkit/src/main/java/org/jabref/toolkit/commands/DoiToBibtex.java	jabkit/src/main/java/org/jabref/toolkit/commands/Fetch.java	8	6	5	0.83	false	false
jabkit/src/main/java/org/jabref/toolkit/commands/Fetch.java	jabkit/src/main/java/org/jabref/toolkit/commands/Pdf.java	6	7	5	0.83	false	false
jabkit/src/main/java/org/jabref/toolkit/commands/Fetch.java	jabkit/src/main/java/org/jabref/toolkit/commands/Preferences.java	6	6	5	0.83	false	false
jabkit/src/main/java/org/jabref/toolkit/commands/Fetch.java	jabkit/src/main/java/org/jabref/toolkit/commands/Pseudonymize.java	6	10	5	0.83	false	false
jabkit/src/main/java/org/jabref/toolkit/commands/GenerateBibFromAux.java	jabkit/src/main/java/org/jabref/toolkit/commands/Preferences.java	9	6	5	0.83	false	false
jabkit/src/main/java/org/jabref/toolkit/commands/GenerateCitationKeys.java	jabkit/src/main/java/org/jabref/toolkit/commands/Preferences.java	14	6	5	0.83	false	false
jabkit/src/main/java/org/jabref/toolkit/commands/JabKit.java	jabkit/src/main/java/org/jabref/toolkit/commands/Preferences.java	18	6	5	0.83	false	false
jabkit/src/main/java/org/jabref/toolkit/commands/Pdf.java	jabkit/src/main/java/org/jabref/toolkit/commands/Preferences.java	7	6	5	0.83	false	false
jabkit/src/main/java/org/jabref/toolkit/commands/PdfUpdate.java	jabkit/src/main/java/org/jabref/toolkit/commands/Preferences.java	10	6	5	0.83	false	false
jabkit/src/main/java/org/jabref/toolkit/commands/Preferences.java	jabkit/src/main/java/org/jabref/toolkit/commands/Search.java	6	12	5	0.83	false	false
jablib/src/main/java/org/jabref/logic/formatter/bibtexfields/RemoveHyphenatedNewlinesFormatter.java	jablib/src/main/java/org/jabref/logic/formatter/bibtexfields/RemoveNewlinesFormatter.java	6	8	5	0.83	false	false
jablib/src/main/java/org/jabref/logic/importer/fetcher/DoiFetcher.java	jablib/src/main/java/org/jabref/logic/importer/fetcher/Medra.java	53	6	5	0.83	false	false
jablib/src/main/java/org/jabref/logic/importer/fileformat/pdf/PdfContentImporter.java	jablib/src/main/java/org/jabref/logic/importer/fileformat/pdf/RuleBasedBibliographyPdfImporter.java	108	6	5	0.83	false	false
jablib/src/main/java/org/jabref/logic/integrity/AbbreviationChecker.java	jablib/src/main/java/org/jabref/logic/integrity/IntegrityCheck.java	6	81	5	0.83	false	false
jablib/src/main/java/org/jabref/logic/integrity/EditionChecker.java	jablib/src/main/java/org/jabref/logic/integrity/NoteChecker.java	16	6	5	0.83	false	false
jablib/src/main/java/org/jabref/logic/ocr/OcrMyPdfEngine.java	jablib/src/main/java/org/jabref/logic/ocr/OcrPreferences.java	8	6	5	0.83	false	false
jablib/src/main/java/org/jabref/logic/ocr/OcrPreferences.java	jablib/src/main/java/org/jabref/logic/preferences/JabRefCliPreferences.java	6	1078	5	0.83	true	false
jablib/src/main/java/org/jabref/logic/openoffice/action/EditInsert.java	jablib/src/main/java/org/jabref/logic/openoffice/action/EditMerge.java	6	9	5	0.83	false	false
jablib/src/main/java/org/jabref/logic/preferences/JabRefCliPreferences.java	jablib/src/main/java/org/jabref/logic/protectedterms/ProtectedTermsPreferences.java	1078	6	5	0.83	true	false
jablib/src/main/java/org/jabref/logic/remote/server/RemoteListenerServer.java	jablib/src/main/java/org/jabref/logic/remote/server/RemoteListenerServerThread.java	18	6	5	0.83	false	false
jablib/src/main/java/org/jabref/model/database/BibDatabase.java	jablib/src/main/java/org/jabref/model/database/KeyCollisionException.java	209	6	5	0.83	false	false
jablib/src/main/java/org/jabref/model/database/BibDatabase.java	jablib/src/main/java/org/jabref/model/entry/event/EntryChangedEvent.java	209	6	5	0.83	true	false
jablib/src/main/java/org/jabref/model/entry/field/StandardField.java	jablib/src/main/java/org/jabref/model/entry/field/UserSpecificCommentField.java	37	6	5	0.83	false	false
jabls/src/main/java/org/jabref/languageserver/LspClientHandler.java	jabls/src/main/java/org/jabref/languageserver/LspLauncher.java	6	8	5	0.83	false	false
jabsrv/src/main/java/org/jabref/http/manager/HttpServerManager.java	jabsrv/src/main/java/org/jabref/http/manager/HttpServerThread.java	6	7	5	0.83	false	false
jablib/src/main/java/org/jabref/logic/push/PushToTeXstudio.java	jablib/src/main/java/org/jabref/logic/push/PushToVim.java	29	58	24	0.83	false	false
jablib/src/main/java/org/jabref/logic/importer/fileformat/EndnoteImporter.java	jablib/src/main/java/org/jabref/logic/importer/fileformat/InspecImporter.java	70	44	36	0.82	false	false
jablib/src/main/java/org/jabref/logic/importer/fileformat/InspecImporter.java	jablib/src/main/java/org/jabref/logic/importer/fileformat/RisImporter.java	44	94	36	0.82	false	false
jabgui/src/main/java/module-info.java	jabsrv-cli/src/main/java/module-info.java	149	11	9	0.82	false	true
jabgui/src/main/java/org/jabref/gui/frame/JabRefFrame.java	jabgui/src/main/java/org/jabref/gui/frame/OpenConsoleAction.java	1215	11	9	0.82	false	false
jabgui/src/main/java/org/jabref/gui/maintable/MainTable.java	jabgui/src/main/java/org/jabref/gui/search/SearchResultsTable.java	293	11	9	0.82	true	false
jabgui/src/main/java/org/jabref/gui/texparser/ParseLatexDialogViewModel.java	jabgui/src/main/java/org/jabref/gui/texparser/ParseLatexResultViewModel.java	30	11	9	0.82	false	false
jabkit/src/main/java/org/jabref/toolkit/commands/CheckIntegrity.java	jabkit/src/main/java/org/jabref/toolkit/commands/Convert.java	11	12	9	0.82	false	false
jabkit/src/main/java/org/jabref/toolkit/commands/CheckIntegrity.java	jabkit/src/main/java/org/jabref/toolkit/commands/Search.java	11	12	9	0.82	false	false
jablib/src/main/java/org/jabref/logic/bst/util/BstPurifier.java	jablib/src/main/java/org/jabref/logic/bst/util/BstTextPrefixer.java	11	11	9	0.82	false	false
jablib/src/main/java/org/jabref/logic/formatter/casechanger/CapitalizeFormatter.java	jablib/src/main/java/org/jabref/logic/formatter/casechanger/SentenceCaseFormatter.java	11	12	9	0.82	false	false
jablib/src/main/java/org/jabref/logic/formatter/casechanger/LowerCaseFormatter.java	jablib/src/main/java/org/jabref/logic/formatter/casechanger/SentenceCaseFormatter.java	11	12	9	0.82	false	false
jablib/src/main/java/org/jabref/logic/preferences/JabRefCliPreferences.java	jablib/src/main/java/org/jabref/logic/remote/RemotePreferences.java	1078	16	13	0.81	true	false
build-support/src/main/java/JournalListMvGenerator.java	build-support/src/main/java/LtwaListMvGenerator.java	21	21	17	0.81	false	false
jablib/src/main/java/org/jabref/logic/citationkeypattern/CitationKeyGenerator.java	jablib/src/main/java/org/jabref/logic/citationkeypattern/CitationKeyPatternPreferences.java	201	20	16	0.80	false	false
jablib/src/main/java/org/jabref/logic/citationkeypattern/CitationKeyPatternPreferences.java	jablib/src/main/java/org/jabref/logic/preferences/JabRefCliPreferences.java	20	1078	16	0.80	true	false
jabgui/src/main/java/org/jabref/gui/actions/JabRefAction.java	jabgui/src/main/java/org/jabref/gui/frame/JabRefFrame.java	15	1215	12	0.80	true	false
jabgui/src/main/java/org/jabref/gui/texparser/ParseLatexDialogView.java	jabgui/src/main/java/org/jabref/gui/texparser/ParseLatexResultView.java	15	16	12	0.80	false	false
jablib/src/main/java/org/jabref/logic/push/PushToEmacs.java	jablib/src/main/java/org/jabref/logic/push/PushToTexmaker.java	68	15	12	0.80	false	false
jablib/src/main/java/org/jabref/logic/push/PushToTexmaker.java	jablib/src/main/java/org/jabref/logic/push/PushToVim.java	15	58	12	0.80	false	false
jabgui/src/main/java/org/jabref/gui/collab/DatabaseChangeDetailsViewFactory.java	jabgui/src/main/java/org/jabref/gui/collab/entrychange/EntryChangeDetailsView.java	10	18	8	0.80	true	false
jabgui/src/main/java/org/jabref/gui/fieldeditors/JournalEditor.java	jabgui/src/main/java/org/jabref/gui/fieldeditors/JournalEditorViewModel.java	21	10	8	0.80	false	false
jabgui/src/main/java/org/jabref/gui/fieldeditors/LinkedEntriesEditor.java	jabgui/src/main/java/org/jabref/gui/fieldeditors/LinkedEntriesEditorViewModel.java	13	10	8	0.80	false	false
jabgui/src/main/java/org/jabref/gui/preferences/journals/AbbreviationsFileViewModel.java	jabgui/src/main/java/org/jabref/gui/preferences/journals/JournalAbbreviationsTabViewModel.java	10	30	8	0.80	false	false
jabkit/src/main/java/org/jabref/toolkit/commands/CheckConsistency.java	jabkit/src/main/java/org/jabref/toolkit/commands/PdfUpdate.java	16	10	8	0.80	false	false
jabkit/src/main/java/org/jabref/toolkit/commands/CheckIntegrity.java	jabkit/src/main/java/org/jabref/toolkit/commands/PdfUpdate.java	11	10	8	0.80	false	false
jabkit/src/main/java/org/jabref/toolkit/commands/GenerateCitationKeys.java	jabkit/src/main/java/org/jabref/toolkit/commands/PdfUpdate.java	14	10	8	0.80	false	false
jablib/src/main/java/org/jabref/logic/git/GitHandler.java	jablib/src/main/java/org/jabref/logic/git/status/GitStatusChecker.java	19	10	8	0.80	true	false
jablib/src/main/java/org/jabref/logic/layout/LayoutFormatterPreferences.java	jablib/src/main/java/org/jabref/logic/preferences/JabRefCliPreferences.java	10	1078	8	0.80	true	false
jablib/src/main/java/org/jabref/logic/layout/format/AuthorOrgSci.java	jablib/src/main/java/org/jabref/model/entry/AuthorList.java	10	77	8	0.80	true	false
jabgui/src/main/java/module-info.java	jabls-cli/src/main/java/module-info.java	149	5	4	0.80	false	true
jabgui/src/main/java/org/jabref/gui/LibraryTab.java	jabgui/src/main/java/org/jabref/gui/autocompleter/ContentSelectorSuggestionProvider.java	1048	5	4	0.80	true	false
jabgui/src/main/java/org/jabref/gui/LibraryTab.java	jablib/src/main/java/org/jabref/logic/bibtex/comparator/IdComparator.java	1048	5	4	0.80	true	true
jabgui/src/main/java/org/jabref/gui/LibraryTab.java	jablib/src/main/java/org/jabref/model/metadata/event/MetaDataChangedEvent.java	1048	5	4	0.80	true	true
jabgui/src/main/java/org/jabref/gui/actions/Action.java	jabgui/src/main/java/org/jabref/gui/icon/IconTheme.java	5	170	4	0.80	true	false
jabgui/src/main/java/org/jabref/gui/autocompleter/ContentSelectorSuggestionProvider.java	jabgui/src/main/java/org/jabref/gui/autocompleter/SuggestionProviders.java	5	13	4	0.80	false	false
jabgui/src/main/java/org/jabref/gui/autocompleter/ContentSelectorSuggestionProvider.java	jabgui/src/main/java/org/jabref/gui/fieldeditors/LinkedEntriesEditor.java	5	13	4	0.80	true	false
jabgui/src/main/java/org/jabref/gui/autocompleter/ContentSelectorSuggestionProvider.java	jabgui/src/main/java/org/jabref/gui/fieldeditors/LinkedEntriesEditorViewModel.java	5	10	4	0.80	true	false
jabgui/src/main/java/org/jabref/gui/collab/ChangeScanner.java	jablib/src/main/java/org/jabref/logic/bibtex/comparator/FieldComparatorStack.java	135	5	4	0.80	true	true
jabgui/src/main/java/org/jabref/gui/collab/DatabaseChangeMonitor.java	jabgui/src/main/java/org/jabref/gui/collab/ExternalChangesResolverViewModel.java	28	5	4	0.80	false	false
jabgui/src/main/java/org/jabref/gui/collab/DatabaseChangesResolverDialog.java	jabgui/src/main/java/org/jabref/gui/collab/ExternalChangesResolverViewModel.java	12	5	4	0.80	false	false
jabgui/src/main/java/org/jabref/gui/edit/ManageKeywordsDialog.java	jabgui/src/main/java/org/jabref/gui/edit/ManageKeywordsViewModel.java	5	6	4	0.80	false	false
jabgui/src/main/java/org/jabref/gui/edit/automaticfieldeditor/AutomaticFieldEditorDialog.java	jabgui/src/main/java/org/jabref/gui/edit/automaticfieldeditor/renamefield/RenameFieldViewModel.java	6	5	4	0.80	true	false
jabgui/src/main/java/org/jabref/gui/edit/automaticfieldeditor/AutomaticFieldEditorViewModel.java	jabgui/src/main/java/org/jabref/gui/edit/automaticfieldeditor/editfieldcontent/EditFieldContentViewModel.java	6	5	4	0.80	true	false
jabgui/src/main/java/org/jabref/gui/edit/automaticfieldeditor/AutomaticFieldEditorViewModel.java	jabgui/src/main/java/org/jabref/gui/edit/automaticfieldeditor/renamefield/RenameFieldViewModel.java	6	5	4	0.80	true	false
jabgui/src/main/java/org/jabref/gui/edit/automaticfieldeditor/copyormovecontent/CopyOrMoveFieldContentTabView.java	jabgui/src/main/java/org/jabref/gui/edit/automaticfieldeditor/editfieldcontent/EditFieldContentViewModel.java	6	5	4	0.80	true	false
jabgui/src/main/java/org/jabref/gui/edit/automaticfieldeditor/copyormovecontent/CopyOrMoveFieldContentTabView.java	jabgui/src/main/java/org/jabref/gui/edit/automaticfieldeditor/renamefield/RenameFieldViewModel.java	6	5	4	0.80	true	false
jabgui/src/main/java/org/jabref/gui/edit/automaticfieldeditor/editfieldcontent/EditFieldContentTabView.java	jabgui/src/main/java/org/jabref/gui/edit/automaticfieldeditor/renamefield/RenameFieldViewModel.java	6	5	4	0.80	true	false
jabgui/src/main/java/org/jabref/gui/edit/automaticfieldeditor/editfieldcontent/EditFieldContentViewModel.java	jabgui/src/main/java/org/jabref/gui/edit/automaticfieldeditor/renamefield/RenameFieldViewModel.java	5	5	4	0.80	true	false
jabgui/src/main/java/org/jabref/gui/entryeditor/EntryEditor.java	jabgui/src/main/java/org/jabref/gui/entryeditor/EntryEditorTabFactory.java	655	5	4	0.80	false	false
jabgui/src/main/java/org/jabref/gui/entryeditor/EntryEditorTabFactory.java	jabgui/src/main/java/org/jabref/gui/entryeditor/EntryEditorTabModel.java	5	5	4	0.80	false	false
jabgui/src/main/java/org/jabref/gui/entryeditor/EntryEditorTabFactory.java	jabgui/src/main/java/org/jabref/gui/preferences/JabRefGuiPreferences.java	5	60	4	0.80	true	false
jabgui/src/main/java/org/jabref/gui/entryeditor/EntryEditorTabModel.java	jabgui/src/main/java/org/jabref/gui/preferences/entryeditor/EntryEditorTab.java	5	22	4	0.80	true	false
jabgui/src/main/java/org/jabref/gui/errorconsole/ErrorConsoleViewModel.java	jabgui/src/main/java/org/jabref/gui/logging/LogMessages.java	17	5	4	0.80	true	false
jabgui/src/main/java/org/jabref/gui/fieldeditors/AbstractEditorViewModel.java	jabgui/src/main/java/org/jabref/gui/fieldeditors/OwnerEditorViewModel.java	14	5	4	0.80	false	false
jabgui/src/main/java/org/jabref/gui/fieldeditors/AbstractEditorViewModel.java	jabgui/src/main/java/org/jabref/gui/fieldeditors/SimpleEditorViewModel.java	14	5	4	0.80	false	false
jabgui/src/main/java/org/jabref/gui/fieldeditors/DateEditor.java	jabgui/src/main/java/org/jabref/gui/fieldeditors/OwnerEditorViewModel.java	9	5	4	0.80	false	false
jabgui/src/main/java/org/jabref/gui/fieldeditors/DateEditor.java	jabgui/src/main/java/org/jabref/gui/fieldeditors/SimpleEditorViewModel.java	9	5	4	0.80	false	false
jabgui/src/main/java/org/jabref/gui/fieldeditors/DateEditorViewModel.java	jabgui/src/main/java/org/jabref/gui/fieldeditors/OwnerEditorViewModel.java	8	5	4	0.80	false	false
jabgui/src/main/java/org/jabref/gui/fieldeditors/DateEditorViewModel.java	jabgui/src/main/java/org/jabref/gui/fieldeditors/SimpleEditorViewModel.java	8	5	4	0.80	false	false
jabgui/src/main/java/org/jabref/gui/fieldeditors/FieldEditors.java	jabgui/src/main/java/org/jabref/gui/fieldeditors/SimpleEditorViewModel.java	60	5	4	0.80	false	false
jabgui/src/main/java/org/jabref/gui/fieldeditors/JournalEditor.java	jabgui/src/main/java/org/jabref/gui/fieldeditors/OwnerEditorViewModel.java	21	5	4	0.80	false	false
jabgui/src/main/java/org/jabref/gui/fieldeditors/JournalEditorViewModel.java	jabgui/src/main/java/org/jabref/gui/fieldeditors/OwnerEditorViewModel.java	10	5	4	0.80	false	false
jabgui/src/main/java/org/jabref/gui/fieldeditors/JournalEditorViewModel.java	jabgui/src/main/java/org/jabref/gui/fieldeditors/SimpleEditorViewModel.java	10	5	4	0.80	false	false
jabgui/src/main/java/org/jabref/gui/fieldeditors/OwnerEditor.java	jabgui/src/main/java/org/jabref/gui/fieldeditors/SimpleEditorViewModel.java	13	5	4	0.80	false	false
jabgui/src/main/java/org/jabref/gui/fieldeditors/OwnerEditorViewModel.java	jabgui/src/main/java/org/jabref/gui/fieldeditors/SimpleEditor.java	5	22	4	0.80	false	false
jabgui/src/main/java/org/jabref/gui/fieldeditors/OwnerEditorViewModel.java	jabgui/src/main/java/org/jabref/gui/fieldeditors/SimpleEditorViewModel.java	5	5	4	0.80	false	false
jabgui/src/main/java/org/jabref/gui/fieldeditors/OwnerEditorViewModel.java	jabgui/src/main/java/org/jabref/gui/fieldeditors/UrlEditor.java	5	18	4	0.80	false	false
jabgui/src/main/java/org/jabref/gui/fieldeditors/OwnerEditorViewModel.java	jabgui/src/main/java/org/jabref/gui/fieldeditors/UrlEditorViewModel.java	5	8	4	0.80	false	false
jabgui/src/main/java/org/jabref/gui/fieldeditors/OwnerEditorViewModel.java	jabgui/src/main/java/org/jabref/gui/fieldeditors/identifier/IdentifierEditor.java	5	28	4	0.80	true	false
jabgui/src/main/java/org/jabref/gui/fieldeditors/SimpleEditorViewModel.java	jabgui/src/main/java/org/jabref/gui/fieldeditors/UrlEditor.java	5	18	4	0.80	false	false
jabgui/src/main/java/org/jabref/gui/fieldeditors/SimpleEditorViewModel.java	jabgui/src/main/java/org/jabref/gui/fieldeditors/UrlEditorViewModel.java	5	8	4	0.80	false	false
jabgui/src/main/java/org/jabref/gui/fieldeditors/SimpleEditorViewModel.java	jabgui/src/main/java/org/jabref/gui/fieldeditors/identifier/IdentifierEditor.java	5	28	4	0.80	true	false
jabgui/src/main/java/org/jabref/gui/frame/JabRefFrame.java	jabgui/src/main/java/org/jabref/gui/shared/ConnectToSharedDatabaseCommand.java	1215	5	4	0.80	true	false
jabgui/src/main/java/org/jabref/gui/git/GitPullAction.java	jabgui/src/main/java/org/jabref/gui/git/GitStatusViewModel.java	7	5	4	0.80	false	false
jabgui/src/main/java/org/jabref/gui/git/GitStatusViewModel.java	jablib/src/main/java/org/jabref/logic/git/status/GitStatusChecker.java	5	10	4	0.80	true	true
jabgui/src/main/java/org/jabref/gui/groups/GroupModeViewModel.java	jabgui/src/main/java/org/jabref/gui/sidepane/SidePaneComponent.java	5	53	4	0.80	true	false
jabgui/src/main/java/org/jabref/gui/mergeentries/threewaymerge/FieldRowView.java	jabgui/src/main/java/org/jabref/gui/mergeentries/threewaymerge/cell/ThreeWayMergeCell.java	15	5	4	0.80	true	false
jabgui/src/main/java/org/jabref/gui/mergeentries/threewaymerge/FieldRowViewModel.java	jabgui/src/main/java/org/jabref/gui/mergeentries/threewaymerge/cell/HeaderCell.java	8	5	4	0.80	true	false
jabgui/src/main/java/org/jabref/gui/mergeentries/threewaymerge/FieldRowViewModel.java	jabgui/src/main/java/org/jabref/gui/mergeentries/threewaymerge/cell/sidebuttons/ToggleMergeUnmergeButton.java	8	5	4	0.80	true	false
jabgui/src/main/java/org/jabref/gui/mergeentries/threewaymerge/ThreeWayMergeView.java	jabgui/src/main/java/org/jabref/gui/mergeentries/threewaymerge/cell/HeaderCell.java	30	5	4	0.80	true	false
jabgui/src/main/java/org/jabref/gui/mergeentries/threewaymerge/ThreeWayMergeView.java	jabgui/src/main/java/org/jabref/gui/mergeentries/threewaymerge/cell/ThreeWayMergeCell.java	30	5	4	0.80	true	false
jabgui/src/main/java/org/jabref/gui/mergeentries/threewaymerge/cell/FieldValueCell.java	jabgui/src/main/java/org/jabref/gui/mergeentries/threewaymerge/cell/HeaderCell.java	8	5	4	0.80	false	false
jabgui/src/main/java/org/jabref/gui/mergeentries/threewaymerge/cell/FieldValueCell.java	jabgui/src/main/java/org/jabref/gui/mergeentries/threewaymerge/cell/ThreeWayMergeCell.java	8	5	4	0.80	false	false
jabgui/src/main/java/org/jabref/gui/mergeentries/threewaymerge/cell/HeaderCell.java	jabgui/src/main/java/org/jabref/gui/mergeentries/threewaymerge/fieldsmerger/GroupMerger.java	5	6	4	0.80	true	false
jabgui/src/main/java/org/jabref/gui/openoffice/OOBibBase.java	jablib/src/main/java/org/jabref/logic/openoffice/action/EditSeparate.java	159	5	4	0.80	true	true
jabgui/src/main/java/org/jabref/gui/preferences/AbstractPreferenceTabView.java	jabgui/src/main/java/org/jabref/gui/preferences/PreferencesDialogView.java	5	34	4	0.80	false	false
jabgui/src/main/java/org/jabref/gui/preferences/AbstractPreferenceTabView.java	jabgui/src/main/java/org/jabref/gui/preferences/PreferencesDialogViewModel.java	5	59	4	0.80	false	false
jabgui/src/main/java/org/jabref/gui/preferences/AbstractPreferenceTabView.java	jabgui/src/main/java/org/jabref/gui/preferences/external/ExternalTab.java	5	18	4	0.80	true	false
jabgui/src/main/java/org/jabref/gui/preferences/AbstractPreferenceTabView.java	jabgui/src/main/java/org/jabref/gui/preferences/general/GeneralTab.java	5	55	4	0.80	true	false
jabgui/src/main/java/org/jabref/gui/preferences/AbstractPreferenceTabView.java	jabgui/src/main/java/org/jabref/gui/preferences/groups/GroupsTab.java	5	10	4	0.80	true	false
jabgui/src/main/java/org/jabref/gui/preferences/AbstractPreferenceTabView.java	jabgui/src/main/java/org/jabref/gui/preferences/groups/GroupsTabViewModel.java	5	11	4	0.80	true	false
jabgui/src/main/java/org/jabref/gui/preferences/AbstractPreferenceTabView.java	jabgui/src/main/java/org/jabref/gui/preferences/network/NetworkTab.java	5	21	4	0.80	true	false
jabgui/src/main/java/org/jabref/gui/preferences/AbstractPreferenceTabView.java	jabgui/src/main/java/org/jabref/gui/preferences/preview/PreviewTabViewModel.java	5	46	4	0.80	true	false
jabgui/src/main/java/org/jabref/gui/preferences/ocr/OcrTab.java	jablib/src/main/java/org/jabref/logic/ocr/OcrMyPdfEngine.java	5	8	4	0.80	true	true
jabgui/src/main/java/org/jabref/gui/preferences/ocr/OcrTab.java	jablib/src/main/java/org/jabref/logic/ocr/OcrPreferences.java	5	6	4	0.80	true	true
jabgui/src/main/java/org/jabref/gui/preferences/ocr/OcrTab.java	jablib/src/main/java/org/jabref/logic/preferences/JabRefCliPreferences.java	5	1078	4	0.80	true	true
jabgui/src/main/java/org/jabref/gui/shared/ConnectToSharedDatabaseCommand.java	jabgui/src/main/java/org/jabref/gui/shared/SharedDatabaseUIManager.java	5	62	4	0.80	false	false
jabgui/src/main/java/org/jabref/gui/shared/SharedDatabaseUIManager.java	jablib/src/main/java/org/jabref/logic/shared/event/UpdateRefusedEvent.java	62	5	4	0.80	true	true
jabgui/src/main/java/org/jabref/gui/sidepane/SidePane.java	jabgui/src/main/java/org/jabref/gui/sidepane/SidePaneType.java	89	5	4	0.80	false	false
jabgui/src/main/java/org/jabref/gui/slr/StartNewStudyAction.java	jablib/src/main/java/org/jabref/logic/git/SlrGitHandler.java	13	5	4	0.80	true	true
jabgui/src/main/java/org/jabref/gui/specialfields/SpecialFieldsPreferences.java	jablib/src/main/java/org/jabref/logic/preferences/JabRefCliPreferences.java	5	1078	4	0.80	true	true
jabgui/src/main/java/org/jabref/gui/util/DefaultFileUpdateMonitor.java	jablib/src/main/java/org/jabref/model/util/FileUpdateMonitor.java	16	5	4	0.80	true	true
jabgui/src/main/java/org/jabref/gui/util/SelectableTextFlow.java	jabgui/src/main/java/org/jabref/gui/util/component/MarkdownTextFlow.java	5	7	4	0.80	true	false
jabgui/src/main/java/org/jabref/gui/walkthrough/WalkthroughAction.java	jabgui/src/main/java/org/jabref/gui/walkthrough/WalkthroughOverlay.java	11	5	4	0.80	false	false
jabgui/src/main/java/org/jabref/gui/walkthrough/WalkthroughHighlighter.java	jabgui/src/main/java/org/jabref/gui/walkthrough/WalkthroughOverlay.java	5	5	4	0.80	false	false
jabgui/src/main/java/org/jabref/gui/walkthrough/WalkthroughHighlighter.java	jabgui/src/main/java/org/jabref/gui/walkthrough/WindowOverlay.java	5	6	4	0.80	false	false
jabgui/src/main/java/org/jabref/gui/walkthrough/WalkthroughOverlay.java	jabgui/src/main/java/org/jabref/gui/walkthrough/WindowOverlay.java	5	6	4	0.80	false	false
jabgui/src/main/java/org/jabref/gui/walkthrough/WalkthroughOverlay.java	jabgui/src/main/java/org/jabref/gui/walkthrough/declarative/NodeResolver.java	5	9	4	0.80	true	false
jabgui/src/main/java/org/jabref/gui/walkthrough/WalkthroughOverlay.java	jabgui/src/main/java/org/jabref/gui/walkthrough/effects/Spotlight.java	5	5	4	0.80	true	false
jabgui/src/main/java/org/jabref/gui/walkthrough/WindowOverlay.java	jabgui/src/main/java/org/jabref/gui/walkthrough/effects/Spotlight.java	6	5	4	0.80	true	false
jabgui/src/main/java/org/jabref/gui/walkthrough/declarative/NodeResolver.java	jabgui/src/main/java/org/jabref/gui/walkthrough/effects/Spotlight.java	9	5	4	0.80	true	false
jabkit/src/main/java/module-info.java	jabls-cli/src/main/java/module-info.java	14	5	4	0.80	false	true
jablib/src/main/java/module-info.java	jabls-cli/src/main/java/module-info.java	56	5	4	0.80	false	true
jablib/src/main/java/org/jabref/logic/ai/preferences/AiDefaultExpertSettings.java	jablib/src/main/java/org/jabref/logic/ai/preferences/AiPreferences.java	5	19	4	0.80	false	false
jablib/src/main/java/org/jabref/logic/bibtex/comparator/EntryComparator.java	jablib/src/main/java/org/jabref/logic/bibtex/comparator/FieldComparatorStack.java	55	5	4	0.80	false	false
jablib/src/main/java/org/jabref/logic/bibtex/comparator/IdComparator.java	jablib/src/main/java/org/jabref/logic/importer/ImportFormatReader.java	5	197	4	0.80	true	false
jablib/src/main/java/org/jabref/logic/bibtex/comparator/IdComparator.java	jablib/src/main/java/org/jabref/model/entry/BibEntry.java	5	312	4	0.80	true	false
jablib/src/main/java/org/jabref/logic/bst/BstFunctions.java	jablib/src/main/java/org/jabref/logic/bst/BstVM.java	9	5	4	0.80	false	false
jablib/src/main/java/org/jabref/logic/citationkeypattern/CitationKeyGenerator.java	jablib/src/main/java/org/jabref/logic/layout/format/RisAuthors.java	201	5	4	0.80	true	false
jablib/src/main/java/org/jabref/logic/git/io/GitRevisionLocator.java	jablib/src/main/java/org/jabref/logic/git/status/GitStatusChecker.java	5	10	4	0.80	true	false
jablib/src/main/java/org/jabref/logic/git/preferences/GitPreferences.java	jablib/src/main/java/org/jabref/logic/preferences/JabRefCliPreferences.java	5	1078	4	0.80	true	false
jablib/src/main/java/org/jabref/logic/importer/WebFetchers.java	jablib/src/main/java/org/jabref/logic/importer/fetcher/CustomizableKeyFetcher.java	102	5	4	0.80	true	false
jablib/src/main/java/org/jabref/logic/importer/fetcher/ACS.java	jablib/src/main/java/org/jabref/logic/importer/fetcher/ApsFetcher.java	25	5	4	0.80	false	false
jablib/src/main/java/org/jabref/logic/importer/fetcher/ApsFetcher.java	jablib/src/main/java/org/jabref/logic/importer/fetcher/OpenAccessDoi.java	5	14	4	0.80	false	false
jablib/src/main/java/org/jabref/logic/importer/fetcher/transformers/AbstractQueryTransformer.java	jablib/src/main/java/org/jabref/logic/importer/fetcher/transformers/IEEEQueryTransformer.java	8	5	4	0.80	false	false
jablib/src/main/java/org/jabref/logic/importer/fileformat/MedlinePlainImporter.java	jablib/src/main/java/org/jabref/logic/layout/format/AuthorFirstAbbrLastOxfordCommas.java	60	5	4	0.80	true	false
jablib/src/main/java/org/jabref/logic/importer/fileformat/MedlinePlainImporter.java	jablib/src/main/java/org/jabref/logic/layout/format/AuthorFirstLastOxfordCommas.java	60	5	4	0.80	true	false
jablib/src/main/java/org/jabref/logic/importer/fileformat/MedlinePlainImporter.java	jablib/src/main/java/org/jabref/logic/layout/format/AuthorLastFirstAbbrOxfordCommas.java	60	5	4	0.80	true	false
jablib/src/main/java/org/jabref/logic/importer/fileformat/MedlinePlainImporter.java	jablib/src/main/java/org/jabref/logic/layout/format/AuthorLastFirstOxfordCommas.java	60	5	4	0.80	true	false
jablib/src/main/java/org/jabref/logic/importer/fileformat/MedlinePlainImporter.java	jablib/src/main/java/org/jabref/logic/layout/format/AuthorNatBib.java	60	5	4	0.80	true	false
jablib/src/main/java/org/jabref/logic/importer/fileformat/MedlinePlainImporter.java	jablib/src/main/java/org/jabref/logic/layout/format/RisAuthors.java	60	5	4	0.80	true	false
jablib/src/main/java/org/jabref/logic/importer/fileformat/OvidImporter.java	jablib/src/main/java/org/jabref/logic/layout/format/RisAuthors.java	57	5	4	0.80	true	false
jablib/src/main/java/org/jabref/logic/integrity/BracketChecker.java	jablib/src/main/java/org/jabref/logic/integrity/FileChecker.java	5	10	4	0.80	false	false
jablib/src/main/java/org/jabref/logic/integrity/BracketChecker.java	jablib/src/main/java/org/jabref/logic/integrity/ISSNChecker.java	5	13	4	0.80	false	false
jablib/src/main/java/org/jabref/logic/integrity/BracketChecker.java	jablib/src/main/java/org/jabref/logic/integrity/PagesChecker.java	5	12	4	0.80	false	false
jablib/src/main/java/org/jabref/logic/integrity/BracketChecker.java	jablib/src/main/java/org/jabref/logic/integrity/TitleChecker.java	5	7	4	0.80	false	false
jablib/src/main/java/org/jabref/logic/integrity/BracketChecker.java	jablib/src/main/java/org/jabref/logic/integrity/UrlChecker.java	5	5	4	0.80	false	false
jablib/src/main/java/org/jabref/logic/integrity/BracketChecker.java	jablib/src/main/java/org/jabref/logic/integrity/YearChecker.java	5	5	4	0.80	false	false
jablib/src/main/java/org/jabref/logic/integrity/EditionChecker.java	jablib/src/main/java/org/jabref/logic/integrity/HowPublishedChecker.java	16	5	4	0.80	false	false
jablib/src/main/java/org/jabref/logic/integrity/FileChecker.java	jablib/src/main/java/org/jabref/logic/integrity/UrlChecker.java	10	5	4	0.80	false	false
jablib/src/main/java/org/jabref/logic/integrity/FileChecker.java	jablib/src/main/java/org/jabref/logic/integrity/YearChecker.java	10	5	4	0.80	false	false
jablib/src/main/java/org/jabref/logic/integrity/HowPublishedChecker.java	jablib/src/main/java/org/jabref/logic/integrity/MonthChecker.java	5	6	4	0.80	false	false
jablib/src/main/java/org/jabref/logic/integrity/HowPublishedChecker.java	jablib/src/main/java/org/jabref/logic/integrity/PagesChecker.java	5	12	4	0.80	false	false
jablib/src/main/java/org/jabref/logic/integrity/ISSNChecker.java	jablib/src/main/java/org/jabref/logic/integrity/UrlChecker.java	13	5	4	0.80	false	false
jablib/src/main/java/org/jabref/logic/integrity/ISSNChecker.java	jablib/src/main/java/org/jabref/logic/integrity/YearChecker.java	13	5	4	0.80	false	false
jablib/src/main/java/org/jabref/logic/integrity/ISSNChecker.java	jablib/src/main/java/org/jabref/model/entry/identifier/ISSN.java	13	5	4	0.80	true	false
jablib/src/main/java/org/jabref/logic/integrity/PagesChecker.java	jablib/src/main/java/org/jabref/logic/integrity/UrlChecker.java	12	5	4	0.80	false	false
jablib/src/main/java/org/jabref/logic/integrity/PagesChecker.java	jablib/src/main/java/org/jabref/logic/integrity/YearChecker.java	12	5	4	0.80	false	false
jablib/src/main/java/org/jabref/logic/integrity/TitleChecker.java	jablib/src/main/java/org/jabref/logic/integrity/UrlChecker.java	7	5	4	0.80	false	false
jablib/src/main/java/org/jabref/logic/integrity/TitleChecker.java	jablib/src/main/java/org/jabref/logic/integrity/YearChecker.java	7	5	4	0.80	false	false
jablib/src/main/java/org/jabref/logic/integrity/UrlChecker.java	jablib/src/main/java/org/jabref/logic/integrity/YearChecker.java	5	5	4	0.80	false	false
jablib/src/main/java/org/jabref/logic/layout/format/AuthorAbbreviator.java	jablib/src/main/java/org/jabref/logic/layout/format/AuthorFirstAbbrLastOxfordCommas.java	16	5	4	0.80	false	false
jablib/src/main/java/org/jabref/logic/layout/format/AuthorAbbreviator.java	jablib/src/main/java/org/jabref/logic/layout/format/AuthorFirstLastOxfordCommas.java	16	5	4	0.80	false	false
jablib/src/main/java/org/jabref/logic/layout/format/AuthorAbbreviator.java	jablib/src/main/java/org/jabref/logic/layout/format/AuthorLastFirstAbbrOxfordCommas.java	16	5	4	0.80	false	false
jablib/src/main/java/org/jabref/logic/layout/format/AuthorAbbreviator.java	jablib/src/main/java/org/jabref/logic/layout/format/AuthorLastFirstOxfordCommas.java	16	5	4	0.80	false	false
jablib/src/main/java/org/jabref/logic/layout/format/AuthorFirstAbbrLastCommas.java	jablib/src/main/java/org/jabref/logic/layout/format/AuthorNatBib.java	7	5	4	0.80	false	false
jablib/src/main/java/org/jabref/logic/layout/format/AuthorFirstAbbrLastOxfordCommas.java	jablib/src/main/java/org/jabref/logic/layout/format/AuthorFirstFirst.java	5	14	4	0.80	false	false
jablib/src/main/java/org/jabref/logic/layout/format/AuthorFirstAbbrLastOxfordCommas.java	jablib/src/main/java/org/jabref/logic/layout/format/AuthorFirstFirstCommas.java	5	7	4	0.80	false	false
jablib/src/main/java/org/jabref/logic/layout/format/AuthorFirstAbbrLastOxfordCommas.java	jablib/src/main/java/org/jabref/logic/layout/format/AuthorLastFirst.java	5	9	4	0.80	false	false
jablib/src/main/java/org/jabref/logic/layout/format/AuthorFirstAbbrLastOxfordCommas.java	jablib/src/main/java/org/jabref/logic/layout/format/AuthorNatBib.java	5	5	4	0.80	false	false
jablib/src/main/java/org/jabref/logic/layout/format/AuthorFirstAbbrLastOxfordCommas.java	jablib/src/main/java/org/jabref/model/entry/AuthorList.java	5	77	4	0.80	true	false
jablib/src/main/java/org/jabref/logic/layout/format/AuthorFirstFirst.java	jablib/src/main/java/org/jabref/logic/layout/format/AuthorFirstLastOxfordCommas.java	14	5	4	0.80	false	false
jablib/src/main/java/org/jabref/logic/layout/format/AuthorFirstFirst.java	jablib/src/main/java/org/jabref/logic/layout/format/AuthorLastFirstAbbrOxfordCommas.java	14	5	4	0.80	false	false
jablib/src/main/java/org/jabref/logic/layout/format/AuthorFirstFirst.java	jablib/src/main/java/org/jabref/logic/layout/format/AuthorLastFirstOxfordCommas.java	14	5	4	0.80	false	false
jablib/src/main/java/org/jabref/logic/layout/format/AuthorFirstFirstCommas.java	jablib/src/main/java/org/jabref/logic/layout/format/AuthorFirstLastOxfordCommas.java	7	5	4	0.80	false	false
jablib/src/main/java/org/jabref/logic/layout/format/AuthorFirstFirstCommas.java	jablib/src/main/java/org/jabref/logic/layout/format/AuthorLastFirstAbbrOxfordCommas.java	7	5	4	0.80	false	false
jablib/src/main/java/org/jabref/logic/layout/format/AuthorFirstFirstCommas.java	jablib/src/main/java/org/jabref/logic/layout/format/AuthorLastFirstOxfordCommas.java	7	5	4	0.80	false	false
jablib/src/main/java/org/jabref/logic/layout/format/AuthorFirstFirstCommas.java	jablib/src/main/java/org/jabref/logic/layout/format/AuthorNatBib.java	7	5	4	0.80	false	false
jablib/src/main/java/org/jabref/logic/layout/format/AuthorFirstLastCommas.java	jablib/src/main/java/org/jabref/logic/layout/format/AuthorNatBib.java	7	5	4	0.80	false	false
jablib/src/main/java/org/jabref/logic/layout/format/AuthorFirstLastOxfordCommas.java	jablib/src/main/java/org/jabref/logic/layout/format/AuthorLastFirst.java	5	9	4	0.80	false	false
jablib/src/main/java/org/jabref/logic/layout/format/AuthorFirstLastOxfordCommas.java	jablib/src/main/java/org/jabref/logic/layout/format/AuthorNatBib.java	5	5	4	0.80	false	false
jablib/src/main/java/org/jabref/logic/layout/format/AuthorFirstLastOxfordCommas.java	jablib/src/main/java/org/jabref/model/entry/AuthorList.java	5	77	4	0.80	true	false
jablib/src/main/java/org/jabref/logic/layout/format/AuthorLastFirst.java	jablib/src/main/java/org/jabref/logic/layout/format/AuthorLastFirstAbbrOxfordCommas.java	9	5	4	0.80	false	false
jablib/src/main/java/org/jabref/logic/layout/format/AuthorLastFirst.java	jablib/src/main/java/org/jabref/logic/layout/format/AuthorLastFirstOxfordCommas.java	9	5	4	0.80	false	false
jablib/src/main/java/org/jabref/logic/layout/format/AuthorLastFirstAbbrCommas.java	jablib/src/main/java/org/jabref/logic/layout/format/AuthorNatBib.java	7	5	4	0.80	false	false
jablib/src/main/java/org/jabref/logic/layout/format/AuthorLastFirstAbbrOxfordCommas.java	jablib/src/main/java/org/jabref/logic/layout/format/AuthorNatBib.java	5	5	4	0.80	false	false
jablib/src/main/java/org/jabref/logic/layout/format/AuthorLastFirstAbbrOxfordCommas.java	jablib/src/main/java/org/jabref/model/entry/AuthorList.java	5	77	4	0.80	true	false
jablib/src/main/java/org/jabref/logic/layout/format/AuthorLastFirstCommas.java	jablib/src/main/java/org/jabref/logic/layout/format/AuthorNatBib.java	7	5	4	0.80	false	false
jablib/src/main/java/org/jabref/logic/layout/format/AuthorLastFirstOxfordCommas.java	jablib/src/main/java/org/jabref/logic/layout/format/AuthorNatBib.java	5	5	4	0.80	false	false
jablib/src/main/java/org/jabref/logic/layout/format/AuthorLastFirstOxfordCommas.java	jablib/src/main/java/org/jabref/model/entry/AuthorList.java	5	77	4	0.80	true	false
jablib/src/main/java/org/jabref/logic/layout/format/FirstPage.java	jablib/src/main/java/org/jabref/logic/layout/format/LastPage.java	5	8	4	0.80	false	false
jablib/src/main/java/org/jabref/logic/layout/format/RisAuthors.java	jablib/src/main/java/org/jabref/model/entry/AuthorList.java	5	77	4	0.80	true	false
jablib/src/main/java/org/jabref/logic/openoffice/style/JStyle.java	jablib/src/main/java/org/jabref/logic/openoffice/style/OOFormatBibliography.java	104	5	4	0.80	false	false
jablib/src/main/java/org/jabref/logic/openoffice/style/JStyleGetCitationMarker.java	jablib/src/main/java/org/jabref/logic/openoffice/style/JStyleGetNumericCitationMarker.java	11	5	4	0.80	false	false
jablib/src/main/java/org/jabref/logic/openoffice/style/JStyleGetCitationMarker.java	jablib/src/main/java/org/jabref/logic/openoffice/style/OOFormatBibliography.java	11	5	4	0.80	false	false
jablib/src/main/java/org/jabref/logic/openoffice/style/JStyleGetNumericCitationMarker.java	jablib/src/main/java/org/jabref/logic/openoffice/style/OOFormatBibliography.java	5	5	4	0.80	false	false
jablib/src/main/java/org/jabref/logic/openoffice/style/JStyleGetNumericCitationMarker.java	jablib/src/main/java/org/jabref/logic/openoffice/style/OOProcessAuthorYearMarkers.java	5	7	4	0.80	false	false
jablib/src/main/java/org/jabref/logic/openoffice/style/OOFormatBibliography.java	jablib/src/main/java/org/jabref/logic/openoffice/style/OOProcessNumericMarkers.java	5	5	4	0.80	false	false
jablib/src/main/java/org/jabref/logic/push/PushToApplicationDetector.java	jablib/src/main/java/org/jabref/logic/util/URLUtil.java	5	14	4	0.80	true	false
jablib/src/main/java/org/jabref/logic/shared/DBMSConnection.java	jablib/src/main/java/org/jabref/logic/shared/event/UpdateRefusedEvent.java	13	5	4	0.80	true	false
jablib/src/main/java/org/jabref/logic/shared/DBMSConnectionProperties.java	jablib/src/main/java/org/jabref/logic/shared/event/UpdateRefusedEvent.java	15	5	4	0.80	true	false
jablib/src/main/java/org/jabref/logic/shared/DBMSProcessor.java	jablib/src/main/java/org/jabref/logic/shared/event/UpdateRefusedEvent.java	44	5	4	0.80	true	false
jablib/src/main/java/org/jabref/logic/shared/DBMSSynchronizer.java	jablib/src/main/java/org/jabref/logic/shared/event/UpdateRefusedEvent.java	38	5	4	0.80	true	false
jablib/src/main/java/org/jabref/logic/shared/DBMSSynchronizer.java	jablib/src/main/java/org/jabref/model/metadata/event/MetaDataChangedEvent.java	38	5	4	0.80	true	false
jablib/src/main/java/org/jabref/logic/shared/event/UpdateRefusedEvent.java	jablib/src/main/java/org/jabref/model/database/BibDatabaseContext.java	5	99	4	0.80	true	false
jablib/src/main/java/org/jabref/logic/shared/prefs/SharedDatabasePreferences.java	jablib/src/main/java/org/jabref/logic/shared/security/Password.java	13	5	4	0.80	true	false
jablib/src/main/java/org/jabref/model/database/BibDatabase.java	jablib/src/main/java/org/jabref/model/metadata/event/MetaDataChangedEvent.java	209	5	4	0.80	true	false
jablib/src/main/java/org/jabref/model/entry/event/FieldChangedEvent.java	jablib/src/main/java/org/jabref/model/metadata/event/MetaDataChangedEvent.java	16	5	4	0.80	true	false
jablib/src/main/java/org/jabref/model/entry/field/BiblatexApaField.java	jablib/src/main/java/org/jabref/model/entry/field/BiblatexSoftwareField.java	5	5	4	0.80	false	false
jablib/src/main/java/org/jabref/model/entry/field/BiblatexSoftwareField.java	jablib/src/main/java/org/jabref/model/entry/field/StandardField.java	5	37	4	0.80	false	false
jablib/src/main/java/org/jabref/model/entry/identifier/ISBN.java	jablib/src/main/java/org/jabref/model/entry/identifier/ISSN.java	11	5	4	0.80	false	false
jablib/src/main/java/org/jabref/model/groups/AutomaticKeywordGroup.java	jablib/src/main/java/org/jabref/model/groups/AutomaticPersonsGroup.java	8	5	4	0.80	false	false
jabls-cli/src/main/java/module-info.java	jabsrv-cli/src/main/java/module-info.java	5	11	4	0.80	false	true
jabls-cli/src/main/java/module-info.java	test-support/src/main/java/module-info.java	5	6	4	0.80	false	true
jabls/src/main/java/org/jabref/languageserver/BibtexTextDocumentService.java	jabls/src/main/java/org/jabref/languageserver/LspClientHandler.java	5	6	4	0.80	false	false
jabls/src/main/java/org/jabref/languageserver/util/LspConsistencyCheck.java	jabls/src/main/java/org/jabref/languageserver/util/LspDiagnosticHandler.java	6	5	4	0.80	false	false
jabsrv/src/main/java/module-info.java	jabsrv/src/main/java/org/jabref/http/server/command/CommandResource.java	25	5	4	0.80	true	false
jabsrv/src/main/java/org/jabref/http/server/Server.java	jabsrv/src/main/java/org/jabref/http/server/resources/LibraryResource.java	20	5	4	0.80	true	false
jablib/src/main/java/org/jabref/logic/exporter/OOCalcDatabase.java	jablib/src/main/java/org/jabref/logic/exporter/OpenDocumentRepresentation.java	38	39	30	0.79	false	false
jabgui/src/main/java/org/jabref/gui/preferences/ai/AiTabViewModel.java	jablib/src/main/java/org/jabref/logic/ai/preferences/AiPreferences.java	26	19	15	0.79	true	true
jablib/src/main/java/org/jabref/logic/ai/preferences/AiPreferences.java	jablib/src/main/java/org/jabref/logic/preferences/JabRefCliPreferences.java	19	1078	15	0.79	true	false
jablib/src/main/java/org/jabref/logic/openoffice/oocsltext/CSLReferenceMark.java	jablib/src/main/java/org/jabref/logic/openoffice/oocsltext/CSLReferenceMarkManager.java	19	30	15	0.79	false	false
jablib/src/main/java/org/jabref/logic/exporter/OpenDocumentSpreadsheetCreator.java	jablib/src/main/java/org/jabref/logic/exporter/OpenOfficeDocumentCreator.java	36	33	26	0.79	false	false
jablib/src/main/java/org/jabref/model/groups/AllEntriesGroup.java	jablib/src/main/java/org/jabref/model/groups/KeywordGroup.java	42	93	33	0.79	false	false
jabgui/src/main/java/org/jabref/gui/exporter/CreateModifyExporterDialogViewModel.java	jablib/src/main/java/org/jabref/logic/preferences/JabRefCliPreferences.java	14	1078	11	0.79	true	true
jabgui/src/main/java/org/jabref/gui/auximport/NewSubLibraryAction.java	jabgui/src/main/java/org/jabref/gui/frame/JabRefFrame.java	36	1215	28	0.78	true	false
jablib/src/main/java/org/jabref/logic/crawler/Crawler.java	jablib/src/main/java/org/jabref/logic/crawler/StudyRepository.java	18	40	14	0.78	false	false
jabgui/src/main/java/org/jabref/cli/ArgumentProcessor.java	jablib/src/main/java/org/jabref/logic/UiCommand.java	123	9	7	0.78	true	true
jabgui/src/main/java/org/jabref/gui/fieldeditors/DateEditor.java	jabgui/src/main/java/org/jabref/gui/fieldeditors/FieldEditors.java	9	60	7	0.78	false	false
jabgui/src/main/java/org/jabref/gui/frame/ExternalApplicationsPreferences.java	jablib/src/main/java/org/jabref/logic/preferences/JabRefCliPreferences.java	9	1078	7	0.78	true	true
jabgui/src/main/java/org/jabref/gui/frame/JabRefFrameViewModel.java	jablib/src/main/java/org/jabref/logic/UiCommand.java	19	9	7	0.78	true	true
jabgui/src/main/java/org/jabref/gui/maintable/MainTable.java	jabgui/src/main/java/org/jabref/gui/util/comparator/RankingFieldComparator.java	293	9	7	0.78	true	false
jabgui/src/main/java/org/jabref/gui/openoffice/OOBibBase.java	jablib/src/main/java/org/jabref/logic/openoffice/frontend/OOFrontend.java	159	9	7	0.78	true	true
jabgui/src/main/java/org/jabref/gui/openoffice/OOBibBase.java	jablib/src/main/java/org/jabref/model/openoffice/CitationEntry.java	159	9	7	0.78	true	true
jabkit/src/main/java/org/jabref/toolkit/commands/GenerateBibFromAux.java	jabkit/src/main/java/org/jabref/toolkit/commands/JabKit.java	9	18	7	0.78	false	false
jablib/src/main/java/org/jabref/logic/formatter/IdentityFormatter.java	jablib/src/main/java/org/jabref/logic/formatter/bibtexfields/NormalizeMonthFormatter.java	9	12	7	0.78	true	false
jablib/src/main/java/org/jabref/logic/formatter/IdentityFormatter.java	jablib/src/main/java/org/jabref/logic/formatter/bibtexfields/NormalizePagesFormatter.java	9	25	7	0.78	true	false
jablib/src/main/java/org/jabref/logic/formatter/IdentityFormatter.java	jablib/src/main/java/org/jabref/logic/formatter/bibtexfields/OrdinalsToSuperscriptFormatter.java	9	16	7	0.78	true	false
jablib/src/main/java/org/jabref/logic/formatter/IdentityFormatter.java	jablib/src/main/java/org/jabref/logic/formatter/bibtexfields/UnitsToLatexFormatter.java	9	21	7	0.78	true	false
jablib/src/main/java/org/jabref/logic/formatter/IdentityFormatter.java	jablib/src/main/java/org/jabref/logic/formatter/casechanger/ProtectTermsFormatter.java	9	33	7	0.78	true	false
jablib/src/main/java/org/jabref/logic/formatter/IdentityFormatter.java	jablib/src/main/java/org/jabref/logic/formatter/minifier/MinifyNameListFormatter.java	9	12	7	0.78	true	false
jablib/src/main/java/org/jabref/logic/importer/fetcher/DoiFetcher.java	jablib/src/main/java/org/jabref/logic/importer/fetcher/TitleFetcher.java	53	9	7	0.78	false	false
jablib/src/main/java/org/jabref/logic/net/ProxyPreferences.java	jablib/src/main/java/org/jabref/logic/preferences/JabRefCliPreferences.java	9	1078	7	0.78	true	false
jablib/src/main/java/org/jabref/logic/openoffice/style/JStyle.java	jablib/src/main/java/org/jabref/model/openoffice/CitationEntry.java	104	9	7	0.78	true	false
jablib/src/main/java/org/jabref/logic/util/CurrentThreadTaskExecutor.java	jablib/src/main/java/org/jabref/logic/util/TaskExecutor.java	11	9	7	0.78	false	false
jabgui/src/main/java/org/jabref/gui/entryeditor/FieldsEditorTab.java	jabgui/src/main/java/org/jabref/gui/entryeditor/UserDefinedFieldsTab.java	48	22	17	0.77	false	false
jablib/src/main/java/org/jabref/logic/push/PushToApplication.java	jablib/src/main/java/org/jabref/logic/push/PushToEmacs.java	22	68	17	0.77	false	false
jablib/src/main/java/org/jabref/logic/push/PushToApplication.java	jablib/src/main/java/org/jabref/logic/push/PushToLyx.java	22	49	17	0.77	false	false
jabgui/src/main/java/org/jabref/gui/externalfiles/ImportHandler.java	jablib/src/main/java/org/jabref/logic/externalfiles/ExternalFilesContentImporter.java	86	13	10	0.77	true	true
jabgui/src/main/java/org/jabref/gui/openoffice/OpenOfficePanel.java	jablib/src/main/java/org/jabref/logic/openoffice/OpenOfficeFileSearch.java	230	17	13	0.76	true	true
jabgui/src/main/java/org/jabref/gui/CoreGuiPreferences.java	jablib/src/main/java/org/jabref/logic/preferences/JabRefCliPreferences.java	21	1078	16	0.76	true	true
jabgui/src/main/java/org/jabref/gui/entryeditor/EntryEditorPreferences.java	jablib/src/main/java/org/jabref/logic/preferences/JabRefCliPreferences.java	25	1078	19	0.76	true	true
jabgui/src/main/java/org/jabref/gui/preferences/websearch/WebSearchTab.java	jabgui/src/main/java/org/jabref/gui/preferences/websearch/WebSearchTabViewModel.java	29	40	22	0.76	false	false
jabgui/src/main/java/org/jabref/gui/frame/JabRefFrame.java	jabgui/src/main/java/org/jabref/gui/importer/NewEntryAction.java	1215	44	33	0.75	true	false
jablib/src/main/java/org/jabref/logic/importer/fileformat/InspecImporter.java	jablib/src/main/java/org/jabref/logic/importer/fileformat/IsiImporter.java	44	95	33	0.75	false	false
jablib/src/main/java/org/jabref/logic/importer/fileformat/InspecImporter.java	jablib/src/main/java/org/jabref/logic/importer/fileformat/OvidImporter.java	44	57	33	0.75	false	false
jabgui/src/main/java/org/jabref/gui/frame/JabRefFrame.java	jabgui/src/main/java/org/jabref/gui/importer/NewDatabaseAction.java	1215	24	18	0.75	true	false
jablib/src/main/java/org/jabref/model/texparser/Citation.java	jablib/src/main/java/org/jabref/model/texparser/LatexParserResult.java	20	24	15	0.75	false	false
jabgui/src/main/java/org/jabref/gui/WorkspacePreferences.java	jablib/src/main/java/org/jabref/logic/preferences/JabRefCliPreferences.java	16	1078	12	0.75	true	true
jabgui/src/main/java/org/jabref/gui/desktop/os/DefaultDesktop.java	jabgui/src/main/java/org/jabref/gui/desktop/os/NativeDesktop.java	16	25	12	0.75	false	false
jabgui/src/main/java/org/jabref/gui/fieldeditors/PersonsEditor.java	jabgui/src/main/java/org/jabref/gui/fieldeditors/SimpleEditor.java	16	22	12	0.75	false	false
jabgui/src/main/java/org/jabref/gui/preferences/external/ExternalTab.java	jabgui/src/main/java/org/jabref/gui/preferences/external/ExternalTabViewModel.java	18	16	12	0.75	false	false
jablib/src/main/java/org/jabref/logic/cleanup/RelativePathsCleanup.java	jablib/src/main/java/org/jabref/logic/cleanup/RenamePdfCleanup.java	16	53	12	0.75	false	false
jabgui/src/main/java/org/jabref/gui/preferences/customentrytypes/CustomEntryTypeViewModel.java	jabgui/src/main/java/org/jabref/gui/preferences/customentrytypes/CustomEntryTypesTabViewModel.java	12	47	9	0.75	false	false
jabgui/src/main/java/org/jabref/gui/specialfields/SpecialFieldValueViewModel.java	jabgui/src/main/java/org/jabref/gui/specialfields/SpecialFieldViewModel.java	12	17	9	0.75	false	false
jabkit/src/main/java/org/jabref/toolkit/commands/CheckConsistency.java	jabkit/src/main/java/org/jabref/toolkit/commands/Convert.java	16	12	9	0.75	false	false
jabkit/src/main/java/org/jabref/toolkit/commands/CheckConsistency.java	jabkit/src/main/java/org/jabref/toolkit/commands/Search.java	16	12	9	0.75	false	false
jablib/src/main/java/org/jabref/logic/formatter/bibtexfields/NormalizePagesFormatter.java	jablib/src/main/java/org/jabref/logic/formatter/casechanger/UpperCaseFormatter.java	25	12	9	0.75	true	false
jablib/src/main/java/org/jabref/logic/formatter/bibtexfields/NormalizePagesFormatter.java	jablib/src/main/java/org/jabref/logic/formatter/minifier/MinifyNameListFormatter.java	25	12	9	0.75	true	false
jablib/src/main/java/org/jabref/logic/formatter/bibtexfields/OrdinalsToSuperscriptFormatter.java	jablib/src/main/java/org/jabref/logic/formatter/minifier/MinifyNameListFormatter.java	16	12	9	0.75	true	false
jablib/src/main/java/org/jabref/logic/formatter/casechanger/SentenceCaseFormatter.java	jablib/src/main/java/org/jabref/logic/formatter/casechanger/UpperCaseFormatter.java	12	12	9	0.75	false	false
build-support/src/main/java/CitationStyleCatalogGenerator.java	jablib/src/main/java/org/jabref/logic/citationstyle/CSLStyleUtils.java	25	8	6	0.75	true	true
jabgui/src/main/java/org/jabref/gui/JabRefGUI.java	jabgui/src/main/java/org/jabref/gui/LibraryTabContainer.java	190	8	6	0.75	false	false
jabgui/src/main/java/org/jabref/gui/LibraryTab.java	jabgui/src/main/java/org/jabref/gui/mergeentries/MergeWithFetchedEntryAction.java	1048	8	6	0.75	true	false
jabgui/src/main/java/org/jabref/gui/entryeditor/AiChatTab.java	jabgui/src/main/java/org/jabref/gui/groups/GroupTreeViewModel.java	8	88	6	0.75	true	false
jabgui/src/main/java/org/jabref/gui/entryeditor/AiChatTab.java	jabgui/src/main/java/org/jabref/gui/sidepane/SidePaneContentFactory.java	8	14	6	0.75	true	false
jabgui/src/main/java/org/jabref/gui/fieldeditors/DateEditor.java	jabgui/src/main/java/org/jabref/gui/fieldeditors/DateEditorViewModel.java	9	8	6	0.75	false	false
jabgui/src/main/java/org/jabref/gui/fieldeditors/DateEditorViewModel.java	jabgui/src/main/java/org/jabref/gui/fieldeditors/FieldEditors.java	8	60	6	0.75	false	false
jabgui/src/main/java/org/jabref/gui/fieldeditors/MarkdownEditor.java	jabgui/src/main/java/org/jabref/gui/fieldeditors/SimpleEditor.java	8	22	6	0.75	false	false
jabgui/src/main/java/org/jabref/gui/frame/JabRefFrame.java	jabgui/src/main/java/org/jabref/gui/preferences/protectedterms/ProtectedTermsTabViewModel.java	1215	8	6	0.75	true	false
jabgui/src/main/java/org/jabref/gui/groups/GroupsPreferences.java	jabgui/src/main/java/org/jabref/gui/preferences/groups/GroupsTabViewModel.java	8	11	6	0.75	true	false
jabgui/src/main/java/org/jabref/gui/openoffice/OpenOfficePanel.java	jablib/src/main/java/org/jabref/logic/openoffice/oocsltext/BSTCitationOOAdapter.java	230	8	6	0.75	true	true
jabgui/src/main/java/org/jabref/gui/preferences/externalfiletypes/ExternalFileTypesTab.java	jabgui/src/main/java/org/jabref/gui/preferences/externalfiletypes/ExternalFileTypesTabViewModel.java	8	23	6	0.75	false	false
jabgui/src/main/java/org/jabref/gui/preferences/preview/PreviewTabViewModel.java	jablib/src/main/java/org/jabref/logic/preview/PreviewLayout.java	46	8	6	0.75	true	true
jabgui/src/main/java/org/jabref/gui/preferences/xmp/XmpPrivacyTab.java	jabgui/src/main/java/org/jabref/gui/preferences/xmp/XmpPrivacyTabViewModel.java	8	10	6	0.75	false	false
jabgui/src/main/java/org/jabref/gui/search/GlobalSearchBar.java	jabgui/src/main/java/org/jabref/gui/search/SearchFieldRightClickMenu.java	111	8	6	0.75	false	false
jabgui/src/main/java/org/jabref/gui/welcome/WelcomeTab.java	jabgui/src/main/java/org/jabref/gui/welcome/components/QuickSettings.java	23	8	6	0.75	true	false
jabkit/src/main/java/org/jabref/toolkit/JabKitLauncher.java	jabkit/src/main/java/org/jabref/toolkit/commands/DoiToBibtex.java	16	8	6	0.75	true	false
jablib/src/main/java/org/jabref/logic/bibtex/comparator/FieldComparator.java	jablib/src/main/java/org/jabref/logic/layout/format/RisMonth.java	72	8	6	0.75	true	false
jablib/src/main/java/org/jabref/logic/citationstyle/CSLStyleLoader.java	jablib/src/main/java/org/jabref/logic/citationstyle/CSLStyleUtils.java	14	8	6	0.75	false	false
jablib/src/main/java/org/jabref/logic/crawler/StudyRepository.java	jablib/src/main/java/org/jabref/model/study/StudyCatalog.java	40	8	6	0.75	true	false
jablib/src/main/java/org/jabref/logic/importer/FulltextFetcher.java	jablib/src/main/java/org/jabref/logic/importer/FulltextFetchers.java	8	65	6	0.75	false	false
jablib/src/main/java/org/jabref/logic/importer/PagedSearchBasedFetcher.java	jablib/src/main/java/org/jabref/logic/importer/SearchBasedFetcher.java	8	16	6	0.75	false	false
jablib/src/main/java/org/jabref/logic/importer/fetcher/ACMPortalFetcher.java	jablib/src/main/java/org/jabref/logic/importer/fetcher/IEEE.java	8	55	6	0.75	false	false
jablib/src/main/java/org/jabref/logic/importer/fetcher/ACMPortalFetcher.java	jablib/src/main/java/org/jabref/logic/importer/fetcher/SpringerNatureWebFetcher.java	8	30	6	0.75	false	false
jablib/src/main/java/org/jabref/logic/integrity/DoiValidityChecker.java	jablib/src/main/java/org/jabref/logic/integrity/ISBNChecker.java	8	8	6	0.75	false	false
jablib/src/main/java/org/jabref/logic/integrity/DoiValidityChecker.java	jablib/src/main/java/org/jabref/logic/integrity/ISSNChecker.java	8	13	6	0.75	false	false
jablib/src/main/java/org/jabref/logic/layout/format/RisMonth.java	jablib/src/main/java/org/jabref/model/database/BibDatabase.java	8	209	6	0.75	true	false
jablib/src/main/java/org/jabref/logic/preferences/JabRefCliPreferences.java	jablib/src/main/java/org/jabref/logic/preview/PreviewLayout.java	1078	8	6	0.75	true	false
jablib/src/main/java/org/jabref/logic/preview/BstPreviewLayout.java	jablib/src/main/java/org/jabref/logic/preview/PreviewLayout.java	16	8	6	0.75	false	false
jablib/src/main/java/org/jabref/model/study/Study.java	jablib/src/main/java/org/jabref/model/study/StudyCatalog.java	14	8	6	0.75	false	false
jabgui/src/main/java/org/jabref/cli/ArgumentProcessor.java	jabgui/src/main/java/org/jabref/gui/exporter/CreateModifyExporterDialogView.java	123	4	3	0.75	true	false
jabgui/src/main/java/org/jabref/gui/JabRefGUI.java	jablib/src/main/java/org/jabref/logic/citation/repository/MVStoreBibEntryRelationRepository.java	190	4	3	0.75	true	true
jabgui/src/main/java/org/jabref/gui/JabRefGUI.java	jablib/src/main/java/org/jabref/logic/shared/exception/NotASharedDatabaseException.java	190	4	3	0.75	true	true
jabgui/src/main/java/org/jabref/gui/LibraryTab.java	jabgui/src/main/java/org/jabref/gui/entryeditor/PreviewSwitchAction.java	1048	4	3	0.75	true	false
jabgui/src/main/java/org/jabref/gui/LibraryTab.java	jabgui/src/main/java/org/jabref/gui/search/RebuildFulltextSearchIndexAction.java	1048	4	3	0.75	true	false
jabgui/src/main/java/org/jabref/gui/LibraryTab.java	jablib/src/main/java/org/jabref/logic/layout/format/NotFoundFormatter.java	1048	4	3	0.75	true	true
jabgui/src/main/java/org/jabref/gui/LibraryTab.java	jablib/src/main/java/org/jabref/logic/shared/event/ConnectionLostEvent.java	1048	4	3	0.75	true	true
jabgui/src/main/java/org/jabref/gui/ai/AiPrivacyNoticeViewModel.java	jablib/src/main/java/org/jabref/logic/ai/AiService.java	4	13	3	0.75	true	true
jabgui/src/main/java/org/jabref/gui/ai/AiPrivacyNoticeViewModel.java	jablib/src/main/java/org/jabref/logic/ai/embedding/AsyncEmbeddingModel.java	4	5	3	0.75	true	true
jabgui/src/main/java/org/jabref/gui/ai/AiPrivacyNoticeViewModel.java	jablib/src/main/java/org/jabref/logic/ai/preferences/AiPreferences.java	4	19	3	0.75	true	true
jabgui/src/main/java/org/jabref/gui/ai/chat/AiChatView.java	jablib/src/main/java/org/jabref/logic/ai/summarization/listeners/GenerateSummaryAiDatabaseListener.java	5	4	3	0.75	true	true
jabgui/src/main/java/org/jabref/gui/ai/chat/AiChatViewModel.java	jablib/src/main/java/org/jabref/logic/ai/preferences/AiPreferences.java	4	19	3	0.75	true	true
jabgui/src/main/java/org/jabref/gui/autocompleter/BibEntrySuggestionProvider.java	jabgui/src/main/java/org/jabref/gui/autocompleter/PersonNameSuggestionProvider.java	4	6	3	0.75	false	false
jabgui/src/main/java/org/jabref/gui/autocompleter/BibEntrySuggestionProvider.java	jabgui/src/main/java/org/jabref/gui/autocompleter/SuggestionProviders.java	4	13	3	0.75	false	false
jabgui/src/main/java/org/jabref/gui/autocompleter/BibEntrySuggestionProvider.java	jabgui/src/main/java/org/jabref/gui/fieldeditors/JournalEditor.java	4	21	3	0.75	true	false
jabgui/src/main/java/org/jabref/gui/autocompleter/BibEntrySuggestionProvider.java	jabgui/src/main/java/org/jabref/gui/fieldeditors/LinkedEntriesEditor.java	4	13	3	0.75	true	false
jabgui/src/main/java/org/jabref/gui/autocompleter/BibEntrySuggestionProvider.java	jabgui/src/main/java/org/jabref/gui/fieldeditors/LinkedEntriesEditorViewModel.java	4	10	3	0.75	true	false
jabgui/src/main/java/org/jabref/gui/autocompleter/BibEntrySuggestionProvider.java	jabgui/src/main/java/org/jabref/gui/fieldeditors/SimpleEditor.java	4	22	3	0.75	true	false
jabgui/src/main/java/org/jabref/gui/autocompleter/BibEntrySuggestionProvider.java	jabgui/src/main/java/org/jabref/gui/fieldeditors/SimpleEditorViewModel.java	4	5	3	0.75	true	false
jabgui/src/main/java/org/jabref/gui/cleanup/CleanupDialog.java	jabgui/src/main/java/org/jabref/gui/cleanup/CleanupMultiFieldPanel.java	9	4	3	0.75	false	false
jabgui/src/main/java/org/jabref/gui/cleanup/CleanupDialogViewModel.java	jabgui/src/main/java/org/jabref/gui/cleanup/CleanupMultiFieldPanel.java	7	4	3	0.75	false	false
jabgui/src/main/java/org/jabref/gui/collab/metedatachange/MetadataChangeDetailsView.java	jabgui/src/main/java/org/jabref/gui/git/GitDiffDialogView.java	13	4	3	0.75	true	false
jabgui/src/main/java/org/jabref/gui/collab/metedatachange/MetadataChangeDetailsView.java	jabgui/src/main/java/org/jabref/gui/git/GitEntryChangeDetailsView.java	13	4	3	0.75	true	false
jabgui/src/main/java/org/jabref/gui/commonfxcontrols/SaveOrderConfigPanelViewModel.java	jabgui/src/main/java/org/jabref/gui/commonfxcontrols/SortCriterionViewModel.java	4	4	3	0.75	false	false
jabgui/src/main/java/org/jabref/gui/commonfxcontrols/SaveOrderConfigPanelViewModel.java	jablib/src/main/java/org/jabref/logic/preferences/JabRefCliPreferences.java	4	1078	3	0.75	true	true
jabgui/src/main/java/org/jabref/gui/commonfxcontrols/SaveOrderConfigPanelViewModel.java	jablib/src/main/java/org/jabref/model/metadata/SaveOrder.java	4	30	3	0.75	true	true
jabgui/src/main/java/org/jabref/gui/duplicationFinder/DuplicateResolverDialog.java	jabgui/src/main/java/org/jabref/gui/mergeentries/threewaymerge/ThreeWayMergeViewModel.java	86	4	3	0.75	true	false
jabgui/src/main/java/org/jabref/gui/duplicationFinder/DuplicateResolverDialog.java	jabgui/src/main/java/org/jabref/gui/mergeentries/threewaymerge/cell/OpenExternalLinkAction.java	86	4	3	0.75	true	false
jabgui/src/main/java/org/jabref/gui/edit/automaticfieldeditor/AbstractAutomaticFieldEditorTabViewModel.java	jabgui/src/main/java/org/jabref/gui/edit/automaticfieldeditor/AutomaticFieldEditorAction.java	4	4	3	0.75	false	false
jabgui/src/main/java/org/jabref/gui/edit/automaticfieldeditor/AbstractAutomaticFieldEditorTabViewModel.java	jabgui/src/main/java/org/jabref/gui/edit/automaticfieldeditor/AutomaticFieldEditorDialog.java	4	6	3	0.75	false	false
jabgui/src/main/java/org/jabref/gui/edit/automaticfieldeditor/AbstractAutomaticFieldEditorTabViewModel.java	jabgui/src/main/java/org/jabref/gui/edit/automaticfieldeditor/AutomaticFieldEditorViewModel.java	4	6	3	0.75	false	false
jabgui/src/main/java/org/jabref/gui/edit/automaticfieldeditor/AbstractAutomaticFieldEditorTabViewModel.java	jabgui/src/main/java/org/jabref/gui/edit/automaticfieldeditor/copyormovecontent/CopyOrMoveFieldContentTabView.java	4	6	3	0.75	true	false
jabgui/src/main/java/org/jabref/gui/edit/automaticfieldeditor/AbstractAutomaticFieldEditorTabViewModel.java	jabgui/src/main/java/org/jabref/gui/edit/automaticfieldeditor/copyormovecontent/CopyOrMoveFieldContentTabViewModel.java	4	4	3	0.75	true	false
jabgui/src/main/java/org/jabref/gui/edit/automaticfieldeditor/AbstractAutomaticFieldEditorTabViewModel.java	jabgui/src/main/java/org/jabref/gui/edit/automaticfieldeditor/editfieldcontent/EditFieldContentTabView.java	4	6	3	0.75	true	false
jabgui/src/main/java/org/jabref/gui/edit/automaticfieldeditor/AbstractAutomaticFieldEditorTabViewModel.java	jabgui/src/main/java/org/jabref/gui/edit/automaticfieldeditor/editfieldcontent/EditFieldContentViewModel.java	4	5	3	0.75	true	false
jabgui/src/main/java/org/jabref/gui/edit/automaticfieldeditor/AbstractAutomaticFieldEditorTabViewModel.java	jabgui/src/main/java/org/jabref/gui/edit/automaticfieldeditor/renamefield/RenameFieldTabView.java	4	7	3	0.75	true	false
jabgui/src/main/java/org/jabref/gui/edit/automaticfieldeditor/AbstractAutomaticFieldEditorTabViewModel.java	jabgui/src/main/java/org/jabref/gui/edit/automaticfieldeditor/renamefield/RenameFieldViewModel.java	4	5	3	0.75	true	false
jabgui/src/main/java/org/jabref/gui/edit/automaticfieldeditor/AutomaticFieldEditorAction.java	jabgui/src/main/java/org/jabref/gui/edit/automaticfieldeditor/MoveFieldValueAction.java	4	4	3	0.75	false	false
jabgui/src/main/java/org/jabref/gui/edit/automaticfieldeditor/AutomaticFieldEditorAction.java	jabgui/src/main/java/org/jabref/gui/edit/automaticfieldeditor/copyormovecontent/CopyOrMoveFieldContentTabView.java	4	6	3	0.75	true	false
jabgui/src/main/java/org/jabref/gui/edit/automaticfieldeditor/AutomaticFieldEditorAction.java	jabgui/src/main/java/org/jabref/gui/edit/automaticfieldeditor/copyormovecontent/CopyOrMoveFieldContentTabViewModel.java	4	4	3	0.75	true	false
jabgui/src/main/java/org/jabref/gui/edit/automaticfieldeditor/AutomaticFieldEditorAction.java	jabgui/src/main/java/org/jabref/gui/edit/automaticfieldeditor/editfieldcontent/EditFieldContentTabView.java	4	6	3	0.75	true	false
jabgui/src/main/java/org/jabref/gui/edit/automaticfieldeditor/AutomaticFieldEditorAction.java	jabgui/src/main/java/org/jabref/gui/edit/automaticfieldeditor/editfieldcontent/EditFieldContentViewModel.java	4	5	3	0.75	true	false
jabgui/src/main/java/org/jabref/gui/edit/automaticfieldeditor/AutomaticFieldEditorDialog.java	jabgui/src/main/java/org/jabref/gui/edit/automaticfieldeditor/MoveFieldValueAction.java	6	4	3	0.75	false	false
jabgui/src/main/java/org/jabref/gui/edit/automaticfieldeditor/AutomaticFieldEditorDialog.java	jabgui/src/main/java/org/jabref/gui/edit/automaticfieldeditor/copyormovecontent/CopyOrMoveFieldContentTabViewModel.java	6	4	3	0.75	true	false
jabgui/src/main/java/org/jabref/gui/edit/automaticfieldeditor/AutomaticFieldEditorViewModel.java	jabgui/src/main/java/org/jabref/gui/edit/automaticfieldeditor/MoveFieldValueAction.java	6	4	3	0.75	false	false
jabgui/src/main/java/org/jabref/gui/edit/automaticfieldeditor/AutomaticFieldEditorViewModel.java	jabgui/src/main/java/org/jabref/gui/edit/automaticfieldeditor/clearcontent/ClearContentTabView.java	6	4	3	0.75	true	false
jabgui/src/main/java/org/jabref/gui/edit/automaticfieldeditor/AutomaticFieldEditorViewModel.java	jabgui/src/main/java/org/jabref/gui/edit/automaticfieldeditor/clearcontent/ClearContentViewModel.java	6	4	3	0.75	true	false
jabgui/src/main/java/org/jabref/gui/edit/automaticfieldeditor/AutomaticFieldEditorViewModel.java	jabgui/src/main/java/org/jabref/gui/edit/automaticfieldeditor/copyormovecontent/CopyOrMoveFieldContentTabViewModel.java	6	4	3	0.75	true	false
jabgui/src/main/java/org/jabref/gui/edit/automaticfieldeditor/MoveFieldValueAction.java	jabgui/src/main/java/org/jabref/gui/edit/automaticfieldeditor/renamefield/RenameFieldTabView.java	4	7	3	0.75	true	false
jabgui/src/main/java/org/jabref/gui/edit/automaticfieldeditor/MoveFieldValueAction.java	jabgui/src/main/java/org/jabref/gui/edit/automaticfieldeditor/renamefield/RenameFieldViewModel.java	4	5	3	0.75	true	false
jabgui/src/main/java/org/jabref/gui/edit/automaticfieldeditor/clearcontent/ClearContentTabView.java	jabgui/src/main/java/org/jabref/gui/edit/automaticfieldeditor/copyormovecontent/CopyOrMoveFieldContentTabView.java	4	6	3	0.75	true	false
jabgui/src/main/java/org/jabref/gui/edit/automaticfieldeditor/clearcontent/ClearContentTabView.java	jabgui/src/main/java/org/jabref/gui/edit/automaticfieldeditor/copyormovecontent/CopyOrMoveFieldContentTabViewModel.java	4	4	3	0.75	true	false
jabgui/src/main/java/org/jabref/gui/edit/automaticfieldeditor/clearcontent/ClearContentTabView.java	jabgui/src/main/java/org/jabref/gui/edit/automaticfieldeditor/renamefield/RenameFieldViewModel.java	4	5	3	0.75	true	false
jabgui/src/main/java/org/jabref/gui/edit/automaticfieldeditor/clearcontent/ClearContentViewModel.java	jabgui/src/main/java/org/jabref/gui/edit/automaticfieldeditor/copyormovecontent/CopyOrMoveFieldContentTabView.java	4	6	3	0.75	true	false
jabgui/src/main/java/org/jabref/gui/edit/automaticfieldeditor/clearcontent/ClearContentViewModel.java	jabgui/src/main/java/org/jabref/gui/edit/automaticfieldeditor/copyormovecontent/CopyOrMoveFieldContentTabViewModel.java	4	4	3	0.75	true	false
jabgui/src/main/java/org/jabref/gui/edit/automaticfieldeditor/clearcontent/ClearContentViewModel.java	jabgui/src/main/java/org/jabref/gui/edit/automaticfieldeditor/renamefield/RenameFieldViewModel.java	4	5	3	0.75	true	false
jabgui/src/main/java/org/jabref/gui/entryeditor/EntryEditor.java	jabgui/src/main/java/org/jabref/gui/entryeditor/JumpToFieldViewModel.java	655	4	3	0.75	false	false
jabgui/src/main/java/org/jabref/gui/entryeditor/LatexCitationsTab.java	jabgui/src/main/java/org/jabref/gui/externalfiles/ImportResultsPage.java	30	4	3	0.75	true	false
jabgui/src/main/java/org/jabref/gui/entryeditor/citationrelationtab/CitationRelationsTab.java	jabgui/src/main/java/org/jabref/gui/externalfiles/ImportResultsPage.java	50	4	3	0.75	true	false
jabgui/src/main/java/org/jabref/gui/entryeditor/citationrelationtab/CitationRelationsTab.java	jablib/src/main/java/org/jabref/logic/citation/repository/MVStoreBibEntryRelationRepository.java	50	4	3	0.75	true	true
jabgui/src/main/java/org/jabref/gui/exporter/CreateModifyExporterDialogView.java	jabgui/src/main/java/org/jabref/gui/exporter/CreateModifyExporterDialogViewModel.java	4	14	3	0.75	false	false
jabgui/src/main/java/org/jabref/gui/exporter/CreateModifyExporterDialogView.java	jabgui/src/main/java/org/jabref/gui/exporter/ExportCommand.java	4	30	3	0.75	false	false
jabgui/src/main/java/org/jabref/gui/exporter/CreateModifyExporterDialogView.java	jabgui/src/main/java/org/jabref/gui/frame/JabRefFrame.java	4	1215	3	0.75	true	false
jabgui/src/main/java/org/jabref/gui/exporter/CreateModifyExporterDialogView.java	jabgui/src/main/java/org/jabref/gui/preferences/customexporter/CustomExporterTabViewModel.java	4	7	3	0.75	true	false
jabgui/src/main/java/org/jabref/gui/exporter/CreateModifyExporterDialogView.java	jablib/src/main/java/org/jabref/logic/preferences/CliPreferences.java	4	115	3	0.75	true	true
jabgui/src/main/java/org/jabref/gui/exporter/CreateModifyExporterDialogView.java	jablib/src/main/java/org/jabref/logic/preferences/JabRefCliPreferences.java	4	1078	3	0.75	true	true
jabgui/src/main/java/org/jabref/gui/exporter/SaveDatabaseAction.java	jablib/src/main/java/org/jabref/logic/layout/format/NotFoundFormatter.java	194	4	3	0.75	true	true
jabgui/src/main/java/org/jabref/gui/exporter/SaveDatabaseAction.java	jablib/src/main/java/org/jabref/logic/shared/exception/NotASharedDatabaseException.java	194	4	3	0.75	true	true
jabgui/src/main/java/org/jabref/gui/externalfiles/ImportHandler.java	jabgui/src/main/java/org/jabref/gui/importer/BookCoverFetcher.java	86	4	3	0.75	true	false
jabgui/src/main/java/org/jabref/gui/externalfiles/ImportHandler.java	jabgui/src/main/java/org/jabref/gui/welcome/quicksettings/viewmodel/PushApplicationDialogViewModel.java	86	4	3	0.75	true	false
jabgui/src/main/java/org/jabref/gui/externalfiles/UnlinkedFilesCrawler.java	jabgui/src/main/java/org/jabref/gui/externalfiles/UnlinkedPDFFileFilter.java	8	4	3	0.75	false	false
jabgui/src/main/java/org/jabref/gui/externalfiles/UnlinkedFilesDialogPreferences.java	jabgui/src/main/java/org/jabref/gui/preferences/JabRefGuiPreferences.java	4	60	3	0.75	true	false
jabgui/src/main/java/org/jabref/gui/fieldeditors/CitationCountEditor.java	jabgui/src/main/java/org/jabref/gui/fieldeditors/identifier/IdentifierEditor.java	4	28	3	0.75	true	false
jabgui/src/main/java/org/jabref/gui/fieldeditors/JournalEditor.java	jabgui/src/main/java/org/jabref/gui/fieldeditors/JournalInfoOptInDialogHelper.java	21	4	3	0.75	false	false
jabgui/src/main/java/org/jabref/gui/fieldeditors/LinkedFileViewModel.java	jabgui/src/main/java/org/jabref/gui/fieldeditors/contextmenu/SingleSelectionMenuBuilder.java	114	4	3	0.75	true	false
jabgui/src/main/java/org/jabref/gui/fieldeditors/contextmenu/ContextAction.java	jabgui/src/main/java/org/jabref/gui/fieldeditors/contextmenu/SingleSelectionMenuBuilder.java	4	4	3	0.75	false	false
jabgui/src/main/java/org/jabref/gui/fieldeditors/contextmenu/DefaultMenu.java	jabgui/src/main/java/org/jabref/gui/fieldeditors/contextmenu/EditorMenus.java	4	18	3	0.75	false	false
jabgui/src/main/java/org/jabref/gui/fieldeditors/identifier/BaseIdentifierEditorViewModel.java	jabgui/src/main/java/org/jabref/gui/fieldeditors/identifier/EprintIdentifierEditorViewModel.java	7	4	3	0.75	false	false
jabgui/src/main/java/org/jabref/gui/fieldeditors/identifier/DoiIdentifierEditorViewModel.java	jabgui/src/main/java/org/jabref/gui/fieldeditors/identifier/EprintIdentifierEditorViewModel.java	7	4	3	0.75	false	false
jabgui/src/main/java/org/jabref/gui/frame/JabRefFrame.java	jablib/src/main/java/org/jabref/logic/journals/AbbreviationType.java	1215	4	3	0.75	true	true
jabgui/src/main/java/org/jabref/gui/frame/JabRefFrame.java	jablib/src/main/java/org/jabref/logic/layout/format/NotFoundFormatter.java	1215	4	3	0.75	true	true
jabgui/src/main/java/org/jabref/gui/frame/JabRefFrame.java	jablib/src/main/java/org/jabref/model/entry/field/SpecialFieldValue.java	1215	4	3	0.75	true	true
jabgui/src/main/java/org/jabref/gui/git/GitDiffDialogView.java	jabgui/src/main/java/org/jabref/gui/git/GitEntryChangeDetailsView.java	4	4	3	0.75	false	false
jabgui/src/main/java/org/jabref/gui/git/GitShareToGitHubDialogView.java	jablib/src/main/java/org/jabref/logic/git/GitHandler.java	4	19	3	0.75	true	true
jabgui/src/main/java/org/jabref/gui/git/GitShareToGitHubDialogView.java	jablib/src/main/java/org/jabref/logic/git/status/GitStatusChecker.java	4	10	3	0.75	true	true
jabgui/src/main/java/org/jabref/gui/groups/GroupNodeViewModel.java	jablib/src/main/java/org/jabref/model/groups/AutomaticDateGroup.java	68	4	3	0.75	true	true
jabgui/src/main/java/org/jabref/gui/groups/GroupNodeViewModel.java	jablib/src/main/java/org/jabref/model/util/TreeCollector.java	68	4	3	0.75	true	true
jabgui/src/main/java/org/jabref/gui/icon/IkonliIcon.java	jabgui/src/main/java/org/jabref/gui/icon/JabRefIconView.java	4	7	3	0.75	false	false
jabgui/src/main/java/org/jabref/gui/importer/BookCoverFetcher.java	jabgui/src/main/java/org/jabref/gui/newentry/NewEntryViewModel.java	4	17	3	0.75	true	false
jabgui/src/main/java/org/jabref/gui/importer/BookCoverFetcher.java	jabgui/src/main/java/org/jabref/gui/preferences/JabRefGuiPreferences.java	4	60	3	0.75	true	false
jabgui/src/main/java/org/jabref/gui/importer/BookCoverFetcher.java	jabgui/src/main/java/org/jabref/gui/preferences/preview/PreviewTab.java	4	42	3	0.75	true	false
jabgui/src/main/java/org/jabref/gui/importer/BookCoverFetcher.java	jabgui/src/main/java/org/jabref/gui/preferences/preview/PreviewTabViewModel.java	4	46	3	0.75	true	false
jabgui/src/main/java/org/jabref/gui/importer/BookCoverFetcher.java	jabgui/src/main/java/org/jabref/gui/preview/PreviewPreferences.java	4	20	3	0.75	true	false
jabgui/src/main/java/org/jabref/gui/importer/BookCoverFetcher.java	jabgui/src/main/java/org/jabref/gui/texparser/ParseLatexDialogViewModel.java	4	30	3	0.75	true	false
jabgui/src/main/java/org/jabref/gui/importer/BookCoverFetcher.java	jabgui/src/main/java/org/jabref/gui/util/FileNodeViewModel.java	4	16	3	0.75	true	false
jabgui/src/main/java/org/jabref/gui/importer/BookCoverFetcher.java	jabgui/src/main/java/org/jabref/gui/welcome/quicksettings/viewmodel/PushApplicationDialogViewModel.java	4	4	3	0.75	true	false
jabgui/src/main/java/org/jabref/gui/importer/BookCoverFetcher.java	jabgui/src/main/java/org/jabref/gui/welcome/quicksettings/viewmodel/ThemeDialogViewModel.java	4	8	3	0.75	true	false
jabgui/src/main/java/org/jabref/gui/importer/BookCoverFetcher.java	jablib/src/main/java/org/jabref/logic/externalfiles/LinkedFileHandler.java	4	20	3	0.75	true	true
jabgui/src/main/java/org/jabref/gui/importer/BookCoverFetcher.java	jablib/src/main/java/org/jabref/logic/push/PushToApplicationDetector.java	4	5	3	0.75	true	true
jabgui/src/main/java/org/jabref/gui/importer/BookCoverFetcher.java	jablib/src/main/java/org/jabref/logic/util/Directories.java	4	8	3	0.75	true	true
jabgui/src/main/java/org/jabref/gui/importer/BookCoverFetcher.java	jablib/src/main/java/org/jabref/logic/util/URLUtil.java	4	14	3	0.75	true	true
jabgui/src/main/java/org/jabref/gui/importer/BookCoverFetcher.java	jablib/src/main/java/org/jabref/logic/util/io/FileNameUniqueness.java	4	10	3	0.75	true	true
jabgui/src/main/java/org/jabref/gui/importer/BookCoverFetcher.java	jablib/src/main/java/org/jabref/logic/util/io/FileUtil.java	4	142	3	0.75	true	true
jabgui/src/main/java/org/jabref/gui/importer/BookCoverFetcher.java	jablib/src/main/java/org/jabref/model/entry/LinkedFile.java	4	41	3	0.75	true	true
jabgui/src/main/java/org/jabref/gui/importer/actions/OpenDatabaseAction.java	jablib/src/main/java/org/jabref/logic/shared/exception/NotASharedDatabaseException.java	224	4	3	0.75	true	true
jabgui/src/main/java/org/jabref/gui/keyboard/KeyBinding.java	jabgui/src/main/java/org/jabref/gui/preferences/keybindings/presets/BashKeyBindingPreset.java	80	4	3	0.75	true	false
jabgui/src/main/java/org/jabref/gui/libraryproperties/constants/ConstantsItemModel.java	jabgui/src/main/java/org/jabref/gui/libraryproperties/constants/ConstantsPropertiesView.java	4	11	3	0.75	false	false
jabgui/src/main/java/org/jabref/gui/libraryproperties/constants/ConstantsItemModel.java	jabgui/src/main/java/org/jabref/gui/libraryproperties/constants/ConstantsPropertiesViewModel.java	4	10	3	0.75	false	false
jabgui/src/main/java/org/jabref/gui/libraryproperties/keypattern/KeyPatternPropertiesView.java	jabgui/src/main/java/org/jabref/gui/libraryproperties/keypattern/KeyPatternPropertiesViewModel.java	8	4	3	0.75	false	false
jabgui/src/main/java/org/jabref/gui/maintable/MainTable.java	jablib/src/main/java/org/jabref/model/entry/field/SpecialFieldValue.java	293	4	3	0.75	true	true
jabgui/src/main/java/org/jabref/gui/maintable/RightClickMenu.java	jabgui/src/main/java/org/jabref/gui/maintable/SearchShortScienceAction.java	216	4	3	0.75	false	false
jabgui/src/main/java/org/jabref/gui/maintable/RightClickMenu.java	jablib/src/main/java/org/jabref/logic/citationstyle/CitationStyleOutputFormat.java	216	4	3	0.75	true	true
jabgui/src/main/java/org/jabref/gui/maintable/RightClickMenu.java	jablib/src/main/java/org/jabref/model/entry/field/SpecialFieldValue.java	216	4	3	0.75	true	true
jabgui/src/main/java/org/jabref/gui/mergeentries/threewaymerge/FieldRowView.java	jabgui/src/main/java/org/jabref/gui/mergeentries/threewaymerge/cell/OpenExternalLinkAction.java	15	4	3	0.75	true	false
jabgui/src/main/java/org/jabref/gui/mergeentries/threewaymerge/FieldRowViewModel.java	jabgui/src/main/java/org/jabref/gui/mergeentries/threewaymerge/cell/OpenExternalLinkAction.java	8	4	3	0.75	true	false
jabgui/src/main/java/org/jabref/gui/mergeentries/threewaymerge/FieldRowViewModel.java	jabgui/src/main/java/org/jabref/gui/mergeentries/threewaymerge/fieldsmerger/FileMerger.java	8	4	3	0.75	true	false
jabgui/src/main/java/org/jabref/gui/mergeentries/threewaymerge/MergeEntriesDialog.java	jabgui/src/main/java/org/jabref/gui/mergeentries/threewaymerge/cell/OpenExternalLinkAction.java	63	4	3	0.75	true	false
jabgui/src/main/java/org/jabref/gui/mergeentries/threewaymerge/ThreeWayMergeView.java	jabgui/src/main/java/org/jabref/gui/mergeentries/threewaymerge/ThreeWayMergeViewModel.java	30	4	3	0.75	false	false
jabgui/src/main/java/org/jabref/gui/mergeentries/threewaymerge/ThreeWayMergeViewModel.java	jabgui/src/main/java/org/jabref/gui/mergeentries/threewaymerge/cell/FieldValueCell.java	4	8	3	0.75	true	false
jabgui/src/main/java/org/jabref/gui/mergeentries/threewaymerge/ThreeWayMergeViewModel.java	jabgui/src/main/java/org/jabref/gui/mergeentries/threewaymerge/cell/HeaderCell.java	4	5	3	0.75	true	false
jabgui/src/main/java/org/jabref/gui/mergeentries/threewaymerge/ThreeWayMergeViewModel.java	jabgui/src/main/java/org/jabref/gui/mergeentries/threewaymerge/cell/OpenExternalLinkAction.java	4	4	3	0.75	true	false
jabgui/src/main/java/org/jabref/gui/mergeentries/threewaymerge/ThreeWayMergeViewModel.java	jabgui/src/main/java/org/jabref/gui/mergeentries/threewaymerge/toolbar/ThreeWayMergeToolbar.java	4	24	3	0.75	true	false
jabgui/src/main/java/org/jabref/gui/mergeentries/threewaymerge/cell/HeaderCell.java	jabgui/src/main/java/org/jabref/gui/mergeentries/threewaymerge/fieldsmerger/FileMerger.java	5	4	3	0.75	true	false
jabgui/src/main/java/org/jabref/gui/mergeentries/threewaymerge/cell/OpenExternalLinkAction.java	jabgui/src/main/java/org/jabref/gui/mergeentries/threewaymerge/cell/ThreeWayMergeCell.java	4	5	3	0.75	false	false
jabgui/src/main/java/org/jabref/gui/mergeentries/threewaymerge/cell/OpenExternalLinkAction.java	jabgui/src/main/java/org/jabref/gui/mergeentries/threewaymerge/fieldsmerger/GroupMerger.java	4	6	3	0.75	true	false
jabgui/src/main/java/org/jabref/gui/mergeentries/threewaymerge/cell/sidebuttons/ToggleMergeUnmergeButton.java	jabgui/src/main/java/org/jabref/gui/mergeentries/threewaymerge/fieldsmerger/FileMerger.java	5	4	3	0.75	true	false
jabgui/src/main/java/org/jabref/gui/mergeentries/threewaymerge/fieldsmerger/FileMerger.java	jabgui/src/main/java/org/jabref/gui/mergeentries/threewaymerge/fieldsmerger/GroupMerger.java	4	6	3	0.75	false	false
jabgui/src/main/java/org/jabref/gui/mergeentries/threewaymerge/fieldsmerger/FileMerger.java	jabgui/src/main/java/org/jabref/gui/mergeentries/threewaymerge/fieldsmerger/KeywordMerger.java	4	6	3	0.75	false	false
jabgui/src/main/java/org/jabref/gui/newentry/NewEntryViewModel.java	jabgui/src/main/java/org/jabref/gui/welcome/quicksettings/viewmodel/PushApplicationDialogViewModel.java	17	4	3	0.75	true	false
jabgui/src/main/java/org/jabref/gui/preferences/JabRefGuiPreferences.java	jabgui/src/main/java/org/jabref/gui/welcome/quicksettings/viewmodel/PushApplicationDialogViewModel.java	60	4	3	0.75	true	false
jabgui/src/main/java/org/jabref/gui/preferences/PreferenceTabViewModel.java	jabgui/src/main/java/org/jabref/gui/preferences/PreferencesTab.java	8	4	3	0.75	false	false
jabgui/src/main/java/org/jabref/gui/preferences/ai/AiTab.java	jablib/src/main/java/org/jabref/logic/ai/models/AiModelService.java	21	4	3	0.75	true	true
jabgui/src/main/java/org/jabref/gui/preferences/ai/AiTabViewModel.java	jablib/src/main/java/org/jabref/logic/ai/models/AiModelService.java	26	4	3	0.75	true	true
jabgui/src/main/java/org/jabref/gui/preferences/customexporter/CustomExporterTab.java	jabgui/src/main/java/org/jabref/gui/preferences/customexporter/CustomExporterTabViewModel.java	4	7	3	0.75	false	false
jabgui/src/main/java/org/jabref/gui/preferences/customexporter/CustomExporterTab.java	jabgui/src/main/java/org/jabref/gui/preferences/customimporter/CustomImporterTabViewModel.java	4	16	3	0.75	true	false
jabgui/src/main/java/org/jabref/gui/preferences/general/GeneralTabViewModel.java	jablib/src/main/java/org/jabref/logic/preferences/OwnerPreferences.java	79	4	3	0.75	true	true
jabgui/src/main/java/org/jabref/gui/preferences/keybindings/KeyBindingViewModel.java	jabgui/src/main/java/org/jabref/gui/preferences/keybindings/presets/BashKeyBindingPreset.java	13	4	3	0.75	true	false
jabgui/src/main/java/org/jabref/gui/preferences/keybindings/KeyBindingsTabViewModel.java	jabgui/src/main/java/org/jabref/gui/preferences/keybindings/presets/BashKeyBindingPreset.java	17	4	3	0.75	true	false
jabgui/src/main/java/org/jabref/gui/preferences/preview/PreviewTab.java	jabgui/src/main/java/org/jabref/gui/welcome/quicksettings/viewmodel/PushApplicationDialogViewModel.java	42	4	3	0.75	true	false
jabgui/src/main/java/org/jabref/gui/preferences/preview/PreviewTabViewModel.java	jabgui/src/main/java/org/jabref/gui/welcome/quicksettings/viewmodel/PushApplicationDialogViewModel.java	46	4	3	0.75	true	false
jabgui/src/main/java/org/jabref/gui/preferences/websearch/WebSearchTabViewModel.java	jablib/src/main/java/org/jabref/logic/preferences/DOIPreferences.java	40	4	3	0.75	true	true
jabgui/src/main/java/org/jabref/gui/preview/PreviewPreferences.java	jabgui/src/main/java/org/jabref/gui/welcome/quicksettings/viewmodel/PushApplicationDialogViewModel.java	20	4	3	0.75	true	false
jabgui/src/main/java/org/jabref/gui/preview/PreviewViewer.java	jabgui/src/main/java/org/jabref/gui/welcome/quicksettings/viewmodel/PushApplicationDialogViewModel.java	58	4	3	0.75	true	false
jabgui/src/main/java/org/jabref/gui/shared/SharedDatabaseLoginDialogView.java	jablib/src/main/java/org/jabref/logic/shared/DBMSConnectionPropertiesBuilder.java	21	4	3	0.75	true	true
jabgui/src/main/java/org/jabref/gui/shared/SharedDatabaseUIManager.java	jablib/src/main/java/org/jabref/logic/shared/exception/NotASharedDatabaseException.java	62	4	3	0.75	true	true
jabgui/src/main/java/org/jabref/gui/slr/ManageStudyDefinitionViewModel.java	jablib/src/main/java/org/jabref/model/study/StudyQuery.java	17	4	3	0.75	true	true
jabgui/src/main/java/org/jabref/gui/slr/StudyCatalogItem.java	jablib/src/main/java/org/jabref/model/study/StudyQuery.java	8	4	3	0.75	true	true
jabgui/src/main/java/org/jabref/gui/specialfields/SpecialFieldAction.java	jablib/src/main/java/org/jabref/model/entry/field/SpecialFieldValue.java	25	4	3	0.75	true	true
jabgui/src/main/java/org/jabref/gui/specialfields/SpecialFieldViewModel.java	jablib/src/main/java/org/jabref/model/entry/field/SpecialFieldValue.java	17	4	3	0.75	true	true
jabgui/src/main/java/org/jabref/gui/texparser/ParseLatexDialogViewModel.java	jabgui/src/main/java/org/jabref/gui/welcome/quicksettings/viewmodel/PushApplicationDialogViewModel.java	30	4	3	0.75	true	false
jabgui/src/main/java/org/jabref/gui/util/DefaultFileUpdateMonitor.java	jablib/src/main/java/org/jabref/model/util/DummyFileUpdateMonitor.java	16	4	3	0.75	true	true
jabgui/src/main/java/org/jabref/gui/util/FileNodeViewModel.java	jabgui/src/main/java/org/jabref/gui/welcome/quicksettings/viewmodel/PushApplicationDialogViewModel.java	16	4	3	0.75	true	false
jabgui/src/main/java/org/jabref/gui/walkthrough/WalkthroughAction.java	jabgui/src/main/java/org/jabref/gui/walkthrough/declarative/WindowResolver.java	11	4	3	0.75	true	false
jabgui/src/main/java/org/jabref/gui/walkthrough/WalkthroughHighlighter.java	jabgui/src/main/java/org/jabref/gui/walkthrough/declarative/WindowResolver.java	5	4	3	0.75	true	false
jabgui/src/main/java/org/jabref/gui/walkthrough/WalkthroughRenderer.java	jabgui/src/main/java/org/jabref/gui/walkthrough/declarative/WindowResolver.java	8	4	3	0.75	true	false
jabgui/src/main/java/org/jabref/gui/walkthrough/WalkthroughRenderer.java	jabgui/src/main/java/org/jabref/gui/welcome/components/Walkthroughs.java	8	4	3	0.75	true	false
jabgui/src/main/java/org/jabref/gui/walkthrough/declarative/NodeResolver.java	jabgui/src/main/java/org/jabref/gui/walkthrough/declarative/WindowResolver.java	9	4	3	0.75	false	false
jabgui/src/main/java/org/jabref/gui/welcome/WelcomeTab.java	jabgui/src/main/java/org/jabref/gui/welcome/components/DonationProvider.java	23	4	3	0.75	true	false
jabgui/src/main/java/org/jabref/gui/welcome/components/QuickSettings.java	jabgui/src/main/java/org/jabref/gui/welcome/components/Walkthroughs.java	8	4	3	0.75	false	false
jabgui/src/main/java/org/jabref/gui/welcome/quicksettings/viewmodel/PushApplicationDialogViewModel.java	jablib/src/main/java/org/jabref/logic/externalfiles/LinkedFileHandler.java	4	20	3	0.75	true	true
jabgui/src/main/java/org/jabref/gui/welcome/quicksettings/viewmodel/PushApplicationDialogViewModel.java	jablib/src/main/java/org/jabref/logic/util/Directories.java	4	8	3	0.75	true	true
jabgui/src/main/java/org/jabref/gui/welcome/quicksettings/viewmodel/PushApplicationDialogViewModel.java	jablib/src/main/java/org/jabref/logic/util/URLUtil.java	4	14	3	0.75	true	true
jabgui/src/main/java/org/jabref/gui/welcome/quicksettings/viewmodel/PushApplicationDialogViewModel.java	jablib/src/main/java/org/jabref/logic/util/io/FileNameUniqueness.java	4	10	3	0.75	true	true
jabgui/src/main/java/org/jabref/gui/welcome/quicksettings/viewmodel/PushApplicationDialogViewModel.java	jablib/src/main/java/org/jabref/logic/util/io/FileUtil.java	4	142	3	0.75	true	true
jabgui/src/main/java/org/jabref/gui/welcome/quicksettings/viewmodel/PushApplicationDialogViewModel.java	jablib/src/main/java/org/jabref/model/entry/LinkedFile.java	4	41	3	0.75	true	true
jabkit/src/main/java/org/jabref/toolkit/JabKitLauncher.java	jabkit/src/main/java/org/jabref/toolkit/commands/Check.java	16	4	3	0.75	true	false
jabkit/src/main/java/org/jabref/toolkit/commands/Check.java	jabkit/src/main/java/org/jabref/toolkit/commands/Convert.java	4	12	3	0.75	false	false
jabkit/src/main/java/org/jabref/toolkit/commands/Check.java	jabkit/src/main/java/org/jabref/toolkit/commands/DoiToBibtex.java	4	8	3	0.75	false	false
jabkit/src/main/java/org/jabref/toolkit/commands/Check.java	jabkit/src/main/java/org/jabref/toolkit/commands/Fetch.java	4	6	3	0.75	false	false
jabkit/src/main/java/org/jabref/toolkit/commands/Check.java	jabkit/src/main/java/org/jabref/toolkit/commands/GenerateBibFromAux.java	4	9	3	0.75	false	false
jabkit/src/main/java/org/jabref/toolkit/commands/Check.java	jabkit/src/main/java/org/jabref/toolkit/commands/GenerateCitationKeys.java	4	14	3	0.75	false	false
jabkit/src/main/java/org/jabref/toolkit/commands/Check.java	jabkit/src/main/java/org/jabref/toolkit/commands/JabKit.java	4	18	3	0.75	false	false
jabkit/src/main/java/org/jabref/toolkit/commands/Check.java	jabkit/src/main/java/org/jabref/toolkit/commands/PdfUpdate.java	4	10	3	0.75	false	false
jabkit/src/main/java/org/jabref/toolkit/commands/Check.java	jabkit/src/main/java/org/jabref/toolkit/commands/Pseudonymize.java	4	10	3	0.75	false	false
jabkit/src/main/java/org/jabref/toolkit/commands/Check.java	jabkit/src/main/java/org/jabref/toolkit/commands/Search.java	4	12	3	0.75	false	false
jablib/src/main/java/module-info.java	jablib/src/main/java/org/jabref/logic/git/io/GitFileWriter.java	56	4	3	0.75	true	false
jablib/src/main/java/org/jabref/logic/bibtex/FileFieldWriter.java	jablib/src/main/java/org/jabref/logic/importer/util/FileFieldParser.java	4	30	3	0.75	true	false
jablib/src/main/java/org/jabref/logic/bibtex/FileFieldWriter.java	jablib/src/main/java/org/jabref/logic/layout/format/FileLink.java	4	30	3	0.75	true	false
jablib/src/main/java/org/jabref/logic/citation/SearchCitationsRelationsService.java	jablib/src/main/java/org/jabref/logic/citation/repository/MVStoreBibEntryRelationRepository.java	12	4	3	0.75	true	false
jablib/src/main/java/org/jabref/logic/citation/repository/BibEntryCitationsAndReferencesRepositoryShell.java	jablib/src/main/java/org/jabref/logic/citation/repository/MVStoreBibEntryRelationRepository.java	4	4	3	0.75	false	false
jablib/src/main/java/org/jabref/logic/citationkeypattern/CitationKeyGenerator.java	jablib/src/main/java/org/jabref/logic/formatter/casechanger/Title.java	201	4	3	0.75	true	false
jablib/src/main/java/org/jabref/logic/citationstyle/CitationStyle.java	jablib/src/main/java/org/jabref/logic/citationstyle/JabRefLocaleProvider.java	41	4	3	0.75	false	false
jablib/src/main/java/org/jabref/logic/citationstyle/CitationStyleCache.java	jablib/src/main/java/org/jabref/logic/citationstyle/CitationStyleOutputFormat.java	15	4	3	0.75	false	false
jablib/src/main/java/org/jabref/logic/citationstyle/CitationStyleGenerator.java	jablib/src/main/java/org/jabref/logic/citationstyle/CitationStyleOutputFormat.java	20	4	3	0.75	false	false
jablib/src/main/java/org/jabref/logic/exporter/BibWriter.java	jablib/src/main/java/org/jabref/logic/importer/fileformat/BibtexParser.java	4	297	3	0.75	true	false
jablib/src/main/java/org/jabref/logic/formatter/bibtexfields/AddBracesFormatter.java	jablib/src/main/java/org/jabref/logic/formatter/bibtexfields/ClearFormatter.java	4	9	3	0.75	false	false
jablib/src/main/java/org/jabref/logic/formatter/bibtexfields/AddBracesFormatter.java	jablib/src/main/java/org/jabref/logic/formatter/bibtexfields/EscapeUnderscoresFormatter.java	4	4	3	0.75	false	false
jablib/src/main/java/org/jabref/logic/formatter/bibtexfields/AddBracesFormatter.java	jablib/src/main/java/org/jabref/logic/formatter/bibtexfields/LatexCleanupFormatter.java	4	15	3	0.75	false	false
jablib/src/main/java/org/jabref/logic/formatter/bibtexfields/AddBracesFormatter.java	jablib/src/main/java/org/jabref/logic/formatter/bibtexfields/NormalizeDateFormatter.java	4	15	3	0.75	false	false
jablib/src/main/java/org/jabref/logic/formatter/bibtexfields/AddBracesFormatter.java	jablib/src/main/java/org/jabref/logic/formatter/bibtexfields/NormalizeMonthFormatter.java	4	12	3	0.75	false	false
jablib/src/main/java/org/jabref/logic/formatter/bibtexfields/AddBracesFormatter.java	jablib/src/main/java/org/jabref/logic/formatter/bibtexfields/NormalizeNamesFormatter.java	4	26	3	0.75	false	false
jablib/src/main/java/org/jabref/logic/formatter/bibtexfields/AddBracesFormatter.java	jablib/src/main/java/org/jabref/logic/formatter/bibtexfields/NormalizePagesFormatter.java	4	25	3	0.75	false	false
jablib/src/main/java/org/jabref/logic/formatter/bibtexfields/AddBracesFormatter.java	jablib/src/main/java/org/jabref/logic/formatter/bibtexfields/OrdinalsToSuperscriptFormatter.java	4	16	3	0.75	false	false
jablib/src/main/java/org/jabref/logic/formatter/bibtexfields/AddBracesFormatter.java	jablib/src/main/java/org/jabref/logic/formatter/bibtexfields/RegexFormatter.java	4	13	3	0.75	false	false
jablib/src/main/java/org/jabref/logic/formatter/bibtexfields/AddBracesFormatter.java	jablib/src/main/java/org/jabref/logic/formatter/bibtexfields/RemoveEnclosingBracesFormatter.java	4	10	3	0.75	false	false
jablib/src/main/java/org/jabref/logic/formatter/bibtexfields/AddBracesFormatter.java	jablib/src/main/java/org/jabref/logic/formatter/bibtexfields/RemoveHyphenatedNewlinesFormatter.java	4	6	3	0.75	false	false
jablib/src/main/java/org/jabref/logic/formatter/bibtexfields/AddBracesFormatter.java	jablib/src/main/java/org/jabref/logic/formatter/bibtexfields/RemoveNewlinesFormatter.java	4	8	3	0.75	false	false
jablib/src/main/java/org/jabref/logic/formatter/bibtexfields/AddBracesFormatter.java	jablib/src/main/java/org/jabref/logic/formatter/bibtexfields/UnitsToLatexFormatter.java	4	21	3	0.75	false	false
jablib/src/main/java/org/jabref/logic/formatter/bibtexfields/AddBracesFormatter.java	jablib/src/main/java/org/jabref/logic/formatter/casechanger/CapitalizeFormatter.java	4	11	3	0.75	true	false
jablib/src/main/java/org/jabref/logic/formatter/bibtexfields/AddBracesFormatter.java	jablib/src/main/java/org/jabref/logic/formatter/casechanger/LowerCaseFormatter.java	4	11	3	0.75	true	false
jablib/src/main/java/org/jabref/logic/formatter/bibtexfields/AddBracesFormatter.java	jablib/src/main/java/org/jabref/logic/formatter/casechanger/ProtectTermsFormatter.java	4	33	3	0.75	true	false
jablib/src/main/java/org/jabref/logic/formatter/bibtexfields/AddBracesFormatter.java	jablib/src/main/java/org/jabref/logic/formatter/casechanger/SentenceCaseFormatter.java	4	12	3	0.75	true	false
jablib/src/main/java/org/jabref/logic/formatter/bibtexfields/AddBracesFormatter.java	jablib/src/main/java/org/jabref/logic/formatter/casechanger/TitleCaseFormatter.java	4	12	3	0.75	true	false
jablib/src/main/java/org/jabref/logic/formatter/bibtexfields/AddBracesFormatter.java	jablib/src/main/java/org/jabref/logic/formatter/casechanger/UpperCaseFormatter.java	4	12	3	0.75	true	false
jablib/src/main/java/org/jabref/logic/formatter/bibtexfields/AddBracesFormatter.java	jablib/src/main/java/org/jabref/logic/formatter/minifier/MinifyNameListFormatter.java	4	12	3	0.75	true	false
jablib/src/main/java/org/jabref/logic/formatter/bibtexfields/ClearFormatter.java	jablib/src/main/java/org/jabref/logic/formatter/bibtexfields/EscapeUnderscoresFormatter.java	9	4	3	0.75	false	false
jablib/src/main/java/org/jabref/logic/formatter/bibtexfields/EscapeUnderscoresFormatter.java	jablib/src/main/java/org/jabref/logic/formatter/bibtexfields/LatexCleanupFormatter.java	4	15	3	0.75	false	false
jablib/src/main/java/org/jabref/logic/formatter/bibtexfields/EscapeUnderscoresFormatter.java	jablib/src/main/java/org/jabref/logic/formatter/bibtexfields/NormalizeDateFormatter.java	4	15	3	0.75	false	false
jablib/src/main/java/org/jabref/logic/formatter/bibtexfields/EscapeUnderscoresFormatter.java	jablib/src/main/java/org/jabref/logic/formatter/bibtexfields/NormalizeMonthFormatter.java	4	12	3	0.75	false	false
jablib/src/main/java/org/jabref/logic/formatter/bibtexfields/EscapeUnderscoresFormatter.java	jablib/src/main/java/org/jabref/logic/formatter/bibtexfields/NormalizeNamesFormatter.java	4	26	3	0.75	false	false
jablib/src/main/java/org/jabref/logic/formatter/bibtexfields/EscapeUnderscoresFormatter.java	jablib/src/main/java/org/jabref/logic/formatter/bibtexfields/NormalizePagesFormatter.java	4	25	3	0.75	false	false
jablib/src/main/java/org/jabref/logic/formatter/bibtexfields/EscapeUnderscoresFormatter.java	jablib/src/main/java/org/jabref/logic/formatter/bibtexfields/OrdinalsToSuperscriptFormatter.java	4	16	3	0.75	false	false
jablib/src/main/java/org/jabref/logic/formatter/bibtexfields/EscapeUnderscoresFormatter.java	jablib/src/main/java/org/jabref/logic/formatter/bibtexfields/RegexFormatter.java	4	13	3	0.75	false	false
jablib/src/main/java/org/jabref/logic/formatter/bibtexfields/EscapeUnderscoresFormatter.java	jablib/src/main/java/org/jabref/logic/formatter/bibtexfields/RemoveEnclosingBracesFormatter.java	4	10	3	0.75	false	false
jablib/src/main/java/org/jabref/logic/formatter/bibtexfields/EscapeUnderscoresFormatter.java	jablib/src/main/java/org/jabref/logic/formatter/bibtexfields/RemoveHyphenatedNewlinesFormatter.java	4	6	3	0.75	false	false
jablib/src/main/java/org/jabref/logic/formatter/bibtexfields/EscapeUnderscoresFormatter.java	jablib/src/main/java/org/jabref/logic/formatter/bibtexfields/RemoveNewlinesFormatter.java	4	8	3	0.75	false	false
jablib/src/main/java/org/jabref/logic/formatter/bibtexfields/EscapeUnderscoresFormatter.java	jablib/src/main/java/org/jabref/logic/formatter/bibtexfields/UnitsToLatexFormatter.java	4	21	3	0.75	false	false
jablib/src/main/java/org/jabref/logic/formatter/bibtexfields/EscapeUnderscoresFormatter.java	jablib/src/main/java/org/jabref/logic/formatter/casechanger/CapitalizeFormatter.java	4	11	3	0.75	true	false
jablib/src/main/java/org/jabref/logic/formatter/bibtexfields/EscapeUnderscoresFormatter.java	jablib/src/main/java/org/jabref/logic/formatter/casechanger/LowerCaseFormatter.java	4	11	3	0.75	true	false
jablib/src/main/java/org/jabref/logic/formatter/bibtexfields/EscapeUnderscoresFormatter.java	jablib/src/main/java/org/jabref/logic/formatter/casechanger/ProtectTermsFormatter.java	4	33	3	0.75	true	false
jablib/src/main/java/org/jabref/logic/formatter/bibtexfields/EscapeUnderscoresFormatter.java	jablib/src/main/java/org/jabref/logic/formatter/casechanger/SentenceCaseFormatter.java	4	12	3	0.75	true	false
jablib/src/main/java/org/jabref/logic/formatter/bibtexfields/EscapeUnderscoresFormatter.java	jablib/src/main/java/org/jabref/logic/formatter/casechanger/TitleCaseFormatter.java	4	12	3	0.75	true	false
jablib/src/main/java/org/jabref/logic/formatter/bibtexfields/EscapeUnderscoresFormatter.java	jablib/src/main/java/org/jabref/logic/formatter/casechanger/UpperCaseFormatter.java	4	12	3	0.75	true	false
jablib/src/main/java/org/jabref/logic/formatter/bibtexfields/EscapeUnderscoresFormatter.java	jablib/src/main/java/org/jabref/logic/formatter/minifier/MinifyNameListFormatter.java	4	12	3	0.75	true	false
jablib/src/main/java/org/jabref/logic/importer/FulltextFetcher.java	jablib/src/main/java/org/jabref/logic/importer/fetcher/TrustLevel.java	8	4	3	0.75	true	false
jablib/src/main/java/org/jabref/logic/importer/FulltextFetchers.java	jablib/src/main/java/org/jabref/logic/importer/fetcher/TrustLevel.java	65	4	3	0.75	true	false
jablib/src/main/java/org/jabref/logic/importer/IdBasedFetcher.java	jablib/src/main/java/org/jabref/logic/importer/SearchBasedFetcher.java	4	16	3	0.75	false	false
jablib/src/main/java/org/jabref/logic/importer/Parser.java	jablib/src/main/java/org/jabref/logic/importer/fileformat/BibtexParser.java	4	297	3	0.75	true	false
jablib/src/main/java/org/jabref/logic/importer/fetcher/ArXivFetcher.java	jablib/src/main/java/org/jabref/model/entry/identifier/ARK.java	25	4	3	0.75	true	false
jablib/src/main/java/org/jabref/logic/importer/fetcher/BvbFetcher.java	jablib/src/main/java/org/jabref/logic/importer/fileformat/MarcXmlParser.java	4	13	3	0.75	true	false
jablib/src/main/java/org/jabref/logic/importer/fetcher/DoiResolution.java	jablib/src/main/java/org/jabref/logic/importer/fetcher/TrustLevel.java	48	4	3	0.75	false	false
jablib/src/main/java/org/jabref/logic/importer/fetcher/transformers/AbstractQueryTransformer.java	jablib/src/main/java/org/jabref/logic/importer/fetcher/transformers/JstorQueryTransformer.java	8	4	3	0.75	false	false
jablib/src/main/java/org/jabref/logic/importer/fetcher/transformers/IEEEQueryTransformer.java	jablib/src/main/java/org/jabref/logic/importer/fetcher/transformers/JstorQueryTransformer.java	5	4	3	0.75	false	false
jablib/src/main/java/org/jabref/logic/integrity/AbbreviationChecker.java	jablib/src/main/java/org/jabref/logic/integrity/BooktitleChecker.java	6	4	3	0.75	false	false
jablib/src/main/java/org/jabref/logic/integrity/BooktitleChecker.java	jablib/src/main/java/org/jabref/logic/integrity/DoiValidityChecker.java	4	8	3	0.75	false	false
jablib/src/main/java/org/jabref/logic/integrity/BooktitleChecker.java	jablib/src/main/java/org/jabref/logic/integrity/EditionChecker.java	4	16	3	0.75	false	false
jablib/src/main/java/org/jabref/logic/integrity/BooktitleChecker.java	jablib/src/main/java/org/jabref/logic/integrity/HowPublishedChecker.java	4	5	3	0.75	false	false
jablib/src/main/java/org/jabref/logic/integrity/BooktitleChecker.java	jablib/src/main/java/org/jabref/logic/integrity/ISBNChecker.java	4	8	3	0.75	false	false
jablib/src/main/java/org/jabref/logic/integrity/BooktitleChecker.java	jablib/src/main/java/org/jabref/logic/integrity/IntegrityCheck.java	4	81	3	0.75	false	false
jablib/src/main/java/org/jabref/logic/integrity/BooktitleChecker.java	jablib/src/main/java/org/jabref/logic/integrity/MonthChecker.java	4	6	3	0.75	false	false
jablib/src/main/java/org/jabref/logic/integrity/BooktitleChecker.java	jablib/src/main/java/org/jabref/logic/integrity/NoteChecker.java	4	6	3	0.75	false	false
jablib/src/main/java/org/jabref/logic/integrity/BooktitleChecker.java	jablib/src/main/java/org/jabref/logic/integrity/PersonNamesChecker.java	4	10	3	0.75	false	false
jablib/src/main/java/org/jabref/logic/integrity/CitationKeyDuplicationChecker.java	jablib/src/main/java/org/jabref/logic/integrity/FieldCheckers.java	4	24	3	0.75	false	false
jablib/src/main/java/org/jabref/logic/integrity/IntegrityCheck.java	jablib/src/main/java/org/jabref/logic/integrity/JournalInAbbreviationListChecker.java	81	4	3	0.75	false	false
jablib/src/main/java/org/jabref/logic/journals/AbbreviationType.java	jablib/src/main/java/org/jabref/logic/journals/JournalAbbreviationLoader.java	4	35	3	0.75	false	false
jablib/src/main/java/org/jabref/logic/layout/LayoutEntry.java	jablib/src/main/java/org/jabref/logic/layout/format/NotFoundFormatter.java	120	4	3	0.75	true	false
jablib/src/main/java/org/jabref/logic/layout/format/NotFoundFormatter.java	jablib/src/main/java/org/jabref/logic/preferences/JabRefCliPreferences.java	4	1078	3	0.75	true	false
jablib/src/main/java/org/jabref/logic/msbib/MSBibConverter.java	jablib/src/main/java/org/jabref/logic/msbib/MsBibAuthor.java	30	4	3	0.75	false	false
jablib/src/main/java/org/jabref/logic/msbib/MsBibAuthor.java	jablib/src/main/java/org/jabref/model/entry/Author.java	4	17	3	0.75	true	false
jablib/src/main/java/org/jabref/logic/openoffice/backend/Backend52.java	jablib/src/main/java/org/jabref/logic/openoffice/backend/JStyleReferenceMark.java	8	4	3	0.75	false	false
jablib/src/main/java/org/jabref/logic/openoffice/backend/Backend52.java	jablib/src/main/java/org/jabref/model/openoffice/style/CitationGroups.java	8	4	3	0.75	true	false
jablib/src/main/java/org/jabref/logic/openoffice/backend/JStyleReferenceMark.java	jablib/src/main/java/org/jabref/logic/openoffice/backend/NamedRangeReferenceMark.java	4	7	3	0.75	false	false
jablib/src/main/java/org/jabref/logic/openoffice/backend/JStyleReferenceMark.java	jablib/src/main/java/org/jabref/logic/openoffice/style/JStyle.java	4	104	3	0.75	true	false
jablib/src/main/java/org/jabref/logic/openoffice/backend/JStyleReferenceMark.java	jablib/src/main/java/org/jabref/logic/openoffice/style/JStyleGetCitationMarker.java	4	11	3	0.75	true	false
jablib/src/main/java/org/jabref/logic/openoffice/backend/JStyleReferenceMark.java	jablib/src/main/java/org/jabref/logic/openoffice/style/OOFormatBibliography.java	4	5	3	0.75	true	false
jablib/src/main/java/org/jabref/logic/openoffice/backend/JStyleReferenceMark.java	jablib/src/main/java/org/jabref/model/openoffice/style/CitationGroups.java	4	4	3	0.75	true	false
jablib/src/main/java/org/jabref/logic/openoffice/backend/NamedRangeReferenceMark.java	jablib/src/main/java/org/jabref/model/openoffice/style/CitationGroups.java	7	4	3	0.75	true	false
jablib/src/main/java/org/jabref/logic/openoffice/bst/BSTFormatUtils.java	jablib/src/main/java/org/jabref/logic/preview/BstPreviewLayout.java	4	16	3	0.75	true	false
jablib/src/main/java/org/jabref/logic/openoffice/style/JStyle.java	jablib/src/main/java/org/jabref/model/openoffice/style/CitationGroups.java	104	4	3	0.75	true	false
jablib/src/main/java/org/jabref/logic/openoffice/style/JStyleGetCitationMarker.java	jablib/src/main/java/org/jabref/model/openoffice/style/CitationGroups.java	11	4	3	0.75	true	false
jablib/src/main/java/org/jabref/logic/openoffice/style/JStyleGetNumericCitationMarker.java	jablib/src/main/java/org/jabref/model/openoffice/style/CitationGroups.java	5	4	3	0.75	true	false
jablib/src/main/java/org/jabref/logic/openoffice/style/OOProcessNumericMarkers.java	jablib/src/main/java/org/jabref/model/openoffice/style/CitationGroups.java	5	4	3	0.75	true	false
jablib/src/main/java/org/jabref/logic/preferences/DOIPreferences.java	jablib/src/main/java/org/jabref/logic/preferences/OwnerPreferences.java	4	4	3	0.75	false	false
jablib/src/main/java/org/jabref/logic/preferences/DOIPreferences.java	jablib/src/main/java/org/jabref/logic/preferences/TimestampPreferences.java	4	6	3	0.75	false	false
jablib/src/main/java/org/jabref/logic/shared/DBMSConnectionPropertiesBuilder.java	jablib/src/main/java/org/jabref/logic/shared/prefs/SharedDatabasePreferences.java	4	13	3	0.75	true	false
jablib/src/main/java/org/jabref/logic/shared/DBMSProcessor.java	jablib/src/main/java/org/jabref/logic/shared/exception/NotASharedDatabaseException.java	44	4	3	0.75	true	false
jablib/src/main/java/org/jabref/logic/shared/DBMSType.java	jablib/src/main/java/org/jabref/logic/shared/event/ConnectionLostEvent.java	11	4	3	0.75	true	false
jablib/src/main/java/org/jabref/logic/shared/event/ConnectionLostEvent.java	jablib/src/main/java/org/jabref/logic/shared/prefs/SharedDatabasePreferences.java	4	13	3	0.75	true	false
jablib/src/main/java/org/jabref/logic/shared/event/ConnectionLostEvent.java	jablib/src/main/java/org/jabref/model/database/BibDatabaseContext.java	4	99	3	0.75	true	false
jablib/src/main/java/org/jabref/logic/shared/exception/NotASharedDatabaseException.java	jablib/src/main/java/org/jabref/logic/shared/prefs/SharedDatabasePreferences.java	4	13	3	0.75	true	false
jablib/src/main/java/org/jabref/logic/shared/exception/NotASharedDatabaseException.java	jablib/src/main/java/org/jabref/model/database/BibDatabaseContext.java	4	99	3	0.75	true	false
jablib/src/main/java/org/jabref/logic/util/strings/RtfCharMap.java	jablib/src/main/java/org/jabref/logic/util/strings/XmlCharsMap.java	8	4	3	0.75	false	false
jablib/src/main/java/org/jabref/model/entry/field/AMSField.java	jablib/src/main/java/org/jabref/model/entry/field/BiblatexApaField.java	4	5	3	0.75	false	false
jablib/src/main/java/org/jabref/model/entry/field/AMSField.java	jablib/src/main/java/org/jabref/model/entry/field/BiblatexSoftwareField.java	4	5	3	0.75	false	false
jablib/src/main/java/org/jabref/model/entry/field/AMSField.java	jablib/src/main/java/org/jabref/model/entry/field/Field.java	4	6	3	0.75	false	false
jablib/src/main/java/org/jabref/model/entry/field/AMSField.java	jablib/src/main/java/org/jabref/model/entry/field/FieldFactory.java	4	32	3	0.75	false	false
jablib/src/main/java/org/jabref/model/entry/field/AMSField.java	jablib/src/main/java/org/jabref/model/entry/field/StandardField.java	4	37	3	0.75	false	false
jablib/src/main/java/org/jabref/model/entry/field/BiblatexApaField.java	jablib/src/main/java/org/jabref/model/entry/field/IEEEField.java	5	4	3	0.75	false	false
jablib/src/main/java/org/jabref/model/entry/field/BiblatexSoftwareField.java	jablib/src/main/java/org/jabref/model/entry/field/IEEEField.java	5	4	3	0.75	false	false
jablib/src/main/java/org/jabref/model/entry/field/IEEEField.java	jablib/src/main/java/org/jabref/model/entry/field/StandardField.java	4	37	3	0.75	false	false
jablib/src/main/java/org/jabref/model/groups/RegexKeywordGroup.java	jablib/src/main/java/org/jabref/model/groups/WordKeywordGroup.java	4	18	3	0.75	false	false
jablib/src/main/java/org/jabref/model/metadata/ContentSelector.java	jablib/src/main/java/org/jabref/model/metadata/MetaData.java	4	201	3	0.75	false	false
jablib/src/main/java/org/jabref/model/util/DummyFileUpdateMonitor.java	jablib/src/main/java/org/jabref/model/util/FileUpdateMonitor.java	4	5	3	0.75	false	false
jabls/src/main/java/module-info.java	jabls/src/main/java/org/jabref/languageserver/BibtexWorkspaceService.java	12	4	3	0.75	true	false
jabls/src/main/java/org/jabref/languageserver/BibtexTextDocumentService.java	jabls/src/main/java/org/jabref/languageserver/BibtexWorkspaceService.java	5	4	3	0.75	false	false
jabls/src/main/java/org/jabref/languageserver/BibtexWorkspaceService.java	jabls/src/main/java/org/jabref/languageserver/LspClientHandler.java	4	6	3	0.75	false	false
jabls/src/main/java/org/jabref/languageserver/BibtexWorkspaceService.java	jabls/src/main/java/org/jabref/languageserver/LspLauncher.java	4	8	3	0.75	false	false
jabls/src/main/java/org/jabref/languageserver/BibtexWorkspaceService.java	jabls/src/main/java/org/jabref/languageserver/util/LspDiagnosticHandler.java	4	5	3	0.75	true	false
jabls/src/main/java/org/jabref/languageserver/LspClientHandler.java	jabls/src/main/java/org/jabref/languageserver/controller/LanguageServerController.java	6	4	3	0.75	true	false
jabls/src/main/java/org/jabref/languageserver/controller/LanguageServerController.java	jabls/src/main/java/org/jabref/languageserver/util/LspDiagnosticHandler.java	4	5	3	0.75	true	false
jabsrv/src/main/java/module-info.java	jabsrv/src/main/java/org/jabref/http/JabRefSrvStateManager.java	25	4	3	0.75	true	false
jabsrv/src/main/java/module-info.java	jabsrv/src/main/java/org/jabref/http/dto/GlobalExceptionMapper.java	25	4	3	0.75	true	false
jabsrv/src/main/java/org/jabref/http/server/Server.java	jabsrv/src/main/java/org/jabref/http/server/resources/CitationsResource.java	20	4	3	0.75	true	false
jabsrv/src/main/java/org/jabref/http/server/cayw/CAYWQueryParams.java	jabsrv/src/main/java/org/jabref/http/server/cayw/format/BibLatexFormatter.java	4	5	3	0.75	true	false
jabsrv/src/main/java/org/jabref/http/server/cayw/CAYWResource.java	jabsrv/src/main/java/org/jabref/http/server/cayw/gui/SelectedItemsContainer.java	16	4	3	0.75	true	false
jablib/src/main/java/org/jabref/model/groups/AllEntriesGroup.java	jablib/src/main/java/org/jabref/model/groups/ExplicitGroup.java	42	81	31	0.74	false	false
jablib/src/main/java/org/jabref/logic/openoffice/oocsltext/CSLCitationOOAdapter.java	jablib/src/main/java/org/jabref/logic/openoffice/oocsltext/CSLReferenceMark.java	90	19	14	0.74	false	false
jablib/src/main/java/org/jabref/logic/openoffice/style/JStyle.java	jablib/src/main/java/org/jabref/logic/openoffice/style/JStyleLoader.java	104	19	14	0.74	false	false
jabgui/src/main/java/org/jabref/gui/dialogs/AutosaveUiManager.java	jabgui/src/main/java/org/jabref/gui/frame/JabRefFrame.java	15	1215	11	0.73	true	false
jablib/src/main/java/org/jabref/logic/push/PushToTeXstudio.java	jablib/src/main/java/org/jabref/logic/push/PushToTexmaker.java	29	15	11	0.73	false	false
jablib/src/main/java/org/jabref/logic/importer/fileformat/BiblioscapeImporter.java	jablib/src/main/java/org/jabref/logic/importer/fileformat/IsiImporter.java	48	95	35	0.73	false	false
jablib/src/main/java/org/jabref/logic/openoffice/OpenOfficePreferences.java	jablib/src/main/java/org/jabref/logic/preferences/JabRefCliPreferences.java	33	1078	24	0.73	true	false
jablib/src/main/java/org/jabref/logic/importer/ImporterPreferences.java	jablib/src/main/java/org/jabref/logic/preferences/JabRefCliPreferences.java	22	1078	16	0.73	true	false
jabgui/src/main/java/org/jabref/gui/JabRefGUI.java	jabgui/src/main/java/org/jabref/gui/help/SearchForUpdateAction.java	190	11	8	0.73	true	false
jabgui/src/main/java/org/jabref/gui/collab/entrychange/EntryChangeResolver.java	jabgui/src/main/java/org/jabref/gui/mergeentries/threewaymerge/MergeEntriesDialog.java	11	63	8	0.73	true	false
jabgui/src/main/java/org/jabref/gui/importer/actions/CheckForNewEntryTypesAction.java	jabgui/src/main/java/org/jabref/gui/importer/actions/GUIPostOpenAction.java	45	11	8	0.73	false	false
jabgui/src/main/java/org/jabref/gui/importer/actions/GUIPostOpenAction.java	jabgui/src/main/java/org/jabref/gui/importer/actions/OpenDatabaseAction.java	11	224	8	0.73	false	false
jabgui/src/main/java/org/jabref/gui/util/UiTaskExecutor.java	jablib/src/main/java/org/jabref/logic/util/CurrentThreadTaskExecutor.java	44	11	8	0.73	true	true
jabkit/src/main/java/org/jabref/toolkit/commands/CheckIntegrity.java	jabkit/src/main/java/org/jabref/toolkit/commands/GenerateCitationKeys.java	11	14	8	0.73	false	false
jablib/src/main/java/module-info.java	jabsrv-cli/src/main/java/module-info.java	56	11	8	0.73	false	true
jablib/src/main/java/org/jabref/logic/bst/util/BstNameFormatter.java	jablib/src/main/java/org/jabref/logic/bst/util/BstPurifier.java	22	11	8	0.73	false	false
jablib/src/main/java/org/jabref/logic/bst/util/BstNameFormatter.java	jablib/src/main/java/org/jabref/logic/bst/util/BstTextPrefixer.java	22	11	8	0.73	false	false
jablib/src/main/java/org/jabref/logic/formatter/bibtexfields/NormalizePagesFormatter.java	jablib/src/main/java/org/jabref/logic/formatter/casechanger/CapitalizeFormatter.java	25	11	8	0.73	true	false
jablib/src/main/java/org/jabref/logic/formatter/bibtexfields/NormalizePagesFormatter.java	jablib/src/main/java/org/jabref/logic/formatter/casechanger/LowerCaseFormatter.java	25	11	8	0.73	true	false
jablib/src/main/java/org/jabref/logic/importer/FulltextFetchers.java	jablib/src/main/java/org/jabref/logic/layout/format/DOIStrip.java	65	18	13	0.72	true	false
jabgui/src/main/java/org/jabref/gui/LibraryTab.java	jabgui/src/main/java/org/jabref/gui/specialfields/SpecialFieldAction.java	1048	25	18	0.72	true	false
jablib/src/main/java/org/jabref/logic/importer/fetcher/ScienceDirect.java	jablib/src/main/java/org/jabref/logic/importer/fetcher/SpringerNatureFullTextFetcher.java	35	32	23	0.72	false	false
jablib/src/main/java/org/jabref/logic/exporter/SaveConfiguration.java	jablib/src/main/java/org/jabref/logic/preferences/JabRefCliPreferences.java	35	1078	25	0.71	true	false
jabgui/src/main/java/org/jabref/gui/frame/MainMenu.java	jabgui/src/main/java/org/jabref/gui/frame/MainToolBar.java	55	21	15	0.71	false	false
jabgui/src/main/java/org/jabref/gui/preferences/ai/AiTab.java	jabgui/src/main/java/org/jabref/gui/preferences/ai/AiTabViewModel.java	21	26	15	0.71	false	false
jabgui/src/main/java/org/jabref/gui/preferences/linkedfiles/LinkedFilesTab.java	jabgui/src/main/java/org/jabref/gui/preferences/linkedfiles/LinkedFilesTabViewModel.java	14	21	10	0.71	false	false
jablib/src/main/java/org/jabref/logic/cleanup/CleanupPreferences.java	jablib/src/main/java/org/jabref/logic/cleanup/CleanupWorker.java	14	42	10	0.71	false	false
jablib/src/main/java/org/jabref/logic/cleanup/CleanupPreferences.java	jablib/src/main/java/org/jabref/logic/preferences/JabRefCliPreferences.java	14	1078	10	0.71	true	false
jablib/src/main/java/org/jabref/logic/crawler/StudyRepository.java	jablib/src/main/java/org/jabref/model/study/Study.java	40	14	10	0.71	true	false
jabgui/src/main/java/org/jabref/Launcher.java	jablib/src/main/java/org/jabref/logic/remote/client/RemoteClient.java	159	7	5	0.71	true	true
jabgui/src/main/java/org/jabref/gui/backup/BackupResolverDialog.java	jabgui/src/main/java/org/jabref/gui/dialogs/BackupUIManager.java	7	32	5	0.71	true	false
jabgui/src/main/java/org/jabref/gui/collab/DatabaseChangeDetailsView.java	jabgui/src/main/java/org/jabref/gui/collab/DatabaseChangeDetailsViewFactory.java	7	10	5	0.71	false	false
jabgui/src/main/java/org/jabref/gui/fieldeditors/FieldEditors.java	jabgui/src/main/java/org/jabref/gui/fieldeditors/optioneditors/mapbased/MapBasedEditorViewModel.java	60	7	5	0.71	true	false
jabgui/src/main/java/org/jabref/gui/frame/JabRefFrame.java	jabgui/src/main/java/org/jabref/gui/util/ViewModelTableRowFactory.java	1215	7	5	0.71	true	false
jabgui/src/main/java/org/jabref/gui/git/GitCommitAction.java	jablib/src/main/java/org/jabref/logic/git/GitHandler.java	7	19	5	0.71	true	true
jabgui/src/main/java/org/jabref/gui/git/GitCommitDialogView.java	jabgui/src/main/java/org/jabref/gui/git/GitCommitDialogViewModel.java	8	7	5	0.71	false	false
jabgui/src/main/java/org/jabref/gui/git/GitPullAction.java	jabgui/src/main/java/org/jabref/gui/git/GitPushAction.java	7	7	5	0.71	false	false
jabgui/src/main/java/org/jabref/gui/git/GitPullAction.java	jablib/src/main/java/org/jabref/logic/git/GitSyncService.java	7	7	5	0.71	true	true
jabgui/src/main/java/org/jabref/gui/git/GitPushAction.java	jablib/src/main/java/org/jabref/logic/git/GitHandler.java	7	19	5	0.71	true	true
jabgui/src/main/java/org/jabref/gui/git/GitPushAction.java	jablib/src/main/java/org/jabref/logic/git/status/GitStatusChecker.java	7	10	5	0.71	true	true
jabgui/src/main/java/org/jabref/gui/importer/GrobidUseDialogHelper.java	jabgui/src/main/java/org/jabref/gui/preferences/websearch/WebSearchTabViewModel.java	7	40	5	0.71	true	false
jabgui/src/main/java/org/jabref/gui/maintable/MainTable.java	jabgui/src/main/java/org/jabref/gui/maintable/MainTableHeaderContextMenu.java	293	7	5	0.71	false	false
jabgui/src/main/java/org/jabref/gui/maintable/MainTable.java	jabgui/src/main/java/org/jabref/gui/util/ViewModelTableRowFactory.java	293	7	5	0.71	true	false
jabgui/src/main/java/org/jabref/gui/preferences/customexporter/CustomExporterTabViewModel.java	jabgui/src/main/java/org/jabref/gui/preferences/customimporter/CustomImporterTabViewModel.java	7	16	5	0.71	true	false
jabgui/src/main/java/org/jabref/gui/preferences/customexporter/CustomExporterTabViewModel.java	jablib/src/main/java/org/jabref/logic/preferences/JabRefCliPreferences.java	7	1078	5	0.71	true	true
jabgui/src/main/java/org/jabref/gui/preferences/general/GeneralTabViewModel.java	jabsrv/src/main/java/org/jabref/http/manager/HttpServerThread.java	79	7	5	0.71	true	true
jabgui/src/main/java/org/jabref/gui/preferences/journals/AbbreviationViewModel.java	jablib/src/main/java/org/jabref/logic/journals/AbbreviationWriter.java	7	9	5	0.71	true	true
jabgui/src/main/java/org/jabref/gui/remote/CLIMessageHandler.java	jablib/src/main/java/org/jabref/logic/remote/client/RemoteClient.java	26	7	5	0.71	true	true
jabgui/src/main/java/org/jabref/gui/shared/SharedDatabaseLoginDialogView.java	jablib/src/main/java/org/jabref/logic/shared/DatabaseConnectionProperties.java	21	7	5	0.71	true	true
jabgui/src/main/java/org/jabref/gui/texparser/ParseLatexAction.java	jabgui/src/main/java/org/jabref/gui/texparser/ParseLatexDialogView.java	7	15	5	0.71	false	false
jabgui/src/main/java/org/jabref/gui/texparser/ParseLatexAction.java	jabgui/src/main/java/org/jabref/gui/texparser/ParseLatexResultViewModel.java	7	11	5	0.71	false	false
jabkit/src/main/java/org/jabref/toolkit/JabKitLauncher.java	jabkit/src/main/java/org/jabref/toolkit/commands/Pdf.java	16	7	5	0.71	true	false
jabkit/src/main/java/org/jabref/toolkit/commands/CheckConsistency.java	jabkit/src/main/java/org/jabref/toolkit/commands/Pdf.java	16	7	5	0.71	false	false
jabkit/src/main/java/org/jabref/toolkit/commands/CheckIntegrity.java	jabkit/src/main/java/org/jabref/toolkit/commands/Pdf.java	11	7	5	0.71	false	false
jabkit/src/main/java/org/jabref/toolkit/commands/Convert.java	jabkit/src/main/java/org/jabref/toolkit/commands/Pdf.java	12	7	5	0.71	false	false
jabkit/src/main/java/org/jabref/toolkit/commands/GenerateBibFromAux.java	jabkit/src/main/java/org/jabref/toolkit/commands/Pdf.java	9	7	5	0.71	false	false
jabkit/src/main/java/org/jabref/toolkit/commands/GenerateCitationKeys.java	jabkit/src/main/java/org/jabref/toolkit/commands/Pdf.java	14	7	5	0.71	false	false
jabkit/src/main/java/org/jabref/toolkit/commands/JabKit.java	jabkit/src/main/java/org/jabref/toolkit/commands/Pdf.java	18	7	5	0.71	false	false
jabkit/src/main/java/org/jabref/toolkit/commands/Pdf.java	jabkit/src/main/java/org/jabref/toolkit/commands/PdfUpdate.java	7	10	5	0.71	false	false
jabkit/src/main/java/org/jabref/toolkit/commands/Pdf.java	jabkit/src/main/java/org/jabref/toolkit/commands/Search.java	7	12	5	0.71	false	false
jablib/src/main/java/org/jabref/logic/citationkeypattern/CitationKeyGenerator.java	jablib/src/main/java/org/jabref/logic/layout/format/RisKeywords.java	201	7	5	0.71	true	false
jablib/src/main/java/org/jabref/logic/crawler/StudyRepository.java	jablib/src/main/java/org/jabref/logic/crawler/StudyYamlParser.java	40	7	5	0.71	false	false
jablib/src/main/java/org/jabref/logic/integrity/FieldCheckers.java	jablib/src/main/java/org/jabref/logic/integrity/ValidCitationKeyChecker.java	24	7	5	0.71	false	false
jablib/src/main/java/org/jabref/logic/layout/format/AuthorFirstAbbrLastCommas.java	jablib/src/main/java/org/jabref/logic/layout/format/AuthorFirstFirst.java	7	14	5	0.71	false	false
jablib/src/main/java/org/jabref/logic/layout/format/AuthorFirstAbbrLastCommas.java	jablib/src/main/java/org/jabref/logic/layout/format/AuthorLastFirst.java	7	9	5	0.71	false	false
jablib/src/main/java/org/jabref/logic/layout/format/AuthorFirstAbbrLastCommas.java	jablib/src/main/java/org/jabref/model/entry/AuthorList.java	7	77	5	0.71	true	false
jablib/src/main/java/org/jabref/logic/layout/format/AuthorFirstFirst.java	jablib/src/main/java/org/jabref/logic/layout/format/AuthorFirstLastCommas.java	14	7	5	0.71	false	false
jablib/src/main/java/org/jabref/logic/layout/format/AuthorFirstFirst.java	jablib/src/main/java/org/jabref/logic/layout/format/AuthorLastFirstAbbrCommas.java	14	7	5	0.71	false	false
jablib/src/main/java/org/jabref/logic/layout/format/AuthorFirstFirst.java	jablib/src/main/java/org/jabref/logic/layout/format/AuthorLastFirstCommas.java	14	7	5	0.71	false	false
jablib/src/main/java/org/jabref/logic/layout/format/AuthorFirstLastCommas.java	jablib/src/main/java/org/jabref/logic/layout/format/AuthorLastFirst.java	7	9	5	0.71	false	false
jablib/src/main/java/org/jabref/logic/layout/format/AuthorFirstLastCommas.java	jablib/src/main/java/org/jabref/model/entry/AuthorList.java	7	77	5	0.71	true	false
jablib/src/main/java/org/jabref/logic/layout/format/AuthorLastFirst.java	jablib/src/main/java/org/jabref/logic/layout/format/AuthorLastFirstAbbrCommas.java	9	7	5	0.71	false	false
jablib/src/main/java/org/jabref/logic/layout/format/AuthorLastFirst.java	jablib/src/main/java/org/jabref/logic/layout/format/AuthorLastFirstCommas.java	9	7	5	0.71	false	false
jablib/src/main/java/org/jabref/logic/layout/format/AuthorLastFirstAbbrCommas.java	jablib/src/main/java/org/jabref/model/entry/AuthorList.java	7	77	5	0.71	true	false
jablib/src/main/java/org/jabref/logic/layout/format/AuthorLastFirstCommas.java	jablib/src/main/java/org/jabref/model/entry/AuthorList.java	7	77	5	0.71	true	false
jablib/src/main/java/org/jabref/logic/layout/format/Replace.java	jablib/src/main/java/org/jabref/logic/layout/format/WrapContent.java	8	7	5	0.71	false	false
jablib/src/main/java/org/jabref/logic/layout/format/RisKeywords.java	jablib/src/main/java/org/jabref/logic/preferences/JabRefCliPreferences.java	7	1078	5	0.71	true	false
jablib/src/main/java/org/jabref/logic/layout/format/RisKeywords.java	jablib/src/main/java/org/jabref/model/entry/BibEntry.java	7	312	5	0.71	true	false
jablib/src/main/java/org/jabref/logic/openoffice/backend/Backend52.java	jablib/src/main/java/org/jabref/logic/openoffice/backend/NamedRangeReferenceMark.java	8	7	5	0.71	false	false
jablib/src/main/java/org/jabref/logic/openoffice/oocsltext/BSTReferenceMarkManager.java	jablib/src/main/java/org/jabref/logic/openoffice/oocsltext/CSLReferenceMarkManager.java	7	30	5	0.71	false	false
jablib/src/main/java/org/jabref/logic/openoffice/style/JStyle.java	jablib/src/main/java/org/jabref/logic/openoffice/style/OOProcessAuthorYearMarkers.java	104	7	5	0.71	false	false
jablib/src/main/java/org/jabref/logic/openoffice/style/JStyleGetCitationMarker.java	jablib/src/main/java/org/jabref/logic/openoffice/style/OOProcessAuthorYearMarkers.java	11	7	5	0.71	false	false
jablib/src/main/java/org/jabref/logic/remote/client/RemoteClient.java	jablib/src/main/java/org/jabref/logic/remote/server/RemoteListenerServer.java	7	18	5	0.71	true	false
jablib/src/main/java/org/jabref/model/groups/ExplicitGroup.java	jablib/src/main/java/org/jabref/model/search/matchers/OrMatcher.java	81	7	5	0.71	true	false
jablib/src/main/java/org/jabref/model/groups/KeywordGroup.java	jablib/src/main/java/org/jabref/model/search/matchers/OrMatcher.java	93	7	5	0.71	true	false
jabsrv/src/main/java/org/jabref/http/manager/HttpServerThread.java	jabsrv/src/main/java/org/jabref/http/server/Server.java	7	20	5	0.71	true	false
jablib/src/main/java/org/jabref/logic/exporter/MSBibExporter.java	jablib/src/main/java/org/jabref/logic/exporter/ModsExporter.java	31	37	22	0.71	false	false
jablib/src/main/java/org/jabref/logic/texparser/DefaultLatexParser.java	jablib/src/main/java/org/jabref/model/texparser/LatexParserResult.java	42	24	17	0.71	true	false
jabgui/src/main/java/org/jabref/gui/frame/JabRefFrame.java	jabgui/src/main/java/org/jabref/gui/specialfields/SpecialFieldViewModel.java	1215	17	12	0.71	true	false
jabgui/src/main/java/org/jabref/gui/slr/ManageStudyDefinitionView.java	jabgui/src/main/java/org/jabref/gui/slr/ManageStudyDefinitionViewModel.java	19	17	12	0.71	false	false
jablib/src/main/java/org/jabref/logic/openoffice/oocsltext/CSLCitationOOAdapter.java	jablib/src/main/java/org/jabref/logic/openoffice/oocsltext/CSLReferenceMarkManager.java	90	30	21	0.70	false	false
jablib/src/main/java/org/jabref/logic/texparser/DefaultLatexParser.java	jablib/src/main/java/org/jabref/model/texparser/Citation.java	42	20	14	0.70	true	false
jabgui/src/main/java/org/jabref/gui/fieldeditors/FieldEditors.java	jabgui/src/main/java/org/jabref/gui/fieldeditors/JournalEditorViewModel.java	60	10	7	0.70	false	false
jabgui/src/main/java/org/jabref/gui/fieldeditors/FieldEditors.java	jabgui/src/main/java/org/jabref/gui/fieldeditors/LinkedEntriesEditorViewModel.java	60	10	7	0.70	false	false
jabgui/src/main/java/org/jabref/gui/frame/JabRefFrame.java	jablib/src/main/java/org/jabref/model/search/SearchDisplayMode.java	1215	10	7	0.70	true	true
jabgui/src/main/java/org/jabref/gui/linkedfile/LinkedFileEditDialog.java	jabgui/src/main/java/org/jabref/gui/linkedfile/LinkedFileEditDialogViewModel.java	10	21	7	0.70	false	false
jabgui/src/main/java/org/jabref/gui/preferences/journals/AbbreviationsFileViewModel.java	jabgui/src/main/java/org/jabref/gui/preferences/journals/JournalAbbreviationsTab.java	10	26	7	0.70	false	false
jabgui/src/main/java/org/jabref/gui/preferences/journals/JournalAbbreviationsTabViewModel.java	jablib/src/main/java/org/jabref/logic/journals/AbbreviationPreferences.java	30	10	7	0.70	true	true
jabgui/src/main/java/org/jabref/gui/texparser/ParseLatexDialogViewModel.java	jabgui/src/main/java/org/jabref/gui/texparser/ReferenceViewModel.java	30	10	7	0.70	false	false
jabgui/src/main/java/org/jabref/gui/texparser/ParseLatexResultView.java	jabgui/src/main/java/org/jabref/gui/texparser/ReferenceViewModel.java	16	10	7	0.70	false	false
jabgui/src/main/java/org/jabref/gui/texparser/ReferenceViewModel.java	jabgui/src/main/java/org/jabref/gui/util/FileNodeViewModel.java	10	16	7	0.70	true	false
jabgui/src/main/java/org/jabref/gui/texparser/ReferenceViewModel.java	jablib/src/main/java/org/jabref/model/texparser/Citation.java	10	20	7	0.70	true	true
jabgui/src/main/java/org/jabref/gui/texparser/ReferenceViewModel.java	jablib/src/main/java/org/jabref/model/texparser/LatexParserResult.java	10	24	7	0.70	true	true
jabkit/src/main/java/org/jabref/toolkit/commands/CheckConsistency.java	jabkit/src/main/java/org/jabref/toolkit/commands/Pseudonymize.java	16	10	7	0.70	false	false
jabkit/src/main/java/org/jabref/toolkit/commands/CheckIntegrity.java	jabkit/src/main/java/org/jabref/toolkit/commands/Pseudonymize.java	11	10	7	0.70	false	false
jabkit/src/main/java/org/jabref/toolkit/commands/Convert.java	jabkit/src/main/java/org/jabref/toolkit/commands/Pseudonymize.java	12	10	7	0.70	false	false
jabkit/src/main/java/org/jabref/toolkit/commands/JabKit.java	jabkit/src/main/java/org/jabref/toolkit/commands/PdfUpdate.java	18	10	7	0.70	false	false
jabkit/src/main/java/org/jabref/toolkit/commands/Pseudonymize.java	jabkit/src/main/java/org/jabref/toolkit/commands/Search.java	10	12	7	0.70	false	false
jablib/src/main/java/org/jabref/logic/cleanup/FileLinksCleanup.java	jablib/src/main/java/org/jabref/logic/cleanup/RelativePathsCleanup.java	10	16	7	0.70	false	false
jablib/src/main/java/org/jabref/logic/cleanup/FileLinksCleanup.java	jablib/src/main/java/org/jabref/logic/cleanup/RenamePdfCleanup.java	10	53	7	0.70	false	false
jablib/src/main/java/org/jabref/logic/cleanup/FileLinksCleanup.java	jablib/src/main/java/org/jabref/logic/cleanup/UpgradePdfPsToFileCleanup.java	10	14	7	0.70	false	false
jablib/src/main/java/org/jabref/logic/importer/ImportFormatReader.java	jablib/src/main/java/org/jabref/logic/importer/fileformat/pdf/PdfEmbeddedBibFileImporter.java	197	10	7	0.70	true	false
jablib/src/main/java/org/jabref/logic/importer/fileformat/pdf/PdfContentImporter.java	jablib/src/main/java/org/jabref/logic/importer/fileformat/pdf/PdfEmbeddedBibFileImporter.java	108	10	7	0.70	false	false
jablib/src/main/java/org/jabref/logic/importer/fileformat/pdf/PdfEmbeddedBibFileImporter.java	jablib/src/main/java/org/jabref/logic/importer/fileformat/pdf/PdfMergeMetadataImporter.java	10	27	7	0.70	false	false
jablib/src/main/java/org/jabref/logic/journals/AbbreviationPreferences.java	jablib/src/main/java/org/jabref/logic/journals/JournalAbbreviationLoader.java	10	35	7	0.70	false	false
jablib/src/main/java/org/jabref/logic/layout/LayoutEntry.java	jablib/src/main/java/org/jabref/logic/layout/LayoutFormatterPreferences.java	120	10	7	0.70	false	false
jablib/src/main/java/org/jabref/logic/layout/format/AuthorOrgSci.java	jablib/src/main/java/org/jabref/logic/layout/format/DocBookAuthorFormatter.java	10	35	7	0.70	false	false
jablib/src/main/java/org/jabref/logic/preferences/JabRefCliPreferences.java	jablib/src/main/java/org/jabref/model/search/SearchDisplayMode.java	1078	10	7	0.70	true	false
jablib/src/main/java/org/jabref/logic/layout/Layout.java	jablib/src/main/java/org/jabref/logic/layout/LayoutEntry.java	53	120	37	0.70	false	false
jablib/src/main/java/org/jabref/model/entry/types/BibtexEntryTypeDefinitions.java	jablib/src/main/java/org/jabref/model/entry/types/IEEETranEntryTypeDefinitions.java	45	23	16	0.70	false	false
jablib/src/main/java/org/jabref/logic/push/PushToEmacs.java	jablib/src/main/java/org/jabref/logic/push/PushToLyx.java	68	49	34	0.69	false	false
jabgui/src/main/java/org/jabref/gui/LibraryTab.java	jabgui/src/main/java/org/jabref/gui/citationkeypattern/GenerateCitationKeyAction.java	1048	13	9	0.69	true	false
jabgui/src/main/java/org/jabref/gui/fieldeditors/OwnerEditor.java	jabgui/src/main/java/org/jabref/gui/fieldeditors/identifier/IdentifierEditor.java	13	28	9	0.69	true	false
jabgui/src/main/java/org/jabref/gui/openoffice/OOBibBase.java	jablib/src/main/java/org/jabref/logic/openoffice/oocsltext/CSLUpdateBibliography.java	159	13	9	0.69	true	true
jablib/src/main/java/org/jabref/logic/bibtex/FieldPreferences.java	jablib/src/main/java/org/jabref/logic/bibtex/FieldWriter.java	13	105	9	0.69	false	false
jablib/src/main/java/org/jabref/logic/externalfiles/ExternalFilesContentImporter.java	jablib/src/main/java/org/jabref/logic/importer/ImportFormatReader.java	13	197	9	0.69	true	false
jablib/src/main/java/org/jabref/logic/externalfiles/ExternalFilesContentImporter.java	jablib/src/main/java/org/jabref/logic/preferences/JabRefCliPreferences.java	13	1078	9	0.69	true	false
jablib/src/main/java/org/jabref/logic/openoffice/oocsltext/CSLCitationOOAdapter.java	jablib/src/main/java/org/jabref/logic/openoffice/oocsltext/CSLUpdateBibliography.java	90	13	9	0.69	false	false
jabgui/src/main/java/org/jabref/gui/preferences/preview/PreviewTab.java	jabgui/src/main/java/org/jabref/gui/preferences/preview/PreviewTabViewModel.java	42	46	29	0.69	false	false
jabgui/src/main/java/org/jabref/gui/desktop/os/OSX.java	jabgui/src/main/java/org/jabref/gui/desktop/os/Windows.java	29	34	20	0.69	false	false
jabgui/src/main/java/org/jabref/gui/LibraryTab.java	jabgui/src/main/java/org/jabref/gui/autocompleter/WordSuggestionProvider.java	1048	16	11	0.69	true	false
jabgui/src/main/java/org/jabref/gui/WorkspacePreferences.java	jabgui/src/main/java/org/jabref/gui/preferences/general/GeneralTabViewModel.java	16	79	11	0.69	true	false
jabgui/src/main/java/org/jabref/gui/preferences/external/ExternalTabViewModel.java	jablib/src/main/java/org/jabref/logic/preferences/JabRefCliPreferences.java	16	1078	11	0.69	true	true
jablib/src/main/java/org/jabref/logic/formatter/bibtexfields/NormalizePagesFormatter.java	jablib/src/main/java/org/jabref/logic/formatter/bibtexfields/OrdinalsToSuperscriptFormatter.java	25	16	11	0.69	false	false
jabgui/src/main/java/org/jabref/gui/entryeditor/EntryEditor.java	jabgui/src/main/java/org/jabref/gui/entryeditor/EntryEditorTab.java	655	143	98	0.69	false	false
jablib/src/main/java/org/jabref/logic/importer/fileformat/OvidImporter.java	jablib/src/main/java/org/jabref/logic/importer/fileformat/RisImporter.java	57	94	39	0.68	false	false
jabgui/src/main/java/org/jabref/gui/openoffice/OpenOfficePanel.java	jablib/src/main/java/org/jabref/logic/openoffice/style/JStyleLoader.java	230	19	13	0.68	true	true
jablib/src/main/java/org/jabref/logic/importer/fileformat/MedlinePlainImporter.java	jablib/src/main/java/org/jabref/logic/importer/fileformat/RisImporter.java	60	94	41	0.68	false	false
jabgui/src/main/java/org/jabref/gui/LibraryTab.java	jabgui/src/main/java/org/jabref/gui/linkedfile/AttachFileAction.java	1048	44	30	0.68	true	false
jabgui/src/main/java/org/jabref/gui/desktop/os/Linux.java	jabgui/src/main/java/org/jabref/gui/desktop/os/NativeDesktop.java	48	25	17	0.68	false	false
jablib/src/main/java/org/jabref/logic/exporter/MetaDataSerializer.java	jablib/src/main/java/org/jabref/logic/importer/util/MetaDataParser.java	34	47	23	0.68	true	false
jablib/src/main/java/org/jabref/logic/importer/fileformat/CopacImporter.java	jablib/src/main/java/org/jabref/logic/importer/fileformat/IsiImporter.java	37	95	25	0.68	false	false
jabgui/src/main/java/org/jabref/gui/frame/FileHistoryMenu.java	jabgui/src/main/java/org/jabref/gui/frame/JabRefFrame.java	61	1215	41	0.67	false	false
jablib/src/main/java/org/jabref/model/groups/AbstractGroup.java	jablib/src/main/java/org/jabref/model/groups/AllEntriesGroup.java	58	42	28	0.67	false	false
jabgui/src/main/java/org/jabref/gui/exporter/SaveAllAction.java	jabgui/src/main/java/org/jabref/gui/frame/JabRefFrame.java	39	1215	26	0.67	true	false
jabgui/src/main/java/org/jabref/gui/preferences/linkedfiles/LinkedFilesTabViewModel.java	jablib/src/main/java/org/jabref/logic/preferences/JabRefCliPreferences.java	21	1078	14	0.67	true	true
jabgui/src/main/java/org/jabref/gui/preferences/network/NetworkTab.java	jabgui/src/main/java/org/jabref/gui/preferences/network/NetworkTabViewModel.java	21	23	14	0.67	false	false
jabgui/src/main/java/org/jabref/gui/fieldeditors/EditorTextArea.java	jabgui/src/main/java/org/jabref/gui/fieldeditors/EditorTextField.java	27	18	12	0.67	false	false
jabgui/src/main/java/org/jabref/gui/mergeentries/threewaymerge/FieldRowView.java	jabgui/src/main/java/org/jabref/gui/mergeentries/threewaymerge/ThreeWayMergeView.java	15	30	10	0.67	false	false
jablib/src/main/java/org/jabref/logic/push/PushToLyx.java	jablib/src/main/java/org/jabref/logic/push/PushToTexmaker.java	49	15	10	0.67	false	false
jabgui/src/main/java/org/jabref/gui/copyfiles/CopyFilesAction.java	jabgui/src/main/java/org/jabref/gui/copyfiles/CopyFilesTask.java	22	12	8	0.67	false	false
jabgui/src/main/java/org/jabref/gui/entryeditor/citationrelationtab/CitationRelationsTab.java	jablib/src/main/java/org/jabref/logic/citation/SearchCitationsRelationsService.java	50	12	8	0.67	true	true
jabgui/src/main/java/org/jabref/gui/frame/JabRefFrame.java	jabgui/src/main/java/org/jabref/gui/specialfields/SpecialFieldValueViewModel.java	1215	12	8	0.67	true	false
jabgui/src/main/java/org/jabref/gui/groups/GroupDescriptions.java	jablib/src/main/java/org/jabref/logic/importer/util/GroupsParser.java	12	45	8	0.67	true	true
jabgui/src/main/java/org/jabref/gui/maintable/ColumnPreferences.java	jabgui/src/main/java/org/jabref/gui/maintable/MainTable.java	12	293	8	0.67	false	false
jabgui/src/main/java/org/jabref/gui/maintable/ColumnPreferences.java	jablib/src/main/java/org/jabref/logic/preferences/JabRefCliPreferences.java	12	1078	8	0.67	true	true
jabgui/src/main/java/org/jabref/gui/preferences/customentrytypes/CustomEntryTypeViewModel.java	jabgui/src/main/java/org/jabref/gui/preferences/customentrytypes/CustomEntryTypesTab.java	12	41	8	0.67	false	false
jabkit/src/main/java/org/jabref/toolkit/commands/Convert.java	jabkit/src/main/java/org/jabref/toolkit/commands/GenerateCitationKeys.java	12	14	8	0.67	false	false
jabkit/src/main/java/org/jabref/toolkit/commands/GenerateCitationKeys.java	jabkit/src/main/java/org/jabref/toolkit/commands/Search.java	14	12	8	0.67	false	false
jablib/src/main/java/org/jabref/logic/formatter/bibtexfields/LatexCleanupFormatter.java	jablib/src/main/java/org/jabref/logic/formatter/minifier/MinifyNameListFormatter.java	15	12	8	0.67	true	false
jablib/src/main/java/org/jabref/logic/formatter/bibtexfields/NormalizeMonthFormatter.java	jablib/src/main/java/org/jabref/logic/formatter/bibtexfields/NormalizePagesFormatter.java	12	25	8	0.67	false	false
jablib/src/main/java/org/jabref/logic/formatter/bibtexfields/NormalizeMonthFormatter.java	jablib/src/main/java/org/jabref/logic/formatter/bibtexfields/OrdinalsToSuperscriptFormatter.java	12	16	8	0.67	false	false
jablib/src/main/java/org/jabref/logic/formatter/bibtexfields/NormalizeMonthFormatter.java	jablib/src/main/java/org/jabref/logic/formatter/bibtexfields/UnitsToLatexFormatter.java	12	21	8	0.67	false	false
jablib/src/main/java/org/jabref/logic/formatter/bibtexfields/NormalizeMonthFormatter.java	jablib/src/main/java/org/jabref/logic/formatter/casechanger/ProtectTermsFormatter.java	12	33	8	0.67	true	false
jablib/src/main/java/org/jabref/logic/formatter/bibtexfields/NormalizeMonthFormatter.java	jablib/src/main/java/org/jabref/logic/formatter/minifier/MinifyNameListFormatter.java	12	12	8	0.67	true	false
jablib/src/main/java/org/jabref/logic/formatter/bibtexfields/NormalizeNamesFormatter.java	jablib/src/main/java/org/jabref/logic/formatter/minifier/MinifyNameListFormatter.java	26	12	8	0.67	true	false
jablib/src/main/java/org/jabref/logic/formatter/bibtexfields/NormalizePagesFormatter.java	jablib/src/main/java/org/jabref/logic/formatter/casechanger/SentenceCaseFormatter.java	25	12	8	0.67	true	false
jablib/src/main/java/org/jabref/logic/formatter/bibtexfields/NormalizePagesFormatter.java	jablib/src/main/java/org/jabref/logic/formatter/casechanger/TitleCaseFormatter.java	25	12	8	0.67	true	false
jablib/src/main/java/org/jabref/logic/formatter/bibtexfields/UnitsToLatexFormatter.java	jablib/src/main/java/org/jabref/logic/formatter/minifier/MinifyNameListFormatter.java	21	12	8	0.67	true	false
jablib/src/main/java/org/jabref/logic/formatter/casechanger/ProtectTermsFormatter.java	jablib/src/main/java/org/jabref/logic/formatter/casechanger/UpperCaseFormatter.java	33	12	8	0.67	false	false
jablib/src/main/java/org/jabref/logic/formatter/casechanger/ProtectTermsFormatter.java	jablib/src/main/java/org/jabref/logic/formatter/minifier/MinifyNameListFormatter.java	33	12	8	0.67	true	false
jabgui/src/main/java/org/jabref/gui/LibraryTab.java	jabgui/src/main/java/org/jabref/gui/exporter/SaveAction.java	1048	9	6	0.67	true	false
jabgui/src/main/java/org/jabref/gui/autosaveandbackup/BackupManager.java	jablib/src/main/java/org/jabref/logic/util/io/BackupFileUtil.java	51	9	6	0.67	true	true
jabgui/src/main/java/org/jabref/gui/cleanup/CleanupAction.java	jabgui/src/main/java/org/jabref/gui/cleanup/CleanupDialog.java	66	9	6	0.67	false	false
jabgui/src/main/java/org/jabref/gui/commonfxcontrols/CitationKeyPatternsPanelViewModel.java	jabgui/src/main/java/org/jabref/gui/preferences/citationkeypattern/CitationKeyPatternTab.java	9	15	6	0.67	true	false
jabgui/src/main/java/org/jabref/gui/exporter/SaveAction.java	jabgui/src/main/java/org/jabref/gui/frame/JabRefFrame.java	9	1215	6	0.67	true	false
jabgui/src/main/java/org/jabref/gui/fieldeditors/DateEditor.java	jabgui/src/main/java/org/jabref/gui/fieldeditors/JournalEditor.java	9	21	6	0.67	false	false
jabgui/src/main/java/org/jabref/gui/fieldeditors/DateEditor.java	jabgui/src/main/java/org/jabref/gui/fieldeditors/OwnerEditor.java	9	13	6	0.67	false	false
jabgui/src/main/java/org/jabref/gui/fieldeditors/DateEditor.java	jabgui/src/main/java/org/jabref/gui/fieldeditors/UrlEditor.java	9	18	6	0.67	false	false
jabgui/src/main/java/org/jabref/gui/frame/ExternalApplicationsPreferences.java	jabgui/src/main/java/org/jabref/gui/preferences/external/ExternalTabViewModel.java	9	16	6	0.67	true	false
jabgui/src/main/java/org/jabref/gui/frame/JabRefFrame.java	jabgui/src/main/java/org/jabref/gui/maintable/CellFactory.java	1215	9	6	0.67	true	false
jabgui/src/main/java/org/jabref/gui/frame/JabRefFrame.java	jabgui/src/main/java/org/jabref/gui/util/comparator/RankingFieldComparator.java	1215	9	6	0.67	true	false
jabgui/src/main/java/org/jabref/gui/maintable/CellFactory.java	jabgui/src/main/java/org/jabref/gui/maintable/MainTableColumnFactory.java	9	64	6	0.67	false	false
jabgui/src/main/java/org/jabref/gui/maintable/ColumnPreferences.java	jabgui/src/main/java/org/jabref/gui/maintable/MainTablePreferences.java	12	9	6	0.67	false	false
jabgui/src/main/java/org/jabref/gui/maintable/MainTablePreferences.java	jablib/src/main/java/org/jabref/logic/preferences/JabRefCliPreferences.java	9	1078	6	0.67	true	true
jabgui/src/main/java/org/jabref/gui/walkthrough/WalkthroughAction.java	jabgui/src/main/java/org/jabref/gui/walkthrough/declarative/NodeResolver.java	11	9	6	0.67	true	false
jabkit/src/main/java/org/jabref/toolkit/JabKitLauncher.java	jabkit/src/main/java/org/jabref/toolkit/commands/GenerateBibFromAux.java	16	9	6	0.67	true	false
jabkit/src/main/java/org/jabref/toolkit/commands/GenerateBibFromAux.java	jabkit/src/main/java/org/jabref/toolkit/commands/Pseudonymize.java	9	10	6	0.67	false	false
jablib/src/main/java/org/jabref/logic/formatter/Formatter.java	jablib/src/main/java/org/jabref/logic/formatter/IdentityFormatter.java	13	9	6	0.67	false	false
jablib/src/main/java/org/jabref/logic/formatter/IdentityFormatter.java	jablib/src/main/java/org/jabref/logic/formatter/bibtexfields/LatexCleanupFormatter.java	9	15	6	0.67	true	false
jablib/src/main/java/org/jabref/logic/formatter/IdentityFormatter.java	jablib/src/main/java/org/jabref/logic/formatter/bibtexfields/NormalizeDateFormatter.java	9	15	6	0.67	true	false
jablib/src/main/java/org/jabref/logic/formatter/IdentityFormatter.java	jablib/src/main/java/org/jabref/logic/formatter/bibtexfields/NormalizeNamesFormatter.java	9	26	6	0.67	true	false
jablib/src/main/java/org/jabref/logic/formatter/IdentityFormatter.java	jablib/src/main/java/org/jabref/logic/formatter/casechanger/CapitalizeFormatter.java	9	11	6	0.67	true	false
jablib/src/main/java/org/jabref/logic/formatter/IdentityFormatter.java	jablib/src/main/java/org/jabref/logic/formatter/casechanger/LowerCaseFormatter.java	9	11	6	0.67	true	false
jablib/src/main/java/org/jabref/logic/formatter/IdentityFormatter.java	jablib/src/main/java/org/jabref/logic/formatter/casechanger/SentenceCaseFormatter.java	9	12	6	0.67	true	false
jablib/src/main/java/org/jabref/logic/formatter/IdentityFormatter.java	jablib/src/main/java/org/jabref/logic/formatter/casechanger/TitleCaseFormatter.java	9	12	6	0.67	true	false
jablib/src/main/java/org/jabref/logic/formatter/IdentityFormatter.java	jablib/src/main/java/org/jabref/logic/formatter/casechanger/UpperCaseFormatter.java	9	12	6	0.67	true	false
jablib/src/main/java/org/jabref/logic/formatter/bibtexfields/ClearFormatter.java	jablib/src/main/java/org/jabref/logic/formatter/bibtexfields/LatexCleanupFormatter.java	9	15	6	0.67	false	false
jablib/src/main/java/org/jabref/logic/formatter/bibtexfields/ClearFormatter.java	jablib/src/main/java/org/jabref/logic/formatter/bibtexfields/NormalizeDateFormatter.java	9	15	6	0.67	false	false
jablib/src/main/java/org/jabref/logic/formatter/bibtexfields/ClearFormatter.java	jablib/src/main/java/org/jabref/logic/formatter/bibtexfields/NormalizeMonthFormatter.java	9	12	6	0.67	false	false
jablib/src/main/java/org/jabref/logic/formatter/bibtexfields/ClearFormatter.java	jablib/src/main/java/org/jabref/logic/formatter/bibtexfields/NormalizeNamesFormatter.java	9	26	6	0.67	false	false
jablib/src/main/java/org/jabref/logic/formatter/bibtexfields/ClearFormatter.java	jablib/src/main/java/org/jabref/logic/formatter/bibtexfields/NormalizePagesFormatter.java	9	25	6	0.67	false	false
jablib/src/main/java/org/jabref/logic/formatter/bibtexfields/ClearFormatter.java	jablib/src/main/java/org/jabref/logic/formatter/bibtexfields/OrdinalsToSuperscriptFormatter.java	9	16	6	0.67	false	false
jablib/src/main/java/org/jabref/logic/formatter/bibtexfields/ClearFormatter.java	jablib/src/main/java/org/jabref/logic/formatter/bibtexfields/RemoveEnclosingBracesFormatter.java	9	10	6	0.67	false	false
jablib/src/main/java/org/jabref/logic/formatter/bibtexfields/ClearFormatter.java	jablib/src/main/java/org/jabref/logic/formatter/bibtexfields/UnitsToLatexFormatter.java	9	21	6	0.67	false	false
jablib/src/main/java/org/jabref/logic/formatter/bibtexfields/ClearFormatter.java	jablib/src/main/java/org/jabref/logic/formatter/casechanger/CapitalizeFormatter.java	9	11	6	0.67	true	false
jablib/src/main/java/org/jabref/logic/formatter/bibtexfields/ClearFormatter.java	jablib/src/main/java/org/jabref/logic/formatter/casechanger/LowerCaseFormatter.java	9	11	6	0.67	true	false
jablib/src/main/java/org/jabref/logic/formatter/bibtexfields/ClearFormatter.java	jablib/src/main/java/org/jabref/logic/formatter/casechanger/ProtectTermsFormatter.java	9	33	6	0.67	true	false
jablib/src/main/java/org/jabref/logic/formatter/bibtexfields/ClearFormatter.java	jablib/src/main/java/org/jabref/logic/formatter/casechanger/SentenceCaseFormatter.java	9	12	6	0.67	true	false
jablib/src/main/java/org/jabref/logic/formatter/bibtexfields/ClearFormatter.java	jablib/src/main/java/org/jabref/logic/formatter/casechanger/TitleCaseFormatter.java	9	12	6	0.67	true	false
jablib/src/main/java/org/jabref/logic/formatter/bibtexfields/ClearFormatter.java	jablib/src/main/java/org/jabref/logic/formatter/casechanger/UpperCaseFormatter.java	9	12	6	0.67	true	false
jablib/src/main/java/org/jabref/logic/formatter/bibtexfields/ClearFormatter.java	jablib/src/main/java/org/jabref/logic/formatter/minifier/MinifyNameListFormatter.java	9	12	6	0.67	true	false
jablib/src/main/java/org/jabref/logic/layout/format/AuthorLastFirst.java	jablib/src/main/java/org/jabref/logic/layout/format/DocBookAuthorFormatter.java	9	35	6	0.67	false	false
jablib/src/main/java/org/jabref/logic/preferences/JabRefCliPreferences.java	jablib/src/main/java/org/jabref/logic/util/io/BackupFileUtil.java	1078	9	6	0.67	true	false
jabgui/src/main/java/module-info.java	test-support/src/main/java/module-info.java	149	6	4	0.67	false	true
jabgui/src/main/java/org/jabref/gui/DragAndDropDataFormats.java	jabgui/src/main/java/org/jabref/gui/util/CustomLocalDragboard.java	11	6	4	0.67	true	false
jabgui/src/main/java/org/jabref/gui/JabRefGUI.java	jabgui/src/main/java/org/jabref/gui/theme/StyleSheet.java	190	6	4	0.67	true	false
jabgui/src/main/java/org/jabref/gui/JabRefGUI.java	jabsrv/src/main/java/org/jabref/http/manager/HttpServerManager.java	190	6	4	0.67	true	true
jabgui/src/main/java/org/jabref/gui/LibraryTab.java	jabgui/src/main/java/org/jabref/gui/fieldeditors/CitationKeyEditorViewModel.java	1048	6	4	0.67	true	false
jabgui/src/main/java/org/jabref/gui/actions/StandardActions.java	jabgui/src/main/java/org/jabref/gui/preferences/keybindings/presets/NewEntryBindingPreset.java	144	6	4	0.67	true	false
jabgui/src/main/java/org/jabref/gui/autosaveandbackup/BackupManager.java	jablib/src/main/java/org/jabref/model/database/event/BibDatabaseContextChangedEvent.java	51	6	4	0.67	true	true
jabgui/src/main/java/org/jabref/gui/citationkeypattern/GenerateCitationKeySingleAction.java	jabgui/src/main/java/org/jabref/gui/frame/JabRefFrame.java	6	1215	4	0.67	true	false
jabgui/src/main/java/org/jabref/gui/cleanup/CleanupSingleAction.java	jablib/src/main/java/org/jabref/logic/cleanup/CleanupWorker.java	6	42	4	0.67	true	true
jabgui/src/main/java/org/jabref/gui/collab/DatabaseChangeDetailsViewFactory.java	jabgui/src/main/java/org/jabref/gui/collab/entrychange/EntryWithPreviewAndSourceDetailsView.java	10	6	4	0.67	true	false
jabgui/src/main/java/org/jabref/gui/collab/DatabaseChangeResolverFactory.java	jabgui/src/main/java/org/jabref/gui/dialogs/BackupUIManager.java	6	32	4	0.67	true	false
jabgui/src/main/java/org/jabref/gui/collab/DatabaseChangeResolverFactory.java	jabgui/src/main/java/org/jabref/gui/duplicationFinder/DuplicateResolverDialog.java	6	86	4	0.67	true	false
jabgui/src/main/java/org/jabref/gui/collab/DatabaseChangeResolverFactory.java	jabgui/src/main/java/org/jabref/gui/mergeentries/threewaymerge/ThreeWayMergeView.java	6	30	4	0.67	true	false
jabgui/src/main/java/org/jabref/gui/collab/entrychange/EntryChangeDetailsView.java	jabgui/src/main/java/org/jabref/gui/collab/entrychange/EntryWithPreviewAndSourceDetailsView.java	18	6	4	0.67	false	false
jabgui/src/main/java/org/jabref/gui/edit/automaticfieldeditor/AutomaticFieldEditorDialog.java	jabgui/src/main/java/org/jabref/gui/edit/automaticfieldeditor/renamefield/RenameFieldTabView.java	6	7	4	0.67	true	false
jabgui/src/main/java/org/jabref/gui/edit/automaticfieldeditor/AutomaticFieldEditorViewModel.java	jabgui/src/main/java/org/jabref/gui/edit/automaticfieldeditor/editfieldcontent/EditFieldContentTabView.java	6	6	4	0.67	true	false
jabgui/src/main/java/org/jabref/gui/entryeditor/AiSummaryTab.java	jabgui/src/main/java/org/jabref/gui/frame/JabRefFrame.java	6	1215	4	0.67	true	false
jabgui/src/main/java/org/jabref/gui/entryeditor/AiSummaryTab.java	jabgui/src/main/java/org/jabref/gui/groups/GroupTreeView.java	6	92	4	0.67	true	false
jabgui/src/main/java/org/jabref/gui/entryeditor/AiSummaryTab.java	jabgui/src/main/java/org/jabref/gui/groups/GroupTreeViewModel.java	6	88	4	0.67	true	false
jabgui/src/main/java/org/jabref/gui/fieldeditors/CitationKeyEditor.java	jabgui/src/main/java/org/jabref/gui/fieldeditors/CitationKeyEditorViewModel.java	11	6	4	0.67	false	false
jabgui/src/main/java/org/jabref/gui/fieldeditors/CitationKeyEditorViewModel.java	jablib/src/main/java/org/jabref/logic/citationkeypattern/CitationKeyGenerator.java	6	201	4	0.67	true	true
jabgui/src/main/java/org/jabref/gui/frame/MainMenu.java	jabgui/src/main/java/org/jabref/gui/preferences/keybindings/presets/NewEntryBindingPreset.java	55	6	4	0.67	true	false
jabgui/src/main/java/org/jabref/gui/frame/MainMenu.java	jabgui/src/main/java/org/jabref/gui/util/URLs.java	55	6	4	0.67	true	false
jabgui/src/main/java/org/jabref/gui/groups/GroupTreeView.java	jabgui/src/main/java/org/jabref/gui/sidepane/GroupsSidePaneComponent.java	92	6	4	0.67	true	false
jabgui/src/main/java/org/jabref/gui/importer/ImportCustomEntryTypesDialog.java	jabgui/src/main/java/org/jabref/gui/importer/ImportCustomEntryTypesDialogViewModel.java	6	6	4	0.67	false	false
jabgui/src/main/java/org/jabref/gui/importer/ImportCustomEntryTypesDialogViewModel.java	jabgui/src/main/java/org/jabref/migrations/CustomEntryTypePreferenceMigration.java	6	12	4	0.67	true	false
jabgui/src/main/java/org/jabref/gui/mergeentries/multiwaymerge/MultiMergeEntriesView.java	jabgui/src/main/java/org/jabref/gui/mergeentries/multiwaymerge/MultiMergeEntriesViewModel.java	17	6	4	0.67	false	false
jabgui/src/main/java/org/jabref/gui/mergeentries/threewaymerge/FieldRowViewModel.java	jabgui/src/main/java/org/jabref/gui/mergeentries/threewaymerge/fieldsmerger/GroupMerger.java	8	6	4	0.67	true	false
jabgui/src/main/java/org/jabref/gui/mergeentries/threewaymerge/ThreeWayMergeView.java	jabgui/src/main/java/org/jabref/gui/mergeentries/threewaymerge/fieldsmerger/GroupMerger.java	30	6	4	0.67	true	false
jabgui/src/main/java/org/jabref/gui/mergeentries/threewaymerge/fieldsmerger/FieldMergerFactory.java	jabgui/src/main/java/org/jabref/gui/mergeentries/threewaymerge/fieldsmerger/GroupMerger.java	7	6	4	0.67	false	false
jabgui/src/main/java/org/jabref/gui/mergeentries/threewaymerge/fieldsmerger/FieldMergerFactory.java	jabgui/src/main/java/org/jabref/gui/mergeentries/threewaymerge/fieldsmerger/KeywordMerger.java	7	6	4	0.67	false	false
jabgui/src/main/java/org/jabref/gui/mergeentries/threewaymerge/fieldsmerger/GroupMerger.java	jabgui/src/main/java/org/jabref/gui/mergeentries/threewaymerge/fieldsmerger/KeywordMerger.java	6	6	4	0.67	false	false
jabgui/src/main/java/org/jabref/gui/openoffice/JStyleSelectViewModel.java	jabgui/src/main/java/org/jabref/gui/openoffice/OOBibBase.java	6	159	4	0.67	false	false
jabgui/src/main/java/org/jabref/gui/openoffice/JStyleSelectViewModel.java	jablib/src/main/java/org/jabref/logic/openoffice/OpenOfficePreferences.java	6	33	4	0.67	true	true
jabgui/src/main/java/org/jabref/gui/openoffice/JStyleSelectViewModel.java	jablib/src/main/java/org/jabref/logic/openoffice/style/JStyle.java	6	104	4	0.67	true	true
jabgui/src/main/java/org/jabref/gui/openoffice/JStyleSelectViewModel.java	jablib/src/main/java/org/jabref/logic/openoffice/style/JStyleLoader.java	6	19	4	0.67	true	true
jabgui/src/main/java/org/jabref/gui/openoffice/OOBibBase.java	jablib/src/main/java/org/jabref/logic/openoffice/action/EditInsert.java	159	6	4	0.67	true	true
jabgui/src/main/java/org/jabref/gui/openoffice/OpenOfficePanel.java	jablib/src/main/java/org/jabref/logic/openoffice/action/EditInsert.java	230	6	4	0.67	true	true
jabgui/src/main/java/org/jabref/gui/preferences/PreferencesDialogViewModel.java	jabgui/src/main/java/org/jabref/gui/preferences/nameformatter/NameFormatterTabViewModel.java	59	6	4	0.67	true	false
jabgui/src/main/java/org/jabref/gui/preferences/customentrytypes/EntryTypeViewModel.java	jabgui/src/main/java/org/jabref/gui/preferences/customentrytypes/FieldViewModel.java	6	14	4	0.67	false	false
jabgui/src/main/java/org/jabref/gui/preferences/export/ExportTabViewModel.java	jablib/src/main/java/org/jabref/logic/preferences/JabRefCliPreferences.java	6	1078	4	0.67	true	true
jabgui/src/main/java/org/jabref/gui/preferences/external/ExternalTab.java	jabgui/src/main/java/org/jabref/gui/preferences/nameformatter/NameFormatterTabViewModel.java	18	6	4	0.67	true	false
jabgui/src/main/java/org/jabref/gui/preferences/general/GeneralTab.java	jabgui/src/main/java/org/jabref/gui/preferences/nameformatter/NameFormatterTabViewModel.java	55	6	4	0.67	true	false
jabgui/src/main/java/org/jabref/gui/preferences/general/GeneralTabViewModel.java	jablib/src/main/java/org/jabref/logic/preferences/TimestampPreferences.java	79	6	4	0.67	true	true
jabgui/src/main/java/org/jabref/gui/preferences/general/GeneralTabViewModel.java	jabsrv/src/main/java/org/jabref/http/manager/HttpServerManager.java	79	6	4	0.67	true	true
jabgui/src/main/java/org/jabref/gui/preferences/nameformatter/NameFormatterTabViewModel.java	jabgui/src/main/java/org/jabref/gui/preferences/table/TableTab.java	6	10	4	0.67	true	false
jabgui/src/main/java/org/jabref/gui/preferences/nameformatter/NameFormatterTabViewModel.java	jabgui/src/main/java/org/jabref/gui/preferences/xmp/XmpPrivacyTabViewModel.java	6	10	4	0.67	true	false
jabgui/src/main/java/org/jabref/gui/preferences/nameformatter/NameFormatterTabViewModel.java	jablib/src/main/java/org/jabref/logic/preferences/JabRefCliPreferences.java	6	1078	4	0.67	true	true
jabgui/src/main/java/org/jabref/gui/preferences/ocr/OcrTabViewModel.java	jablib/src/main/java/org/jabref/logic/preferences/JabRefCliPreferences.java	6	1078	4	0.67	true	true
jabgui/src/main/java/org/jabref/gui/preferences/preview/PreviewTabViewModel.java	jabgui/src/main/java/org/jabref/gui/util/CustomLocalDragboard.java	46	6	4	0.67	true	false
jabgui/src/main/java/org/jabref/gui/search/GlobalSearchBar.java	jabgui/src/main/java/org/jabref/gui/search/GlobalSearchResultDialogViewModel.java	111	6	4	0.67	false	false
jabgui/src/main/java/org/jabref/gui/search/GlobalSearchResultDialogViewModel.java	jablib/src/main/java/org/jabref/logic/preferences/JabRefCliPreferences.java	6	1078	4	0.67	true	true
jabgui/src/main/java/org/jabref/gui/search/GlobalSearchResultDialogViewModel.java	jablib/src/main/java/org/jabref/logic/search/SearchPreferences.java	6	14	4	0.67	true	true
jabgui/src/main/java/org/jabref/gui/specialfields/SpecialFieldAction.java	jabgui/src/main/java/org/jabref/gui/specialfields/SpecialFieldMenuItemFactory.java	25	6	4	0.67	false	false
jabgui/src/main/java/org/jabref/gui/specialfields/SpecialFieldMenuItemFactory.java	jabgui/src/main/java/org/jabref/gui/specialfields/SpecialFieldViewModel.java	6	17	4	0.67	false	false
jabgui/src/main/java/org/jabref/gui/theme/StyleSheet.java	jabgui/src/main/java/org/jabref/gui/theme/StyleSheetFile.java	6	7	4	0.67	false	false
jabgui/src/main/java/org/jabref/gui/theme/ThemeManager.java	jabgui/src/main/java/org/jabref/gui/welcome/quicksettings/ThemeDialog.java	27	6	4	0.67	true	false
jabgui/src/main/java/org/jabref/gui/welcome/quicksettings/ThemeDialog.java	jabgui/src/main/java/org/jabref/gui/welcome/quicksettings/viewmodel/ThemeDialogViewModel.java	6	8	4	0.67	true	false
jabkit/src/main/java/module-info.java	test-support/src/main/java/module-info.java	14	6	4	0.67	false	true
jabkit/src/main/java/org/jabref/toolkit/commands/DoiToBibtex.java	jabkit/src/main/java/org/jabref/toolkit/commands/Preferences.java	8	6	4	0.67	false	false
jabkit/src/main/java/org/jabref/toolkit/commands/Preferences.java	jabkit/src/main/java/org/jabref/toolkit/commands/Pseudonymize.java	6	10	4	0.67	false	false
jablib/src/main/java/module-info.java	test-support/src/main/java/module-info.java	56	6	4	0.67	false	true
jablib/src/main/java/org/jabref/logic/auxparser/DefaultAuxParser.java	jablib/src/main/java/org/jabref/model/database/KeyCollisionException.java	73	6	4	0.67	true	false
jablib/src/main/java/org/jabref/logic/exporter/TemplateExporter.java	jablib/src/main/java/org/jabref/logic/layout/format/Number.java	88	6	4	0.67	true	false
jablib/src/main/java/org/jabref/logic/importer/EntryBasedParserFetcher.java	jablib/src/main/java/org/jabref/logic/importer/SearchBasedParserFetcher.java	6	20	4	0.67	false	false
jablib/src/main/java/org/jabref/logic/importer/ImportFormatReader.java	jablib/src/main/java/org/jabref/logic/importer/fileformat/pdf/PdfImporter.java	197	6	4	0.67	true	false
jablib/src/main/java/org/jabref/logic/importer/Importer.java	jablib/src/main/java/org/jabref/logic/importer/fileformat/pdf/PdfImporter.java	47	6	4	0.67	true	false
jablib/src/main/java/org/jabref/logic/importer/PagedSearchBasedFetcher.java	jablib/src/main/java/org/jabref/logic/importer/PagedSearchBasedParserFetcher.java	8	6	4	0.67	false	false
jablib/src/main/java/org/jabref/logic/importer/PagedSearchBasedParserFetcher.java	jablib/src/main/java/org/jabref/logic/importer/SearchBasedFetcher.java	6	16	4	0.67	false	false
jablib/src/main/java/org/jabref/logic/importer/PagedSearchBasedParserFetcher.java	jablib/src/main/java/org/jabref/logic/importer/SearchBasedParserFetcher.java	6	20	4	0.67	false	false
jablib/src/main/java/org/jabref/logic/importer/PagedSearchBasedParserFetcher.java	jablib/src/main/java/org/jabref/logic/importer/fetcher/AstrophysicsDataSystem.java	6	42	4	0.67	true	false
jablib/src/main/java/org/jabref/logic/importer/PagedSearchBasedParserFetcher.java	jablib/src/main/java/org/jabref/logic/importer/fetcher/IEEE.java	6	55	4	0.67	true	false
jablib/src/main/java/org/jabref/logic/importer/PagedSearchBasedParserFetcher.java	jablib/src/main/java/org/jabref/logic/importer/fetcher/SpringerNatureWebFetcher.java	6	30	4	0.67	true	false
jablib/src/main/java/org/jabref/logic/importer/WebFetcher.java	jablib/src/main/java/org/jabref/logic/importer/fetcher/AstrophysicsDataSystem.java	6	42	4	0.67	true	false
jablib/src/main/java/org/jabref/logic/importer/fetcher/CollectionOfComputerScienceBibliographiesFetcher.java	jablib/src/main/java/org/jabref/logic/importer/fetcher/CollectionOfComputerScienceBibliographiesParser.java	12	6	4	0.67	false	false
jablib/src/main/java/org/jabref/logic/importer/fetcher/citation/CitationFetcher.java	jablib/src/main/java/org/jabref/logic/importer/fetcher/citation/semanticscholar/SemanticScholarCitationFetcher.java	6	17	4	0.67	true	false
jablib/src/main/java/org/jabref/logic/integrity/EditionChecker.java	jablib/src/main/java/org/jabref/logic/integrity/MonthChecker.java	16	6	4	0.67	false	false
jablib/src/main/java/org/jabref/logic/integrity/MonthChecker.java	jablib/src/main/java/org/jabref/logic/integrity/NoteChecker.java	6	6	4	0.67	false	false
jablib/src/main/java/org/jabref/logic/integrity/MonthChecker.java	jablib/src/main/java/org/jabref/logic/integrity/PagesChecker.java	6	12	4	0.67	false	false
jablib/src/main/java/org/jabref/logic/integrity/NoteChecker.java	jablib/src/main/java/org/jabref/logic/integrity/PagesChecker.java	6	12	4	0.67	false	false
jablib/src/main/java/org/jabref/logic/layout/Layout.java	jablib/src/main/java/org/jabref/logic/layout/format/RemoveBracketsAddComma.java	53	6	4	0.67	true	false
jablib/src/main/java/org/jabref/logic/layout/format/NameFormatterPreferences.java	jablib/src/main/java/org/jabref/logic/preferences/JabRefCliPreferences.java	6	1078	4	0.67	true	false
jablib/src/main/java/org/jabref/logic/layout/format/RemoveBracketsAddComma.java	jablib/src/main/java/org/jabref/logic/layout/format/RemoveTilde.java	6	6	4	0.67	false	false
jablib/src/main/java/org/jabref/logic/openoffice/OpenOfficePreferences.java	jablib/src/main/java/org/jabref/logic/openoffice/action/EditInsert.java	33	6	4	0.67	true	false
jablib/src/main/java/org/jabref/logic/openoffice/action/EditInsert.java	jablib/src/main/java/org/jabref/logic/preferences/JabRefCliPreferences.java	6	1078	4	0.67	true	false
jablib/src/main/java/org/jabref/logic/openoffice/frontend/OOFrontend.java	jablib/src/main/java/org/jabref/logic/openoffice/frontend/UpdateCitationMarkers.java	9	6	4	0.67	false	false
jablib/src/main/java/org/jabref/logic/preferences/JabRefCliPreferences.java	jablib/src/main/java/org/jabref/logic/remote/server/RemoteListenerServerThread.java	1078	6	4	0.67	true	false
jablib/src/main/java/org/jabref/logic/push/AbstractPushToApplication.java	jablib/src/main/java/org/jabref/logic/push/PushToSublimeText.java	50	6	4	0.67	false	false
jablib/src/main/java/org/jabref/logic/push/PushToEmacs.java	jablib/src/main/java/org/jabref/logic/push/PushToSublimeText.java	68	6	4	0.67	false	false
jablib/src/main/java/org/jabref/logic/push/PushToSublimeText.java	jablib/src/main/java/org/jabref/logic/push/PushToVim.java	6	58	4	0.67	false	false
jablib/src/main/java/org/jabref/logic/remote/Protocol.java	jablib/src/main/java/org/jabref/logic/remote/server/RemoteListenerServerThread.java	12	6	4	0.67	true	false
jablib/src/main/java/org/jabref/logic/shared/DBMSSynchronizer.java	jablib/src/main/java/org/jabref/model/database/event/BibDatabaseContextChangedEvent.java	38	6	4	0.67	true	false
jablib/src/main/java/org/jabref/model/database/BibDatabase.java	jablib/src/main/java/org/jabref/model/database/event/BibDatabaseContextChangedEvent.java	209	6	4	0.67	true	false
jablib/src/main/java/org/jabref/model/database/event/BibDatabaseContextChangedEvent.java	jablib/src/main/java/org/jabref/model/entry/event/FieldChangedEvent.java	6	16	4	0.67	true	false
jablib/src/main/java/org/jabref/model/entry/BibEntry.java	jablib/src/main/java/org/jabref/model/entry/event/EntryChangedEvent.java	312	6	4	0.67	true	false
jablib/src/main/java/org/jabref/model/entry/Keyword.java	jablib/src/main/java/org/jabref/model/entry/KeywordList.java	6	18	4	0.67	false	false
jablib/src/main/java/org/jabref/model/entry/event/EntryChangedEvent.java	jablib/src/main/java/org/jabref/model/entry/event/FieldChangedEvent.java	6	16	4	0.67	false	false
jablib/src/main/java/org/jabref/model/entry/field/Field.java	jablib/src/main/java/org/jabref/model/entry/field/FieldFactory.java	6	32	4	0.67	false	false
jablib/src/main/java/org/jabref/model/groups/AbstractGroup.java	jablib/src/main/java/org/jabref/model/groups/GroupHierarchyType.java	58	6	4	0.67	false	false
jabls/src/main/java/module-info.java	test-support/src/main/java/module-info.java	12	6	4	0.67	false	true
jabsrv-cli/src/main/java/module-info.java	test-support/src/main/java/module-info.java	11	6	4	0.67	false	true
jabsrv/src/main/java/module-info.java	test-support/src/main/java/module-info.java	25	6	4	0.67	false	true
jabsrv/src/main/java/org/jabref/http/manager/HttpServerManager.java	jabsrv/src/main/java/org/jabref/http/server/Server.java	6	20	4	0.67	true	false
jablib/src/main/java/org/jabref/logic/importer/fileformat/BiblioscapeImporter.java	jablib/src/main/java/org/jabref/logic/importer/fileformat/InspecImporter.java	48	44	29	0.66	false	false
jablib/src/main/java/org/jabref/logic/importer/fileformat/InspecImporter.java	jablib/src/main/java/org/jabref/logic/importer/fileformat/MedlinePlainImporter.java	44	60	29	0.66	false	false
jablib/src/main/java/org/jabref/logic/citationkeypattern/AbstractCitationKeyPatterns.java	jablib/src/main/java/org/jabref/logic/citationkeypattern/CitationKeyGenerator.java	26	201	17	0.65	false	false
jabgui/src/main/java/org/jabref/gui/preview/PreviewPreferences.java	jablib/src/main/java/org/jabref/logic/preferences/JabRefCliPreferences.java	20	1078	13	0.65	true	true
jablib/src/main/java/org/jabref/logic/importer/fileformat/EndnoteImporter.java	jablib/src/main/java/org/jabref/logic/importer/fileformat/OvidImporter.java	70	57	37	0.65	false	false
jablib/src/main/java/org/jabref/logic/importer/fileformat/BiblioscapeImporter.java	jablib/src/main/java/org/jabref/logic/importer/fileformat/OvidImporter.java	48	57	31	0.65	false	false
jablib/src/main/java/org/jabref/logic/importer/fileformat/BiblioscapeImporter.java	jablib/src/main/java/org/jabref/logic/importer/fileformat/RisImporter.java	48	94	31	0.65	false	false
build-support/src/main/java/CitationStyleCatalogGenerator.java	jablib/src/main/java/org/jabref/logic/citationstyle/CSLStyleLoader.java	25	14	9	0.64	true	true
jabgui/src/main/java/org/jabref/gui/LibraryTab.java	jablib/src/main/java/org/jabref/model/search/matchers/AndMatcher.java	1048	14	9	0.64	true	true
jabgui/src/main/java/org/jabref/gui/entryeditor/PreviewTab.java	jabgui/src/main/java/org/jabref/gui/entryeditor/UserDefinedFieldsTab.java	14	22	9	0.64	false	false
jabgui/src/main/java/org/jabref/gui/entryeditor/PreviewTab.java	jabgui/src/main/java/org/jabref/gui/preview/PreviewPanel.java	14	29	9	0.64	true	false
jabgui/src/main/java/org/jabref/gui/exporter/CreateModifyExporterDialogViewModel.java	jablib/src/main/java/org/jabref/logic/preferences/CliPreferences.java	14	115	9	0.64	true	true
jabgui/src/main/java/org/jabref/gui/frame/JabRefFrame.java	jabgui/src/main/java/org/jabref/gui/sidepane/SidePaneContentFactory.java	1215	14	9	0.64	true	false
jabgui/src/main/java/org/jabref/gui/frame/JabRefFrame.java	jablib/src/main/java/org/jabref/logic/search/SearchPreferences.java	1215	14	9	0.64	true	true
jabgui/src/main/java/org/jabref/gui/preferences/customentrytypes/CustomEntryTypesTab.java	jabgui/src/main/java/org/jabref/gui/preferences/customentrytypes/FieldViewModel.java	41	14	9	0.64	false	false
jabgui/src/main/java/org/jabref/gui/search/GlobalSearchBar.java	jablib/src/main/java/org/jabref/logic/search/SearchPreferences.java	111	14	9	0.64	true	true
jabkit/src/main/java/org/jabref/toolkit/commands/GenerateCitationKeys.java	jabkit/src/main/java/org/jabref/toolkit/commands/JabKit.java	14	18	9	0.64	false	false
jablib/src/main/java/org/jabref/logic/citationstyle/CSLStyleLoader.java	jablib/src/main/java/org/jabref/logic/citationstyle/CitationStyle.java	14	41	9	0.64	false	false
jablib/src/main/java/org/jabref/logic/importer/fetcher/DOAJFetcher.java	jablib/src/main/java/org/jabref/logic/importer/fetcher/IEEE.java	14	55	9	0.64	false	false
jablib/src/main/java/org/jabref/logic/layout/format/AuthorFirstFirst.java	jablib/src/main/java/org/jabref/logic/layout/format/DocBookAuthorFormatter.java	14	35	9	0.64	false	false
jablib/src/main/java/org/jabref/model/groups/ExplicitGroup.java	jablib/src/main/java/org/jabref/model/groups/KeywordGroup.java	81	93	52	0.64	false	false
jablib/src/main/java/org/jabref/logic/importer/fetcher/ACS.java	jablib/src/main/java/org/jabref/logic/importer/fetcher/ScienceDirect.java	25	35	16	0.64	false	false
jablib/src/main/java/org/jabref/model/groups/AbstractGroup.java	jablib/src/main/java/org/jabref/model/groups/ExplicitGroup.java	58	81	37	0.64	false	false
jabgui/src/main/java/org/jabref/gui/openoffice/OpenOfficePanel.java	jablib/src/main/java/org/jabref/logic/openoffice/OpenOfficePreferences.java	230	33	21	0.64	true	true
jabgui/src/main/java/org/jabref/gui/entryeditor/EntryEditor.java	jabgui/src/main/java/org/jabref/gui/entryeditor/UserDefinedFieldsTab.java	655	22	14	0.64	false	false
jabgui/src/main/java/org/jabref/gui/openoffice/DetectOpenOfficeInstallation.java	jabgui/src/main/java/org/jabref/gui/openoffice/OpenOfficePanel.java	22	230	14	0.64	false	false
jablib/src/main/java/org/jabref/logic/push/PushToApplication.java	jablib/src/main/java/org/jabref/logic/push/PushToVim.java	22	58	14	0.64	false	false
jabgui/src/main/java/org/jabref/gui/collab/entrychange/EntryChangeResolver.java	jabgui/src/main/java/org/jabref/gui/mergeentries/threewaymerge/MergeEntriesAction.java	11	18	7	0.64	true	false
jabgui/src/main/java/org/jabref/gui/collab/entrychange/EntryChangeResolver.java	jabgui/src/main/java/org/jabref/gui/mergeentries/threewaymerge/ThreeWayMergeView.java	11	30	7	0.64	true	false
jabgui/src/main/java/org/jabref/gui/collab/entrychange/EntryChangeResolver.java	jabgui/src/main/java/org/jabref/gui/mergeentries/threewaymerge/toolbar/ThreeWayMergeToolbar.java	11	24	7	0.64	true	false
jabgui/src/main/java/org/jabref/gui/entryeditor/EntryEditor.java	jabgui/src/main/java/org/jabref/gui/fieldeditors/CitationKeyEditor.java	655	11	7	0.64	true	false
jabgui/src/main/java/org/jabref/gui/frame/JabRefFrame.java	jabgui/src/main/java/org/jabref/gui/help/SearchForUpdateAction.java	1215	11	7	0.64	true	false
jabgui/src/main/java/org/jabref/gui/libraryproperties/saving/SavingPropertiesViewModel.java	jablib/src/main/java/org/jabref/logic/preferences/JabRefCliPreferences.java	11	1078	7	0.64	true	true
jabgui/src/main/java/org/jabref/gui/preferences/groups/GroupsTabViewModel.java	jablib/src/main/java/org/jabref/logic/preferences/JabRefCliPreferences.java	11	1078	7	0.64	true	true
jabgui/src/main/java/org/jabref/gui/search/GlobalSearchBar.java	jabgui/src/main/java/org/jabref/gui/search/SearchTextField.java	111	11	7	0.64	false	false
jabgui/src/main/java/org/jabref/gui/texparser/ParseLatexDialogViewModel.java	jablib/src/main/java/org/jabref/model/texparser/LatexBibEntriesResolverResult.java	30	11	7	0.64	true	true
jabgui/src/main/java/org/jabref/gui/texparser/ParseLatexResultView.java	jabgui/src/main/java/org/jabref/gui/texparser/ParseLatexResultViewModel.java	16	11	7	0.64	false	false
jabkit/src/main/java/org/jabref/toolkit/JabKitLauncher.java	jabkit/src/main/java/org/jabref/toolkit/commands/CheckIntegrity.java	16	11	7	0.64	true	false
jabkit/src/main/java/org/jabref/toolkit/commands/CheckIntegrity.java	jabkit/src/main/java/org/jabref/toolkit/commands/JabKit.java	11	18	7	0.64	false	false
jablib/src/main/java/org/jabref/logic/auxparser/AuxParserResult.java	jablib/src/main/java/org/jabref/logic/auxparser/DefaultAuxParser.java	11	73	7	0.64	false	false
jablib/src/main/java/org/jabref/logic/formatter/bibtexfields/LatexCleanupFormatter.java	jablib/src/main/java/org/jabref/logic/formatter/casechanger/CapitalizeFormatter.java	15	11	7	0.64	true	false
jablib/src/main/java/org/jabref/logic/formatter/bibtexfields/LatexCleanupFormatter.java	jablib/src/main/java/org/jabref/logic/formatter/casechanger/LowerCaseFormatter.java	15	11	7	0.64	true	false
jablib/src/main/java/org/jabref/logic/formatter/bibtexfields/NormalizeDateFormatter.java	jablib/src/main/java/org/jabref/logic/formatter/casechanger/CapitalizeFormatter.java	15	11	7	0.64	true	false
jablib/src/main/java/org/jabref/logic/formatter/bibtexfields/NormalizeDateFormatter.java	jablib/src/main/java/org/jabref/logic/formatter/casechanger/LowerCaseFormatter.java	15	11	7	0.64	true	false
jablib/src/main/java/org/jabref/logic/formatter/bibtexfields/NormalizeMonthFormatter.java	jablib/src/main/java/org/jabref/logic/formatter/casechanger/CapitalizeFormatter.java	12	11	7	0.64	true	false
jablib/src/main/java/org/jabref/logic/formatter/bibtexfields/NormalizeMonthFormatter.java	jablib/src/main/java/org/jabref/logic/formatter/casechanger/LowerCaseFormatter.java	12	11	7	0.64	true	false
jablib/src/main/java/org/jabref/logic/formatter/bibtexfields/NormalizeNamesFormatter.java	jablib/src/main/java/org/jabref/logic/formatter/casechanger/CapitalizeFormatter.java	26	11	7	0.64	true	false
jablib/src/main/java/org/jabref/logic/formatter/bibtexfields/NormalizeNamesFormatter.java	jablib/src/main/java/org/jabref/logic/formatter/casechanger/LowerCaseFormatter.java	26	11	7	0.64	true	false
jablib/src/main/java/org/jabref/logic/formatter/bibtexfields/OrdinalsToSuperscriptFormatter.java	jablib/src/main/java/org/jabref/logic/formatter/casechanger/CapitalizeFormatter.java	16	11	7	0.64	true	false
jablib/src/main/java/org/jabref/logic/formatter/bibtexfields/OrdinalsToSuperscriptFormatter.java	jablib/src/main/java/org/jabref/logic/formatter/casechanger/LowerCaseFormatter.java	16	11	7	0.64	true	false
jablib/src/main/java/org/jabref/logic/formatter/bibtexfields/UnitsToLatexFormatter.java	jablib/src/main/java/org/jabref/logic/formatter/casechanger/CapitalizeFormatter.java	21	11	7	0.64	true	false
jablib/src/main/java/org/jabref/logic/formatter/bibtexfields/UnitsToLatexFormatter.java	jablib/src/main/java/org/jabref/logic/formatter/casechanger/LowerCaseFormatter.java	21	11	7	0.64	true	false
jablib/src/main/java/org/jabref/logic/formatter/casechanger/CapitalizeFormatter.java	jablib/src/main/java/org/jabref/logic/formatter/casechanger/ProtectTermsFormatter.java	11	33	7	0.64	false	false
jablib/src/main/java/org/jabref/logic/formatter/casechanger/CapitalizeFormatter.java	jablib/src/main/java/org/jabref/logic/formatter/minifier/MinifyNameListFormatter.java	11	12	7	0.64	true	false
jablib/src/main/java/org/jabref/logic/formatter/casechanger/LowerCaseFormatter.java	jablib/src/main/java/org/jabref/logic/formatter/casechanger/ProtectTermsFormatter.java	11	33	7	0.64	false	false
jablib/src/main/java/org/jabref/logic/formatter/casechanger/LowerCaseFormatter.java	jablib/src/main/java/org/jabref/logic/formatter/minifier/MinifyNameListFormatter.java	11	12	7	0.64	true	false
jablib/src/main/java/org/jabref/logic/importer/fetcher/GoogleScholar.java	jablib/src/main/java/org/jabref/logic/importer/fetcher/JstorFetcher.java	36	11	7	0.64	false	false
jablib/src/main/java/org/jabref/logic/layout/format/AuthorAndsCommaReplacer.java	jablib/src/main/java/org/jabref/logic/layout/format/AuthorAndsReplacer.java	11	11	7	0.64	false	false
jablib/src/main/java/org/jabref/logic/preferences/JabRefCliPreferences.java	jablib/src/main/java/org/jabref/logic/preview/CitationStylePreviewLayout.java	1078	11	7	0.64	true	false
jablib/src/main/java/org/jabref/logic/texparser/TexBibEntriesResolver.java	jablib/src/main/java/org/jabref/model/texparser/LatexBibEntriesResolverResult.java	18	11	7	0.64	true	false
jabgui/src/main/java/org/jabref/gui/entryeditor/fileannotationtab/FileAnnotationTab.java	jablib/src/main/java/org/jabref/logic/pdf/PdfAnnotationImporter.java	90	30	19	0.63	true	true
jablib/src/main/java/org/jabref/logic/importer/fetcher/IEEE.java	jablib/src/main/java/org/jabref/logic/importer/fetcher/SpringerNatureWebFetcher.java	55	30	19	0.63	false	false
jablib/src/main/java/org/jabref/logic/push/PushToLyx.java	jablib/src/main/java/org/jabref/logic/push/PushToVim.java	49	58	31	0.63	false	false
jablib/src/main/java/org/jabref/logic/importer/fileformat/IsiImporter.java	jablib/src/main/java/org/jabref/logic/importer/fileformat/OvidImporter.java	95	57	36	0.63	false	false
jablib/src/main/java/org/jabref/logic/exporter/BibDatabaseWriter.java	jablib/src/main/java/org/jabref/logic/exporter/SaveConfiguration.java	89	35	22	0.63	false	false
jablib/src/main/java/org/jabref/logic/importer/fileformat/BiblioscapeImporter.java	jablib/src/main/java/org/jabref/logic/importer/fileformat/EndnoteImporter.java	48	70	30	0.63	false	false
jabgui/src/main/java/org/jabref/gui/preferences/websearch/WebSearchTabViewModel.java	jablib/src/main/java/org/jabref/logic/preferences/JabRefCliPreferences.java	40	1078	25	0.63	true	true
jabgui/src/main/java/org/jabref/gui/maintable/MainTableColumnFactory.java	jabgui/src/main/java/org/jabref/gui/maintable/columns/FieldColumn.java	64	16	10	0.63	true	false
jabgui/src/main/java/org/jabref/gui/maintable/MainTableColumnModel.java	jablib/src/main/java/org/jabref/logic/preferences/JabRefCliPreferences.java	16	1078	10	0.63	true	true
jabgui/src/main/java/org/jabref/gui/preferences/customimporter/CustomImporterTabViewModel.java	jablib/src/main/java/org/jabref/logic/preferences/JabRefCliPreferences.java	16	1078	10	0.63	true	true
jablib/src/main/java/org/jabref/logic/cleanup/MoveFilesCleanup.java	jablib/src/main/java/org/jabref/logic/cleanup/RelativePathsCleanup.java	22	16	10	0.63	false	false
jabgui/src/main/java/org/jabref/gui/JabRefGUI.java	jabls/src/main/java/org/jabref/languageserver/LspLauncher.java	190	8	5	0.63	true	true
jabgui/src/main/java/org/jabref/gui/JabRefGuiStateManager.java	jabgui/src/main/java/org/jabref/gui/StateManager.java	8	50	5	0.63	false	false
jabgui/src/main/java/org/jabref/gui/LibraryTab.java	jabgui/src/main/java/org/jabref/gui/LibraryTabContainer.java	1048	8	5	0.63	false	false
jabgui/src/main/java/org/jabref/gui/LibraryTab.java	jablib/src/main/java/org/jabref/logic/layout/format/RisMonth.java	1048	8	5	0.63	true	true
jabgui/src/main/java/org/jabref/gui/LibraryTabContainer.java	jabgui/src/main/java/org/jabref/gui/shared/SharedDatabaseUIManager.java	8	62	5	0.63	true	false
jabgui/src/main/java/org/jabref/gui/entryeditor/AiChatTab.java	jabgui/src/main/java/org/jabref/gui/frame/JabRefFrame.java	8	1215	5	0.63	true	false
jabgui/src/main/java/org/jabref/gui/entryeditor/AiChatTab.java	jabgui/src/main/java/org/jabref/gui/groups/GroupTreeView.java	8	92	5	0.63	true	false
jabgui/src/main/java/org/jabref/gui/entryeditor/EntryEditor.java	jabgui/src/main/java/org/jabref/gui/fieldeditors/FieldEditorFX.java	655	8	5	0.63	true	false
jabgui/src/main/java/org/jabref/gui/fieldeditors/FieldEditors.java	jabgui/src/main/java/org/jabref/gui/fieldeditors/UrlEditorViewModel.java	60	8	5	0.63	false	false
jabgui/src/main/java/org/jabref/gui/fieldeditors/UrlEditor.java	jabgui/src/main/java/org/jabref/gui/fieldeditors/UrlEditorViewModel.java	18	8	5	0.63	false	false
jabgui/src/main/java/org/jabref/gui/frame/JabRefFrame.java	jabgui/src/main/java/org/jabref/gui/mergeentries/MergeWithFetchedEntryAction.java	1215	8	5	0.63	true	false
jabgui/src/main/java/org/jabref/gui/groups/GroupNodeViewModel.java	jabgui/src/main/java/org/jabref/gui/icon/JabRefIcon.java	68	8	5	0.63	true	false
jabgui/src/main/java/org/jabref/gui/groups/GroupsPreferences.java	jabgui/src/main/java/org/jabref/gui/preferences/groups/GroupsTab.java	8	10	5	0.63	true	false
jabgui/src/main/java/org/jabref/gui/libraryproperties/keypattern/KeyPatternPropertiesView.java	jabgui/src/main/java/org/jabref/gui/preferences/citationkeypattern/CitationKeyPatternTab.java	8	15	5	0.63	true	false
jabgui/src/main/java/org/jabref/gui/mergeentries/threewaymerge/FieldRowView.java	jabgui/src/main/java/org/jabref/gui/mergeentries/threewaymerge/FieldRowViewModel.java	15	8	5	0.63	false	false
jabgui/src/main/java/org/jabref/gui/mergeentries/threewaymerge/ThreeWayMergeView.java	jabgui/src/main/java/org/jabref/gui/mergeentries/threewaymerge/cell/FieldValueCell.java	30	8	5	0.63	true	false
jabgui/src/main/java/org/jabref/gui/openoffice/OOBibBase.java	jablib/src/main/java/org/jabref/logic/openoffice/oocsltext/BSTCitationOOAdapter.java	159	8	5	0.63	true	true
jabgui/src/main/java/org/jabref/gui/preferences/JabRefGuiPreferences.java	jabgui/src/main/java/org/jabref/gui/welcome/quicksettings/viewmodel/ThemeDialogViewModel.java	60	8	5	0.63	true	false
jabgui/src/main/java/org/jabref/gui/preferences/PreferenceTabViewModel.java	jabgui/src/main/java/org/jabref/gui/preferences/PreferencesDialogViewModel.java	8	59	5	0.63	false	false
jabgui/src/main/java/org/jabref/gui/preferences/PreferencesDialogViewModel.java	jabgui/src/main/java/org/jabref/gui/preferences/xmp/XmpPrivacyTab.java	59	8	5	0.63	true	false
jabgui/src/main/java/org/jabref/gui/preferences/PreferencesFilter.java	jablib/src/main/java/org/jabref/logic/preferences/JabRefCliPreferences.java	8	1078	5	0.63	true	true
jabgui/src/main/java/org/jabref/gui/preferences/general/GeneralTab.java	jabgui/src/main/java/org/jabref/gui/preferences/nameformatter/NameFormatterTab.java	55	8	5	0.63	true	false
jabgui/src/main/java/org/jabref/gui/preferences/nameformatter/NameFormatterTab.java	jabgui/src/main/java/org/jabref/gui/preferences/table/TableTab.java	8	10	5	0.63	true	false
jabgui/src/main/java/org/jabref/gui/preferences/nameformatter/NameFormatterTab.java	jabgui/src/main/java/org/jabref/gui/preferences/xmp/XmpPrivacyTab.java	8	8	5	0.63	true	false
jabgui/src/main/java/org/jabref/gui/preferences/preview/PreviewTab.java	jablib/src/main/java/org/jabref/logic/preview/PreviewLayout.java	42	8	5	0.63	true	true
jabgui/src/main/java/org/jabref/gui/preview/PreviewPreferences.java	jablib/src/main/java/org/jabref/logic/preview/PreviewLayout.java	20	8	5	0.63	true	true
jabgui/src/main/java/org/jabref/gui/push/GuiPushToEmacsSettings.java	jablib/src/main/java/org/jabref/logic/push/PushToLyx.java	8	49	5	0.63	true	true
jabgui/src/main/java/org/jabref/gui/push/GuiPushToVimSettings.java	jablib/src/main/java/org/jabref/logic/push/PushToLyx.java	8	49	5	0.63	true	true
jabgui/src/main/java/org/jabref/gui/slr/ManageStudyDefinitionView.java	jabgui/src/main/java/org/jabref/gui/slr/StudyCatalogItem.java	19	8	5	0.63	false	false
jabgui/src/main/java/org/jabref/gui/slr/ManageStudyDefinitionViewModel.java	jablib/src/main/java/org/jabref/logic/crawler/StudyCatalogToFetcherConverter.java	17	8	5	0.63	true	true
jabgui/src/main/java/org/jabref/gui/slr/ManageStudyDefinitionViewModel.java	jablib/src/main/java/org/jabref/model/study/StudyCatalog.java	17	8	5	0.63	true	true
jabgui/src/main/java/org/jabref/gui/slr/StudyCatalogItem.java	jablib/src/main/java/org/jabref/logic/crawler/StudyRepository.java	8	40	5	0.63	true	true
jabgui/src/main/java/org/jabref/gui/slr/StudyCatalogItem.java	jablib/src/main/java/org/jabref/model/study/Study.java	8	14	5	0.63	true	true
jabgui/src/main/java/org/jabref/gui/slr/StudyCatalogItem.java	jablib/src/main/java/org/jabref/model/study/StudyCatalog.java	8	8	5	0.63	true	true
jabgui/src/main/java/org/jabref/gui/walkthrough/WalkthroughAction.java	jabgui/src/main/java/org/jabref/gui/walkthrough/WalkthroughRenderer.java	11	8	5	0.63	false	false
jabgui/src/main/java/org/jabref/gui/walkthrough/WalkthroughRenderer.java	jabgui/src/main/java/org/jabref/gui/walkthrough/declarative/NodeResolver.java	8	9	5	0.63	true	false
jabgui/src/main/java/org/jabref/gui/walkthrough/WalkthroughRenderer.java	jabgui/src/main/java/org/jabref/gui/welcome/WelcomeTab.java	8	23	5	0.63	true	false
jabkit/src/main/java/org/jabref/toolkit/commands/CheckConsistency.java	jabkit/src/main/java/org/jabref/toolkit/commands/DoiToBibtex.java	16	8	5	0.63	false	false
jabkit/src/main/java/org/jabref/toolkit/commands/CheckIntegrity.java	jabkit/src/main/java/org/jabref/toolkit/commands/DoiToBibtex.java	11	8	5	0.63	false	false
jabkit/src/main/java/org/jabref/toolkit/commands/Convert.java	jabkit/src/main/java/org/jabref/toolkit/commands/DoiToBibtex.java	12	8	5	0.63	false	false
jabkit/src/main/java/org/jabref/toolkit/commands/DoiToBibtex.java	jabkit/src/main/java/org/jabref/toolkit/commands/GenerateBibFromAux.java	8	9	5	0.63	false	false
jabkit/src/main/java/org/jabref/toolkit/commands/DoiToBibtex.java	jabkit/src/main/java/org/jabref/toolkit/commands/GenerateCitationKeys.java	8	14	5	0.63	false	false
jabkit/src/main/java/org/jabref/toolkit/commands/DoiToBibtex.java	jabkit/src/main/java/org/jabref/toolkit/commands/PdfUpdate.java	8	10	5	0.63	false	false
jabkit/src/main/java/org/jabref/toolkit/commands/DoiToBibtex.java	jabkit/src/main/java/org/jabref/toolkit/commands/Pseudonymize.java	8	10	5	0.63	false	false
jabkit/src/main/java/org/jabref/toolkit/commands/DoiToBibtex.java	jabkit/src/main/java/org/jabref/toolkit/commands/Search.java	8	12	5	0.63	false	false
jablib/src/main/java/org/jabref/logic/crawler/StudyCatalogToFetcherConverter.java	jablib/src/main/java/org/jabref/model/study/Study.java	8	14	5	0.63	true	false
jablib/src/main/java/org/jabref/logic/crawler/StudyCatalogToFetcherConverter.java	jablib/src/main/java/org/jabref/model/study/StudyCatalog.java	8	8	5	0.63	true	false
jablib/src/main/java/org/jabref/logic/importer/fetcher/ACMPortalFetcher.java	jablib/src/main/java/org/jabref/logic/importer/fetcher/DBLPFetcher.java	8	15	5	0.63	false	false
jablib/src/main/java/org/jabref/logic/importer/fetcher/IEEE.java	jablib/src/main/java/org/jabref/logic/importer/fetcher/ResearchGate.java	55	8	5	0.63	false	false
jablib/src/main/java/org/jabref/logic/layout/format/AuthorLF_FF.java	jablib/src/main/java/org/jabref/model/entry/AuthorList.java	8	77	5	0.63	true	false
jablib/src/main/java/org/jabref/logic/layout/format/AuthorLF_FFAbbr.java	jablib/src/main/java/org/jabref/model/entry/AuthorList.java	8	77	5	0.63	true	false
jablib/src/main/java/org/jabref/logic/openoffice/OpenOfficePreferences.java	jablib/src/main/java/org/jabref/logic/openoffice/oocsltext/BSTCitationOOAdapter.java	33	8	5	0.63	true	false
jablib/src/main/java/org/jabref/logic/openoffice/oocsltext/BSTCitationOOAdapter.java	jablib/src/main/java/org/jabref/logic/openoffice/oocsltext/CSLCitationOOAdapter.java	8	90	5	0.63	false	false
jablib/src/main/java/org/jabref/logic/openoffice/oocsltext/BSTCitationOOAdapter.java	jablib/src/main/java/org/jabref/logic/preferences/JabRefCliPreferences.java	8	1078	5	0.63	true	false
jablib/src/main/java/org/jabref/logic/util/Directories.java	jablib/src/main/java/org/jabref/logic/util/URLUtil.java	8	14	5	0.63	false	false
jabsrv/src/main/java/module-info.java	jabsrv/src/main/java/org/jabref/http/server/resources/LibrariesResource.java	25	8	5	0.63	true	false
jablib/src/main/java/org/jabref/logic/importer/fileformat/BiblioscapeImporter.java	jablib/src/main/java/org/jabref/logic/importer/fileformat/CopacImporter.java	48	37	23	0.62	false	false
jablib/src/main/java/org/jabref/logic/importer/fileformat/CopacImporter.java	jablib/src/main/java/org/jabref/logic/importer/fileformat/EndnoteImporter.java	37	70	23	0.62	false	false
jablib/src/main/java/org/jabref/logic/importer/fileformat/CopacImporter.java	jablib/src/main/java/org/jabref/logic/importer/fileformat/RisImporter.java	37	94	23	0.62	false	false
jablib/src/main/java/org/jabref/logic/push/PushToLyx.java	jablib/src/main/java/org/jabref/logic/push/PushToTeXstudio.java	49	29	18	0.62	false	false
jablib/src/main/java/org/jabref/logic/formatter/bibtexfields/UnitsToLatexFormatter.java	jablib/src/main/java/org/jabref/logic/formatter/casechanger/ProtectTermsFormatter.java	21	33	13	0.62	true	false
jabgui/src/main/java/org/jabref/gui/LibraryTab.java	jabgui/src/main/java/org/jabref/gui/exporter/SaveDatabaseAction.java	1048	194	120	0.62	true	false
jablib/src/main/java/org/jabref/logic/exporter/MetaDataSerializer.java	jablib/src/main/java/org/jabref/model/metadata/MetaData.java	34	201	21	0.62	true	false
jabgui/src/main/java/org/jabref/gui/LibraryTab.java	jabgui/src/main/java/org/jabref/gui/exporter/SaveAllAction.java	1048	39	24	0.62	true	false
jabgui/src/main/java/org/jabref/gui/LibraryTab.java	jabgui/src/main/java/org/jabref/gui/importer/fetcher/LookupIdentifierAction.java	1048	13	8	0.62	true	false
jabgui/src/main/java/org/jabref/gui/autosaveandbackup/AutosaveManager.java	jabgui/src/main/java/org/jabref/gui/autosaveandbackup/BackupManager.java	13	51	8	0.62	false	false
jabgui/src/main/java/org/jabref/gui/fieldeditors/FieldEditors.java	jabgui/src/main/java/org/jabref/gui/fieldeditors/LinkedEntriesEditor.java	60	13	8	0.62	false	false
jabgui/src/main/java/org/jabref/gui/preferences/ai/AiTabViewModel.java	jablib/src/main/java/org/jabref/logic/ai/AiService.java	26	13	8	0.62	true	true
jabgui/src/main/java/org/jabref/gui/shared/SharedDatabaseUIManager.java	jablib/src/main/java/org/jabref/logic/shared/DBMSConnection.java	62	13	8	0.62	true	true
jabgui/src/main/java/org/jabref/gui/shared/SharedDatabaseUIManager.java	jablib/src/main/java/org/jabref/logic/shared/prefs/SharedDatabasePreferences.java	62	13	8	0.62	true	true
jablib/src/main/java/org/jabref/logic/ai/AiService.java	jablib/src/main/java/org/jabref/logic/ai/preferences/AiPreferences.java	13	19	8	0.62	true	false
jablib/src/main/java/org/jabref/logic/shared/DBMSConnection.java	jablib/src/main/java/org/jabref/logic/shared/DBMSSynchronizer.java	13	38	8	0.62	false	false
jablib/src/main/java/org/jabref/logic/shared/DBMSConnectionProperties.java	jablib/src/main/java/org/jabref/logic/shared/prefs/SharedDatabasePreferences.java	15	13	8	0.62	true	false
jablib/src/main/java/org/jabref/logic/importer/fileformat/EndnoteImporter.java	jablib/src/main/java/org/jabref/logic/importer/fileformat/RisImporter.java	70	94	43	0.61	false	false
jablib/src/main/java/org/jabref/logic/exporter/MSBibExporter.java	jablib/src/main/java/org/jabref/logic/exporter/OpenDocumentSpreadsheetCreator.java	31	36	19	0.61	false	false
jablib/src/main/java/org/jabref/logic/exporter/MSBibExporter.java	jablib/src/main/java/org/jabref/logic/exporter/TemplateExporter.java	31	88	19	0.61	false	false
jabgui/src/main/java/org/jabref/gui/fieldeditors/JournalEditor.java	jabgui/src/main/java/org/jabref/gui/fieldeditors/UrlEditor.java	21	18	11	0.61	false	false
jabgui/src/main/java/org/jabref/gui/frame/JabRefFrame.java	jabgui/src/main/java/org/jabref/gui/mergeentries/threewaymerge/MergeEntriesAction.java	1215	18	11	0.61	true	false
jabgui/src/main/java/org/jabref/gui/mergeentries/threewaymerge/MergeEntriesAction.java	jabgui/src/main/java/org/jabref/gui/shared/SharedDatabaseUIManager.java	18	62	11	0.61	true	false
jablib/src/main/java/org/jabref/logic/exporter/GroupSerializer.java	jablib/src/main/java/org/jabref/logic/util/MetadataSerializationConfiguration.java	23	18	11	0.61	true	false
jablib/src/main/java/org/jabref/logic/importer/fileformat/pdf/PdfContentImporter.java	jablib/src/main/java/org/jabref/logic/layout/format/DOIStrip.java	108	18	11	0.61	true	false
jablib/src/main/java/org/jabref/logic/layout/format/FileLink.java	jablib/src/main/java/org/jabref/logic/preferences/JabRefCliPreferences.java	30	1078	18	0.60	true	false
jabgui/src/main/java/org/jabref/gui/desktop/os/NativeDesktop.java	jabgui/src/main/java/org/jabref/gui/desktop/os/OSX.java	25	29	15	0.60	false	false
jabgui/src/main/java/org/jabref/gui/frame/JabRefFrame.java	jabgui/src/main/java/org/jabref/gui/specialfields/SpecialFieldAction.java	1215	25	15	0.60	true	false
jabgui/src/main/java/org/jabref/gui/groups/GroupDialogView.java	jabgui/src/main/java/org/jabref/gui/groups/GroupDialogViewModel.java	25	44	15	0.60	false	false
jabgui/src/main/java/org/jabref/gui/preferences/entryeditor/EntryEditorTabViewModel.java	jablib/src/main/java/org/jabref/logic/preferences/JabRefCliPreferences.java	25	1078	15	0.60	true	true
jablib/src/main/java/org/jabref/logic/importer/fetcher/ACS.java	jablib/src/main/java/org/jabref/logic/importer/fetcher/SpringerNatureFullTextFetcher.java	25	32	15	0.60	false	false
jabsrv/src/main/java/module-info.java	jabsrv/src/main/java/org/jabref/http/server/Server.java	25	20	12	0.60	true	false
jabgui/src/main/java/org/jabref/gui/LibraryTab.java	jabgui/src/main/java/org/jabref/gui/dialogs/AutosaveUiManager.java	1048	15	9	0.60	true	false
jabgui/src/main/java/org/jabref/gui/edit/CopyMoreAction.java	jabgui/src/main/java/org/jabref/gui/maintable/RightClickMenu.java	15	216	9	0.60	true	false
jabgui/src/main/java/org/jabref/gui/frame/JabRefFrame.java	jabgui/src/main/java/org/jabref/gui/slr/ExistingStudySearchAction.java	1215	15	9	0.60	true	false
jabgui/src/main/java/org/jabref/gui/frame/JabRefFrame.java	jabgui/src/main/java/org/jabref/gui/texparser/ParseLatexDialogView.java	1215	15	9	0.60	true	false
jabgui/src/main/java/org/jabref/gui/shared/SharedDatabaseUIManager.java	jablib/src/main/java/org/jabref/logic/shared/DBMSConnectionProperties.java	62	15	9	0.60	true	true
jablib/src/main/java/org/jabref/logic/formatter/bibtexfields/NormalizeDateFormatter.java	jablib/src/main/java/org/jabref/logic/formatter/bibtexfields/OrdinalsToSuperscriptFormatter.java	15	16	9	0.60	false	false
jablib/src/main/java/org/jabref/logic/formatter/bibtexfields/NormalizeDateFormatter.java	jablib/src/main/java/org/jabref/logic/formatter/bibtexfields/UnitsToLatexFormatter.java	15	21	9	0.60	false	false
jablib/src/main/java/org/jabref/logic/push/AbstractPushToApplication.java	jablib/src/main/java/org/jabref/logic/push/PushToTexmaker.java	50	15	9	0.60	false	false
jabgui/src/main/java/org/jabref/cli/ArgumentProcessor.java	jablib/src/main/java/org/jabref/logic/exporter/Exporter.java	123	10	6	0.60	true	true
jabgui/src/main/java/org/jabref/gui/JabRefDialogService.java	jabgui/src/main/java/org/jabref/gui/util/FileDialogConfiguration.java	79	10	6	0.60	true	false
jabgui/src/main/java/org/jabref/gui/LibraryTab.java	jablib/src/main/java/org/jabref/model/search/SearchDisplayMode.java	1048	10	6	0.60	true	true
jabgui/src/main/java/org/jabref/gui/autocompleter/SuggestionProviders.java	jabgui/src/main/java/org/jabref/gui/fieldeditors/LinkedEntriesEditorViewModel.java	13	10	6	0.60	true	false
jabgui/src/main/java/org/jabref/gui/collab/DatabaseChangeDetailsViewFactory.java	jabgui/src/main/java/org/jabref/gui/collab/DatabaseChangesResolverDialog.java	10	12	6	0.60	false	false
jabgui/src/main/java/org/jabref/gui/exporter/ExportToClipboardAction.java	jablib/src/main/java/org/jabref/logic/exporter/Exporter.java	79	10	6	0.60	true	true
jabgui/src/main/java/org/jabref/gui/fieldeditors/LinkedFileViewModel.java	jabgui/src/main/java/org/jabref/gui/linkedfile/LinkedFileEditDialog.java	114	10	6	0.60	true	false
jabgui/src/main/java/org/jabref/gui/libraryproperties/constants/ConstantsPropertiesView.java	jabgui/src/main/java/org/jabref/gui/libraryproperties/constants/ConstantsPropertiesViewModel.java	11	10	6	0.60	false	false
jabgui/src/main/java/org/jabref/gui/preferences/citationkeypattern/CitationKeyPatternTabViewModel.java	jablib/src/main/java/org/jabref/logic/citationkeypattern/CitationKeyGenerator.java	10	201	6	0.60	true	true
jabgui/src/main/java/org/jabref/gui/preferences/externalfiletypes/EditExternalFileTypeEntryDialog.java	jabgui/src/main/java/org/jabref/gui/preferences/externalfiletypes/EditExternalFileTypeViewModel.java	17	10	6	0.60	false	false
jabgui/src/main/java/org/jabref/gui/preferences/groups/GroupsTab.java	jablib/src/main/java/org/jabref/logic/preferences/JabRefCliPreferences.java	10	1078	6	0.60	true	true
jabgui/src/main/java/org/jabref/gui/texparser/ParseLatexDialogView.java	jabgui/src/main/java/org/jabref/gui/texparser/ReferenceViewModel.java	15	10	6	0.60	false	false
jabgui/src/main/java/org/jabref/gui/texparser/ParseLatexResultViewModel.java	jabgui/src/main/java/org/jabref/gui/texparser/ReferenceViewModel.java	11	10	6	0.60	false	false
jabgui/src/main/java/org/jabref/gui/texparser/ReferenceViewModel.java	jablib/src/main/java/org/jabref/logic/texparser/DefaultLatexParser.java	10	42	6	0.60	true	true
jabgui/src/main/java/org/jabref/gui/texparser/ReferenceViewModel.java	jablib/src/main/java/org/jabref/model/texparser/LatexBibEntriesResolverResult.java	10	11	6	0.60	true	true
jabkit/src/main/java/org/jabref/toolkit/JabKitLauncher.java	jabkit/src/main/java/org/jabref/toolkit/commands/PdfUpdate.java	16	10	6	0.60	true	false
jabkit/src/main/java/org/jabref/toolkit/commands/GenerateCitationKeys.java	jabkit/src/main/java/org/jabref/toolkit/commands/Pseudonymize.java	14	10	6	0.60	false	false
jabkit/src/main/java/org/jabref/toolkit/commands/JabKit.java	jabkit/src/main/java/org/jabref/toolkit/commands/Pseudonymize.java	18	10	6	0.60	false	false
jabkit/src/main/java/org/jabref/toolkit/commands/PdfUpdate.java	jabkit/src/main/java/org/jabref/toolkit/commands/Pseudonymize.java	10	10	6	0.60	false	false
jablib/src/main/java/org/jabref/logic/bst/util/BstNameFormatter.java	jablib/src/main/java/org/jabref/logic/layout/format/AuthorOrgSci.java	22	10	6	0.60	true	false
jablib/src/main/java/org/jabref/logic/formatter/bibtexfields/LatexCleanupFormatter.java	jablib/src/main/java/org/jabref/logic/formatter/bibtexfields/RemoveEnclosingBracesFormatter.java	15	10	6	0.60	false	false
jablib/src/main/java/org/jabref/logic/formatter/bibtexfields/NormalizeDateFormatter.java	jablib/src/main/java/org/jabref/logic/formatter/bibtexfields/RemoveEnclosingBracesFormatter.java	15	10	6	0.60	false	false
jablib/src/main/java/org/jabref/logic/formatter/bibtexfields/NormalizeMonthFormatter.java	jablib/src/main/java/org/jabref/logic/formatter/bibtexfields/RemoveEnclosingBracesFormatter.java	12	10	6	0.60	false	false
jablib/src/main/java/org/jabref/logic/formatter/bibtexfields/NormalizeNamesFormatter.java	jablib/src/main/java/org/jabref/logic/formatter/bibtexfields/RemoveEnclosingBracesFormatter.java	26	10	6	0.60	false	false
jablib/src/main/java/org/jabref/logic/formatter/bibtexfields/NormalizePagesFormatter.java	jablib/src/main/java/org/jabref/logic/formatter/bibtexfields/RemoveEnclosingBracesFormatter.java	25	10	6	0.60	false	false
jablib/src/main/java/org/jabref/logic/formatter/bibtexfields/OrdinalsToSuperscriptFormatter.java	jablib/src/main/java/org/jabref/logic/formatter/bibtexfields/RemoveEnclosingBracesFormatter.java	16	10	6	0.60	false	false
jablib/src/main/java/org/jabref/logic/formatter/bibtexfields/RemoveEnclosingBracesFormatter.java	jablib/src/main/java/org/jabref/logic/formatter/bibtexfields/UnitsToLatexFormatter.java	10	21	6	0.60	false	false
jablib/src/main/java/org/jabref/logic/formatter/bibtexfields/RemoveEnclosingBracesFormatter.java	jablib/src/main/java/org/jabref/logic/formatter/casechanger/CapitalizeFormatter.java	10	11	6	0.60	true	false
jablib/src/main/java/org/jabref/logic/formatter/bibtexfields/RemoveEnclosingBracesFormatter.java	jablib/src/main/java/org/jabref/logic/formatter/casechanger/LowerCaseFormatter.java	10	11	6	0.60	true	false
jablib/src/main/java/org/jabref/logic/formatter/bibtexfields/RemoveEnclosingBracesFormatter.java	jablib/src/main/java/org/jabref/logic/formatter/casechanger/ProtectTermsFormatter.java	10	33	6	0.60	true	false
jablib/src/main/java/org/jabref/logic/formatter/bibtexfields/RemoveEnclosingBracesFormatter.java	jablib/src/main/java/org/jabref/logic/formatter/casechanger/SentenceCaseFormatter.java	10	12	6	0.60	true	false
jablib/src/main/java/org/jabref/logic/formatter/bibtexfields/RemoveEnclosingBracesFormatter.java	jablib/src/main/java/org/jabref/logic/formatter/casechanger/TitleCaseFormatter.java	10	12	6	0.60	true	false
jablib/src/main/java/org/jabref/logic/formatter/bibtexfields/RemoveEnclosingBracesFormatter.java	jablib/src/main/java/org/jabref/logic/formatter/casechanger/UpperCaseFormatter.java	10	12	6	0.60	true	false
jablib/src/main/java/org/jabref/logic/formatter/bibtexfields/RemoveEnclosingBracesFormatter.java	jablib/src/main/java/org/jabref/logic/formatter/minifier/MinifyNameListFormatter.java	10	12	6	0.60	true	false
jablib/src/main/java/org/jabref/logic/layout/format/AuthorOrgSci.java	jablib/src/main/java/org/jabref/logic/layout/format/Authors.java	10	36	6	0.60	false	false
jabgui/src/main/java/org/jabref/cli/ArgumentProcessor.java	jablib/src/main/java/org/jabref/logic/shared/security/Password.java	123	5	3	0.60	true	true
jabgui/src/main/java/org/jabref/gui/JabRefDialogService.java	jabgui/src/main/java/org/jabref/gui/frame/ProcessingLibraryDialog.java	79	5	3	0.60	true	false
jabgui/src/main/java/org/jabref/gui/JabRefGUI.java	jabgui/src/main/java/org/jabref/gui/frame/ProcessingLibraryDialog.java	190	5	3	0.60	true	false
jabgui/src/main/java/org/jabref/gui/JabRefGUI.java	jabgui/src/main/java/org/jabref/gui/walkthrough/WalkthroughHighlighter.java	190	5	3	0.60	true	false
jabgui/src/main/java/org/jabref/gui/JabRefGUI.java	jabgui/src/main/java/org/jabref/gui/walkthrough/WalkthroughOverlay.java	190	5	3	0.60	true	false
jabgui/src/main/java/org/jabref/gui/JabRefGUI.java	jablib/src/main/java/org/jabref/logic/ai/chatting/JvmOpenAiChatLanguageModel.java	190	5	3	0.60	true	true
jabgui/src/main/java/org/jabref/gui/JabRefGUI.java	jablib/src/main/java/org/jabref/model/ChainNode.java	190	5	3	0.60	true	true
jabgui/src/main/java/org/jabref/gui/JabRefGUI.java	jabls/src/main/java/org/jabref/languageserver/util/LspDiagnosticHandler.java	190	5	3	0.60	true	true
jabgui/src/main/java/org/jabref/gui/LibraryTab.java	jabgui/src/main/java/org/jabref/gui/shared/ConnectToSharedDatabaseCommand.java	1048	5	3	0.60	true	false
jabgui/src/main/java/org/jabref/gui/LibraryTab.java	jabgui/src/main/java/org/jabref/gui/sidepane/SidePaneType.java	1048	5	3	0.60	true	false
jabgui/src/main/java/org/jabref/gui/LibraryTab.java	jablib/src/main/java/org/jabref/logic/bibtex/comparator/FieldComparatorStack.java	1048	5	3	0.60	true	true
jabgui/src/main/java/org/jabref/gui/LibraryTab.java	jablib/src/main/java/org/jabref/logic/cleanup/CleanupJob.java	1048	5	3	0.60	true	true
jabgui/src/main/java/org/jabref/gui/LibraryTab.java	jablib/src/main/java/org/jabref/logic/shared/event/UpdateRefusedEvent.java	1048	5	3	0.60	true	true
jabgui/src/main/java/org/jabref/gui/LibraryTab.java	jablib/src/main/java/org/jabref/logic/util/OptionalObjectProperty.java	1048	5	3	0.60	true	true
jabgui/src/main/java/org/jabref/gui/LibraryTab.java	jablib/src/main/java/org/jabref/model/util/FileUpdateListener.java	1048	5	3	0.60	true	true
jabgui/src/main/java/org/jabref/gui/StateManager.java	jablib/src/main/java/org/jabref/logic/util/OptionalObjectProperty.java	50	5	3	0.60	true	true
jabgui/src/main/java/org/jabref/gui/actions/ActionHelper.java	jablib/src/main/java/org/jabref/logic/util/OptionalObjectProperty.java	33	5	3	0.60	true	true
jabgui/src/main/java/org/jabref/gui/autocompleter/ContentSelectorSuggestionProvider.java	jabgui/src/main/java/org/jabref/gui/autocompleter/SuggestionProvider.java	5	5	3	0.60	false	false
jabgui/src/main/java/org/jabref/gui/autocompleter/ContentSelectorSuggestionProvider.java	jabgui/src/main/java/org/jabref/gui/fieldeditors/SimpleEditor.java	5	22	3	0.60	true	false
jabgui/src/main/java/org/jabref/gui/autocompleter/PersonNameSuggestionProvider.java	jabgui/src/main/java/org/jabref/gui/fieldeditors/SimpleEditorViewModel.java	6	5	3	0.60	true	false
jabgui/src/main/java/org/jabref/gui/autocompleter/SuggestionProvider.java	jabgui/src/main/java/org/jabref/gui/autocompleter/SuggestionProviders.java	5	13	3	0.60	false	false
jabgui/src/main/java/org/jabref/gui/autocompleter/SuggestionProvider.java	jabgui/src/main/java/org/jabref/gui/fieldeditors/FieldEditors.java	5	60	3	0.60	true	false
jabgui/src/main/java/org/jabref/gui/autocompleter/SuggestionProvider.java	jabgui/src/main/java/org/jabref/gui/fieldeditors/LinkedEntriesEditor.java	5	13	3	0.60	true	false
jabgui/src/main/java/org/jabref/gui/autocompleter/SuggestionProvider.java	jabgui/src/main/java/org/jabref/gui/fieldeditors/LinkedEntriesEditorViewModel.java	5	10	3	0.60	true	false
jabgui/src/main/java/org/jabref/gui/autosaveandbackup/AutosaveManager.java	jablib/src/main/java/org/jabref/model/metadata/event/MetaDataChangedEvent.java	13	5	3	0.60	true	true
jabgui/src/main/java/org/jabref/gui/autosaveandbackup/BackupManager.java	jablib/src/main/java/org/jabref/model/metadata/event/MetaDataChangedEvent.java	51	5	3	0.60	true	true
jabgui/src/main/java/org/jabref/gui/auximport/NewSubLibraryAction.java	jabgui/src/main/java/org/jabref/gui/shared/ConnectToSharedDatabaseCommand.java	36	5	3	0.60	true	false
jabgui/src/main/java/org/jabref/gui/cleanup/CleanupAction.java	jabgui/src/main/java/org/jabref/gui/shared/ConnectToSharedDatabaseCommand.java	66	5	3	0.60	true	false
jabgui/src/main/java/org/jabref/gui/cleanup/CleanupSingleFieldPanel.java	jabgui/src/main/java/org/jabref/gui/commonfxcontrols/FieldFormatterCleanupsPanel.java	5	9	3	0.60	true	false
jabgui/src/main/java/org/jabref/gui/cleanup/CleanupSingleFieldPanel.java	jabgui/src/main/java/org/jabref/gui/commonfxcontrols/FieldFormatterCleanupsPanelViewModel.java	5	8	3	0.60	true	false
jabgui/src/main/java/org/jabref/gui/collab/ChangeScanner.java	jabgui/src/main/java/org/jabref/gui/collab/ExternalChangesResolverViewModel.java	135	5	3	0.60	false	false
jabgui/src/main/java/org/jabref/gui/collab/ChangeScanner.java	jablib/src/main/java/org/jabref/model/util/FileUpdateListener.java	135	5	3	0.60	true	true
jabgui/src/main/java/org/jabref/gui/collab/DatabaseChange.java	jabgui/src/main/java/org/jabref/gui/collab/DatabaseChangeMonitor.java	5	28	3	0.60	false	false
jabgui/src/main/java/org/jabref/gui/collab/DatabaseChange.java	jabgui/src/main/java/org/jabref/gui/collab/DatabaseChangesResolverDialog.java	5	12	3	0.60	false	false
jabgui/src/main/java/org/jabref/gui/collab/ExternalChangesResolverViewModel.java	jabgui/src/main/java/org/jabref/gui/dialogs/BackupUIManager.java	5	32	3	0.60	true	false
jabgui/src/main/java/org/jabref/gui/commonfxcontrols/CitationKeyPatternsPanel.java	jabgui/src/main/java/org/jabref/gui/preferences/AbstractPreferenceTabView.java	11	5	3	0.60	true	false
jabgui/src/main/java/org/jabref/gui/consistency/ConsistencyCheckAction.java	jabkit/src/main/java/org/jabref/toolkit/commands/CheckConsistency.java	5	16	3	0.60	true	true
jabgui/src/main/java/org/jabref/gui/consistency/ConsistencyCheckAction.java	jablib/src/main/java/org/jabref/logic/quality/consistency/BibliographyConsistencyCheck.java	5	13	3	0.60	true	true
jabgui/src/main/java/org/jabref/gui/duplicationFinder/DuplicateResolverDialog.java	jabgui/src/main/java/org/jabref/gui/mergeentries/threewaymerge/cell/HeaderCell.java	86	5	3	0.60	true	false
jabgui/src/main/java/org/jabref/gui/duplicationFinder/DuplicateSearch.java	jabgui/src/main/java/org/jabref/gui/shared/ConnectToSharedDatabaseCommand.java	82	5	3	0.60	true	false
jabgui/src/main/java/org/jabref/gui/edit/CopyDoiUrlAction.java	jablib/src/main/java/org/jabref/model/entry/identifier/ISSN.java	16	5	3	0.60	true	true
jabgui/src/main/java/org/jabref/gui/edit/automaticfieldeditor/AutomaticFieldEditorDialog.java	jabgui/src/main/java/org/jabref/gui/edit/automaticfieldeditor/editfieldcontent/EditFieldContentViewModel.java	6	5	3	0.60	true	false
jabgui/src/main/java/org/jabref/gui/entryeditor/AllFieldsTab.java	jabgui/src/main/java/org/jabref/gui/entryeditor/EntryEditorTabModel.java	17	5	3	0.60	false	false
jabgui/src/main/java/org/jabref/gui/entryeditor/EntryEditor.java	jabgui/src/main/java/org/jabref/gui/entryeditor/EntryEditorTabModel.java	655	5	3	0.60	false	false
jabgui/src/main/java/org/jabref/gui/entryeditor/EntryEditor.java	jabgui/src/main/java/org/jabref/gui/fieldeditors/OwnerEditorViewModel.java	655	5	3	0.60	true	false
jabgui/src/main/java/org/jabref/gui/entryeditor/EntryEditor.java	jablib/src/main/java/org/jabref/logic/ai/chatting/JvmOpenAiChatLanguageModel.java	655	5	3	0.60	true	true
jabgui/src/main/java/org/jabref/gui/entryeditor/EntryEditor.java	jablib/src/main/java/org/jabref/logic/bibtex/comparator/FieldComparatorStack.java	655	5	3	0.60	true	true
jabgui/src/main/java/org/jabref/gui/entryeditor/EntryEditor.java	jablib/src/main/java/org/jabref/logic/bibtex/comparator/IdComparator.java	655	5	3	0.60	true	true
jabgui/src/main/java/org/jabref/gui/entryeditor/EntryEditor.java	jablib/src/main/java/org/jabref/logic/util/ProgressCounter.java	655	5	3	0.60	true	true
jabgui/src/main/java/org/jabref/gui/entryeditor/EntryEditorTabFactory.java	jabgui/src/main/java/org/jabref/gui/preferences/entryeditor/EntryEditorTab.java	5	22	3	0.60	true	false
jabgui/src/main/java/org/jabref/gui/entryeditor/EntryEditorTabFactory.java	jabgui/src/main/java/org/jabref/gui/preferences/entryeditor/EntryEditorTabViewModel.java	5	25	3	0.60	true	false
jabgui/src/main/java/org/jabref/gui/entryeditor/EntryEditorTabFactory.java	jabgui/src/main/java/org/jabref/migrations/PreferencesMigrations.java	5	87	3	0.60	true	false
jabgui/src/main/java/org/jabref/gui/entryeditor/EntryEditorTabModel.java	jabgui/src/main/java/org/jabref/gui/entryeditor/UserDefinedFieldsTab.java	5	22	3	0.60	false	false
jabgui/src/main/java/org/jabref/gui/entryeditor/EntryEditorTabModel.java	jabgui/src/main/java/org/jabref/gui/preferences/entryeditor/EntryEditorTabViewModel.java	5	25	3	0.60	true	false
jabgui/src/main/java/org/jabref/gui/entryeditor/EntryEditorTabModel.java	jabgui/src/main/java/org/jabref/migrations/PreferencesMigrations.java	5	87	3	0.60	true	false
jabgui/src/main/java/org/jabref/gui/entryeditor/SourceTab.java	jabgui/src/main/java/org/jabref/gui/keyboard/CodeAreaKeyBindings.java	75	5	3	0.60	true	false
jabgui/src/main/java/org/jabref/gui/entryeditor/citationrelationtab/BibEntryView.java	jabgui/src/main/java/org/jabref/gui/entryeditor/citationrelationtab/CitationRelationsTab.java	5	50	3	0.60	false	false
jabgui/src/main/java/org/jabref/gui/externalfiles/FileExtensionViewModel.java	jabgui/src/main/java/org/jabref/gui/frame/JabRefFrame.java	5	1215	3	0.60	true	false
jabgui/src/main/java/org/jabref/gui/externalfiles/FileExtensionViewModel.java	jablib/src/main/java/org/jabref/logic/preferences/JabRefCliPreferences.java	5	1078	3	0.60	true	true
jabgui/src/main/java/org/jabref/gui/externalfiles/ImportHandler.java	jabgui/src/main/java/org/jabref/gui/externalfiles/PdfMergeDialog.java	86	5	3	0.60	false	false
jabgui/src/main/java/org/jabref/gui/externalfiles/ImportHandler.java	jablib/src/main/java/org/jabref/logic/push/PushToApplicationDetector.java	86	5	3	0.60	true	true
jabgui/src/main/java/org/jabref/gui/externalfiles/PdfMergeDialog.java	jabgui/src/main/java/org/jabref/gui/mergeentries/multiwaymerge/MultiMergeEntriesView.java	5	17	3	0.60	true	false
jabgui/src/main/java/org/jabref/gui/fieldeditors/AbstractEditorViewModel.java	jabgui/src/main/java/org/jabref/gui/fieldeditors/optioneditors/OptionEditorViewModel.java	14	5	3	0.60	true	false
jabgui/src/main/java/org/jabref/gui/fieldeditors/AbstractEditorViewModel.java	jabgui/src/main/java/org/jabref/gui/fieldeditors/optioneditors/mapbased/PatentTypeEditorViewModel.java	14	5	3	0.60	true	false
jabgui/src/main/java/org/jabref/gui/fieldeditors/AbstractEditorViewModel.java	jabgui/src/main/java/org/jabref/gui/fieldeditors/optioneditors/mapbased/YesNoEditorViewModel.java	14	5	3	0.60	true	false
jabgui/src/main/java/org/jabref/gui/fieldeditors/DateEditor.java	jabgui/src/main/java/org/jabref/gui/fieldeditors/optioneditors/OptionEditorViewModel.java	9	5	3	0.60	true	false
jabgui/src/main/java/org/jabref/gui/fieldeditors/DateEditor.java	jabgui/src/main/java/org/jabref/gui/fieldeditors/optioneditors/mapbased/PatentTypeEditorViewModel.java	9	5	3	0.60	true	false
jabgui/src/main/java/org/jabref/gui/fieldeditors/DateEditor.java	jabgui/src/main/java/org/jabref/gui/fieldeditors/optioneditors/mapbased/YesNoEditorViewModel.java	9	5	3	0.60	true	false
jabgui/src/main/java/org/jabref/gui/fieldeditors/DateEditorViewModel.java	jabgui/src/main/java/org/jabref/gui/fieldeditors/optioneditors/OptionEditorViewModel.java	8	5	3	0.60	true	false
jabgui/src/main/java/org/jabref/gui/fieldeditors/DateEditorViewModel.java	jabgui/src/main/java/org/jabref/gui/fieldeditors/optioneditors/mapbased/PatentTypeEditorViewModel.java	8	5	3	0.60	true	false
jabgui/src/main/java/org/jabref/gui/fieldeditors/DateEditorViewModel.java	jabgui/src/main/java/org/jabref/gui/fieldeditors/optioneditors/mapbased/YesNoEditorViewModel.java	8	5	3	0.60	true	false
jabgui/src/main/java/org/jabref/gui/fieldeditors/FieldEditors.java	jablib/src/main/java/org/jabref/logic/importer/util/IdentifierParser.java	60	5	3	0.60	true	true
jabgui/src/main/java/org/jabref/gui/fieldeditors/JournalEditor.java	jabgui/src/main/java/org/jabref/gui/fieldeditors/optioneditors/OptionEditorViewModel.java	21	5	3	0.60	true	false
jabgui/src/main/java/org/jabref/gui/fieldeditors/JournalEditor.java	jabgui/src/main/java/org/jabref/gui/fieldeditors/optioneditors/mapbased/PatentTypeEditorViewModel.java	21	5	3	0.60	true	false
jabgui/src/main/java/org/jabref/gui/fieldeditors/JournalEditor.java	jabgui/src/main/java/org/jabref/gui/fieldeditors/optioneditors/mapbased/YesNoEditorViewModel.java	21	5	3	0.60	true	false
jabgui/src/main/java/org/jabref/gui/fieldeditors/JournalEditorViewModel.java	jabgui/src/main/java/org/jabref/gui/fieldeditors/optioneditors/OptionEditorViewModel.java	10	5	3	0.60	true	false
jabgui/src/main/java/org/jabref/gui/fieldeditors/JournalEditorViewModel.java	jabgui/src/main/java/org/jabref/gui/fieldeditors/optioneditors/mapbased/PatentTypeEditorViewModel.java	10	5	3	0.60	true	false
jabgui/src/main/java/org/jabref/gui/fieldeditors/JournalEditorViewModel.java	jabgui/src/main/java/org/jabref/gui/fieldeditors/optioneditors/mapbased/YesNoEditorViewModel.java	10	5	3	0.60	true	false
jabgui/src/main/java/org/jabref/gui/fieldeditors/LinkedEntriesEditor.java	jabgui/src/main/java/org/jabref/gui/fieldeditors/OwnerEditorViewModel.java	13	5	3	0.60	false	false
jabgui/src/main/java/org/jabref/gui/fieldeditors/LinkedEntriesEditor.java	jabgui/src/main/java/org/jabref/gui/fieldeditors/SimpleEditorViewModel.java	13	5	3	0.60	false	false
jabgui/src/main/java/org/jabref/gui/fieldeditors/LinkedEntriesEditor.java	jabgui/src/main/java/org/jabref/gui/fieldeditors/optioneditors/OptionEditorViewModel.java	13	5	3	0.60	true	false
jabgui/src/main/java/org/jabref/gui/fieldeditors/LinkedEntriesEditor.java	jabgui/src/main/java/org/jabref/gui/fieldeditors/optioneditors/mapbased/PatentTypeEditorViewModel.java	13	5	3	0.60	true	false
jabgui/src/main/java/org/jabref/gui/fieldeditors/LinkedEntriesEditor.java	jabgui/src/main/java/org/jabref/gui/fieldeditors/optioneditors/mapbased/YesNoEditorViewModel.java	13	5	3	0.60	true	false
jabgui/src/main/java/org/jabref/gui/fieldeditors/LinkedEntriesEditorViewModel.java	jabgui/src/main/java/org/jabref/gui/fieldeditors/OwnerEditorViewModel.java	10	5	3	0.60	false	false
jabgui/src/main/java/org/jabref/gui/fieldeditors/LinkedEntriesEditorViewModel.java	jabgui/src/main/java/org/jabref/gui/fieldeditors/SimpleEditorViewModel.java	10	5	3	0.60	false	false
jabgui/src/main/java/org/jabref/gui/fieldeditors/LinkedEntriesEditorViewModel.java	jabgui/src/main/java/org/jabref/gui/fieldeditors/optioneditors/OptionEditorViewModel.java	10	5	3	0.60	true	false
jabgui/src/main/java/org/jabref/gui/fieldeditors/LinkedEntriesEditorViewModel.java	jabgui/src/main/java/org/jabref/gui/fieldeditors/optioneditors/mapbased/PatentTypeEditorViewModel.java	10	5	3	0.60	true	false
jabgui/src/main/java/org/jabref/gui/fieldeditors/LinkedEntriesEditorViewModel.java	jabgui/src/main/java/org/jabref/gui/fieldeditors/optioneditors/mapbased/YesNoEditorViewModel.java	10	5	3	0.60	true	false
jabgui/src/main/java/org/jabref/gui/fieldeditors/LinkedFilesEditor.java	jabgui/src/main/java/org/jabref/gui/fieldeditors/OwnerEditorViewModel.java	86	5	3	0.60	false	false
jabgui/src/main/java/org/jabref/gui/fieldeditors/LinkedFilesEditor.java	jabgui/src/main/java/org/jabref/gui/fieldeditors/SimpleEditorViewModel.java	86	5	3	0.60	false	false
jabgui/src/main/java/org/jabref/gui/fieldeditors/LinkedFilesEditor.java	jabgui/src/main/java/org/jabref/gui/fieldeditors/optioneditors/OptionEditorViewModel.java	86	5	3	0.60	true	false
jabgui/src/main/java/org/jabref/gui/fieldeditors/LinkedFilesEditor.java	jabgui/src/main/java/org/jabref/gui/fieldeditors/optioneditors/mapbased/PatentTypeEditorViewModel.java	86	5	3	0.60	true	false
jabgui/src/main/java/org/jabref/gui/fieldeditors/LinkedFilesEditor.java	jabgui/src/main/java/org/jabref/gui/fieldeditors/optioneditors/mapbased/YesNoEditorViewModel.java	86	5	3	0.60	true	false
jabgui/src/main/java/org/jabref/gui/fieldeditors/LinkedFilesEditorViewModel.java	jabgui/src/main/java/org/jabref/gui/fieldeditors/OwnerEditorViewModel.java	68	5	3	0.60	false	false
jabgui/src/main/java/org/jabref/gui/fieldeditors/LinkedFilesEditorViewModel.java	jabgui/src/main/java/org/jabref/gui/fieldeditors/SimpleEditorViewModel.java	68	5	3	0.60	false	false
jabgui/src/main/java/org/jabref/gui/fieldeditors/LinkedFilesEditorViewModel.java	jabgui/src/main/java/org/jabref/gui/fieldeditors/optioneditors/OptionEditorViewModel.java	68	5	3	0.60	true	false
jabgui/src/main/java/org/jabref/gui/fieldeditors/LinkedFilesEditorViewModel.java	jabgui/src/main/java/org/jabref/gui/fieldeditors/optioneditors/mapbased/PatentTypeEditorViewModel.java	68	5	3	0.60	true	false
jabgui/src/main/java/org/jabref/gui/fieldeditors/LinkedFilesEditorViewModel.java	jabgui/src/main/java/org/jabref/gui/fieldeditors/optioneditors/mapbased/YesNoEditorViewModel.java	68	5	3	0.60	true	false
jabgui/src/main/java/org/jabref/gui/fieldeditors/LinkedFilesEditorViewModel.java	jablib/src/main/java/org/jabref/logic/util/io/FileFinders.java	68	5	3	0.60	true	true
jabgui/src/main/java/org/jabref/gui/fieldeditors/OwnerEditor.java	jabgui/src/main/java/org/jabref/gui/fieldeditors/optioneditors/OptionEditorViewModel.java	13	5	3	0.60	true	false
jabgui/src/main/java/org/jabref/gui/fieldeditors/OwnerEditor.java	jabgui/src/main/java/org/jabref/gui/fieldeditors/optioneditors/mapbased/PatentTypeEditorViewModel.java	13	5	3	0.60	true	false
jabgui/src/main/java/org/jabref/gui/fieldeditors/OwnerEditor.java	jabgui/src/main/java/org/jabref/gui/fieldeditors/optioneditors/mapbased/YesNoEditorViewModel.java	13	5	3	0.60	true	false
jabgui/src/main/java/org/jabref/gui/fieldeditors/OwnerEditorViewModel.java	jabgui/src/main/java/org/jabref/gui/fieldeditors/PersonsEditor.java	5	16	3	0.60	false	false
jabgui/src/main/java/org/jabref/gui/fieldeditors/OwnerEditorViewModel.java	jabgui/src/main/java/org/jabref/gui/fieldeditors/optioneditors/MonthEditorViewModel.java	5	6	3	0.60	true	false
jabgui/src/main/java/org/jabref/gui/fieldeditors/OwnerEditorViewModel.java	jabgui/src/main/java/org/jabref/gui/fieldeditors/optioneditors/OptionEditorViewModel.java	5	5	3	0.60	true	false
jabgui/src/main/java/org/jabref/gui/fieldeditors/OwnerEditorViewModel.java	jabgui/src/main/java/org/jabref/gui/fieldeditors/optioneditors/mapbased/MapBasedEditorViewModel.java	5	7	3	0.60	true	false
jabgui/src/main/java/org/jabref/gui/fieldeditors/OwnerEditorViewModel.java	jabgui/src/main/java/org/jabref/gui/fieldeditors/optioneditors/mapbased/PatentTypeEditorViewModel.java	5	5	3	0.60	true	false
jabgui/src/main/java/org/jabref/gui/fieldeditors/OwnerEditorViewModel.java	jabgui/src/main/java/org/jabref/gui/fieldeditors/optioneditors/mapbased/YesNoEditorViewModel.java	5	5	3	0.60	true	false
jabgui/src/main/java/org/jabref/gui/fieldeditors/PersonsEditor.java	jabgui/src/main/java/org/jabref/gui/fieldeditors/SimpleEditorViewModel.java	16	5	3	0.60	false	false
jabgui/src/main/java/org/jabref/gui/fieldeditors/PersonsEditor.java	jabgui/src/main/java/org/jabref/gui/fieldeditors/optioneditors/OptionEditorViewModel.java	16	5	3	0.60	true	false
jabgui/src/main/java/org/jabref/gui/fieldeditors/PersonsEditor.java	jabgui/src/main/java/org/jabref/gui/fieldeditors/optioneditors/mapbased/PatentTypeEditorViewModel.java	16	5	3	0.60	true	false
jabgui/src/main/java/org/jabref/gui/fieldeditors/PersonsEditor.java	jabgui/src/main/java/org/jabref/gui/fieldeditors/optioneditors/mapbased/YesNoEditorViewModel.java	16	5	3	0.60	true	false
jabgui/src/main/java/org/jabref/gui/fieldeditors/SimpleEditor.java	jabgui/src/main/java/org/jabref/gui/fieldeditors/optioneditors/OptionEditorViewModel.java	22	5	3	0.60	true	false
jabgui/src/main/java/org/jabref/gui/fieldeditors/SimpleEditor.java	jabgui/src/main/java/org/jabref/gui/fieldeditors/optioneditors/mapbased/PatentTypeEditorViewModel.java	22	5	3	0.60	true	false
jabgui/src/main/java/org/jabref/gui/fieldeditors/SimpleEditor.java	jabgui/src/main/java/org/jabref/gui/fieldeditors/optioneditors/mapbased/YesNoEditorViewModel.java	22	5	3	0.60	true	false
jabgui/src/main/java/org/jabref/gui/fieldeditors/SimpleEditorViewModel.java	jabgui/src/main/java/org/jabref/gui/fieldeditors/optioneditors/MonthEditorViewModel.java	5	6	3	0.60	true	false
jabgui/src/main/java/org/jabref/gui/fieldeditors/SimpleEditorViewModel.java	jabgui/src/main/java/org/jabref/gui/fieldeditors/optioneditors/OptionEditorViewModel.java	5	5	3	0.60	true	false
jabgui/src/main/java/org/jabref/gui/fieldeditors/SimpleEditorViewModel.java	jabgui/src/main/java/org/jabref/gui/fieldeditors/optioneditors/mapbased/MapBasedEditorViewModel.java	5	7	3	0.60	true	false
jabgui/src/main/java/org/jabref/gui/fieldeditors/SimpleEditorViewModel.java	jabgui/src/main/java/org/jabref/gui/fieldeditors/optioneditors/mapbased/PatentTypeEditorViewModel.java	5	5	3	0.60	true	false
jabgui/src/main/java/org/jabref/gui/fieldeditors/SimpleEditorViewModel.java	jabgui/src/main/java/org/jabref/gui/fieldeditors/optioneditors/mapbased/YesNoEditorViewModel.java	5	5	3	0.60	true	false
jabgui/src/main/java/org/jabref/gui/fieldeditors/UrlEditor.java	jabgui/src/main/java/org/jabref/gui/fieldeditors/optioneditors/OptionEditorViewModel.java	18	5	3	0.60	true	false
jabgui/src/main/java/org/jabref/gui/fieldeditors/UrlEditor.java	jabgui/src/main/java/org/jabref/gui/fieldeditors/optioneditors/mapbased/PatentTypeEditorViewModel.java	18	5	3	0.60	true	false
jabgui/src/main/java/org/jabref/gui/fieldeditors/UrlEditor.java	jabgui/src/main/java/org/jabref/gui/fieldeditors/optioneditors/mapbased/YesNoEditorViewModel.java	18	5	3	0.60	true	false
jabgui/src/main/java/org/jabref/gui/fieldeditors/UrlEditorViewModel.java	jabgui/src/main/java/org/jabref/gui/fieldeditors/optioneditors/OptionEditorViewModel.java	8	5	3	0.60	true	false
jabgui/src/main/java/org/jabref/gui/fieldeditors/UrlEditorViewModel.java	jabgui/src/main/java/org/jabref/gui/fieldeditors/optioneditors/mapbased/PatentTypeEditorViewModel.java	8	5	3	0.60	true	false
jabgui/src/main/java/org/jabref/gui/fieldeditors/UrlEditorViewModel.java	jabgui/src/main/java/org/jabref/gui/fieldeditors/optioneditors/mapbased/YesNoEditorViewModel.java	8	5	3	0.60	true	false
jabgui/src/main/java/org/jabref/gui/fieldeditors/identifier/IdentifierEditor.java	jabgui/src/main/java/org/jabref/gui/fieldeditors/optioneditors/OptionEditorViewModel.java	28	5	3	0.60	true	false
jabgui/src/main/java/org/jabref/gui/fieldeditors/identifier/IdentifierEditor.java	jabgui/src/main/java/org/jabref/gui/fieldeditors/optioneditors/mapbased/PatentTypeEditorViewModel.java	28	5	3	0.60	true	false
jabgui/src/main/java/org/jabref/gui/fieldeditors/identifier/IdentifierEditor.java	jabgui/src/main/java/org/jabref/gui/fieldeditors/optioneditors/mapbased/YesNoEditorViewModel.java	28	5	3	0.60	true	false
jabgui/src/main/java/org/jabref/gui/fieldeditors/identifier/IdentifierEditor.java	jablib/src/main/java/org/jabref/logic/importer/util/IdentifierParser.java	28	5	3	0.60	true	true
jabgui/src/main/java/org/jabref/gui/fieldeditors/optioneditors/OptionEditor.java	jabgui/src/main/java/org/jabref/gui/fieldeditors/optioneditors/OptionEditorViewModel.java	7	5	3	0.60	false	false
jabgui/src/main/java/org/jabref/gui/fieldeditors/optioneditors/OptionEditor.java	jabgui/src/main/java/org/jabref/gui/fieldeditors/optioneditors/mapbased/PatentTypeEditorViewModel.java	7	5	3	0.60	true	false
jabgui/src/main/java/org/jabref/gui/fieldeditors/optioneditors/OptionEditor.java	jabgui/src/main/java/org/jabref/gui/fieldeditors/optioneditors/mapbased/YesNoEditorViewModel.java	7	5	3	0.60	true	false
jabgui/src/main/java/org/jabref/gui/frame/JabRefFrame.java	jabgui/src/main/java/org/jabref/gui/frame/ProcessingLibraryDialog.java	1215	5	3	0.60	false	false
jabgui/src/main/java/org/jabref/gui/frame/JabRefFrame.java	jabgui/src/main/java/org/jabref/gui/sidepane/SidePaneType.java	1215	5	3	0.60	true	false
jabgui/src/main/java/org/jabref/gui/frame/JabRefFrame.java	jablib/src/main/java/org/jabref/logic/bibtex/comparator/FieldComparatorStack.java	1215	5	3	0.60	true	true
jabgui/src/main/java/org/jabref/gui/frame/JabRefFrame.java	jablib/src/main/java/org/jabref/model/metadata/event/MetaDataChangedEvent.java	1215	5	3	0.60	true	true
jabgui/src/main/java/org/jabref/gui/frame/ProcessingLibraryDialog.java	jabgui/src/main/java/org/jabref/gui/importer/actions/OpenDatabaseAction.java	5	224	3	0.60	true	false
jabgui/src/main/java/org/jabref/gui/git/GitPullAction.java	jablib/src/main/java/org/jabref/logic/git/io/GitRevisionLocator.java	7	5	3	0.60	true	true
jabgui/src/main/java/org/jabref/gui/git/GitPushAction.java	jablib/src/main/java/org/jabref/logic/git/io/GitRevisionLocator.java	7	5	3	0.60	true	true
jabgui/src/main/java/org/jabref/gui/git/GitShareToGitHubDialogViewModel.java	jablib/src/main/java/org/jabref/logic/git/preferences/GitPreferences.java	7	5	3	0.60	true	true
jabgui/src/main/java/org/jabref/gui/git/GitStatusViewModel.java	jablib/src/main/java/org/jabref/logic/git/GitHandler.java	5	19	3	0.60	true	true
jabgui/src/main/java/org/jabref/gui/git/GitStatusViewModel.java	jablib/src/main/java/org/jabref/logic/git/GitSyncService.java	5	7	3	0.60	true	true
jabgui/src/main/java/org/jabref/gui/groups/GroupModeViewModel.java	jabgui/src/main/java/org/jabref/gui/icon/IconTheme.java	5	170	3	0.60	true	false
jabgui/src/main/java/org/jabref/gui/groups/GroupModeViewModel.java	jabgui/src/main/java/org/jabref/gui/maintable/MainTableDataModel.java	5	44	3	0.60	true	false
jabgui/src/main/java/org/jabref/gui/groups/GroupModeViewModel.java	jablib/src/main/java/org/jabref/logic/preferences/JabRefCliPreferences.java	5	1078	3	0.60	true	true
jabgui/src/main/java/org/jabref/gui/importer/NewEntryAction.java	jabgui/src/main/java/org/jabref/gui/shared/ConnectToSharedDatabaseCommand.java	44	5	3	0.60	true	false
jabgui/src/main/java/org/jabref/gui/importer/actions/OpenDatabaseAction.java	jabgui/src/main/java/org/jabref/migrations/ConvertLegacyExplicitGroups.java	224	5	3	0.60	true	false
jabgui/src/main/java/org/jabref/gui/importer/actions/OpenDatabaseAction.java	jablib/src/main/java/org/jabref/model/metadata/event/MetaDataChangedEvent.java	224	5	3	0.60	true	true
jabgui/src/main/java/org/jabref/gui/integrity/IntegrityCheckAction.java	jabgui/src/main/java/org/jabref/gui/shared/ConnectToSharedDatabaseCommand.java	19	5	3	0.60	true	false
jabgui/src/main/java/org/jabref/gui/maintable/MainTableFieldValueFormatter.java	jabgui/src/main/java/org/jabref/gui/search/SearchResultsTable.java	5	11	3	0.60	true	false
jabgui/src/main/java/org/jabref/gui/mergeentries/FetchAndMergeEntry.java	jabgui/src/main/java/org/jabref/gui/mergeentries/threewaymerge/cell/sidebuttons/ToggleMergeUnmergeButton.java	34	5	3	0.60	true	false
jabgui/src/main/java/org/jabref/gui/mergeentries/multiwaymerge/DiffHighlightingEllipsingTextFlow.java	jabgui/src/main/java/org/jabref/gui/mergeentries/multiwaymerge/MultiMergeEntriesView.java	5	17	3	0.60	false	false
jabgui/src/main/java/org/jabref/gui/mergeentries/threewaymerge/FieldRowView.java	jabgui/src/main/java/org/jabref/gui/mergeentries/threewaymerge/cell/HeaderCell.java	15	5	3	0.60	true	false
jabgui/src/main/java/org/jabref/gui/mergeentries/threewaymerge/FieldRowView.java	jabgui/src/main/java/org/jabref/gui/mergeentries/threewaymerge/cell/sidebuttons/ToggleMergeUnmergeButton.java	15	5	3	0.60	true	false
jabgui/src/main/java/org/jabref/gui/mergeentries/threewaymerge/FieldRowViewModel.java	jabgui/src/main/java/org/jabref/gui/mergeentries/threewaymerge/cell/ThreeWayMergeCell.java	8	5	3	0.60	true	false
jabgui/src/main/java/org/jabref/gui/mergeentries/threewaymerge/MergeEntriesDialog.java	jabgui/src/main/java/org/jabref/gui/mergeentries/threewaymerge/cell/HeaderCell.java	63	5	3	0.60	true	false
jabgui/src/main/java/org/jabref/gui/mergeentries/threewaymerge/cell/HeaderCell.java	jabgui/src/main/java/org/jabref/gui/mergeentries/threewaymerge/cell/ThreeWayMergeCell.java	5	5	3	0.60	false	false
jabgui/src/main/java/org/jabref/gui/mergeentries/threewaymerge/cell/HeaderCell.java	jabgui/src/main/java/org/jabref/gui/mergeentries/threewaymerge/cell/sidebuttons/ToggleMergeUnmergeButton.java	5	5	3	0.60	true	false
jabgui/src/main/java/org/jabref/gui/mergeentries/threewaymerge/cell/HeaderCell.java	jabgui/src/main/java/org/jabref/gui/mergeentries/threewaymerge/fieldsmerger/KeywordMerger.java	5	6	3	0.60	true	false
jabgui/src/main/java/org/jabref/gui/mergeentries/threewaymerge/cell/ThreeWayMergeCell.java	jabgui/src/main/java/org/jabref/gui/mergeentries/threewaymerge/fieldsmerger/GroupMerger.java	5	6	3	0.60	true	false
jabgui/src/main/java/org/jabref/gui/mergeentries/threewaymerge/cell/sidebuttons/ToggleMergeUnmergeButton.java	jabgui/src/main/java/org/jabref/gui/mergeentries/threewaymerge/fieldsmerger/FieldMergerFactory.java	5	7	3	0.60	true	false
jabgui/src/main/java/org/jabref/gui/mergeentries/threewaymerge/cell/sidebuttons/ToggleMergeUnmergeButton.java	jabgui/src/main/java/org/jabref/gui/mergeentries/threewaymerge/fieldsmerger/GroupMerger.java	5	6	3	0.60	true	false
jabgui/src/main/java/org/jabref/gui/mergeentries/threewaymerge/cell/sidebuttons/ToggleMergeUnmergeButton.java	jabgui/src/main/java/org/jabref/gui/mergeentries/threewaymerge/fieldsmerger/KeywordMerger.java	5	6	3	0.60	true	false
jabgui/src/main/java/org/jabref/gui/newentry/NewEntryViewModel.java	jablib/src/main/java/org/jabref/logic/push/PushToApplicationDetector.java	17	5	3	0.60	true	true
jabgui/src/main/java/org/jabref/gui/openoffice/OOBibBase.java	jablib/src/main/java/org/jabref/logic/bibtex/comparator/FieldComparatorStack.java	159	5	3	0.60	true	true
jabgui/src/main/java/org/jabref/gui/openoffice/OOBibBase.java	jablib/src/main/java/org/jabref/logic/openoffice/action/Update.java	159	5	3	0.60	true	true
jabgui/src/main/java/org/jabref/gui/openoffice/OOBibBase.java	jablib/src/main/java/org/jabref/logic/openoffice/frontend/UpdateBibliography.java	159	5	3	0.60	true	true
jabgui/src/main/java/org/jabref/gui/openoffice/OpenOfficePanel.java	jablib/src/main/java/org/jabref/logic/openoffice/action/EditSeparate.java	230	5	3	0.60	true	true
jabgui/src/main/java/org/jabref/gui/openoffice/OpenOfficePanel.java	jablib/src/main/java/org/jabref/logic/openoffice/frontend/UpdateBibliography.java	230	5	3	0.60	true	true
jabgui/src/main/java/org/jabref/gui/openoffice/StyleSelectDialogViewModel.java	jablib/src/main/java/org/jabref/logic/openoffice/action/Update.java	23	5	3	0.60	true	true
jabgui/src/main/java/org/jabref/gui/preferences/AbstractPreferenceTabView.java	jabgui/src/main/java/org/jabref/gui/preferences/entryeditor/EntryEditorTab.java	5	22	3	0.60	true	false
jabgui/src/main/java/org/jabref/gui/preferences/AbstractPreferenceTabView.java	jabgui/src/main/java/org/jabref/gui/preferences/external/ExternalTabViewModel.java	5	16	3	0.60	true	false
jabgui/src/main/java/org/jabref/gui/preferences/AbstractPreferenceTabView.java	jabgui/src/main/java/org/jabref/gui/preferences/general/GeneralTabViewModel.java	5	79	3	0.60	true	false
jabgui/src/main/java/org/jabref/gui/preferences/AbstractPreferenceTabView.java	jabgui/src/main/java/org/jabref/gui/preferences/nameformatter/NameFormatterTab.java	5	8	3	0.60	true	false
jabgui/src/main/java/org/jabref/gui/preferences/AbstractPreferenceTabView.java	jabgui/src/main/java/org/jabref/gui/preferences/nameformatter/NameFormatterTabViewModel.java	5	6	3	0.60	true	false
jabgui/src/main/java/org/jabref/gui/preferences/AbstractPreferenceTabView.java	jabgui/src/main/java/org/jabref/gui/preferences/network/NetworkTabViewModel.java	5	23	3	0.60	true	false
jabgui/src/main/java/org/jabref/gui/preferences/AbstractPreferenceTabView.java	jabgui/src/main/java/org/jabref/gui/preferences/table/TableTab.java	5	10	3	0.60	true	false
jabgui/src/main/java/org/jabref/gui/preferences/AbstractPreferenceTabView.java	jabgui/src/main/java/org/jabref/gui/preferences/xmp/XmpPrivacyTab.java	5	8	3	0.60	true	false
jabgui/src/main/java/org/jabref/gui/preferences/AbstractPreferenceTabView.java	jabgui/src/main/java/org/jabref/gui/preferences/xmp/XmpPrivacyTabViewModel.java	5	10	3	0.60	true	false
jabgui/src/main/java/org/jabref/gui/preferences/JabRefGuiPreferences.java	jablib/src/main/java/org/jabref/logic/push/PushToApplicationDetector.java	60	5	3	0.60	true	true
jabgui/src/main/java/org/jabref/gui/preferences/ShowPreferencesAction.java	jabgui/src/main/java/org/jabref/gui/shared/ConnectToSharedDatabaseCommand.java	12	5	3	0.60	true	false
jabgui/src/main/java/org/jabref/gui/preferences/ai/AiTab.java	jablib/src/main/java/org/jabref/logic/ai/models/OpenAiCompatibleModelProvider.java	21	5	3	0.60	true	true
jabgui/src/main/java/org/jabref/gui/preferences/ai/AiTabViewModel.java	jablib/src/main/java/org/jabref/logic/ai/models/OpenAiCompatibleModelProvider.java	26	5	3	0.60	true	true
jabgui/src/main/java/org/jabref/gui/preferences/customentrytypes/CustomEntryTypesTabViewModel.java	jablib/src/main/java/org/jabref/model/entry/field/BiblatexApaField.java	47	5	3	0.60	true	true
jabgui/src/main/java/org/jabref/gui/preferences/customentrytypes/FieldViewModel.java	jablib/src/main/java/org/jabref/model/entry/field/BiblatexApaField.java	14	5	3	0.60	true	true
jabgui/src/main/java/org/jabref/gui/preferences/network/NetworkTab.java	jablib/src/main/java/org/jabref/logic/git/preferences/GitPreferences.java	21	5	3	0.60	true	true
jabgui/src/main/java/org/jabref/gui/preferences/preview/PreviewTab.java	jablib/src/main/java/org/jabref/logic/push/PushToApplicationDetector.java	42	5	3	0.60	true	true
jabgui/src/main/java/org/jabref/gui/preferences/preview/PreviewTabViewModel.java	jablib/src/main/java/org/jabref/logic/push/PushToApplicationDetector.java	46	5	3	0.60	true	true
jabgui/src/main/java/org/jabref/gui/preferences/websearch/WebSearchTabViewModel.java	jablib/src/main/java/org/jabref/logic/importer/fetcher/CustomizableKeyFetcher.java	40	5	3	0.60	true	true
jabgui/src/main/java/org/jabref/gui/preview/PreviewPreferences.java	jablib/src/main/java/org/jabref/logic/push/PushToApplicationDetector.java	20	5	3	0.60	true	true
jabgui/src/main/java/org/jabref/gui/preview/PreviewViewer.java	jablib/src/main/java/org/jabref/logic/push/PushToApplicationDetector.java	58	5	3	0.60	true	true
jabgui/src/main/java/org/jabref/gui/shared/SharedDatabaseUIManager.java	jablib/src/main/java/org/jabref/logic/shared/security/Password.java	62	5	3	0.60	true	true
jabgui/src/main/java/org/jabref/gui/sidepane/SidePaneComponent.java	jabgui/src/main/java/org/jabref/gui/sidepane/SidePaneType.java	53	5	3	0.60	false	false
jabgui/src/main/java/org/jabref/gui/slr/ExistingStudySearchAction.java	jablib/src/main/java/org/jabref/logic/git/SlrGitHandler.java	15	5	3	0.60	true	true
jabgui/src/main/java/org/jabref/gui/slr/ManageStudyDefinitionView.java	jablib/src/main/java/org/jabref/logic/git/SlrGitHandler.java	19	5	3	0.60	true	true
jabgui/src/main/java/org/jabref/gui/slr/ManageStudyDefinitionViewModel.java	jablib/src/main/java/org/jabref/logic/git/SlrGitHandler.java	17	5	3	0.60	true	true
jabgui/src/main/java/org/jabref/gui/texparser/ParseLatexDialogViewModel.java	jablib/src/main/java/org/jabref/logic/push/PushToApplicationDetector.java	30	5	3	0.60	true	true
jabgui/src/main/java/org/jabref/gui/util/FileNodeViewModel.java	jablib/src/main/java/org/jabref/logic/push/PushToApplicationDetector.java	16	5	3	0.60	true	true
jabgui/src/main/java/org/jabref/gui/walkthrough/WalkthroughAction.java	jabgui/src/main/java/org/jabref/gui/walkthrough/WalkthroughHighlighter.java	11	5	3	0.60	false	false
jabgui/src/main/java/org/jabref/gui/walkthrough/WalkthroughAction.java	jabgui/src/main/java/org/jabref/gui/walkthrough/effects/Spotlight.java	11	5	3	0.60	true	false
jabgui/src/main/java/org/jabref/gui/walkthrough/WalkthroughHighlighter.java	jabgui/src/main/java/org/jabref/gui/walkthrough/declarative/NodeResolver.java	5	9	3	0.60	true	false
jabgui/src/main/java/org/jabref/gui/walkthrough/WalkthroughHighlighter.java	jabgui/src/main/java/org/jabref/gui/walkthrough/declarative/Trigger.java	5	5	3	0.60	true	false
jabgui/src/main/java/org/jabref/gui/walkthrough/WalkthroughHighlighter.java	jabgui/src/main/java/org/jabref/gui/walkthrough/effects/Spotlight.java	5	5	3	0.60	true	false
jabgui/src/main/java/org/jabref/gui/walkthrough/WalkthroughOverlay.java	jabgui/src/main/java/org/jabref/gui/walkthrough/WalkthroughRenderer.java	5	8	3	0.60	false	false
jabgui/src/main/java/org/jabref/gui/walkthrough/WindowOverlay.java	jabgui/src/main/java/org/jabref/gui/walkthrough/declarative/Trigger.java	6	5	3	0.60	true	false
jabgui/src/main/java/org/jabref/gui/walkthrough/effects/Spotlight.java	jabgui/src/main/java/org/jabref/gui/welcome/WelcomeTab.java	5	23	3	0.60	true	false
jabkit/src/main/java/org/jabref/toolkit/commands/DoiToBibtex.java	jabkit/src/main/java/org/jabref/toolkit/commands/GetCitingWorks.java	8	5	3	0.60	false	false
jabkit/src/main/java/org/jabref/toolkit/commands/GetCitingWorks.java	jabkit/src/main/java/org/jabref/toolkit/commands/JabKit.java	5	18	3	0.60	false	false
jabkit/src/main/java/org/jabref/toolkit/commands/GetCitingWorks.java	jablib/src/main/java/org/jabref/logic/importer/fetcher/citation/semanticscholar/SemanticScholarCitationFetcher.java	5	17	3	0.60	true	true
jablib/src/main/java/org/jabref/logic/ai/AiService.java	jablib/src/main/java/org/jabref/logic/ai/chatting/JvmOpenAiChatLanguageModel.java	13	5	3	0.60	true	false
jablib/src/main/java/org/jabref/logic/ai/AiService.java	jablib/src/main/java/org/jabref/logic/ai/embedding/AsyncEmbeddingModel.java	13	5	3	0.60	true	false
jablib/src/main/java/org/jabref/logic/ai/embedding/AsyncEmbeddingModel.java	jablib/src/main/java/org/jabref/logic/ai/preferences/AiPreferences.java	5	19	3	0.60	true	false
jablib/src/main/java/org/jabref/logic/ai/embedding/MVStoreEmbeddingStore.java	jablib/src/main/java/org/jabref/logic/ai/util/MVStoreBase.java	6	5	3	0.60	true	false
jablib/src/main/java/org/jabref/logic/ai/preferences/AiDefaultExpertSettings.java	jablib/src/main/java/org/jabref/logic/preferences/JabRefCliPreferences.java	5	1078	3	0.60	true	false
jablib/src/main/java/org/jabref/logic/auxparser/DefaultAuxParser.java	jablib/src/main/java/org/jabref/logic/bibtex/comparator/IdComparator.java	73	5	3	0.60	true	false
jablib/src/main/java/org/jabref/logic/bibtex/comparator/BibtexStringComparator.java	jablib/src/main/java/org/jabref/logic/bibtex/comparator/FieldComparatorStack.java	13	5	3	0.60	false	false
jablib/src/main/java/org/jabref/logic/bibtex/comparator/FieldComparator.java	jablib/src/main/java/org/jabref/logic/bibtex/comparator/IdComparator.java	72	5	3	0.60	false	false
jablib/src/main/java/org/jabref/logic/bibtex/comparator/FieldComparator.java	jablib/src/main/java/org/jabref/logic/layout/format/RisAuthors.java	72	5	3	0.60	true	false
jablib/src/main/java/org/jabref/logic/bibtex/comparator/FieldComparatorStack.java	jablib/src/main/java/org/jabref/logic/importer/fileformat/BibtexParser.java	5	297	3	0.60	true	false
jablib/src/main/java/org/jabref/logic/bibtex/comparator/FieldComparatorStack.java	jablib/src/main/java/org/jabref/model/database/BibDatabase.java	5	209	3	0.60	true	false
jablib/src/main/java/org/jabref/logic/bibtex/comparator/IdComparator.java	jablib/src/main/java/org/jabref/logic/importer/fileformat/BibtexParser.java	5	297	3	0.60	true	false
jablib/src/main/java/org/jabref/logic/bibtex/comparator/IdComparator.java	jablib/src/main/java/org/jabref/logic/importer/fileformat/EndnoteImporter.java	5	70	3	0.60	true	false
jablib/src/main/java/org/jabref/logic/bst/BstVM.java	jablib/src/main/java/org/jabref/logic/bst/BstVMVisitor.java	5	8	3	0.60	false	false
jablib/src/main/java/org/jabref/logic/bst/BstVM.java	jablib/src/main/java/org/jabref/logic/preview/BstPreviewLayout.java	5	16	3	0.60	true	false
jablib/src/main/java/org/jabref/logic/citationkeypattern/CitationKeyGenerator.java	jablib/src/main/java/org/jabref/logic/layout/format/AuthorFirstAbbrLastOxfordCommas.java	201	5	3	0.60	true	false
jablib/src/main/java/org/jabref/logic/citationkeypattern/CitationKeyGenerator.java	jablib/src/main/java/org/jabref/logic/layout/format/AuthorFirstLastOxfordCommas.java	201	5	3	0.60	true	false
jablib/src/main/java/org/jabref/logic/citationkeypattern/CitationKeyGenerator.java	jablib/src/main/java/org/jabref/logic/layout/format/AuthorLastFirstAbbrOxfordCommas.java	201	5	3	0.60	true	false
jablib/src/main/java/org/jabref/logic/citationkeypattern/CitationKeyGenerator.java	jablib/src/main/java/org/jabref/logic/layout/format/AuthorLastFirstOxfordCommas.java	201	5	3	0.60	true	false
jablib/src/main/java/org/jabref/logic/citationkeypattern/CitationKeyGenerator.java	jablib/src/main/java/org/jabref/logic/layout/format/AuthorNatBib.java	201	5	3	0.60	true	false
jablib/src/main/java/org/jabref/logic/cleanup/CleanupJob.java	jablib/src/main/java/org/jabref/logic/cleanup/CleanupWorker.java	5	42	3	0.60	false	false
jablib/src/main/java/org/jabref/logic/cleanup/CleanupJob.java	jablib/src/main/java/org/jabref/logic/cleanup/FieldFormatterCleanup.java	5	39	3	0.60	false	false
jablib/src/main/java/org/jabref/logic/cleanup/CleanupJob.java	jablib/src/main/java/org/jabref/logic/cleanup/RenamePdfCleanup.java	5	53	3	0.60	false	false
jablib/src/main/java/org/jabref/logic/cleanup/CleanupJob.java	jablib/src/main/java/org/jabref/logic/preferences/JabRefCliPreferences.java	5	1078	3	0.60	true	false
jablib/src/main/java/org/jabref/logic/cleanup/ConvertToBiblatexCleanup.java	jablib/src/main/java/org/jabref/logic/cleanup/ConvertToBibtexCleanup.java	15	5	3	0.60	false	false
jablib/src/main/java/org/jabref/logic/cleanup/DoiCleanup.java	jablib/src/main/java/org/jabref/model/entry/identifier/ISSN.java	26	5	3	0.60	true	false
jablib/src/main/java/org/jabref/logic/cleanup/FieldFormatterCleanupActions.java	jablib/src/main/java/org/jabref/logic/formatter/bibtexfields/ConvertMSCCodesFormatter.java	15	5	3	0.60	true	false
jablib/src/main/java/org/jabref/logic/crawler/StudyRepository.java	jablib/src/main/java/org/jabref/logic/git/SlrGitHandler.java	40	5	3	0.60	true	false
jablib/src/main/java/org/jabref/logic/database/DuplicateCheck.java	jablib/src/main/java/org/jabref/logic/layout/format/AuthorFirstAbbrLastOxfordCommas.java	86	5	3	0.60	true	false
jablib/src/main/java/org/jabref/logic/database/DuplicateCheck.java	jablib/src/main/java/org/jabref/logic/layout/format/AuthorFirstLastOxfordCommas.java	86	5	3	0.60	true	false
jablib/src/main/java/org/jabref/logic/database/DuplicateCheck.java	jablib/src/main/java/org/jabref/logic/layout/format/AuthorLastFirstAbbrOxfordCommas.java	86	5	3	0.60	true	false
jablib/src/main/java/org/jabref/logic/database/DuplicateCheck.java	jablib/src/main/java/org/jabref/logic/layout/format/AuthorLastFirstOxfordCommas.java	86	5	3	0.60	true	false
jablib/src/main/java/org/jabref/logic/database/DuplicateCheck.java	jablib/src/main/java/org/jabref/logic/layout/format/AuthorNatBib.java	86	5	3	0.60	true	false
jablib/src/main/java/org/jabref/logic/database/DuplicateCheck.java	jablib/src/main/java/org/jabref/logic/layout/format/RisAuthors.java	86	5	3	0.60	true	false
jablib/src/main/java/org/jabref/logic/externalfiles/LinkedFileHandler.java	jablib/src/main/java/org/jabref/logic/push/PushToApplicationDetector.java	20	5	3	0.60	true	false
jablib/src/main/java/org/jabref/logic/formatter/bibtexfields/ConvertMSCCodesFormatter.java	jablib/src/main/java/org/jabref/logic/preferences/JabRefCliPreferences.java	5	1078	3	0.60	true	false
jablib/src/main/java/org/jabref/logic/git/GitHandler.java	jablib/src/main/java/org/jabref/logic/git/SlrGitHandler.java	19	5	3	0.60	false	false
jablib/src/main/java/org/jabref/logic/git/GitHandler.java	jablib/src/main/java/org/jabref/logic/git/preferences/GitPreferences.java	19	5	3	0.60	true	false
jablib/src/main/java/org/jabref/logic/importer/FulltextFetchers.java	jablib/src/main/java/org/jabref/model/entry/identifier/ISSN.java	65	5	3	0.60	true	false
jablib/src/main/java/org/jabref/logic/importer/IdParserFetcher.java	jablib/src/main/java/org/jabref/logic/importer/WebFetchers.java	5	102	3	0.60	false	false
jablib/src/main/java/org/jabref/logic/importer/IdParserFetcher.java	jablib/src/main/java/org/jabref/logic/importer/fetcher/CrossRef.java	5	43	3	0.60	true	false
jablib/src/main/java/org/jabref/logic/importer/ImportFormatReader.java	jablib/src/main/java/org/jabref/logic/importer/fileformat/ReferImporter.java	197	5	3	0.60	true	false
jablib/src/main/java/org/jabref/logic/importer/WebFetchers.java	jablib/src/main/java/org/jabref/logic/importer/fetcher/LibraryOfCongress.java	102	5	3	0.60	true	false
jablib/src/main/java/org/jabref/logic/importer/fetcher/ACS.java	jablib/src/main/java/org/jabref/model/entry/identifier/ISSN.java	25	5	3	0.60	true	false
jablib/src/main/java/org/jabref/logic/importer/fetcher/ApsFetcher.java	jablib/src/main/java/org/jabref/logic/importer/fetcher/ArXivFetcher.java	5	25	3	0.60	false	false
jablib/src/main/java/org/jabref/logic/importer/fetcher/ApsFetcher.java	jablib/src/main/java/org/jabref/logic/importer/fetcher/DoiFetcher.java	5	53	3	0.60	false	false
jablib/src/main/java/org/jabref/logic/importer/fetcher/ApsFetcher.java	jablib/src/main/java/org/jabref/logic/importer/fetcher/IEEE.java	5	55	3	0.60	false	false
jablib/src/main/java/org/jabref/logic/importer/fetcher/ApsFetcher.java	jablib/src/main/java/org/jabref/logic/importer/fetcher/ResearchGate.java	5	8	3	0.60	false	false
jablib/src/main/java/org/jabref/logic/importer/fetcher/ApsFetcher.java	jablib/src/main/java/org/jabref/logic/importer/fetcher/ScienceDirect.java	5	35	3	0.60	false	false
jablib/src/main/java/org/jabref/logic/importer/fetcher/ApsFetcher.java	jablib/src/main/java/org/jabref/logic/importer/fetcher/SemanticScholar.java	5	12	3	0.60	false	false
jablib/src/main/java/org/jabref/logic/importer/fetcher/ApsFetcher.java	jablib/src/main/java/org/jabref/logic/importer/fetcher/citation/semanticscholar/SemanticScholarCitationFetcher.java	5	17	3	0.60	true	false
jablib/src/main/java/org/jabref/logic/importer/fetcher/CustomizableKeyFetcher.java	jablib/src/main/java/org/jabref/logic/importer/fetcher/SpringerNatureWebFetcher.java	5	30	3	0.60	false	false
jablib/src/main/java/org/jabref/logic/importer/fetcher/CustomizableKeyFetcher.java	jablib/src/main/java/org/jabref/logic/preferences/JabRefCliPreferences.java	5	1078	3	0.60	true	false
jablib/src/main/java/org/jabref/logic/importer/fetcher/DoiFetcher.java	jablib/src/main/java/org/jabref/model/entry/identifier/ISSN.java	53	5	3	0.60	true	false
jablib/src/main/java/org/jabref/logic/importer/fetcher/IEEE.java	jablib/src/main/java/org/jabref/logic/importer/fetcher/transformers/IEEEQueryTransformer.java	55	5	3	0.60	true	false
jablib/src/main/java/org/jabref/logic/importer/fetcher/IEEE.java	jablib/src/main/java/org/jabref/model/entry/identifier/ISSN.java	55	5	3	0.60	true	false
jablib/src/main/java/org/jabref/logic/importer/fetcher/LibraryOfCongress.java	jablib/src/main/java/org/jabref/logic/importer/fileformat/ModsImporter.java	5	31	3	0.60	true	false
jablib/src/main/java/org/jabref/logic/importer/fetcher/ScienceDirect.java	jablib/src/main/java/org/jabref/model/entry/identifier/ISSN.java	35	5	3	0.60	true	false
jablib/src/main/java/org/jabref/logic/importer/fetcher/SpringerNatureFullTextFetcher.java	jablib/src/main/java/org/jabref/model/entry/identifier/ISSN.java	32	5	3	0.60	true	false
jablib/src/main/java/org/jabref/logic/importer/fetcher/TitleFetcher.java	jablib/src/main/java/org/jabref/model/entry/identifier/ISSN.java	9	5	3	0.60	true	false
jablib/src/main/java/org/jabref/logic/importer/fileformat/EndnoteImporter.java	jablib/src/main/java/org/jabref/logic/importer/fileformat/ReferImporter.java	70	5	3	0.60	false	false
jablib/src/main/java/org/jabref/logic/importer/fileformat/EndnoteImporter.java	jablib/src/main/java/org/jabref/logic/layout/format/AuthorFirstAbbrLastOxfordCommas.java	70	5	3	0.60	true	false
jablib/src/main/java/org/jabref/logic/importer/fileformat/EndnoteImporter.java	jablib/src/main/java/org/jabref/logic/layout/format/AuthorFirstLastOxfordCommas.java	70	5	3	0.60	true	false
jablib/src/main/java/org/jabref/logic/importer/fileformat/EndnoteImporter.java	jablib/src/main/java/org/jabref/logic/layout/format/AuthorLastFirstAbbrOxfordCommas.java	70	5	3	0.60	true	false
jablib/src/main/java/org/jabref/logic/importer/fileformat/EndnoteImporter.java	jablib/src/main/java/org/jabref/logic/layout/format/AuthorLastFirstOxfordCommas.java	70	5	3	0.60	true	false
jablib/src/main/java/org/jabref/logic/importer/fileformat/EndnoteImporter.java	jablib/src/main/java/org/jabref/logic/layout/format/AuthorNatBib.java	70	5	3	0.60	true	false
jablib/src/main/java/org/jabref/logic/importer/fileformat/InspecImporter.java	jablib/src/main/java/org/jabref/logic/layout/format/AuthorFirstAbbrLastOxfordCommas.java	44	5	3	0.60	true	false
jablib/src/main/java/org/jabref/logic/importer/fileformat/InspecImporter.java	jablib/src/main/java/org/jabref/logic/layout/format/AuthorFirstLastOxfordCommas.java	44	5	3	0.60	true	false
jablib/src/main/java/org/jabref/logic/importer/fileformat/InspecImporter.java	jablib/src/main/java/org/jabref/logic/layout/format/AuthorLastFirstAbbrOxfordCommas.java	44	5	3	0.60	true	false
jablib/src/main/java/org/jabref/logic/importer/fileformat/InspecImporter.java	jablib/src/main/java/org/jabref/logic/layout/format/AuthorLastFirstOxfordCommas.java	44	5	3	0.60	true	false
jablib/src/main/java/org/jabref/logic/importer/fileformat/InspecImporter.java	jablib/src/main/java/org/jabref/logic/layout/format/AuthorNatBib.java	44	5	3	0.60	true	false
jablib/src/main/java/org/jabref/logic/importer/fileformat/InspecImporter.java	jablib/src/main/java/org/jabref/logic/layout/format/RisAuthors.java	44	5	3	0.60	true	false
jablib/src/main/java/org/jabref/logic/importer/fileformat/OvidImporter.java	jablib/src/main/java/org/jabref/logic/layout/format/AuthorFirstAbbrLastOxfordCommas.java	57	5	3	0.60	true	false
jablib/src/main/java/org/jabref/logic/importer/fileformat/OvidImporter.java	jablib/src/main/java/org/jabref/logic/layout/format/AuthorFirstLastOxfordCommas.java	57	5	3	0.60	true	false
jablib/src/main/java/org/jabref/logic/importer/fileformat/OvidImporter.java	jablib/src/main/java/org/jabref/logic/layout/format/AuthorLastFirstAbbrOxfordCommas.java	57	5	3	0.60	true	false
jablib/src/main/java/org/jabref/logic/importer/fileformat/OvidImporter.java	jablib/src/main/java/org/jabref/logic/layout/format/AuthorLastFirstOxfordCommas.java	57	5	3	0.60	true	false
jablib/src/main/java/org/jabref/logic/importer/fileformat/OvidImporter.java	jablib/src/main/java/org/jabref/logic/layout/format/AuthorNatBib.java	57	5	3	0.60	true	false
jablib/src/main/java/org/jabref/logic/importer/fileformat/RisImporter.java	jablib/src/main/java/org/jabref/logic/layout/format/AuthorFirstAbbrLastOxfordCommas.java	94	5	3	0.60	true	false
jablib/src/main/java/org/jabref/logic/importer/fileformat/RisImporter.java	jablib/src/main/java/org/jabref/logic/layout/format/AuthorFirstLastOxfordCommas.java	94	5	3	0.60	true	false
jablib/src/main/java/org/jabref/logic/importer/fileformat/RisImporter.java	jablib/src/main/java/org/jabref/logic/layout/format/AuthorLastFirstAbbrOxfordCommas.java	94	5	3	0.60	true	false
jablib/src/main/java/org/jabref/logic/importer/fileformat/RisImporter.java	jablib/src/main/java/org/jabref/logic/layout/format/AuthorLastFirstOxfordCommas.java	94	5	3	0.60	true	false
jablib/src/main/java/org/jabref/logic/importer/fileformat/RisImporter.java	jablib/src/main/java/org/jabref/logic/layout/format/AuthorNatBib.java	94	5	3	0.60	true	false
jablib/src/main/java/org/jabref/logic/importer/fileformat/pdf/PdfContentImporter.java	jablib/src/main/java/org/jabref/model/entry/identifier/ISSN.java	108	5	3	0.60	true	false
jablib/src/main/java/org/jabref/logic/importer/util/IdentifierParser.java	jablib/src/main/java/org/jabref/model/entry/identifier/ArXivIdentifier.java	5	18	3	0.60	true	false
jablib/src/main/java/org/jabref/logic/integrity/AbbreviationChecker.java	jablib/src/main/java/org/jabref/logic/integrity/BracketChecker.java	6	5	3	0.60	false	false
jablib/src/main/java/org/jabref/logic/integrity/AbbreviationChecker.java	jablib/src/main/java/org/jabref/logic/integrity/UrlChecker.java	6	5	3	0.60	false	false
jablib/src/main/java/org/jabref/logic/integrity/AbbreviationChecker.java	jablib/src/main/java/org/jabref/logic/integrity/YearChecker.java	6	5	3	0.60	false	false
jablib/src/main/java/org/jabref/logic/integrity/BracketChecker.java	jablib/src/main/java/org/jabref/logic/integrity/DoiValidityChecker.java	5	8	3	0.60	false	false
jablib/src/main/java/org/jabref/logic/integrity/BracketChecker.java	jablib/src/main/java/org/jabref/logic/integrity/EditionChecker.java	5	16	3	0.60	false	false
jablib/src/main/java/org/jabref/logic/integrity/BracketChecker.java	jablib/src/main/java/org/jabref/logic/integrity/HowPublishedChecker.java	5	5	3	0.60	false	false
jablib/src/main/java/org/jabref/logic/integrity/BracketChecker.java	jablib/src/main/java/org/jabref/logic/integrity/ISBNChecker.java	5	8	3	0.60	false	false
jablib/src/main/java/org/jabref/logic/integrity/BracketChecker.java	jablib/src/main/java/org/jabref/logic/integrity/IntegrityCheck.java	5	81	3	0.60	false	false
jablib/src/main/java/org/jabref/logic/integrity/BracketChecker.java	jablib/src/main/java/org/jabref/logic/integrity/MonthChecker.java	5	6	3	0.60	false	false
jablib/src/main/java/org/jabref/logic/integrity/BracketChecker.java	jablib/src/main/java/org/jabref/logic/integrity/NoteChecker.java	5	6	3	0.60	false	false
jablib/src/main/java/org/jabref/logic/integrity/BracketChecker.java	jablib/src/main/java/org/jabref/logic/integrity/PersonNamesChecker.java	5	10	3	0.60	false	false
jablib/src/main/java/org/jabref/logic/integrity/DoiValidityChecker.java	jablib/src/main/java/org/jabref/logic/integrity/HowPublishedChecker.java	8	5	3	0.60	false	false
jablib/src/main/java/org/jabref/logic/integrity/DoiValidityChecker.java	jablib/src/main/java/org/jabref/logic/integrity/UrlChecker.java	8	5	3	0.60	false	false
jablib/src/main/java/org/jabref/logic/integrity/DoiValidityChecker.java	jablib/src/main/java/org/jabref/logic/integrity/YearChecker.java	8	5	3	0.60	false	false
jablib/src/main/java/org/jabref/logic/integrity/EditionChecker.java	jablib/src/main/java/org/jabref/logic/integrity/UrlChecker.java	16	5	3	0.60	false	false
jablib/src/main/java/org/jabref/logic/integrity/EditionChecker.java	jablib/src/main/java/org/jabref/logic/integrity/YearChecker.java	16	5	3	0.60	false	false
jablib/src/main/java/org/jabref/logic/integrity/FileChecker.java	jablib/src/main/java/org/jabref/logic/integrity/HowPublishedChecker.java	10	5	3	0.60	false	false
jablib/src/main/java/org/jabref/logic/integrity/HTMLCharacterChecker.java	jablib/src/main/java/org/jabref/logic/integrity/IntegrityCheck.java	5	81	3	0.60	false	false
jablib/src/main/java/org/jabref/logic/integrity/HowPublishedChecker.java	jablib/src/main/java/org/jabref/logic/integrity/ISBNChecker.java	5	8	3	0.60	false	false
jablib/src/main/java/org/jabref/logic/integrity/HowPublishedChecker.java	jablib/src/main/java/org/jabref/logic/integrity/ISSNChecker.java	5	13	3	0.60	false	false
jablib/src/main/java/org/jabref/logic/integrity/HowPublishedChecker.java	jablib/src/main/java/org/jabref/logic/integrity/PersonNamesChecker.java	5	10	3	0.60	false	false
jablib/src/main/java/org/jabref/logic/integrity/HowPublishedChecker.java	jablib/src/main/java/org/jabref/logic/integrity/TitleChecker.java	5	7	3	0.60	false	false
jablib/src/main/java/org/jabref/logic/integrity/HowPublishedChecker.java	jablib/src/main/java/org/jabref/logic/integrity/UrlChecker.java	5	5	3	0.60	false	false
jablib/src/main/java/org/jabref/logic/integrity/HowPublishedChecker.java	jablib/src/main/java/org/jabref/logic/integrity/YearChecker.java	5	5	3	0.60	false	false
jablib/src/main/java/org/jabref/logic/integrity/ISBNChecker.java	jablib/src/main/java/org/jabref/logic/integrity/UrlChecker.java	8	5	3	0.60	false	false
jablib/src/main/java/org/jabref/logic/integrity/ISBNChecker.java	jablib/src/main/java/org/jabref/logic/integrity/YearChecker.java	8	5	3	0.60	false	false
jablib/src/main/java/org/jabref/logic/integrity/IntegrityCheck.java	jablib/src/main/java/org/jabref/logic/integrity/UrlChecker.java	81	5	3	0.60	false	false
jablib/src/main/java/org/jabref/logic/integrity/IntegrityCheck.java	jablib/src/main/java/org/jabref/logic/integrity/YearChecker.java	81	5	3	0.60	false	false
jablib/src/main/java/org/jabref/logic/integrity/MonthChecker.java	jablib/src/main/java/org/jabref/logic/integrity/UrlChecker.java	6	5	3	0.60	false	false
jablib/src/main/java/org/jabref/logic/integrity/MonthChecker.java	jablib/src/main/java/org/jabref/logic/integrity/YearChecker.java	6	5	3	0.60	false	false
jablib/src/main/java/org/jabref/logic/integrity/NoteChecker.java	jablib/src/main/java/org/jabref/logic/integrity/UrlChecker.java	6	5	3	0.60	false	false
jablib/src/main/java/org/jabref/logic/integrity/NoteChecker.java	jablib/src/main/java/org/jabref/logic/integrity/YearChecker.java	6	5	3	0.60	false	false
jablib/src/main/java/org/jabref/logic/integrity/PersonNamesChecker.java	jablib/src/main/java/org/jabref/logic/integrity/UrlChecker.java	10	5	3	0.60	false	false
jablib/src/main/java/org/jabref/logic/integrity/PersonNamesChecker.java	jablib/src/main/java/org/jabref/logic/integrity/YearChecker.java	10	5	3	0.60	false	false
jablib/src/main/java/org/jabref/logic/layout/ParamLayoutFormatter.java	jablib/src/main/java/org/jabref/logic/layout/format/FileLink.java	5	30	3	0.60	true	false
jablib/src/main/java/org/jabref/logic/layout/format/AuthorAbbreviator.java	jablib/src/main/java/org/jabref/logic/layout/format/AuthorNatBib.java	16	5	3	0.60	false	false
jablib/src/main/java/org/jabref/logic/layout/format/AuthorAbbreviator.java	jablib/src/main/java/org/jabref/logic/layout/format/RisAuthors.java	16	5	3	0.60	false	false
jablib/src/main/java/org/jabref/logic/layout/format/AuthorFirstAbbrLastCommas.java	jablib/src/main/java/org/jabref/logic/layout/format/RisAuthors.java	7	5	3	0.60	false	false
jablib/src/main/java/org/jabref/logic/layout/format/AuthorFirstAbbrLastOxfordCommas.java	jablib/src/main/java/org/jabref/logic/layout/format/DocBookAuthorFormatter.java	5	35	3	0.60	false	false
jablib/src/main/java/org/jabref/logic/layout/format/AuthorFirstAbbrLastOxfordCommas.java	jablib/src/main/java/org/jabref/logic/layout/format/RisAuthors.java	5	5	3	0.60	false	false
jablib/src/main/java/org/jabref/logic/layout/format/AuthorFirstFirst.java	jablib/src/main/java/org/jabref/logic/layout/format/AuthorNatBib.java	14	5	3	0.60	false	false
jablib/src/main/java/org/jabref/logic/layout/format/AuthorFirstFirst.java	jablib/src/main/java/org/jabref/logic/layout/format/RisAuthors.java	14	5	3	0.60	false	false
jablib/src/main/java/org/jabref/logic/layout/format/AuthorFirstFirstCommas.java	jablib/src/main/java/org/jabref/logic/layout/format/RisAuthors.java	7	5	3	0.60	false	false
jablib/src/main/java/org/jabref/logic/layout/format/AuthorFirstLastCommas.java	jablib/src/main/java/org/jabref/logic/layout/format/RisAuthors.java	7	5	3	0.60	false	false
jablib/src/main/java/org/jabref/logic/layout/format/AuthorFirstLastOxfordCommas.java	jablib/src/main/java/org/jabref/logic/layout/format/DocBookAuthorFormatter.java	5	35	3	0.60	false	false
jablib/src/main/java/org/jabref/logic/layout/format/AuthorFirstLastOxfordCommas.java	jablib/src/main/java/org/jabref/logic/layout/format/RisAuthors.java	5	5	3	0.60	false	false
jablib/src/main/java/org/jabref/logic/layout/format/AuthorLastFirst.java	jablib/src/main/java/org/jabref/logic/layout/format/AuthorNatBib.java	9	5	3	0.60	false	false
jablib/src/main/java/org/jabref/logic/layout/format/AuthorLastFirst.java	jablib/src/main/java/org/jabref/logic/layout/format/RisAuthors.java	9	5	3	0.60	false	false
jablib/src/main/java/org/jabref/logic/layout/format/AuthorLastFirstAbbrCommas.java	jablib/src/main/java/org/jabref/logic/layout/format/RisAuthors.java	7	5	3	0.60	false	false
jablib/src/main/java/org/jabref/logic/layout/format/AuthorLastFirstAbbrOxfordCommas.java	jablib/src/main/java/org/jabref/logic/layout/format/DocBookAuthorFormatter.java	5	35	3	0.60	false	false
jablib/src/main/java/org/jabref/logic/layout/format/AuthorLastFirstAbbrOxfordCommas.java	jablib/src/main/java/org/jabref/logic/layout/format/RisAuthors.java	5	5	3	0.60	false	false
jablib/src/main/java/org/jabref/logic/layout/format/AuthorLastFirstCommas.java	jablib/src/main/java/org/jabref/logic/layout/format/RisAuthors.java	7	5	3	0.60	false	false
jablib/src/main/java/org/jabref/logic/layout/format/AuthorLastFirstOxfordCommas.java	jablib/src/main/java/org/jabref/logic/layout/format/DocBookAuthorFormatter.java	5	35	3	0.60	false	false
jablib/src/main/java/org/jabref/logic/layout/format/AuthorLastFirstOxfordCommas.java	jablib/src/main/java/org/jabref/logic/layout/format/RisAuthors.java	5	5	3	0.60	false	false
jablib/src/main/java/org/jabref/logic/layout/format/AuthorNatBib.java	jablib/src/main/java/org/jabref/logic/layout/format/DocBookAuthorFormatter.java	5	35	3	0.60	false	false
jablib/src/main/java/org/jabref/logic/layout/format/AuthorNatBib.java	jablib/src/main/java/org/jabref/logic/layout/format/RisAuthors.java	5	5	3	0.60	false	false
jablib/src/main/java/org/jabref/logic/layout/format/AuthorNatBib.java	jablib/src/main/java/org/jabref/model/entry/AuthorList.java	5	77	3	0.60	true	false
jablib/src/main/java/org/jabref/logic/layout/format/DOIStrip.java	jablib/src/main/java/org/jabref/model/entry/identifier/ISSN.java	18	5	3	0.60	true	false
jablib/src/main/java/org/jabref/logic/layout/format/DocBookAuthorFormatter.java	jablib/src/main/java/org/jabref/logic/layout/format/RisAuthors.java	35	5	3	0.60	false	false
jablib/src/main/java/org/jabref/logic/layout/format/RisAuthors.java	jablib/src/main/java/org/jabref/logic/openoffice/style/JStyle.java	5	104	3	0.60	true	false
jablib/src/main/java/org/jabref/logic/openoffice/OpenOfficePreferences.java	jablib/src/main/java/org/jabref/logic/openoffice/action/EditSeparate.java	33	5	3	0.60	true	false
jablib/src/main/java/org/jabref/logic/openoffice/action/EditInsert.java	jablib/src/main/java/org/jabref/logic/openoffice/action/Update.java	6	5	3	0.60	false	false
jablib/src/main/java/org/jabref/logic/openoffice/action/EditMerge.java	jablib/src/main/java/org/jabref/logic/openoffice/action/Update.java	9	5	3	0.60	false	false
jablib/src/main/java/org/jabref/logic/openoffice/action/EditSeparate.java	jablib/src/main/java/org/jabref/logic/openoffice/action/Update.java	5	5	3	0.60	false	false
jablib/src/main/java/org/jabref/logic/openoffice/action/EditSeparate.java	jablib/src/main/java/org/jabref/logic/openoffice/frontend/OOFrontend.java	5	9	3	0.60	true	false
jablib/src/main/java/org/jabref/logic/openoffice/action/EditSeparate.java	jablib/src/main/java/org/jabref/logic/openoffice/frontend/UpdateCitationMarkers.java	5	6	3	0.60	true	false
jablib/src/main/java/org/jabref/logic/openoffice/action/EditSeparate.java	jablib/src/main/java/org/jabref/logic/openoffice/oocsltext/CSLCitationOOAdapter.java	5	90	3	0.60	true	false
jablib/src/main/java/org/jabref/logic/openoffice/action/EditSeparate.java	jablib/src/main/java/org/jabref/logic/preferences/JabRefCliPreferences.java	5	1078	3	0.60	true	false
jablib/src/main/java/org/jabref/logic/openoffice/backend/Backend52.java	jablib/src/main/java/org/jabref/logic/openoffice/style/OOFormatBibliography.java	8	5	3	0.60	true	false
jablib/src/main/java/org/jabref/logic/openoffice/backend/NamedRangeReferenceMark.java	jablib/src/main/java/org/jabref/logic/openoffice/frontend/UpdateBibliography.java	7	5	3	0.60	true	false
jablib/src/main/java/org/jabref/logic/openoffice/backend/NamedRangeReferenceMark.java	jablib/src/main/java/org/jabref/logic/openoffice/style/OOFormatBibliography.java	7	5	3	0.60	true	false
jablib/src/main/java/org/jabref/logic/openoffice/frontend/UpdateBibliography.java	jablib/src/main/java/org/jabref/logic/openoffice/oocsltext/CSLCitationOOAdapter.java	5	90	3	0.60	true	false
jablib/src/main/java/org/jabref/logic/openoffice/frontend/UpdateBibliography.java	jablib/src/main/java/org/jabref/logic/openoffice/style/JStyle.java	5	104	3	0.60	true	false
jablib/src/main/java/org/jabref/logic/openoffice/frontend/UpdateBibliography.java	jablib/src/main/java/org/jabref/logic/openoffice/style/JStyleGetCitationMarker.java	5	11	3	0.60	true	false
jablib/src/main/java/org/jabref/logic/openoffice/frontend/UpdateBibliography.java	jablib/src/main/java/org/jabref/logic/openoffice/style/JStyleGetNumericCitationMarker.java	5	5	3	0.60	true	false
jablib/src/main/java/org/jabref/logic/openoffice/frontend/UpdateBibliography.java	jablib/src/main/java/org/jabref/logic/openoffice/style/OOFormatBibliography.java	5	5	3	0.60	true	false
jablib/src/main/java/org/jabref/logic/openoffice/frontend/UpdateBibliography.java	jablib/src/main/java/org/jabref/logic/openoffice/style/OOProcessAuthorYearMarkers.java	5	7	3	0.60	true	false
jablib/src/main/java/org/jabref/logic/openoffice/style/JStyle.java	jablib/src/main/java/org/jabref/logic/openoffice/style/OOProcessNumericMarkers.java	104	5	3	0.60	false	false
jablib/src/main/java/org/jabref/logic/openoffice/style/JStyleGetCitationMarker.java	jablib/src/main/java/org/jabref/logic/openoffice/style/OOProcessNumericMarkers.java	11	5	3	0.60	false	false
jablib/src/main/java/org/jabref/logic/openoffice/style/JStyleGetNumericCitationMarker.java	jablib/src/main/java/org/jabref/logic/openoffice/style/OOProcessNumericMarkers.java	5	5	3	0.60	false	false
jablib/src/main/java/org/jabref/logic/preferences/JabRefCliPreferences.java	jablib/src/main/java/org/jabref/logic/util/io/FileFinders.java	1078	5	3	0.60	true	false
jablib/src/main/java/org/jabref/logic/preferences/JabRefCliPreferences.java	jablib/src/main/java/org/jabref/model/metadata/event/MetaDataChangedEvent.java	1078	5	3	0.60	true	false
jablib/src/main/java/org/jabref/logic/protectedterms/ProtectedTermsLoader.java	jablib/src/main/java/org/jabref/logic/protectedterms/ProtectedTermsParser.java	7	5	3	0.60	false	false
jablib/src/main/java/org/jabref/logic/push/PushToApplicationDetector.java	jablib/src/main/java/org/jabref/logic/util/Directories.java	5	8	3	0.60	true	false
jablib/src/main/java/org/jabref/logic/push/PushToApplicationDetector.java	jablib/src/main/java/org/jabref/logic/util/io/FileNameUniqueness.java	5	10	3	0.60	true	false
jablib/src/main/java/org/jabref/logic/push/PushToApplicationDetector.java	jablib/src/main/java/org/jabref/logic/util/io/FileUtil.java	5	142	3	0.60	true	false
jablib/src/main/java/org/jabref/logic/push/PushToApplicationDetector.java	jablib/src/main/java/org/jabref/model/entry/LinkedFile.java	5	41	3	0.60	true	false
jablib/src/main/java/org/jabref/logic/search/query/SearchToLuceneVisitor.java	jablib/src/main/java/org/jabref/logic/search/query/SearchToSqlVisitor.java	6	5	3	0.60	false	false
jablib/src/main/java/org/jabref/logic/shared/DBMSConnection.java	jablib/src/main/java/org/jabref/logic/shared/security/Password.java	13	5	3	0.60	true	false
jablib/src/main/java/org/jabref/logic/shared/DBMSConnectionProperties.java	jablib/src/main/java/org/jabref/logic/shared/security/Password.java	15	5	3	0.60	true	false
jablib/src/main/java/org/jabref/logic/shared/DBMSConnectionProperties.java	jablib/src/main/java/org/jabref/model/entry/SharedBibEntryData.java	15	5	3	0.60	true	false
jablib/src/main/java/org/jabref/logic/shared/DBMSProcessor.java	jablib/src/main/java/org/jabref/model/entry/SharedBibEntryData.java	44	5	3	0.60	true	false
jablib/src/main/java/org/jabref/logic/shared/DBMSSynchronizer.java	jablib/src/main/java/org/jabref/logic/shared/security/Password.java	38	5	3	0.60	true	false
jablib/src/main/java/org/jabref/logic/shared/DBMSSynchronizer.java	jablib/src/main/java/org/jabref/model/entry/SharedBibEntryData.java	38	5	3	0.60	true	false
jablib/src/main/java/org/jabref/logic/shared/DBMSType.java	jablib/src/main/java/org/jabref/logic/shared/event/UpdateRefusedEvent.java	11	5	3	0.60	true	false
jablib/src/main/java/org/jabref/logic/shared/event/UpdateRefusedEvent.java	jablib/src/main/java/org/jabref/logic/shared/prefs/SharedDatabasePreferences.java	5	13	3	0.60	true	false
jablib/src/main/java/org/jabref/logic/shared/event/UpdateRefusedEvent.java	jablib/src/main/java/org/jabref/model/entry/event/FieldChangedEvent.java	5	16	3	0.60	true	false
jablib/src/main/java/org/jabref/logic/shared/security/Password.java	jablib/src/main/java/org/jabref/model/database/BibDatabaseContext.java	5	99	3	0.60	true	false
jablib/src/main/java/org/jabref/logic/util/io/AutoLinkPreferences.java	jablib/src/main/java/org/jabref/logic/util/io/FileFinders.java	9	5	3	0.60	false	false
jablib/src/main/java/org/jabref/model/ChainNode.java	jablib/src/main/java/org/jabref/model/entry/KeywordList.java	5	18	3	0.60	true	false
jablib/src/main/java/org/jabref/model/database/BibDatabaseContext.java	jablib/src/main/java/org/jabref/model/metadata/event/MetaDataChangedEvent.java	99	5	3	0.60	true	false
jablib/src/main/java/org/jabref/model/database/event/BibDatabaseContextChangedEvent.java	jablib/src/main/java/org/jabref/model/metadata/event/MetaDataChangedEvent.java	6	5	3	0.60	true	false
jablib/src/main/java/org/jabref/model/entry/BibEntry.java	jablib/src/main/java/org/jabref/model/entry/SharedBibEntryData.java	312	5	3	0.60	false	false
jablib/src/main/java/org/jabref/model/entry/field/BiblatexApaField.java	jablib/src/main/java/org/jabref/model/entry/field/Field.java	5	6	3	0.60	false	false
jablib/src/main/java/org/jabref/model/entry/field/BiblatexApaField.java	jablib/src/main/java/org/jabref/model/entry/field/FieldFactory.java	5	32	3	0.60	false	false
jablib/src/main/java/org/jabref/model/entry/field/BiblatexSoftwareField.java	jablib/src/main/java/org/jabref/model/entry/field/Field.java	5	6	3	0.60	false	false
jablib/src/main/java/org/jabref/model/entry/field/BiblatexSoftwareField.java	jablib/src/main/java/org/jabref/model/entry/field/FieldFactory.java	5	32	3	0.60	false	false
jablib/src/main/java/org/jabref/model/entry/identifier/DOI.java	jablib/src/main/java/org/jabref/model/entry/identifier/ISSN.java	61	5	3	0.60	false	false
jablib/src/main/java/org/jabref/model/groups/GroupEntryChanger.java	jablib/src/main/java/org/jabref/model/groups/WordKeywordGroup.java	5	18	3	0.60	false	false
jablib/src/main/java/org/jabref/model/metadata/MetaData.java	jablib/src/main/java/org/jabref/model/metadata/event/MetaDataChangedEvent.java	201	5	3	0.60	true	false
jablib/src/main/java/org/jabref/model/pdf/FileAnnotation.java	jablib/src/main/java/org/jabref/model/pdf/FileAnnotationType.java	22	5	3	0.60	false	false
jabls/src/main/java/module-info.java	jabls/src/main/java/org/jabref/languageserver/util/LspDiagnosticHandler.java	12	5	3	0.60	true	false
jabls/src/main/java/org/jabref/languageserver/BibtexTextDocumentService.java	jabls/src/main/java/org/jabref/languageserver/LspLauncher.java	5	8	3	0.60	false	false
jabls/src/main/java/org/jabref/languageserver/LspClientHandler.java	jabls/src/main/java/org/jabref/languageserver/util/LspDiagnosticHandler.java	6	5	3	0.60	true	false
jabls/src/main/java/org/jabref/languageserver/LspLauncher.java	jabls/src/main/java/org/jabref/languageserver/util/LspDiagnosticHandler.java	8	5	3	0.60	true	false
jabsrv/src/main/java/module-info.java	jabsrv/src/main/java/org/jabref/http/server/resources/LibraryResource.java	25	5	3	0.60	true	false
jabsrv/src/main/java/org/jabref/http/server/cayw/CAYWResource.java	jabsrv/src/main/java/org/jabref/http/server/cayw/gui/SearchDialog.java	16	5	3	0.60	true	false
jabsrv/src/main/java/org/jabref/http/server/resources/EntriesResource.java	jabsrv/src/main/java/org/jabref/http/server/resources/LibraryResource.java	7	5	3	0.60	false	false
jabsrv/src/main/java/org/jabref/http/server/resources/EntryResource.java	jabsrv/src/main/java/org/jabref/http/server/resources/LibraryResource.java	7	5	3	0.60	false	false
jabgui/src/main/java/org/jabref/gui/frame/JabRefFrame.java	jabgui/src/main/java/org/jabref/gui/push/GuiPushToApplicationCommand.java	1215	47	28	0.60	true	false
jablib/src/main/java/org/jabref/logic/importer/util/MetaDataParser.java	jablib/src/main/java/org/jabref/model/metadata/MetaData.java	47	201	28	0.60	true	false
jablib/src/main/java/org/jabref/logic/importer/fileformat/CopacImporter.java	jablib/src/main/java/org/jabref/logic/importer/fileformat/InspecImporter.java	37	44	22	0.59	false	false
jabgui/src/main/java/org/jabref/gui/LibraryTab.java	jabgui/src/main/java/org/jabref/gui/frame/SendAsEMailAction.java	1048	66	39	0.59	true	false
jabgui/src/main/java/org/jabref/gui/entryeditor/fileannotationtab/FileAnnotationTab.java	jablib/src/main/java/org/jabref/model/pdf/FileAnnotation.java	90	22	13	0.59	true	true
jabgui/src/main/java/org/jabref/gui/preferences/entryeditor/EntryEditorTab.java	jablib/src/main/java/org/jabref/logic/preferences/JabRefCliPreferences.java	22	1078	13	0.59	true	true
jabgui/src/main/java/org/jabref/gui/preferences/websearch/WebSearchTabViewModel.java	jablib/src/main/java/org/jabref/logic/importer/ImporterPreferences.java	40	22	13	0.59	true	true
jabgui/src/main/java/org/jabref/gui/push/GuiPushToApplicationCommand.java	jablib/src/main/java/org/jabref/logic/push/PushToApplication.java	47	22	13	0.59	true	true
jabgui/src/main/java/org/jabref/gui/exporter/SaveAllAction.java	jabgui/src/main/java/org/jabref/gui/importer/actions/OpenDatabaseAction.java	39	224	23	0.59	true	false
jabgui/src/main/java/org/jabref/gui/desktop/os/Linux.java	jabgui/src/main/java/org/jabref/gui/desktop/os/Windows.java	48	34	20	0.59	false	false
jabgui/src/main/java/org/jabref/gui/maintable/ColumnPreferencesRecorder.java	jabgui/src/main/java/org/jabref/gui/maintable/MainTable.java	17	293	10	0.59	false	false
jabgui/src/main/java/org/jabref/gui/maintable/RightClickMenu.java	jabgui/src/main/java/org/jabref/gui/specialfields/SpecialFieldViewModel.java	216	17	10	0.59	true	false
jablib/src/main/java/org/jabref/logic/preferences/JabRefCliPreferences.java	jablib/src/main/java/org/jabref/logic/util/io/FileHistory.java	1078	17	10	0.59	true	false
jabgui/src/main/java/org/jabref/gui/frame/JabRefFrame.java	jabgui/src/main/java/org/jabref/gui/help/HelpAction.java	1215	58	34	0.59	true	false
jabgui/src/main/java/org/jabref/gui/frame/JabRefFrame.java	jablib/src/main/java/org/jabref/logic/push/PushToTeXstudio.java	1215	29	17	0.59	true	true
jabgui/src/main/java/org/jabref/gui/preferences/customentrytypes/CustomEntryTypesTab.java	jabgui/src/main/java/org/jabref/gui/preferences/customentrytypes/CustomEntryTypesTabViewModel.java	41	47	24	0.59	false	false
jabgui/src/main/java/org/jabref/gui/entryeditor/EntryEditor.java	jabgui/src/main/java/org/jabref/gui/entryeditor/FieldsEditorTab.java	655	48	28	0.58	false	false
jabgui/src/main/java/org/jabref/gui/auximport/NewSubLibraryAction.java	jabgui/src/main/java/org/jabref/gui/importer/NewDatabaseAction.java	36	24	14	0.58	true	false
jabgui/src/main/java/org/jabref/gui/mergeentries/threewaymerge/ThreeWayMergeView.java	jabgui/src/main/java/org/jabref/gui/mergeentries/threewaymerge/toolbar/ThreeWayMergeToolbar.java	30	24	14	0.58	true	false
jabgui/src/main/java/org/jabref/gui/collab/DatabaseChangesResolverDialog.java	jabgui/src/main/java/org/jabref/gui/collab/entrychange/EntryChangeDetailsView.java	12	18	7	0.58	true	false
jabgui/src/main/java/org/jabref/gui/maintable/ColumnPreferences.java	jabgui/src/main/java/org/jabref/gui/maintable/MainTableColumnFactory.java	12	64	7	0.58	false	false
jabkit/src/main/java/org/jabref/toolkit/commands/Convert.java	jabkit/src/main/java/org/jabref/toolkit/commands/JabKit.java	12	18	7	0.58	false	false
jabkit/src/main/java/org/jabref/toolkit/commands/JabKit.java	jabkit/src/main/java/org/jabref/toolkit/commands/Search.java	18	12	7	0.58	false	false
jablib/src/main/java/org/jabref/logic/formatter/bibtexfields/LatexCleanupFormatter.java	jablib/src/main/java/org/jabref/logic/formatter/bibtexfields/NormalizeMonthFormatter.java	15	12	7	0.58	false	false
jablib/src/main/java/org/jabref/logic/formatter/bibtexfields/LatexCleanupFormatter.java	jablib/src/main/java/org/jabref/logic/formatter/casechanger/SentenceCaseFormatter.java	15	12	7	0.58	true	false
jablib/src/main/java/org/jabref/logic/formatter/bibtexfields/LatexCleanupFormatter.java	jablib/src/main/java/org/jabref/logic/formatter/casechanger/TitleCaseFormatter.java	15	12	7	0.58	true	false
jablib/src/main/java/org/jabref/logic/formatter/bibtexfields/LatexCleanupFormatter.java	jablib/src/main/java/org/jabref/logic/formatter/casechanger/UpperCaseFormatter.java	15	12	7	0.58	true	false
jablib/src/main/java/org/jabref/logic/formatter/bibtexfields/NormalizeDateFormatter.java	jablib/src/main/java/org/jabref/logic/formatter/bibtexfields/NormalizeMonthFormatter.java	15	12	7	0.58	false	false
jablib/src/main/java/org/jabref/logic/formatter/bibtexfields/NormalizeDateFormatter.java	jablib/src/main/java/org/jabref/logic/formatter/casechanger/SentenceCaseFormatter.java	15	12	7	0.58	true	false
jablib/src/main/java/org/jabref/logic/formatter/bibtexfields/NormalizeDateFormatter.java	jablib/src/main/java/org/jabref/logic/formatter/casechanger/TitleCaseFormatter.java	15	12	7	0.58	true	false
jablib/src/main/java/org/jabref/logic/formatter/bibtexfields/NormalizeDateFormatter.java	jablib/src/main/java/org/jabref/logic/formatter/casechanger/UpperCaseFormatter.java	15	12	7	0.58	true	false
jablib/src/main/java/org/jabref/logic/formatter/bibtexfields/NormalizeDateFormatter.java	jablib/src/main/java/org/jabref/logic/formatter/minifier/MinifyNameListFormatter.java	15	12	7	0.58	true	false
jablib/src/main/java/org/jabref/logic/formatter/bibtexfields/NormalizeMonthFormatter.java	jablib/src/main/java/org/jabref/logic/formatter/bibtexfields/NormalizeNamesFormatter.java	12	26	7	0.58	false	false
jablib/src/main/java/org/jabref/logic/formatter/bibtexfields/NormalizeMonthFormatter.java	jablib/src/main/java/org/jabref/logic/formatter/casechanger/SentenceCaseFormatter.java	12	12	7	0.58	true	false
jablib/src/main/java/org/jabref/logic/formatter/bibtexfields/NormalizeMonthFormatter.java	jablib/src/main/java/org/jabref/logic/formatter/casechanger/TitleCaseFormatter.java	12	12	7	0.58	true	false
jablib/src/main/java/org/jabref/logic/formatter/bibtexfields/NormalizeMonthFormatter.java	jablib/src/main/java/org/jabref/logic/formatter/casechanger/UpperCaseFormatter.java	12	12	7	0.58	true	false
jablib/src/main/java/org/jabref/logic/formatter/bibtexfields/NormalizeNamesFormatter.java	jablib/src/main/java/org/jabref/logic/formatter/casechanger/SentenceCaseFormatter.java	26	12	7	0.58	true	false
jablib/src/main/java/org/jabref/logic/formatter/bibtexfields/NormalizeNamesFormatter.java	jablib/src/main/java/org/jabref/logic/formatter/casechanger/TitleCaseFormatter.java	26	12	7	0.58	true	false
jablib/src/main/java/org/jabref/logic/formatter/bibtexfields/NormalizeNamesFormatter.java	jablib/src/main/java/org/jabref/logic/formatter/casechanger/UpperCaseFormatter.java	26	12	7	0.58	true	false
jablib/src/main/java/org/jabref/logic/formatter/bibtexfields/OrdinalsToSuperscriptFormatter.java	jablib/src/main/java/org/jabref/logic/formatter/casechanger/SentenceCaseFormatter.java	16	12	7	0.58	true	false
jablib/src/main/java/org/jabref/logic/formatter/bibtexfields/OrdinalsToSuperscriptFormatter.java	jablib/src/main/java/org/jabref/logic/formatter/casechanger/TitleCaseFormatter.java	16	12	7	0.58	true	false
jablib/src/main/java/org/jabref/logic/formatter/bibtexfields/OrdinalsToSuperscriptFormatter.java	jablib/src/main/java/org/jabref/logic/formatter/casechanger/UpperCaseFormatter.java	16	12	7	0.58	true	false
jablib/src/main/java/org/jabref/logic/formatter/bibtexfields/UnitsToLatexFormatter.java	jablib/src/main/java/org/jabref/logic/formatter/casechanger/SentenceCaseFormatter.java	21	12	7	0.58	true	false
jablib/src/main/java/org/jabref/logic/formatter/bibtexfields/UnitsToLatexFormatter.java	jablib/src/main/java/org/jabref/logic/formatter/casechanger/TitleCaseFormatter.java	21	12	7	0.58	true	false
jablib/src/main/java/org/jabref/logic/formatter/bibtexfields/UnitsToLatexFormatter.java	jablib/src/main/java/org/jabref/logic/formatter/casechanger/UpperCaseFormatter.java	21	12	7	0.58	true	false
jablib/src/main/java/org/jabref/logic/formatter/casechanger/ProtectTermsFormatter.java	jablib/src/main/java/org/jabref/logic/formatter/casechanger/SentenceCaseFormatter.java	33	12	7	0.58	false	false
jablib/src/main/java/org/jabref/logic/formatter/casechanger/ProtectTermsFormatter.java	jablib/src/main/java/org/jabref/logic/formatter/casechanger/TitleCaseFormatter.java	33	12	7	0.58	false	false
jablib/src/main/java/org/jabref/logic/formatter/casechanger/SentenceCaseFormatter.java	jablib/src/main/java/org/jabref/logic/formatter/minifier/MinifyNameListFormatter.java	12	12	7	0.58	true	false
jablib/src/main/java/org/jabref/logic/formatter/casechanger/TitleCaseFormatter.java	jablib/src/main/java/org/jabref/logic/formatter/minifier/MinifyNameListFormatter.java	12	12	7	0.58	true	false
jablib/src/main/java/org/jabref/logic/formatter/casechanger/UpperCaseFormatter.java	jablib/src/main/java/org/jabref/logic/formatter/minifier/MinifyNameListFormatter.java	12	12	7	0.58	true	false
jabls/src/main/java/module-info.java	jabsrv/src/main/java/module-info.java	12	25	7	0.58	false	true
jablib/src/main/java/org/jabref/logic/exporter/MSBibExporter.java	jablib/src/main/java/org/jabref/logic/exporter/OpenOfficeDocumentCreator.java	31	33	18	0.58	false	false
jablib/src/main/java/org/jabref/logic/layout/format/HTMLChars.java	jablib/src/main/java/org/jabref/logic/layout/format/LatexToUnicodeFormatter.java	55	31	18	0.58	false	false
jablib/src/main/java/org/jabref/logic/citationkeypattern/AbstractCitationKeyPatterns.java	jablib/src/main/java/org/jabref/logic/preferences/JabRefCliPreferences.java	26	1078	15	0.58	true	false
jablib/src/main/java/org/jabref/logic/msbib/MSBibDatabase.java	jablib/src/main/java/org/jabref/logic/msbib/MSBibEntry.java	26	74	15	0.58	false	false
jablib/src/main/java/org/jabref/logic/exporter/ModsExporter.java	jablib/src/main/java/org/jabref/logic/exporter/OpenOfficeDocumentCreator.java	37	33	19	0.58	false	false
jabgui/src/main/java/org/jabref/gui/preferences/customimporter/CustomImporterTab.java	jabgui/src/main/java/org/jabref/gui/preferences/protectedterms/NewProtectedTermsFileDialog.java	101	21	12	0.57	true	false
jabgui/src/main/java/org/jabref/gui/preferences/network/NetworkTab.java	jablib/src/main/java/org/jabref/logic/preferences/JabRefCliPreferences.java	21	1078	12	0.57	true	true
jabgui/src/main/java/org/jabref/cli/ArgumentProcessor.java	jabgui/src/main/java/org/jabref/gui/exporter/CreateModifyExporterDialogViewModel.java	123	14	8	0.57	true	false
jabgui/src/main/java/org/jabref/gui/entryeditor/EntryEditor.java	jabgui/src/main/java/org/jabref/gui/externalfiles/ExternalFilesEntryLinker.java	655	14	8	0.57	true	false
jabgui/src/main/java/org/jabref/gui/frame/JabRefFrame.java	jabgui/src/main/java/org/jabref/gui/help/ErrorConsoleAction.java	1215	14	8	0.57	true	false
jabgui/src/main/java/org/jabref/gui/groups/GroupTreeView.java	jabgui/src/main/java/org/jabref/gui/sidepane/SidePaneContentFactory.java	92	14	8	0.57	true	false
jabgui/src/main/java/org/jabref/gui/preferences/linkedfiles/LinkedFilesTab.java	jablib/src/main/java/org/jabref/logic/preferences/JabRefCliPreferences.java	14	1078	8	0.57	true	true
jabgui/src/main/java/org/jabref/gui/preferences/table/TableTabViewModel.java	jablib/src/main/java/org/jabref/logic/preferences/JabRefCliPreferences.java	14	1078	8	0.57	true	true
jabgui/src/main/java/org/jabref/gui/sidepane/SidePane.java	jabgui/src/main/java/org/jabref/gui/sidepane/SidePaneContentFactory.java	89	14	8	0.57	false	false
jabkit/src/main/java/module-info.java	jablib/src/main/java/module-info.java	14	56	8	0.57	false	true
jabkit/src/main/java/org/jabref/toolkit/commands/CheckConsistency.java	jabkit/src/main/java/org/jabref/toolkit/commands/GenerateCitationKeys.java	16	14	8	0.57	false	false
jablib/src/main/java/org/jabref/logic/importer/fetcher/DOAJFetcher.java	jablib/src/main/java/org/jabref/logic/importer/fetcher/SpringerNatureWebFetcher.java	14	30	8	0.57	false	false
jablib/src/main/java/org/jabref/logic/importer/fetcher/IEEE.java	jablib/src/main/java/org/jabref/logic/importer/fetcher/OpenAccessDoi.java	55	14	8	0.57	false	false
jabgui/src/main/java/org/jabref/gui/JabRefDialogService.java	jabgui/src/main/java/org/jabref/gui/icon/JabRefIconView.java	79	7	4	0.57	true	false
jabgui/src/main/java/org/jabref/gui/JabRefGUI.java	jabgui/src/main/java/org/jabref/gui/theme/StyleSheetFile.java	190	7	4	0.57	true	false
jabgui/src/main/java/org/jabref/gui/JabRefGUI.java	jabsrv/src/main/java/org/jabref/http/manager/HttpServerThread.java	190	7	4	0.57	true	true
jabgui/src/main/java/org/jabref/gui/LibraryTab.java	jabgui/src/main/java/org/jabref/gui/edit/ReplaceStringAction.java	1048	7	4	0.57	true	false
jabgui/src/main/java/org/jabref/gui/LibraryTab.java	jablib/src/main/java/org/jabref/logic/layout/format/RisKeywords.java	1048	7	4	0.57	true	true
jabgui/src/main/java/org/jabref/gui/LibraryTab.java	jablib/src/main/java/org/jabref/logic/layout/format/WrapContent.java	1048	7	4	0.57	true	true
jabgui/src/main/java/org/jabref/gui/autosaveandbackup/BackupManager.java	jabgui/src/main/java/org/jabref/gui/backup/BackupResolverDialog.java	51	7	4	0.57	true	false
jabgui/src/main/java/org/jabref/gui/collab/DatabaseChangeDetailsView.java	jabgui/src/main/java/org/jabref/gui/collab/entrychange/EntryChangeDetailsView.java	7	18	4	0.57	true	false
jabgui/src/main/java/org/jabref/gui/collab/DatabaseChangeDetailsView.java	jabgui/src/main/java/org/jabref/gui/collab/metedatachange/MetadataChangeDetailsView.java	7	13	4	0.57	true	false
jabgui/src/main/java/org/jabref/gui/collab/entrychange/EntryChangeDetailsView.java	jabgui/src/main/java/org/jabref/gui/collab/groupchange/GroupChangeDetailsView.java	18	7	4	0.57	true	false
jabgui/src/main/java/org/jabref/gui/consistency/ConsistencyCheckDialog.java	jabgui/src/main/java/org/jabref/gui/consistency/ConsistencyCheckDialogViewModel.java	8	7	4	0.57	false	false
jabgui/src/main/java/org/jabref/gui/entryeditor/EntryEditor.java	jabgui/src/main/java/org/jabref/gui/importer/GrobidUseDialogHelper.java	655	7	4	0.57	true	false
jabgui/src/main/java/org/jabref/gui/errorconsole/LogEventViewModel.java	jabgui/src/main/java/org/jabref/gui/groups/GroupNodeViewModel.java	7	68	4	0.57	true	false
jabgui/src/main/java/org/jabref/gui/fieldeditors/ISSNEditor.java	jabgui/src/main/java/org/jabref/gui/fieldeditors/JournalEditor.java	7	21	4	0.57	false	false
jabgui/src/main/java/org/jabref/gui/fieldeditors/KeywordsEditorViewModel.java	jablib/src/main/java/org/jabref/model/entry/KeywordList.java	7	18	4	0.57	true	true
jabgui/src/main/java/org/jabref/gui/fieldeditors/identifier/BaseIdentifierEditorViewModel.java	jabgui/src/main/java/org/jabref/gui/fieldeditors/identifier/DoiIdentifierEditorViewModel.java	7	7	4	0.57	false	false
jabgui/src/main/java/org/jabref/gui/fieldeditors/identifier/DoiIdentifierEditorViewModel.java	jabgui/src/main/java/org/jabref/gui/fieldeditors/identifier/IdentifierEditor.java	7	28	4	0.57	false	false
jabgui/src/main/java/org/jabref/gui/frame/JabRefFrame.java	jabgui/src/main/java/org/jabref/gui/libraryproperties/LibraryPropertiesView.java	1215	7	4	0.57	true	false
jabgui/src/main/java/org/jabref/gui/frame/JabRefFrame.java	jabgui/src/main/java/org/jabref/gui/preferences/customexporter/CustomExporterTabViewModel.java	1215	7	4	0.57	true	false
jabgui/src/main/java/org/jabref/gui/frame/JabRefFrame.java	jabgui/src/main/java/org/jabref/gui/preferences/journals/AbbreviationViewModel.java	1215	7	4	0.57	true	false
jabgui/src/main/java/org/jabref/gui/frame/JabRefFrame.java	jabgui/src/main/java/org/jabref/gui/texparser/ParseLatexAction.java	1215	7	4	0.57	true	false
jabgui/src/main/java/org/jabref/gui/frame/JabRefFrameViewModel.java	jabsrv/src/main/java/org/jabref/http/server/resources/EntriesResource.java	19	7	4	0.57	true	true
jabgui/src/main/java/org/jabref/gui/frame/MainMenu.java	jabgui/src/main/java/org/jabref/gui/git/GitCommitAction.java	55	7	4	0.57	true	false
jabgui/src/main/java/org/jabref/gui/frame/SidePanePreferences.java	jablib/src/main/java/org/jabref/logic/preferences/JabRefCliPreferences.java	7	1078	4	0.57	true	true
jabgui/src/main/java/org/jabref/gui/git/GitCommitAction.java	jabgui/src/main/java/org/jabref/gui/git/GitShareToGitHubDialogViewModel.java	7	7	4	0.57	false	false
jabgui/src/main/java/org/jabref/gui/git/GitPushAction.java	jabgui/src/main/java/org/jabref/gui/git/GitShareToGitHubDialogViewModel.java	7	7	4	0.57	false	false
jabgui/src/main/java/org/jabref/gui/git/GitPushAction.java	jablib/src/main/java/org/jabref/logic/git/GitSyncService.java	7	7	4	0.57	true	true
jabgui/src/main/java/org/jabref/gui/importer/GrobidUseDialogHelper.java	jablib/src/main/java/org/jabref/logic/importer/util/GrobidPreferences.java	7	7	4	0.57	true	true
jabgui/src/main/java/org/jabref/gui/importer/GrobidUseDialogHelper.java	jablib/src/main/java/org/jabref/logic/importer/util/GrobidService.java	7	20	4	0.57	true	true
jabgui/src/main/java/org/jabref/gui/keyboard/KeyBinding.java	jabgui/src/main/java/org/jabref/gui/keyboard/KeyBindingCategory.java	80	7	4	0.57	false	false
jabgui/src/main/java/org/jabref/gui/libraryproperties/LibraryPropertiesView.java	jabgui/src/main/java/org/jabref/gui/libraryproperties/general/GeneralPropertiesViewModel.java	7	15	4	0.57	true	false
jabgui/src/main/java/org/jabref/gui/libraryproperties/saving/SavingPropertiesView.java	jabgui/src/main/java/org/jabref/gui/libraryproperties/saving/SavingPropertiesViewModel.java	7	11	4	0.57	false	false
jabgui/src/main/java/org/jabref/gui/maintable/ExtractReferencesAction.java	jablib/src/main/java/org/jabref/logic/importer/fileformat/pdf/PdfContentImporter.java	7	108	4	0.57	true	true
jabgui/src/main/java/org/jabref/gui/maintable/MainTableColumnFactory.java	jabgui/src/main/java/org/jabref/gui/maintable/MainTableHeaderContextMenu.java	64	7	4	0.57	false	false
jabgui/src/main/java/org/jabref/gui/mergeentries/FetchAndMergeEntry.java	jabgui/src/main/java/org/jabref/gui/mergeentries/threewaymerge/fieldsmerger/FieldMergerFactory.java	34	7	4	0.57	true	false
jabgui/src/main/java/org/jabref/gui/mergeentries/threewaymerge/ThreeWayMergeView.java	jabgui/src/main/java/org/jabref/gui/mergeentries/threewaymerge/fieldsmerger/FieldMergerFactory.java	30	7	4	0.57	true	false
jabgui/src/main/java/org/jabref/gui/openoffice/OOBibBase.java	jabgui/src/main/java/org/jabref/gui/openoffice/OOBibBaseConnect.java	159	7	4	0.57	false	false
jabgui/src/main/java/org/jabref/gui/openoffice/OpenOfficePanel.java	jablib/src/main/java/org/jabref/logic/openoffice/oocsltext/BSTReferenceMarkManager.java	230	7	4	0.57	true	true
jabgui/src/main/java/org/jabref/gui/preferences/customexporter/CustomExporterTabViewModel.java	jablib/src/main/java/org/jabref/logic/preferences/CliPreferences.java	7	115	4	0.57	true	true
jabgui/src/main/java/org/jabref/gui/preferences/journals/AbbreviationViewModel.java	jablib/src/main/java/org/jabref/logic/journals/Abbreviation.java	7	20	4	0.57	true	true
jabgui/src/main/java/org/jabref/gui/preferences/journals/AbbreviationViewModel.java	jablib/src/main/java/org/jabref/logic/journals/AbbreviationParser.java	7	22	4	0.57	true	true
jabgui/src/main/java/org/jabref/gui/shared/SharedDatabaseUIManager.java	jablib/src/main/java/org/jabref/logic/shared/DatabaseConnectionProperties.java	62	7	4	0.57	true	true
jabgui/src/main/java/org/jabref/gui/slr/ManageStudyDefinitionViewModel.java	jablib/src/main/java/org/jabref/logic/crawler/StudyYamlParser.java	17	7	4	0.57	true	true
jabgui/src/main/java/org/jabref/gui/texparser/ParseLatexAction.java	jabgui/src/main/java/org/jabref/gui/texparser/ReferenceViewModel.java	7	10	4	0.57	false	false
jabgui/src/main/java/org/jabref/gui/texparser/ParseLatexAction.java	jabgui/src/main/java/org/jabref/gui/util/FileNodeViewModel.java	7	16	4	0.57	true	false
jabgui/src/main/java/org/jabref/gui/texparser/ParseLatexAction.java	jablib/src/main/java/org/jabref/logic/texparser/DefaultLatexParser.java	7	42	4	0.57	true	true
jabgui/src/main/java/org/jabref/gui/texparser/ParseLatexAction.java	jablib/src/main/java/org/jabref/model/texparser/Citation.java	7	20	4	0.57	true	true
jabgui/src/main/java/org/jabref/gui/texparser/ParseLatexAction.java	jablib/src/main/java/org/jabref/model/texparser/LatexBibEntriesResolverResult.java	7	11	4	0.57	true	true
jabgui/src/main/java/org/jabref/gui/texparser/ParseLatexAction.java	jablib/src/main/java/org/jabref/model/texparser/LatexParserResult.java	7	24	4	0.57	true	true
jabgui/src/main/java/org/jabref/gui/theme/StyleSheetFile.java	jabgui/src/main/java/org/jabref/gui/theme/ThemeManager.java	7	27	4	0.57	false	false
jabkit/src/main/java/org/jabref/toolkit/commands/DoiToBibtex.java	jabkit/src/main/java/org/jabref/toolkit/commands/Pdf.java	8	7	4	0.57	false	false
jabkit/src/main/java/org/jabref/toolkit/commands/Pdf.java	jabkit/src/main/java/org/jabref/toolkit/commands/Pseudonymize.java	7	10	4	0.57	false	false
jablib/src/main/java/org/jabref/logic/UiCommand.java	jabsrv/src/main/java/org/jabref/http/server/resources/EntriesResource.java	9	7	4	0.57	true	true
jablib/src/main/java/org/jabref/logic/citationkeypattern/CitationKeyGenerator.java	jablib/src/main/java/org/jabref/logic/layout/format/AuthorFirstAbbrLastCommas.java	201	7	4	0.57	true	false
jablib/src/main/java/org/jabref/logic/citationkeypattern/CitationKeyGenerator.java	jablib/src/main/java/org/jabref/logic/layout/format/AuthorFirstLastCommas.java	201	7	4	0.57	true	false
jablib/src/main/java/org/jabref/logic/citationkeypattern/CitationKeyGenerator.java	jablib/src/main/java/org/jabref/logic/layout/format/AuthorLastFirstAbbrCommas.java	201	7	4	0.57	true	false
jablib/src/main/java/org/jabref/logic/citationkeypattern/CitationKeyGenerator.java	jablib/src/main/java/org/jabref/logic/layout/format/AuthorLastFirstCommas.java	201	7	4	0.57	true	false
jablib/src/main/java/org/jabref/logic/crawler/Crawler.java	jablib/src/main/java/org/jabref/logic/crawler/StudyFetcher.java	18	7	4	0.57	false	false
jablib/src/main/java/org/jabref/logic/crawler/StudyCatalogToFetcherConverter.java	jablib/src/main/java/org/jabref/logic/crawler/StudyYamlParser.java	8	7	4	0.57	false	false
jablib/src/main/java/org/jabref/logic/crawler/StudyFetcher.java	jablib/src/main/java/org/jabref/logic/crawler/StudyRepository.java	7	40	4	0.57	false	false
jablib/src/main/java/org/jabref/logic/crawler/StudyYamlParser.java	jablib/src/main/java/org/jabref/model/study/StudyCatalog.java	7	8	4	0.57	true	false
jablib/src/main/java/org/jabref/logic/importer/ImportFormatReader.java	jablib/src/main/java/org/jabref/logic/importer/fileformat/CffImporter.java	197	7	4	0.57	true	false
jablib/src/main/java/org/jabref/logic/importer/fileformat/CffImporter.java	jablib/src/main/java/org/jabref/logic/importer/fileformat/MedlineImporter.java	7	58	4	0.57	false	false
jablib/src/main/java/org/jabref/logic/importer/fileformat/EndnoteImporter.java	jablib/src/main/java/org/jabref/logic/layout/format/AuthorFirstAbbrLastCommas.java	70	7	4	0.57	true	false
jablib/src/main/java/org/jabref/logic/importer/fileformat/EndnoteImporter.java	jablib/src/main/java/org/jabref/logic/layout/format/AuthorFirstLastCommas.java	70	7	4	0.57	true	false
jablib/src/main/java/org/jabref/logic/importer/fileformat/EndnoteImporter.java	jablib/src/main/java/org/jabref/logic/layout/format/AuthorLastFirstAbbrCommas.java	70	7	4	0.57	true	false
jablib/src/main/java/org/jabref/logic/importer/fileformat/EndnoteImporter.java	jablib/src/main/java/org/jabref/logic/layout/format/AuthorLastFirstCommas.java	70	7	4	0.57	true	false
jablib/src/main/java/org/jabref/logic/importer/fileformat/InspecImporter.java	jablib/src/main/java/org/jabref/logic/layout/format/AuthorFirstAbbrLastCommas.java	44	7	4	0.57	true	false
jablib/src/main/java/org/jabref/logic/importer/fileformat/InspecImporter.java	jablib/src/main/java/org/jabref/logic/layout/format/AuthorFirstLastCommas.java	44	7	4	0.57	true	false
jablib/src/main/java/org/jabref/logic/importer/fileformat/InspecImporter.java	jablib/src/main/java/org/jabref/logic/layout/format/AuthorLastFirstAbbrCommas.java	44	7	4	0.57	true	false
jablib/src/main/java/org/jabref/logic/importer/fileformat/InspecImporter.java	jablib/src/main/java/org/jabref/logic/layout/format/AuthorLastFirstCommas.java	44	7	4	0.57	true	false
jablib/src/main/java/org/jabref/logic/importer/fileformat/MedlinePlainImporter.java	jablib/src/main/java/org/jabref/logic/layout/format/AuthorFirstAbbrLastCommas.java	60	7	4	0.57	true	false
jablib/src/main/java/org/jabref/logic/importer/fileformat/MedlinePlainImporter.java	jablib/src/main/java/org/jabref/logic/layout/format/AuthorFirstFirstCommas.java	60	7	4	0.57	true	false
jablib/src/main/java/org/jabref/logic/importer/fileformat/MedlinePlainImporter.java	jablib/src/main/java/org/jabref/logic/layout/format/AuthorFirstLastCommas.java	60	7	4	0.57	true	false
jablib/src/main/java/org/jabref/logic/importer/fileformat/MedlinePlainImporter.java	jablib/src/main/java/org/jabref/logic/layout/format/AuthorLastFirstAbbrCommas.java	60	7	4	0.57	true	false
jablib/src/main/java/org/jabref/logic/importer/fileformat/MedlinePlainImporter.java	jablib/src/main/java/org/jabref/logic/layout/format/AuthorLastFirstCommas.java	60	7	4	0.57	true	false
jablib/src/main/java/org/jabref/logic/importer/fileformat/OvidImporter.java	jablib/src/main/java/org/jabref/logic/layout/format/AuthorFirstAbbrLastCommas.java	57	7	4	0.57	true	false
jablib/src/main/java/org/jabref/logic/importer/fileformat/OvidImporter.java	jablib/src/main/java/org/jabref/logic/layout/format/AuthorFirstLastCommas.java	57	7	4	0.57	true	false
jablib/src/main/java/org/jabref/logic/importer/fileformat/OvidImporter.java	jablib/src/main/java/org/jabref/logic/layout/format/AuthorLastFirstAbbrCommas.java	57	7	4	0.57	true	false
jablib/src/main/java/org/jabref/logic/importer/fileformat/OvidImporter.java	jablib/src/main/java/org/jabref/logic/layout/format/AuthorLastFirstCommas.java	57	7	4	0.57	true	false
jablib/src/main/java/org/jabref/logic/importer/fileformat/RisImporter.java	jablib/src/main/java/org/jabref/logic/layout/format/AuthorFirstAbbrLastCommas.java	94	7	4	0.57	true	false
jablib/src/main/java/org/jabref/logic/importer/fileformat/RisImporter.java	jablib/src/main/java/org/jabref/logic/layout/format/AuthorFirstLastCommas.java	94	7	4	0.57	true	false
jablib/src/main/java/org/jabref/logic/importer/fileformat/RisImporter.java	jablib/src/main/java/org/jabref/logic/layout/format/AuthorLastFirstAbbrCommas.java	94	7	4	0.57	true	false
jablib/src/main/java/org/jabref/logic/importer/fileformat/RisImporter.java	jablib/src/main/java/org/jabref/logic/layout/format/AuthorLastFirstCommas.java	94	7	4	0.57	true	false
jablib/src/main/java/org/jabref/logic/integrity/FileChecker.java	jablib/src/main/java/org/jabref/logic/integrity/TitleChecker.java	10	7	4	0.57	false	false
jablib/src/main/java/org/jabref/logic/integrity/ISSNChecker.java	jablib/src/main/java/org/jabref/logic/integrity/TitleChecker.java	13	7	4	0.57	false	false
jablib/src/main/java/org/jabref/logic/integrity/IntegrityCheck.java	jablib/src/main/java/org/jabref/logic/integrity/ValidCitationKeyChecker.java	81	7	4	0.57	false	false
jablib/src/main/java/org/jabref/logic/integrity/PagesChecker.java	jablib/src/main/java/org/jabref/logic/integrity/TitleChecker.java	12	7	4	0.57	false	false
jablib/src/main/java/org/jabref/logic/l10n/Localization.java	jablib/src/main/java/org/jabref/model/entry/EntryLinkList.java	65	7	4	0.57	true	false
jablib/src/main/java/org/jabref/logic/layout/format/AuthorAbbreviator.java	jablib/src/main/java/org/jabref/logic/layout/format/AuthorFirstAbbrLastCommas.java	16	7	4	0.57	false	false
jablib/src/main/java/org/jabref/logic/layout/format/AuthorAbbreviator.java	jablib/src/main/java/org/jabref/logic/layout/format/AuthorFirstLastCommas.java	16	7	4	0.57	false	false
jablib/src/main/java/org/jabref/logic/layout/format/AuthorAbbreviator.java	jablib/src/main/java/org/jabref/logic/layout/format/AuthorLastFirstAbbrCommas.java	16	7	4	0.57	false	false
jablib/src/main/java/org/jabref/logic/layout/format/AuthorAbbreviator.java	jablib/src/main/java/org/jabref/logic/layout/format/AuthorLastFirstCommas.java	16	7	4	0.57	false	false
jablib/src/main/java/org/jabref/logic/layout/format/AuthorFirstAbbrLastCommas.java	jablib/src/main/java/org/jabref/logic/layout/format/AuthorFirstFirstCommas.java	7	7	4	0.57	false	false
jablib/src/main/java/org/jabref/logic/layout/format/AuthorFirstAbbrLastCommas.java	jablib/src/main/java/org/jabref/logic/layout/format/DocBookAuthorFormatter.java	7	35	4	0.57	false	false
jablib/src/main/java/org/jabref/logic/layout/format/AuthorFirstFirst.java	jablib/src/main/java/org/jabref/logic/layout/format/AuthorFirstFirstCommas.java	14	7	4	0.57	false	false
jablib/src/main/java/org/jabref/logic/layout/format/AuthorFirstFirstCommas.java	jablib/src/main/java/org/jabref/logic/layout/format/AuthorFirstLastCommas.java	7	7	4	0.57	false	false
jablib/src/main/java/org/jabref/logic/layout/format/AuthorFirstFirstCommas.java	jablib/src/main/java/org/jabref/logic/layout/format/AuthorLastFirstAbbrCommas.java	7	7	4	0.57	false	false
jablib/src/main/java/org/jabref/logic/layout/format/AuthorFirstFirstCommas.java	jablib/src/main/java/org/jabref/logic/layout/format/AuthorLastFirstCommas.java	7	7	4	0.57	false	false
jablib/src/main/java/org/jabref/logic/layout/format/AuthorFirstFirstCommas.java	jablib/src/main/java/org/jabref/logic/layout/format/DocBookAuthorFormatter.java	7	35	4	0.57	false	false
jablib/src/main/java/org/jabref/logic/layout/format/AuthorFirstLastCommas.java	jablib/src/main/java/org/jabref/logic/layout/format/DocBookAuthorFormatter.java	7	35	4	0.57	false	false
jablib/src/main/java/org/jabref/logic/layout/format/AuthorLastFirstAbbrCommas.java	jablib/src/main/java/org/jabref/logic/layout/format/DocBookAuthorFormatter.java	7	35	4	0.57	false	false
jablib/src/main/java/org/jabref/logic/layout/format/AuthorLastFirstCommas.java	jablib/src/main/java/org/jabref/logic/layout/format/DocBookAuthorFormatter.java	7	35	4	0.57	false	false
jablib/src/main/java/org/jabref/logic/layout/format/WrapContent.java	jablib/src/main/java/org/jabref/logic/preferences/JabRefCliPreferences.java	7	1078	4	0.57	true	false
jablib/src/main/java/org/jabref/logic/openoffice/backend/NamedRangeReferenceMark.java	jablib/src/main/java/org/jabref/logic/openoffice/frontend/OOFrontend.java	7	9	4	0.57	true	false
jablib/src/main/java/org/jabref/logic/openoffice/backend/NamedRangeReferenceMark.java	jablib/src/main/java/org/jabref/logic/openoffice/oocsltext/CSLCitationOOAdapter.java	7	90	4	0.57	true	false
jablib/src/main/java/org/jabref/logic/openoffice/oocsltext/BSTCitationOOAdapter.java	jablib/src/main/java/org/jabref/logic/openoffice/oocsltext/BSTReferenceMarkManager.java	8	7	4	0.57	false	false
jablib/src/main/java/org/jabref/logic/openoffice/oocsltext/BSTReferenceMarkManager.java	jablib/src/main/java/org/jabref/logic/preferences/JabRefCliPreferences.java	7	1078	4	0.57	true	false
jablib/src/main/java/org/jabref/logic/shared/DBMSConnection.java	jablib/src/main/java/org/jabref/logic/shared/DatabaseConnectionProperties.java	13	7	4	0.57	false	false
jablib/src/main/java/org/jabref/logic/shared/DBMSSynchronizer.java	jablib/src/main/java/org/jabref/logic/shared/DatabaseConnectionProperties.java	38	7	4	0.57	false	false
jablib/src/main/java/org/jabref/model/entry/BibEntry.java	jablib/src/main/java/org/jabref/model/entry/field/InternalField.java	312	7	4	0.57	true	false
jablib/src/main/java/org/jabref/model/entry/BibEntryTypesManager.java	jablib/src/main/java/org/jabref/model/entry/types/EntryTypeFactory.java	20	7	4	0.57	true	false
jablib/src/main/java/org/jabref/model/groups/AllEntriesGroup.java	jablib/src/main/java/org/jabref/model/search/matchers/OrMatcher.java	42	7	4	0.57	true	false
jablib/src/main/java/org/jabref/model/search/matchers/MatcherSet.java	jablib/src/main/java/org/jabref/model/search/matchers/OrMatcher.java	17	7	4	0.57	false	false
jabsrv/src/main/java/org/jabref/http/server/Server.java	jabsrv/src/main/java/org/jabref/http/server/resources/EntriesResource.java	20	7	4	0.57	true	false
jablib/src/main/java/org/jabref/logic/exporter/GroupSerializer.java	jablib/src/main/java/org/jabref/logic/importer/util/GroupsParser.java	23	45	13	0.57	true	false
jablib/src/main/java/org/jabref/model/entry/types/BiblatexEntryTypeDefinitions.java	jablib/src/main/java/org/jabref/model/entry/types/IEEETranEntryTypeDefinitions.java	46	23	13	0.57	false	false
jablib/src/main/java/org/jabref/logic/importer/fileformat/BiblioscapeImporter.java	jablib/src/main/java/org/jabref/logic/importer/fileformat/RepecNepImporter.java	48	66	27	0.56	false	false
jablib/src/main/java/org/jabref/logic/importer/fetcher/IEEE.java	jablib/src/main/java/org/jabref/logic/importer/fetcher/SpringerNatureFullTextFetcher.java	55	32	18	0.56	false	false
jabgui/src/main/java/org/jabref/gui/externalfiles/ImportHandler.java	jabgui/src/main/java/org/jabref/gui/externalfiles/UnlinkedFilesDialogViewModel.java	86	16	9	0.56	false	false
jabgui/src/main/java/org/jabref/gui/maintable/MainTableColumnFactory.java	jabgui/src/main/java/org/jabref/gui/maintable/MainTableColumnModel.java	64	16	9	0.56	false	false
jabgui/src/main/java/org/jabref/gui/texparser/ParseLatexDialogViewModel.java	jabgui/src/main/java/org/jabref/gui/util/FileNodeViewModel.java	30	16	9	0.56	true	false
jablib/src/main/java/org/jabref/logic/citationkeypattern/CitationKeyGenerator.java	jablib/src/main/java/org/jabref/logic/layout/format/AuthorAbbreviator.java	201	16	9	0.56	true	false
jablib/src/main/java/org/jabref/logic/cleanup/RelativePathsCleanup.java	jablib/src/main/java/org/jabref/logic/preferences/JabRefCliPreferences.java	16	1078	9	0.56	true	false
jablib/src/main/java/org/jabref/logic/formatter/bibtexfields/OrdinalsToSuperscriptFormatter.java	jablib/src/main/java/org/jabref/logic/formatter/bibtexfields/UnitsToLatexFormatter.java	16	21	9	0.56	false	false
jablib/src/main/java/org/jabref/logic/preferences/JabRefCliPreferences.java	jablib/src/main/java/org/jabref/logic/preview/BstPreviewLayout.java	1078	16	9	0.56	true	false
jablib/src/main/java/org/jabref/model/database/BibDatabase.java	jablib/src/main/java/org/jabref/model/entry/event/FieldChangedEvent.java	209	16	9	0.56	true	false
jabgui/src/main/java/org/jabref/gui/desktop/os/NativeDesktop.java	jabgui/src/main/java/org/jabref/gui/desktop/os/Windows.java	25	34	14	0.56	false	false
jabgui/src/main/java/org/jabref/gui/entryeditor/EntryEditor.java	jabgui/src/main/java/org/jabref/gui/entryeditor/EntryEditorPreferences.java	655	25	14	0.56	false	false
jablib/src/main/java/org/jabref/logic/importer/FulltextFetchers.java	jablib/src/main/java/org/jabref/logic/importer/fetcher/ACS.java	65	25	14	0.56	true	false
jabgui/src/main/java/org/jabref/gui/duplicationFinder/DuplicateResolverDialog.java	jabgui/src/main/java/org/jabref/gui/frame/JabRefFrame.java	86	1215	48	0.56	true	false
jabgui/src/main/java/org/jabref/gui/entryeditor/EntryEditor.java	jablib/src/main/java/org/jabref/logic/bibtex/TypedBibEntry.java	655	18	10	0.56	true	true
jabgui/src/main/java/org/jabref/gui/mergeentries/FetchAndMergeEntry.java	jabgui/src/main/java/org/jabref/gui/mergeentries/threewaymerge/MergeEntriesAction.java	34	18	10	0.56	true	false
jabgui/src/main/java/org/jabref/gui/mergeentries/threewaymerge/MergeEntriesAction.java	jabgui/src/main/java/org/jabref/gui/mergeentries/threewaymerge/MergeEntriesDialog.java	18	63	10	0.56	false	false
jablib/src/main/java/org/jabref/logic/bibtex/TypedBibEntry.java	jablib/src/main/java/org/jabref/model/entry/BibEntry.java	18	312	10	0.56	true	false
jablib/src/main/java/org/jabref/logic/texparser/TexBibEntriesResolver.java	jablib/src/main/java/org/jabref/model/texparser/LatexParserResult.java	18	24	10	0.56	true	false
jabgui/src/main/java/org/jabref/Launcher.java	jablib/src/main/java/org/jabref/logic/net/ssl/TrustStoreManager.java	159	9	5	0.56	true	true
jabgui/src/main/java/org/jabref/gui/commonfxcontrols/CitationKeyPatternsPanelViewModel.java	jabgui/src/main/java/org/jabref/gui/preferences/citationkeypattern/CitationKeyPatternTabViewModel.java	9	10	5	0.56	true	false
jabgui/src/main/java/org/jabref/gui/dialogs/AutosaveUiManager.java	jabgui/src/main/java/org/jabref/gui/exporter/SaveAction.java	15	9	5	0.56	true	false
jabgui/src/main/java/org/jabref/gui/dialogs/BackupUIManager.java	jablib/src/main/java/org/jabref/logic/util/io/BackupFileUtil.java	32	9	5	0.56	true	true
jabgui/src/main/java/org/jabref/gui/entryeditor/EntryEditor.java	jabgui/src/main/java/org/jabref/gui/util/comparator/RankingFieldComparator.java	655	9	5	0.56	true	false
jabgui/src/main/java/org/jabref/gui/exporter/SaveAction.java	jabgui/src/main/java/org/jabref/gui/exporter/SaveDatabaseAction.java	9	194	5	0.56	false	false
jabgui/src/main/java/org/jabref/gui/externalfiletype/ExternalFileTypes.java	jabgui/src/main/java/org/jabref/gui/externalfiletype/UnknownExternalFileType.java	28	9	5	0.56	false	false
jabgui/src/main/java/org/jabref/gui/fieldeditors/DateEditor.java	jabgui/src/main/java/org/jabref/gui/fieldeditors/SimpleEditor.java	9	22	5	0.56	false	false
jabgui/src/main/java/org/jabref/gui/fieldeditors/DateEditor.java	jabgui/src/main/java/org/jabref/gui/fieldeditors/identifier/IdentifierEditor.java	9	28	5	0.56	true	false
jabgui/src/main/java/org/jabref/gui/frame/ExternalApplicationsPreferences.java	jabgui/src/main/java/org/jabref/gui/preferences/external/ExternalTab.java	9	18	5	0.56	true	false
jabgui/src/main/java/org/jabref/gui/groups/GroupTreeView.java	jabgui/src/main/java/org/jabref/gui/sidepane/SidePaneViewModel.java	92	9	5	0.56	true	false
jabgui/src/main/java/org/jabref/gui/maintable/CellFactory.java	jabgui/src/main/java/org/jabref/gui/maintable/MainTable.java	9	293	5	0.56	false	false
jabgui/src/main/java/org/jabref/gui/maintable/MainTable.java	jabgui/src/main/java/org/jabref/gui/maintable/MainTablePreferences.java	293	9	5	0.56	false	false
jabgui/src/main/java/org/jabref/gui/maintable/RightClickMenu.java	jabgui/src/main/java/org/jabref/gui/util/comparator/RankingFieldComparator.java	216	9	5	0.56	true	false
jabgui/src/main/java/org/jabref/gui/openoffice/OOBibBase.java	jablib/src/main/java/org/jabref/logic/openoffice/action/EditMerge.java	159	9	5	0.56	true	true
jabgui/src/main/java/org/jabref/gui/openoffice/OpenOfficePanel.java	jablib/src/main/java/org/jabref/model/openoffice/CitationEntry.java	230	9	5	0.56	true	true
jabgui/src/main/java/org/jabref/gui/preferences/journals/AbbreviationsFileViewModel.java	jablib/src/main/java/org/jabref/logic/journals/AbbreviationWriter.java	10	9	5	0.56	true	true
jabgui/src/main/java/org/jabref/gui/preferences/journals/JournalAbbreviationsTabViewModel.java	jablib/src/main/java/org/jabref/logic/journals/AbbreviationWriter.java	30	9	5	0.56	true	true
jabgui/src/main/java/org/jabref/gui/sidepane/SidePaneViewModel.java	jablib/src/main/java/org/jabref/logic/preferences/JabRefCliPreferences.java	9	1078	5	0.56	true	true
jablib/src/main/java/org/jabref/logic/formatter/Formatter.java	jablib/src/main/java/org/jabref/logic/formatter/bibtexfields/ClearFormatter.java	13	9	5	0.56	true	false
jablib/src/main/java/org/jabref/logic/formatter/IdentityFormatter.java	jablib/src/main/java/org/jabref/logic/formatter/bibtexfields/ClearFormatter.java	9	9	5	0.56	true	false
jablib/src/main/java/org/jabref/logic/formatter/IdentityFormatter.java	jablib/src/main/java/org/jabref/logic/formatter/bibtexfields/RemoveEnclosingBracesFormatter.java	9	10	5	0.56	true	false
jablib/src/main/java/org/jabref/logic/importer/CompositeIdFetcher.java	jablib/src/main/java/org/jabref/model/entry/identifier/Identifier.java	33	9	5	0.56	true	false
jablib/src/main/java/org/jabref/logic/importer/FulltextFetchers.java	jablib/src/main/java/org/jabref/logic/importer/fetcher/TitleFetcher.java	65	9	5	0.56	true	false
jablib/src/main/java/org/jabref/logic/importer/fetcher/AbstractIsbnFetcher.java	jablib/src/main/java/org/jabref/logic/importer/fetcher/TitleFetcher.java	9	9	5	0.56	false	false
jablib/src/main/java/org/jabref/logic/importer/fetcher/BiodiversityLibrary.java	jablib/src/main/java/org/jabref/logic/importer/fetcher/IEEE.java	9	55	5	0.56	false	false
jablib/src/main/java/org/jabref/logic/importer/fetcher/BiodiversityLibrary.java	jablib/src/main/java/org/jabref/logic/importer/fetcher/SpringerNatureWebFetcher.java	9	30	5	0.56	false	false
jablib/src/main/java/org/jabref/logic/importer/fetcher/DiVA.java	jablib/src/main/java/org/jabref/logic/importer/fetcher/DoiFetcher.java	9	53	5	0.56	false	false
jablib/src/main/java/org/jabref/logic/importer/fetcher/DiVA.java	jablib/src/main/java/org/jabref/logic/importer/fileformat/BibtexParser.java	9	297	5	0.56	true	false
jablib/src/main/java/org/jabref/logic/importer/fetcher/IEEE.java	jablib/src/main/java/org/jabref/logic/importer/fetcher/TitleFetcher.java	55	9	5	0.56	false	false
jablib/src/main/java/org/jabref/logic/journals/AbbreviationParser.java	jablib/src/main/java/org/jabref/logic/journals/AbbreviationWriter.java	22	9	5	0.56	false	false
jablib/src/main/java/org/jabref/logic/layout/format/AuthorLastFirst.java	jablib/src/main/java/org/jabref/model/entry/AuthorList.java	9	77	5	0.56	true	false
jablib/src/main/java/org/jabref/logic/xmp/XmpUtilShared.java	jablib/src/main/java/org/jabref/logic/xmp/XmpUtilWriter.java	9	22	5	0.56	false	false
jablib/src/main/java/org/jabref/model/database/BibDatabaseMode.java	jablib/src/main/java/org/jabref/model/database/BibDatabaseModeDetection.java	9	19	5	0.56	false	false
jablib/src/main/java/org/jabref/model/entry/identifier/DOI.java	jablib/src/main/java/org/jabref/model/entry/identifier/Identifier.java	61	9	5	0.56	false	false
jabgui/src/main/java/org/jabref/gui/preferences/websearch/WebSearchTab.java	jablib/src/main/java/org/jabref/logic/preferences/JabRefCliPreferences.java	29	1078	16	0.55	true	true
jabgui/src/main/java/org/jabref/gui/frame/JabRefFrame.java	jablib/src/main/java/org/jabref/logic/push/PushToLyx.java	1215	49	27	0.55	true	true
jablib/src/main/java/org/jabref/logic/importer/fileformat/EndnoteImporter.java	jablib/src/main/java/org/jabref/logic/importer/fileformat/MedlinePlainImporter.java	70	60	33	0.55	false	false
jabgui/src/main/java/org/jabref/gui/LibraryTab.java	jablib/src/main/java/org/jabref/logic/util/UpdateField.java	1048	20	11	0.55	true	true
jablib/src/main/java/org/jabref/logic/journals/Abbreviation.java	jablib/src/main/java/org/jabref/logic/journals/JournalAbbreviationRepository.java	20	32	11	0.55	false	false
jabgui/src/main/java/org/jabref/gui/frame/JabRefFrame.java	jabgui/src/main/java/org/jabref/gui/maintable/RightClickMenu.java	1215	216	118	0.55	true	false
jabgui/src/main/java/org/jabref/gui/frame/JabRefFrame.java	jablib/src/main/java/org/jabref/logic/bibtex/comparator/EntryComparator.java	1215	55	30	0.55	true	true
jablib/src/main/java/org/jabref/logic/exporter/OpenOfficeDocumentCreator.java	jablib/src/main/java/org/jabref/logic/exporter/TemplateExporter.java	33	88	18	0.55	false	false
jabgui/src/main/java/org/jabref/gui/LibraryTab.java	jablib/src/main/java/org/jabref/logic/layout/format/JournalAbbreviator.java	1048	11	6	0.55	true	true
jabgui/src/main/java/org/jabref/gui/collab/ChangeScanner.java	jabgui/src/main/java/org/jabref/gui/collab/entrychange/EntryChangeResolver.java	135	11	6	0.55	true	false
jabgui/src/main/java/org/jabref/gui/collab/entrychange/EntryChangeResolver.java	jabgui/src/main/java/org/jabref/gui/maintable/RightClickMenu.java	11	216	6	0.55	true	false
jabgui/src/main/java/org/jabref/gui/collab/entrychange/EntryChangeResolver.java	jabgui/src/main/java/org/jabref/gui/mergeentries/FetchAndMergeEntry.java	11	34	6	0.55	true	false
jabgui/src/main/java/org/jabref/gui/collab/entrychange/EntryChangeResolver.java	jabgui/src/main/java/org/jabref/gui/shared/SharedDatabaseUIManager.java	11	62	6	0.55	true	false
jabgui/src/main/java/org/jabref/gui/commonfxcontrols/CitationKeyPatternsPanel.java	jabgui/src/main/java/org/jabref/gui/preferences/citationkeypattern/CitationKeyPatternTab.java	11	15	6	0.55	true	false
jabgui/src/main/java/org/jabref/gui/externalfiles/AutoLinkFilesAction.java	jabgui/src/main/java/org/jabref/gui/externalfiles/AutoSetFileLinksUtil.java	11	20	6	0.55	false	false
jabgui/src/main/java/org/jabref/gui/fieldeditors/CitationKeyEditor.java	jabgui/src/main/java/org/jabref/gui/fieldeditors/JournalEditor.java	11	21	6	0.55	false	false
jabgui/src/main/java/org/jabref/gui/frame/JabRefFrame.java	jabgui/src/main/java/org/jabref/gui/help/NewVersionDialog.java	1215	11	6	0.55	true	false
jabgui/src/main/java/org/jabref/gui/help/SearchForUpdateAction.java	jabgui/src/main/java/org/jabref/gui/help/VersionWorker.java	11	12	6	0.55	false	false
jabgui/src/main/java/org/jabref/gui/libraryproperties/general/GeneralPropertiesView.java	jabgui/src/main/java/org/jabref/gui/libraryproperties/general/GeneralPropertiesViewModel.java	11	15	6	0.55	false	false
jabgui/src/main/java/org/jabref/gui/openoffice/StyleSelectDialogView.java	jablib/src/main/java/org/jabref/logic/preview/CitationStylePreviewLayout.java	29	11	6	0.55	true	true
jabgui/src/main/java/org/jabref/gui/search/SearchResultsTable.java	jablib/src/main/java/org/jabref/logic/preferences/JabRefCliPreferences.java	11	1078	6	0.55	true	true
jabgui/src/main/java/org/jabref/gui/texparser/ParseLatexResultView.java	jablib/src/main/java/org/jabref/model/texparser/LatexBibEntriesResolverResult.java	16	11	6	0.55	true	true
jablib/src/main/java/org/jabref/logic/bst/util/BstCaseChanger.java	jablib/src/main/java/org/jabref/logic/bst/util/BstPurifier.java	26	11	6	0.55	false	false
jablib/src/main/java/org/jabref/logic/citationstyle/CitationStyleGenerator.java	jablib/src/main/java/org/jabref/logic/preview/CitationStylePreviewLayout.java	20	11	6	0.55	true	false
jablib/src/main/java/org/jabref/logic/citationstyle/JabRefItemDataProvider.java	jablib/src/main/java/org/jabref/model/entry/BibEntry.java	11	312	6	0.55	true	false
jablib/src/main/java/org/jabref/logic/importer/FulltextFetchers.java	jablib/src/main/java/org/jabref/model/entry/identifier/ISBN.java	65	11	6	0.55	true	false
jablib/src/main/java/org/jabref/logic/importer/fetcher/IEEE.java	jablib/src/main/java/org/jabref/logic/importer/fetcher/JstorFetcher.java	55	11	6	0.55	false	false
jablib/src/main/java/org/jabref/logic/importer/fetcher/JstorFetcher.java	jablib/src/main/java/org/jabref/logic/importer/fetcher/SpringerNatureWebFetcher.java	11	30	6	0.55	false	false
jablib/src/main/java/org/jabref/logic/journals/JournalAbbreviationLoader.java	jablib/src/main/java/org/jabref/logic/layout/format/JournalAbbreviator.java	35	11	6	0.55	true	false
jablib/src/main/java/org/jabref/logic/preview/BstPreviewLayout.java	jablib/src/main/java/org/jabref/logic/preview/CitationStylePreviewLayout.java	16	11	6	0.55	false	false
jablib/src/main/java/org/jabref/logic/shared/DBMSProcessor.java	jablib/src/main/java/org/jabref/logic/shared/DBMSType.java	44	11	6	0.55	false	false
jablib/src/main/java/org/jabref/model/texparser/Citation.java	jablib/src/main/java/org/jabref/model/texparser/LatexBibEntriesResolverResult.java	20	11	6	0.55	false	false
jablib/src/main/java/org/jabref/logic/importer/fileformat/EndnoteImporter.java	jablib/src/main/java/org/jabref/logic/importer/fileformat/IsiImporter.java	70	95	38	0.54	false	false
jablib/src/main/java/org/jabref/logic/importer/fileformat/BiblioscapeImporter.java	jablib/src/main/java/org/jabref/logic/importer/fileformat/MedlinePlainImporter.java	48	60	26	0.54	false	false
jabgui/src/main/java/org/jabref/gui/LibraryTab.java	jabgui/src/main/java/org/jabref/gui/importer/NewDatabaseAction.java	1048	24	13	0.54	true	false
jabgui/src/main/java/org/jabref/gui/importer/NewDatabaseAction.java	jabgui/src/main/java/org/jabref/gui/importer/actions/OpenDatabaseAction.java	24	224	13	0.54	true	false
jablib/src/main/java/org/jabref/logic/importer/fileformat/CopacImporter.java	jablib/src/main/java/org/jabref/logic/importer/fileformat/MedlinePlainImporter.java	37	60	20	0.54	false	false
jablib/src/main/java/org/jabref/logic/importer/fileformat/CopacImporter.java	jablib/src/main/java/org/jabref/logic/importer/fileformat/OvidImporter.java	37	57	20	0.54	false	false
jabgui/src/main/java/org/jabref/gui/frame/JabRefFrame.java	jabgui/src/main/java/org/jabref/gui/sidepane/SidePane.java	1215	89	48	0.54	true	false
jabgui/src/main/java/org/jabref/gui/LibraryTab.java	jablib/src/main/java/org/jabref/logic/bibtex/comparator/CrossRefEntryComparator.java	1048	13	7	0.54	true	true
jabgui/src/main/java/org/jabref/gui/citationkeypattern/GenerateCitationKeyAction.java	jabgui/src/main/java/org/jabref/gui/frame/JabRefFrame.java	13	1215	7	0.54	true	false
jabgui/src/main/java/org/jabref/gui/collab/ChangeScanner.java	jablib/src/main/java/org/jabref/logic/bibtex/comparator/BibtexStringComparator.java	135	13	7	0.54	true	true
jabgui/src/main/java/org/jabref/gui/entryeditor/EntryEditor.java	jablib/src/main/java/org/jabref/logic/externalfiles/ExternalFilesContentImporter.java	655	13	7	0.54	true	true
jabgui/src/main/java/org/jabref/gui/fieldeditors/FieldEditors.java	jabgui/src/main/java/org/jabref/gui/fieldeditors/OwnerEditor.java	60	13	7	0.54	false	false
jabgui/src/main/java/org/jabref/gui/fieldeditors/OwnerEditor.java	jabgui/src/main/java/org/jabref/gui/fieldeditors/SimpleEditor.java	13	22	7	0.54	false	false
jabgui/src/main/java/org/jabref/gui/frame/JabRefFrame.java	jabgui/src/main/java/org/jabref/gui/importer/fetcher/LookupIdentifierAction.java	1215	13	7	0.54	true	false
jabgui/src/main/java/org/jabref/gui/frame/JabRefFrame.java	jabgui/src/main/java/org/jabref/gui/slr/StartNewStudyAction.java	1215	13	7	0.54	true	false
jabgui/src/main/java/org/jabref/gui/preferences/ai/AiTab.java	jablib/src/main/java/org/jabref/logic/ai/AiService.java	21	13	7	0.54	true	true
jabgui/src/main/java/org/jabref/gui/slr/ExistingStudySearchAction.java	jabgui/src/main/java/org/jabref/gui/slr/StartNewStudyAction.java	15	13	7	0.54	false	false
jablib/src/main/java/org/jabref/logic/ai/AiService.java	jablib/src/main/java/org/jabref/logic/preferences/JabRefCliPreferences.java	13	1078	7	0.54	true	false
jablib/src/main/java/org/jabref/logic/externalfiles/ExternalFilesContentImporter.java	jablib/src/main/java/org/jabref/logic/importer/fileformat/pdf/PdfMergeMetadataImporter.java	13	27	7	0.54	true	false
jablib/src/main/java/org/jabref/logic/formatter/Formatter.java	jablib/src/main/java/org/jabref/logic/formatter/bibtexfields/NormalizePagesFormatter.java	13	25	7	0.54	true	false
jablib/src/main/java/org/jabref/logic/formatter/Formatter.java	jablib/src/main/java/org/jabref/logic/formatter/bibtexfields/UnitsToLatexFormatter.java	13	21	7	0.54	true	false
jablib/src/main/java/org/jabref/logic/formatter/Formatter.java	jablib/src/main/java/org/jabref/logic/formatter/casechanger/ProtectTermsFormatter.java	13	33	7	0.54	true	false
jablib/src/main/java/org/jabref/logic/layout/format/CreateBibORDFAuthors.java	jablib/src/main/java/org/jabref/logic/layout/format/DocBookAuthorFormatter.java	13	35	7	0.54	false	false
jablib/src/main/java/org/jabref/logic/layout/format/HTMLChars.java	jablib/src/main/java/org/jabref/logic/layout/format/RemoveLatexCommandsFormatter.java	55	13	7	0.54	false	false
jablib/src/main/java/org/jabref/logic/layout/format/RTFChars.java	jablib/src/main/java/org/jabref/logic/layout/format/RemoveLatexCommandsFormatter.java	39	13	7	0.54	false	false
jablib/src/main/java/org/jabref/logic/shared/DBMSConnection.java	jablib/src/main/java/org/jabref/logic/shared/DBMSConnectionProperties.java	13	15	7	0.54	false	false
jablib/src/main/java/org/jabref/logic/xmp/XmpUtilReader.java	jablib/src/main/java/org/jabref/logic/xmp/XmpUtilWriter.java	13	22	7	0.54	false	false
jablib/src/main/java/org/jabref/model/entry/EntryConverter.java	jablib/src/main/java/org/jabref/model/entry/types/BiblatexEntryTypeDefinitions.java	13	46	7	0.54	true	false
jabgui/src/main/java/org/jabref/gui/LibraryTab.java	jabgui/src/main/java/org/jabref/gui/collab/DatabaseChangeMonitor.java	1048	28	15	0.54	true	false
jabgui/src/main/java/org/jabref/gui/LibraryTab.java	jabgui/src/main/java/org/jabref/gui/collab/ChangeScanner.java	1048	135	72	0.53	true	false
jabgui/src/main/java/org/jabref/gui/LibraryTab.java	jablib/src/main/java/org/jabref/logic/layout/format/FileLink.java	1048	30	16	0.53	true	true
jabgui/src/main/java/org/jabref/gui/entryeditor/LatexCitationsTab.java	jabgui/src/main/java/org/jabref/gui/entryeditor/LatexCitationsTabViewModel.java	30	32	16	0.53	false	false
jablib/src/main/java/org/jabref/logic/preferences/JabRefCliPreferences.java	jablib/src/main/java/org/jabref/model/metadata/SaveOrder.java	1078	30	16	0.53	true	false
jabgui/src/main/java/org/jabref/gui/actions/ActionFactory.java	jabgui/src/main/java/org/jabref/gui/actions/JabRefAction.java	29	15	8	0.53	false	false
jabgui/src/main/java/org/jabref/gui/entryeditor/EntryEditor.java	jabgui/src/main/java/org/jabref/gui/entryeditor/fileannotationtab/FulltextSearchResultsTab.java	655	15	8	0.53	true	false
jabgui/src/main/java/org/jabref/gui/frame/JabRefFrame.java	jablib/src/main/java/org/jabref/logic/push/PushToTexmaker.java	1215	15	8	0.53	true	true
jablib/src/main/java/org/jabref/logic/exporter/ExportPreferences.java	jablib/src/main/java/org/jabref/logic/preferences/CliPreferences.java	15	115	8	0.53	true	false
jablib/src/main/java/org/jabref/logic/formatter/bibtexfields/LatexCleanupFormatter.java	jablib/src/main/java/org/jabref/logic/formatter/bibtexfields/OrdinalsToSuperscriptFormatter.java	15	16	8	0.53	false	false
jablib/src/main/java/org/jabref/logic/formatter/bibtexfields/NormalizeDateFormatter.java	jablib/src/main/java/org/jabref/logic/formatter/bibtexfields/NormalizePagesFormatter.java	15	25	8	0.53	false	false
jablib/src/main/java/org/jabref/logic/formatter/bibtexfields/NormalizeDateFormatter.java	jablib/src/main/java/org/jabref/logic/formatter/casechanger/ProtectTermsFormatter.java	15	33	8	0.53	true	false
jablib/src/main/java/org/jabref/logic/msbib/MSBibEntry.java	jablib/src/main/java/org/jabref/logic/msbib/PageNumbers.java	74	15	8	0.53	false	false
jablib/src/main/java/org/jabref/logic/push/PushToApplication.java	jablib/src/main/java/org/jabref/logic/push/PushToTexmaker.java	22	15	8	0.53	false	false
jablib/src/main/java/org/jabref/model/TreeNode.java	jablib/src/main/java/org/jabref/model/groups/GroupTreeNode.java	15	86	8	0.53	true	false
jabgui/src/main/java/org/jabref/gui/dialogs/BackupUIManager.java	jabgui/src/main/java/org/jabref/gui/importer/actions/OpenDatabaseAction.java	32	224	17	0.53	true	false
jabgui/src/main/java/org/jabref/gui/LibraryTab.java	jabgui/src/main/java/org/jabref/gui/cleanup/CleanupAction.java	1048	66	35	0.53	true	false
jabgui/src/main/java/org/jabref/gui/autosaveandbackup/BackupManager.java	jabgui/src/main/java/org/jabref/gui/exporter/SaveDatabaseAction.java	51	194	27	0.53	true	false
jabgui/src/main/java/org/jabref/gui/maintable/ColumnPreferencesRecorder.java	jablib/src/main/java/org/jabref/logic/preferences/JabRefCliPreferences.java	17	1078	9	0.53	true	true
jabgui/src/main/java/org/jabref/gui/preferences/keybindings/KeyBindingsTab.java	jabgui/src/main/java/org/jabref/gui/preferences/keybindings/KeyBindingsTabViewModel.java	19	17	9	0.53	false	false
jabgui/src/main/java/org/jabref/gui/frame/JabRefFrame.java	jabgui/src/main/java/org/jabref/gui/sidepane/SidePaneComponent.java	1215	53	28	0.53	true	false
jablib/src/main/java/org/jabref/logic/layout/Layout.java	jablib/src/main/java/org/jabref/logic/layout/LayoutHelper.java	53	63	28	0.53	false	false
jablib/src/main/java/org/jabref/logic/exporter/OpenDocumentSpreadsheetCreator.java	jablib/src/main/java/org/jabref/logic/exporter/TemplateExporter.java	36	88	19	0.53	false	false
jablib/src/main/java/org/jabref/logic/importer/fileformat/MedlinePlainImporter.java	jablib/src/main/java/org/jabref/logic/importer/fileformat/OvidImporter.java	60	57	30	0.53	false	false
jabgui/src/main/java/org/jabref/gui/preferences/ai/AiTab.java	jablib/src/main/java/org/jabref/logic/ai/preferences/AiPreferences.java	21	19	10	0.53	true	true
jablib/src/main/java/org/jabref/logic/openoffice/style/JStyleLoader.java	jablib/src/main/java/org/jabref/logic/preferences/JabRefCliPreferences.java	19	1078	10	0.53	true	false
jablib/src/main/java/org/jabref/logic/xmp/DublinCoreExtractor.java	jablib/src/main/java/org/jabref/logic/xmp/XmpUtilWriter.java	19	22	10	0.53	false	false
jabgui/src/main/java/org/jabref/gui/LibraryTab.java	jabgui/src/main/java/org/jabref/gui/preferences/protectedterms/NewProtectedTermsFileDialog.java	1048	21	11	0.52	true	false
jabgui/src/main/java/org/jabref/gui/auximport/FromAuxDialog.java	jabgui/src/main/java/org/jabref/gui/preferences/protectedterms/NewProtectedTermsFileDialog.java	86	21	11	0.52	true	false
jabgui/src/main/java/org/jabref/gui/preferences/ai/AiTab.java	jablib/src/main/java/org/jabref/logic/preferences/JabRefCliPreferences.java	21	1078	11	0.52	true	true
jabgui/src/main/java/org/jabref/gui/preferences/linkedfiles/LinkedFilesTabViewModel.java	jablib/src/main/java/org/jabref/logic/FilePreferences.java	21	28	11	0.52	true	true
jablib/src/main/java/org/jabref/logic/importer/fileformat/InspecImporter.java	jablib/src/main/java/org/jabref/logic/importer/fileformat/RepecNepImporter.java	44	66	23	0.52	false	false
jabgui/src/main/java/org/jabref/gui/openoffice/StyleSelectDialogView.java	jabgui/src/main/java/org/jabref/gui/openoffice/StyleSelectDialogViewModel.java	29	23	12	0.52	false	false
jablib/src/main/java/org/jabref/logic/msbib/BibTeXConverter.java	jablib/src/main/java/org/jabref/logic/msbib/MSBibConverter.java	23	30	12	0.52	false	false
jabgui/src/main/java/org/jabref/gui/entryeditor/EntryEditor.java	jablib/src/main/java/org/jabref/model/entry/field/FieldProperty.java	655	25	13	0.52	true	true
jabgui/src/main/java/org/jabref/gui/entryeditor/EntryEditorPreferences.java	jabgui/src/main/java/org/jabref/gui/preferences/entryeditor/EntryEditorTabViewModel.java	25	25	13	0.52	true	false
jablib/src/main/java/org/jabref/logic/importer/fetcher/ACS.java	jablib/src/main/java/org/jabref/logic/importer/fetcher/IEEE.java	25	55	13	0.52	false	false
jabgui/src/main/java/org/jabref/migrations/PreferencesMigrations.java	jablib/src/main/java/org/jabref/logic/preferences/JabRefCliPreferences.java	87	1078	45	0.52	true	true
jabgui/src/main/java/org/jabref/gui/frame/JabRefFrame.java	jablib/src/main/java/org/jabref/logic/push/PushToVim.java	1215	58	30	0.52	true	true
jabgui/src/main/java/org/jabref/gui/preview/PreviewPanel.java	jabgui/src/main/java/org/jabref/gui/preview/PreviewViewer.java	29	58	15	0.52	false	false
jabgui/src/main/java/org/jabref/gui/frame/JabRefFrame.java	jabgui/src/main/java/org/jabref/gui/shared/SharedDatabaseUIManager.java	1215	62	32	0.52	true	false
jabgui/src/main/java/org/jabref/gui/LibraryTab.java	jablib/src/main/java/org/jabref/logic/util/io/FileFinder.java	1048	31	16	0.52	true	true
jablib/src/main/java/org/jabref/logic/importer/fileformat/BiblioscapeImporter.java	jablib/src/main/java/org/jabref/logic/importer/fileformat/MsBibImporter.java	48	31	16	0.52	false	false
jablib/src/main/java/org/jabref/logic/importer/fileformat/MsBibImporter.java	jablib/src/main/java/org/jabref/logic/importer/fileformat/RepecNepImporter.java	31	66	16	0.52	false	false
jablib/src/main/java/org/jabref/logic/importer/fileformat/MsBibImporter.java	jablib/src/main/java/org/jabref/logic/importer/fileformat/pdf/PdfContentImporter.java	31	108	16	0.52	true	false
jablib/src/main/java/org/jabref/logic/util/io/FileFinder.java	jablib/src/main/java/org/jabref/logic/util/io/RegExpBasedFileFinder.java	31	59	16	0.52	false	false
jabgui/src/main/java/org/jabref/gui/frame/JabRefFrame.java	jablib/src/main/java/org/jabref/logic/exporter/OpenOfficeDocumentCreator.java	1215	33	17	0.52	true	true
jabgui/src/main/java/org/jabref/gui/exporter/SaveDatabaseAction.java	jablib/src/main/java/org/jabref/logic/exporter/SaveConfiguration.java	194	35	18	0.51	true	true
jablib/src/main/java/org/jabref/logic/importer/fetcher/IEEE.java	jablib/src/main/java/org/jabref/logic/importer/fetcher/ScienceDirect.java	55	35	18	0.51	false	false
jablib/src/main/java/org/jabref/logic/exporter/ModsExporter.java	jablib/src/main/java/org/jabref/logic/exporter/TemplateExporter.java	37	88	19	0.51	false	false
jablib/src/main/java/org/jabref/logic/importer/fileformat/CopacImporter.java	jablib/src/main/java/org/jabref/logic/importer/fileformat/MedlineImporter.java	37	58	19	0.51	false	false
jabgui/src/main/java/org/jabref/gui/duplicationFinder/DuplicateSearch.java	jabgui/src/main/java/org/jabref/gui/frame/JabRefFrame.java	82	1215	42	0.51	true	false
jabgui/src/main/java/org/jabref/gui/LibraryTab.java	jabgui/src/main/java/org/jabref/gui/push/GuiPushToApplicationCommand.java	1048	47	24	0.51	true	false
jabgui/src/main/java/org/jabref/gui/LibraryTab.java	jablib/src/main/java/org/jabref/logic/bibtex/comparator/EntryComparator.java	1048	55	28	0.51	true	true
jablib/src/main/java/org/jabref/logic/importer/fileformat/OvidImporter.java	jablib/src/main/java/org/jabref/logic/importer/fileformat/RepecNepImporter.java	57	66	29	0.51	false	false
jablib/src/main/java/org/jabref/logic/bibtex/FieldWriter.java	jablib/src/main/java/org/jabref/logic/preferences/JabRefCliPreferences.java	105	1078	53	0.50	true	false
jablib/src/main/java/org/jabref/logic/importer/fileformat/IsiImporter.java	jablib/src/main/java/org/jabref/logic/importer/fileformat/RisImporter.java	95	94	47	0.50	false	false
jabgui/src/main/java/org/jabref/gui/frame/JabRefFrame.java	jabgui/src/main/java/org/jabref/gui/frame/SendAsEMailAction.java	1215	66	33	0.50	false	false
jablib/src/main/java/org/jabref/logic/importer/fileformat/InspecImporter.java	jablib/src/main/java/org/jabref/logic/importer/fileformat/MedlineImporter.java	44	58	22	0.50	false	false
jabgui/src/main/java/org/jabref/gui/LibraryTab.java	jabgui/src/main/java/org/jabref/gui/auximport/NewSubLibraryAction.java	1048	36	18	0.50	true	false
jabgui/src/main/java/org/jabref/gui/auximport/NewSubLibraryAction.java	jabgui/src/main/java/org/jabref/gui/importer/NewEntryAction.java	36	44	18	0.50	true	false
jablib/src/main/java/org/jabref/logic/exporter/ModsExporter.java	jablib/src/main/java/org/jabref/logic/exporter/OpenDocumentSpreadsheetCreator.java	37	36	18	0.50	false	false
jablib/src/main/java/org/jabref/logic/importer/fetcher/GoogleScholar.java	jablib/src/main/java/org/jabref/logic/importer/fetcher/IEEE.java	36	55	18	0.50	false	false
jablib/src/main/java/org/jabref/logic/importer/FulltextFetchers.java	jablib/src/main/java/org/jabref/logic/importer/fetcher/SpringerNatureFullTextFetcher.java	65	32	16	0.50	true	false
jabgui/src/main/java/org/jabref/gui/exporter/ExportCommand.java	jabgui/src/main/java/org/jabref/gui/frame/JabRefFrame.java	30	1215	15	0.50	true	false
jabgui/src/main/java/org/jabref/gui/openoffice/OOBibBase.java	jablib/src/main/java/org/jabref/logic/openoffice/oocsltext/CSLReferenceMarkManager.java	159	30	15	0.50	true	true
jabgui/src/main/java/org/jabref/Launcher.java	jabgui/src/main/java/org/jabref/gui/remote/CLIMessageHandler.java	159	26	13	0.50	true	false
jabgui/src/main/java/org/jabref/gui/preferences/ai/AiTabViewModel.java	jablib/src/main/java/org/jabref/logic/preferences/JabRefCliPreferences.java	26	1078	13	0.50	true	true
jabgui/src/main/java/org/jabref/gui/preferences/journals/JournalAbbreviationsTab.java	jabgui/src/main/java/org/jabref/gui/preferences/journals/JournalAbbreviationsTabViewModel.java	26	30	13	0.50	false	false
jablib/src/main/java/org/jabref/logic/citationkeypattern/AbstractCitationKeyPatterns.java	jablib/src/main/java/org/jabref/model/metadata/MetaData.java	26	201	13	0.50	true	false
jablib/src/main/java/org/jabref/logic/layout/LayoutEntry.java	jablib/src/main/java/org/jabref/logic/layout/format/NameFormatter.java	120	26	13	0.50	true	false
jabgui/src/main/java/org/jabref/gui/copyfiles/CopyFilesAction.java	jabgui/src/main/java/org/jabref/gui/frame/JabRefFrame.java	22	1215	11	0.50	true	false
jabgui/src/main/java/org/jabref/gui/fieldeditors/FieldEditors.java	jabgui/src/main/java/org/jabref/gui/fieldeditors/SimpleEditor.java	60	22	11	0.50	false	false
jablib/src/main/java/org/jabref/logic/cleanup/CleanupWorker.java	jablib/src/main/java/org/jabref/logic/cleanup/MoveFilesCleanup.java	42	22	11	0.50	false	false
jablib/src/main/java/org/jabref/logic/cleanup/MoveFilesCleanup.java	jablib/src/main/java/org/jabref/logic/util/io/FileUtil.java	22	142	11	0.50	true	false
jablib/src/main/java/org/jabref/logic/push/AbstractPushToApplication.java	jablib/src/main/java/org/jabref/logic/push/PushToApplication.java	50	22	11	0.50	false	false
jabgui/src/main/java/org/jabref/gui/preferences/preview/PreviewTab.java	jabgui/src/main/java/org/jabref/gui/preview/PreviewPreferences.java	42	20	10	0.50	true	false
jabgui/src/main/java/org/jabref/gui/preferences/preview/PreviewTabViewModel.java	jabgui/src/main/java/org/jabref/gui/preview/PreviewPreferences.java	46	20	10	0.50	true	false
jablib/src/main/java/org/jabref/logic/journals/Abbreviation.java	jablib/src/main/java/org/jabref/logic/journals/AbbreviationParser.java	20	22	10	0.50	false	false
jablib/src/main/java/org/jabref/logic/preferences/JabRefCliPreferences.java	jablib/src/main/java/org/jabref/logic/util/UpdateField.java	1078	20	10	0.50	true	false
jabgui/src/main/java/org/jabref/gui/duplicationFinder/DuplicateResolverDialog.java	jabgui/src/main/java/org/jabref/gui/mergeentries/threewaymerge/MergeEntriesAction.java	86	18	9	0.50	true	false
jabgui/src/main/java/org/jabref/gui/exporter/SaveDatabaseAction.java	jablib/src/main/java/org/jabref/logic/exporter/SaveException.java	194	18	9	0.50	true	true
jabgui/src/main/java/org/jabref/gui/fieldeditors/UrlEditor.java	jabgui/src/main/java/org/jabref/gui/fieldeditors/identifier/IdentifierEditor.java	18	28	9	0.50	true	false
jabgui/src/main/java/org/jabref/gui/maintable/RightClickMenu.java	jabgui/src/main/java/org/jabref/gui/mergeentries/threewaymerge/MergeEntriesAction.java	216	18	9	0.50	true	false
jabgui/src/main/java/org/jabref/gui/remote/CLIMessageHandler.java	jablib/src/main/java/org/jabref/logic/remote/server/RemoteListenerServer.java	26	18	9	0.50	true	true
jablib/src/main/java/org/jabref/logic/bibtex/BibEntryWriter.java	jablib/src/main/java/org/jabref/logic/bibtex/TypedBibEntry.java	109	18	9	0.50	false	false
jablib/src/main/java/org/jabref/model/entry/BibEntry.java	jablib/src/main/java/org/jabref/model/entry/CanonicalBibEntry.java	312	18	9	0.50	false	false
jabgui/src/main/java/org/jabref/gui/LibraryTab.java	jablib/src/main/java/org/jabref/model/entry/event/FieldChangedEvent.java	1048	16	8	0.50	true	true
jabgui/src/main/java/org/jabref/gui/WorkspacePreferences.java	jabgui/src/main/java/org/jabref/gui/theme/ThemeManager.java	16	27	8	0.50	true	false
jabgui/src/main/java/org/jabref/gui/externalfiles/UnlinkedFilesDialogViewModel.java	jabgui/src/main/java/org/jabref/gui/maintable/MainTable.java	16	293	8	0.50	true	false
jabgui/src/main/java/org/jabref/gui/frame/JabRefFrame.java	jabgui/src/main/java/org/jabref/gui/preferences/customimporter/CustomImporterTabViewModel.java	1215	16	8	0.50	true	false
jabgui/src/main/java/org/jabref/gui/preferences/customimporter/CustomImporterTabViewModel.java	jablib/src/main/java/org/jabref/logic/importer/ImportFormatReader.java	16	197	8	0.50	true	true
jabgui/src/main/java/org/jabref/gui/texparser/ParseLatexDialogViewModel.java	jabgui/src/main/java/org/jabref/gui/texparser/ParseLatexResultView.java	30	16	8	0.50	false	false
jablib/src/main/java/org/jabref/logic/cleanup/RelativePathsCleanup.java	jablib/src/main/java/org/jabref/logic/util/io/FileUtil.java	16	142	8	0.50	true	false
jablib/src/main/java/org/jabref/logic/formatter/bibtexfields/OrdinalsToSuperscriptFormatter.java	jablib/src/main/java/org/jabref/logic/formatter/casechanger/ProtectTermsFormatter.java	16	33	8	0.50	true	false
jablib/src/main/java/org/jabref/model/entry/BibEntry.java	jablib/src/main/java/org/jabref/model/entry/event/FieldChangedEvent.java	312	16	8	0.50	true	false
jabgui/src/main/java/module-info.java	jabkit/src/main/java/module-info.java	149	14	7	0.50	false	true
jabgui/src/main/java/org/jabref/gui/LibraryTab.java	jabgui/src/main/java/org/jabref/gui/entryeditor/PreviewTab.java	1048	14	7	0.50	true	false
jabgui/src/main/java/org/jabref/gui/entryeditor/PreviewTab.java	jabgui/src/main/java/org/jabref/gui/frame/JabRefFrame.java	14	1215	7	0.50	true	false
jabgui/src/main/java/org/jabref/gui/groups/GroupNodeViewModel.java	jabgui/src/main/java/org/jabref/gui/util/ViewModelTreeTableCellFactory.java	68	14	7	0.50	true	false
jabgui/src/main/java/org/jabref/gui/groups/GroupTreeViewModel.java	jabgui/src/main/java/org/jabref/gui/sidepane/SidePaneContentFactory.java	88	14	7	0.50	true	false
jabgui/src/main/java/org/jabref/gui/openoffice/OpenOfficePanel.java	jabgui/src/main/java/org/jabref/gui/sidepane/SidePaneContentFactory.java	230	14	7	0.50	true	false
jablib/src/main/java/org/jabref/logic/cleanup/RelativePathsCleanup.java	jablib/src/main/java/org/jabref/logic/cleanup/UpgradePdfPsToFileCleanup.java	16	14	7	0.50	false	false
jablib/src/main/java/org/jabref/logic/formatter/bibtexfields/HtmlToLatexFormatter.java	jablib/src/main/java/org/jabref/logic/formatter/bibtexfields/UnicodeToLatexFormatter.java	14	16	7	0.50	false	false
jablib/src/main/java/org/jabref/logic/importer/fetcher/OpenAccessDoi.java	jablib/src/main/java/org/jabref/logic/importer/fetcher/ScienceDirect.java	14	35	7	0.50	false	false
jablib/src/main/java/org/jabref/logic/integrity/IntegrityCheck.java	jablib/src/main/java/org/jabref/logic/integrity/IntegrityMessage.java	81	14	7	0.50	false	false
jablib/src/main/java/org/jabref/logic/pdf/EntryAnnotationImporter.java	jablib/src/main/java/org/jabref/logic/util/io/FileUtil.java	14	142	7	0.50	true	false
jablib/src/main/java/org/jabref/model/groups/ExplicitGroup.java	jablib/src/main/java/org/jabref/model/search/matchers/AndMatcher.java	81	14	7	0.50	true	false
jablib/src/main/java/org/jabref/model/groups/KeywordGroup.java	jablib/src/main/java/org/jabref/model/search/matchers/AndMatcher.java	93	14	7	0.50	true	false
jablib/src/main/java/org/jabref/model/search/matchers/AndMatcher.java	jablib/src/main/java/org/jabref/model/search/matchers/MatcherSet.java	14	17	7	0.50	false	false
jabgui/src/main/java/org/jabref/gui/LibraryTab.java	jabgui/src/main/java/org/jabref/gui/specialfields/SpecialFieldValueViewModel.java	1048	12	6	0.50	true	false
jabgui/src/main/java/org/jabref/gui/LibraryTab.java	jablib/src/main/java/org/jabref/model/database/BibDatabases.java	1048	12	6	0.50	true	true
jabgui/src/main/java/org/jabref/gui/frame/JabRefFrame.java	jabgui/src/main/java/org/jabref/gui/preferences/ShowPreferencesAction.java	1215	12	6	0.50	true	false
jabgui/src/main/java/org/jabref/gui/groups/GroupDescriptions.java	jablib/src/main/java/org/jabref/logic/util/MetadataSerializationConfiguration.java	12	18	6	0.50	true	true
jabgui/src/main/java/org/jabref/gui/maintable/ColumnPreferences.java	jabgui/src/main/java/org/jabref/gui/maintable/ColumnPreferencesRecorder.java	12	17	6	0.50	false	false
jabgui/src/main/java/org/jabref/gui/maintable/RightClickMenu.java	jabgui/src/main/java/org/jabref/gui/specialfields/SpecialFieldValueViewModel.java	216	12	6	0.50	true	false
jabgui/src/main/java/org/jabref/migrations/CustomEntryTypePreferenceMigration.java	jabgui/src/main/java/org/jabref/migrations/PreferencesMigrations.java	12	87	6	0.50	false	false
jabkit/src/main/java/module-info.java	jabkit/src/main/java/org/jabref/toolkit/commands/Convert.java	14	12	6	0.50	true	false
jabkit/src/main/java/module-info.java	jabkit/src/main/java/org/jabref/toolkit/commands/Search.java	14	12	6	0.50	true	false
jabkit/src/main/java/org/jabref/toolkit/JabKitLauncher.java	jabkit/src/main/java/org/jabref/toolkit/commands/Convert.java	16	12	6	0.50	true	false
jabkit/src/main/java/org/jabref/toolkit/JabKitLauncher.java	jabkit/src/main/java/org/jabref/toolkit/commands/Search.java	16	12	6	0.50	true	false
jablib/src/main/java/org/jabref/logic/citation/SearchCitationsRelationsService.java	jablib/src/main/java/org/jabref/logic/importer/fetcher/citation/semanticscholar/SemanticScholarCitationFetcher.java	12	17	6	0.50	true	false
jablib/src/main/java/org/jabref/logic/formatter/Formatter.java	jablib/src/main/java/org/jabref/logic/formatter/bibtexfields/NormalizeMonthFormatter.java	13	12	6	0.50	true	false
jablib/src/main/java/org/jabref/logic/formatter/Formatter.java	jablib/src/main/java/org/jabref/logic/formatter/minifier/MinifyNameListFormatter.java	13	12	6	0.50	true	false
jablib/src/main/java/org/jabref/logic/importer/IdBasedParserFetcher.java	jablib/src/main/java/org/jabref/logic/importer/SearchBasedParserFetcher.java	12	20	6	0.50	false	false
jablib/src/main/java/org/jabref/logic/importer/fetcher/GvkFetcher.java	jablib/src/main/java/org/jabref/logic/importer/fileformat/PicaXmlParser.java	12	37	6	0.50	true	false
jablib/src/main/java/org/jabref/logic/importer/fileformat/RepecNepImporter.java	jablib/src/main/java/org/jabref/model/entry/IdGenerator.java	66	12	6	0.50	true	false
jablib/src/main/java/org/jabref/logic/preferences/JabRefCliPreferences.java	jablib/src/main/java/org/jabref/logic/remote/Protocol.java	1078	12	6	0.50	true	false
jablib/src/main/java/org/jabref/logic/util/io/FileUtil.java	jablib/src/main/java/org/jabref/model/entry/IdGenerator.java	142	12	6	0.50	true	false
jablib/src/main/java/org/jabref/model/entry/BibEntry.java	jablib/src/main/java/org/jabref/model/entry/IdGenerator.java	312	12	6	0.50	false	false
jabgui/src/main/java/org/jabref/cli/ArgumentProcessor.java	jablib/src/main/java/org/jabref/logic/layout/LayoutFormatterPreferences.java	123	10	5	0.50	true	true
jabgui/src/main/java/org/jabref/gui/LibraryTab.java	jabgui/src/main/java/org/jabref/gui/fieldeditors/LinkedEntriesEditorViewModel.java	1048	10	5	0.50	true	false
jabgui/src/main/java/org/jabref/gui/LibraryTab.java	jablib/src/main/java/org/jabref/logic/layout/format/Iso690NamesAuthors.java	1048	10	5	0.50	true	true
jabgui/src/main/java/org/jabref/gui/commonfxcontrols/CitationKeyPatternsPanel.java	jabgui/src/main/java/org/jabref/gui/preferences/citationkeypattern/CitationKeyPatternTabViewModel.java	11	10	5	0.50	true	false
jabgui/src/main/java/org/jabref/gui/entryeditor/EntryEditorTab.java	jablib/src/main/java/org/jabref/model/search/SearchDisplayMode.java	143	10	5	0.50	true	true
jabgui/src/main/java/org/jabref/gui/entryeditor/LatexCitationsTabViewModel.java	jabgui/src/main/java/org/jabref/gui/texparser/ReferenceViewModel.java	32	10	5	0.50	true	false
jabgui/src/main/java/org/jabref/gui/externalfiles/FindUnlinkedFilesAction.java	jabgui/src/main/java/org/jabref/gui/frame/JabRefFrame.java	10	1215	5	0.50	true	false
jabgui/src/main/java/org/jabref/gui/fieldeditors/JournalEditorViewModel.java	jabgui/src/main/java/org/jabref/gui/fieldeditors/SimpleEditor.java	10	22	5	0.50	false	false
jabgui/src/main/java/org/jabref/gui/fieldeditors/LinkedFileViewModel.java	jablib/src/main/java/org/jabref/logic/importer/fileformat/pdf/PdfEmbeddedBibFileImporter.java	114	10	5	0.50	true	true
jabgui/src/main/java/org/jabref/gui/fieldeditors/LinkedFileViewModel.java	jablib/src/main/java/org/jabref/logic/util/io/FileNameUniqueness.java	114	10	5	0.50	true	true
jabgui/src/main/java/org/jabref/gui/fieldeditors/LinkedFilesEditor.java	jabgui/src/main/java/org/jabref/gui/linkedfile/LinkedFileEditDialog.java	86	10	5	0.50	true	false
jabgui/src/main/java/org/jabref/gui/linkedfile/AttachFileAction.java	jabgui/src/main/java/org/jabref/gui/linkedfile/LinkedFileEditDialog.java	44	10	5	0.50	false	false
jabgui/src/main/java/org/jabref/gui/preferences/PreferencesDialogViewModel.java	jabgui/src/main/java/org/jabref/gui/preferences/groups/GroupsTab.java	59	10	5	0.50	true	false
jabgui/src/main/java/org/jabref/gui/preferences/PreferencesDialogViewModel.java	jabgui/src/main/java/org/jabref/gui/preferences/xmp/XmpPrivacyTabViewModel.java	59	10	5	0.50	true	false
jabgui/src/main/java/org/jabref/gui/preferences/citationkeypattern/CitationKeyPatternTab.java	jabgui/src/main/java/org/jabref/gui/preferences/table/TableTab.java	15	10	5	0.50	true	false
jabgui/src/main/java/org/jabref/gui/preferences/citationkeypattern/CitationKeyPatternTabViewModel.java	jablib/src/main/java/org/jabref/logic/citationkeypattern/CitationKeyPatternPreferences.java	10	20	5	0.50	true	true
jabgui/src/main/java/org/jabref/gui/preferences/citationkeypattern/CitationKeyPatternTabViewModel.java	jablib/src/main/java/org/jabref/logic/preferences/JabRefCliPreferences.java	10	1078	5	0.50	true	true
jabgui/src/main/java/org/jabref/gui/preferences/general/GeneralTab.java	jabgui/src/main/java/org/jabref/gui/preferences/groups/GroupsTab.java	55	10	5	0.50	true	false
jabgui/src/main/java/org/jabref/gui/preferences/journals/AbbreviationsFileViewModel.java	jablib/src/main/java/org/jabref/logic/journals/AbbreviationParser.java	10	22	5	0.50	true	true
jabgui/src/main/java/org/jabref/gui/preferences/journals/JournalAbbreviationsTab.java	jablib/src/main/java/org/jabref/logic/journals/AbbreviationPreferences.java	26	10	5	0.50	true	true
jabgui/src/main/java/org/jabref/gui/preferences/journals/JournalAbbreviationsTabViewModel.java	jabgui/src/main/java/org/jabref/gui/util/FileDialogConfiguration.java	30	10	5	0.50	true	false
jabgui/src/main/java/org/jabref/gui/preferences/table/TableTab.java	jabgui/src/main/java/org/jabref/gui/preferences/table/TableTabViewModel.java	10	14	5	0.50	false	false
jabgui/src/main/java/org/jabref/gui/push/GuiPushToApplicationSettings.java	jablib/src/main/java/org/jabref/logic/preferences/JabRefCliPreferences.java	10	1078	5	0.50	true	true
jabkit/src/main/java/module-info.java	jabkit/src/main/java/org/jabref/toolkit/commands/PdfUpdate.java	14	10	5	0.50	true	false
jabkit/src/main/java/module-info.java	jabkit/src/main/java/org/jabref/toolkit/commands/Pseudonymize.java	14	10	5	0.50	true	false
jabkit/src/main/java/org/jabref/toolkit/JabKitLauncher.java	jabkit/src/main/java/org/jabref/toolkit/commands/Pseudonymize.java	16	10	5	0.50	true	false
jablib/src/main/java/org/jabref/logic/cleanup/FileLinksCleanup.java	jablib/src/main/java/org/jabref/logic/cleanup/MoveFilesCleanup.java	10	22	5	0.50	false	false
jablib/src/main/java/org/jabref/logic/exporter/Exporter.java	jablib/src/main/java/org/jabref/logic/exporter/ExporterFactory.java	10	34	5	0.50	false	false
jablib/src/main/java/org/jabref/logic/exporter/Exporter.java	jablib/src/main/java/org/jabref/logic/exporter/TemplateExporter.java	10	88	5	0.50	false	false
jablib/src/main/java/org/jabref/logic/exporter/TemplateExporter.java	jablib/src/main/java/org/jabref/logic/layout/LayoutFormatterPreferences.java	88	10	5	0.50	true	false
jablib/src/main/java/org/jabref/logic/importer/WebFetchers.java	jablib/src/main/java/org/jabref/logic/importer/fetcher/isbntobibtex/IsbnFetcher.java	102	10	5	0.50	true	false
jablib/src/main/java/org/jabref/logic/integrity/FileChecker.java	jablib/src/main/java/org/jabref/logic/pdf/EntryAnnotationImporter.java	10	14	5	0.50	true	false
jablib/src/main/java/org/jabref/logic/layout/format/AuthorOrgSci.java	jablib/src/main/java/org/jabref/logic/layout/format/CreateDocBook4Editors.java	10	10	5	0.50	false	false
jablib/src/main/java/org/jabref/logic/layout/format/AuthorOrgSci.java	jablib/src/main/java/org/jabref/logic/layout/format/NameFormatter.java	10	26	5	0.50	false	false
jablib/src/main/java/org/jabref/logic/layout/format/AuthorOrgSci.java	jablib/src/main/java/org/jabref/logic/openoffice/style/JStyle.java	10	104	5	0.50	true	false
jablib/src/main/java/org/jabref/logic/layout/format/CreateDocBook4Editors.java	jablib/src/main/java/org/jabref/logic/layout/format/NameFormatter.java	10	26	5	0.50	false	false
jabsrv-cli/src/main/java/org/jabref/http/server/cli/ServerCli.java	jabsrv/src/main/java/org/jabref/http/server/Server.java	10	20	5	0.50	true	true
jabgui/src/main/java/org/jabref/gui/JabRefGUI.java	jabgui/src/main/java/org/jabref/gui/entryeditor/AiChatTab.java	190	8	4	0.50	true	false
jabgui/src/main/java/org/jabref/gui/JabRefGUI.java	jabgui/src/main/java/org/jabref/gui/mergeentries/MergeWithFetchedEntryAction.java	190	8	4	0.50	true	false
jabgui/src/main/java/org/jabref/gui/JabRefGuiStateManager.java	jabgui/src/main/java/org/jabref/gui/LibraryTab.java	8	1048	4	0.50	false	false
jabgui/src/main/java/org/jabref/gui/LibraryTab.java	jabgui/src/main/java/org/jabref/gui/preferences/protectedterms/ProtectedTermsTabViewModel.java	1048	8	4	0.50	true	false
jabgui/src/main/java/org/jabref/gui/LibraryTab.java	jablib/src/main/java/org/jabref/logic/layout/format/Replace.java	1048	8	4	0.50	true	true
jabgui/src/main/java/org/jabref/gui/LibraryTabContainer.java	jabgui/src/main/java/org/jabref/gui/frame/MainMenu.java	8	55	4	0.50	true	false
jabgui/src/main/java/org/jabref/gui/LibraryTabContainer.java	jabgui/src/main/java/org/jabref/gui/importer/actions/OpenDatabaseAction.java	8	224	4	0.50	true	false
jabgui/src/main/java/org/jabref/gui/collab/ChangeScanner.java	jabgui/src/main/java/org/jabref/gui/mergeentries/MergeWithFetchedEntryAction.java	135	8	4	0.50	true	false
jabgui/src/main/java/org/jabref/gui/commonfxcontrols/FieldFormatterCleanupsPanel.java	jabgui/src/main/java/org/jabref/gui/commonfxcontrols/FieldFormatterCleanupsPanelViewModel.java	9	8	4	0.50	false	false
jabgui/src/main/java/org/jabref/gui/copyfiles/CopyFilesAction.java	jabgui/src/main/java/org/jabref/gui/copyfiles/CopyFilesDialogView.java	22	8	4	0.50	false	false
jabgui/src/main/java/org/jabref/gui/edit/ReplaceStringView.java	jabgui/src/main/java/org/jabref/gui/frame/JabRefFrame.java	8	1215	4	0.50	true	false
jabgui/src/main/java/org/jabref/gui/entryeditor/AiChatTab.java	jabgui/src/main/java/org/jabref/gui/sidepane/SidePane.java	8	89	4	0.50	true	false
jabgui/src/main/java/org/jabref/gui/entryeditor/AiChatTab.java	jabgui/src/main/java/org/jabref/gui/sidepane/SidePaneViewModel.java	8	9	4	0.50	true	false
jabgui/src/main/java/org/jabref/gui/entryeditor/EntryEditor.java	jabgui/src/main/java/org/jabref/gui/fieldeditors/MarkdownEditor.java	655	8	4	0.50	true	false
jabgui/src/main/java/org/jabref/gui/entryeditor/EntryEditor.java	jabgui/src/main/java/org/jabref/gui/fieldeditors/UrlEditorViewModel.java	655	8	4	0.50	true	false
jabgui/src/main/java/org/jabref/gui/entryeditor/EntryEditor.java	jabgui/src/main/java/org/jabref/gui/maintable/MainTableTooltip.java	655	8	4	0.50	true	false
jabgui/src/main/java/org/jabref/gui/entryeditor/EntryEditor.java	jabgui/src/main/java/org/jabref/gui/mergeentries/MergeWithFetchedEntryAction.java	655	8	4	0.50	true	false
jabgui/src/main/java/org/jabref/gui/externalfiles/DownloadFullTextAction.java	jablib/src/main/java/org/jabref/logic/importer/FulltextFetcher.java	83	8	4	0.50	true	true
jabgui/src/main/java/org/jabref/gui/fieldeditors/AbstractEditorViewModel.java	jabgui/src/main/java/org/jabref/gui/fieldeditors/DateEditorViewModel.java	14	8	4	0.50	false	false
jabgui/src/main/java/org/jabref/gui/fieldeditors/AbstractEditorViewModel.java	jabgui/src/main/java/org/jabref/gui/fieldeditors/UrlEditorViewModel.java	14	8	4	0.50	false	false
jabgui/src/main/java/org/jabref/gui/fieldeditors/DateEditor.java	jabgui/src/main/java/org/jabref/gui/fieldeditors/UrlEditorViewModel.java	9	8	4	0.50	false	false
jabgui/src/main/java/org/jabref/gui/fieldeditors/DateEditorViewModel.java	jabgui/src/main/java/org/jabref/gui/fieldeditors/JournalEditor.java	8	21	4	0.50	false	false
jabgui/src/main/java/org/jabref/gui/fieldeditors/DateEditorViewModel.java	jabgui/src/main/java/org/jabref/gui/fieldeditors/JournalEditorViewModel.java	8	10	4	0.50	false	false
jabgui/src/main/java/org/jabref/gui/fieldeditors/DateEditorViewModel.java	jabgui/src/main/java/org/jabref/gui/fieldeditors/OwnerEditor.java	8	13	4	0.50	false	false
jabgui/src/main/java/org/jabref/gui/fieldeditors/DateEditorViewModel.java	jabgui/src/main/java/org/jabref/gui/fieldeditors/SimpleEditor.java	8	22	4	0.50	false	false
jabgui/src/main/java/org/jabref/gui/fieldeditors/DateEditorViewModel.java	jabgui/src/main/java/org/jabref/gui/fieldeditors/UrlEditor.java	8	18	4	0.50	false	false
jabgui/src/main/java/org/jabref/gui/fieldeditors/DateEditorViewModel.java	jabgui/src/main/java/org/jabref/gui/fieldeditors/UrlEditorViewModel.java	8	8	4	0.50	false	false
jabgui/src/main/java/org/jabref/gui/fieldeditors/DateEditorViewModel.java	jabgui/src/main/java/org/jabref/gui/fieldeditors/identifier/IdentifierEditor.java	8	28	4	0.50	true	false
jabgui/src/main/java/org/jabref/gui/fieldeditors/JournalEditor.java	jabgui/src/main/java/org/jabref/gui/fieldeditors/UrlEditorViewModel.java	21	8	4	0.50	false	false
jabgui/src/main/java/org/jabref/gui/fieldeditors/JournalEditorViewModel.java	jabgui/src/main/java/org/jabref/gui/fieldeditors/UrlEditorViewModel.java	10	8	4	0.50	false	false
jabgui/src/main/java/org/jabref/gui/fieldeditors/LinkedFilesEditorViewModel.java	jabgui/src/main/java/org/jabref/gui/fieldeditors/UrlEditorViewModel.java	68	8	4	0.50	false	false
jabgui/src/main/java/org/jabref/gui/fieldeditors/MarkdownEditor.java	jabgui/src/main/java/org/jabref/gui/fieldeditors/PersonsEditor.java	8	16	4	0.50	false	false
jabgui/src/main/java/org/jabref/gui/fieldeditors/OwnerEditor.java	jabgui/src/main/java/org/jabref/gui/fieldeditors/UrlEditorViewModel.java	13	8	4	0.50	false	false
jabgui/src/main/java/org/jabref/gui/fieldeditors/SimpleEditor.java	jabgui/src/main/java/org/jabref/gui/fieldeditors/UrlEditorViewModel.java	22	8	4	0.50	false	false
jabgui/src/main/java/org/jabref/gui/fieldeditors/UrlEditorViewModel.java	jabgui/src/main/java/org/jabref/gui/fieldeditors/identifier/IdentifierEditor.java	8	28	4	0.50	true	false
jabgui/src/main/java/org/jabref/gui/frame/JabRefFrame.java	jabgui/src/main/java/org/jabref/gui/maintable/OpenFolderAction.java	1215	8	4	0.50	true	false
jabgui/src/main/java/org/jabref/gui/frame/JabRefFrame.java	jabgui/src/main/java/org/jabref/gui/preferences/nameformatter/NameFormatterTab.java	1215	8	4	0.50	true	false
jabgui/src/main/java/org/jabref/gui/frame/JabRefFrame.java	jabgui/src/main/java/org/jabref/gui/preferences/xmp/XmpPrivacyTab.java	1215	8	4	0.50	true	false
jabgui/src/main/java/org/jabref/gui/importer/actions/OpenDatabaseAction.java	jabgui/src/main/java/org/jabref/gui/mergeentries/MergeWithFetchedEntryAction.java	224	8	4	0.50	true	false
jabgui/src/main/java/org/jabref/gui/libraryproperties/LibraryPropertiesViewModel.java	jabgui/src/main/java/org/jabref/gui/libraryproperties/general/GeneralPropertiesView.java	8	11	4	0.50	true	false
jabgui/src/main/java/org/jabref/gui/libraryproperties/LibraryPropertiesViewModel.java	jabgui/src/main/java/org/jabref/gui/libraryproperties/general/GeneralPropertiesViewModel.java	8	15	4	0.50	true	false
jabgui/src/main/java/org/jabref/gui/maintable/MainTableColumnFactory.java	jabgui/src/main/java/org/jabref/gui/maintable/MainTableTooltip.java	64	8	4	0.50	false	false
jabgui/src/main/java/org/jabref/gui/maintable/MainTableTooltip.java	jabgui/src/main/java/org/jabref/gui/preferences/preview/PreviewTab.java	8	42	4	0.50	true	false
jabgui/src/main/java/org/jabref/gui/maintable/MainTableTooltip.java	jabgui/src/main/java/org/jabref/gui/preview/PreviewViewer.java	8	58	4	0.50	true	false
jabgui/src/main/java/org/jabref/gui/maintable/RightClickMenu.java	jablib/src/main/java/org/jabref/logic/preview/PreviewLayout.java	216	8	4	0.50	true	true
jabgui/src/main/java/org/jabref/gui/mergeentries/FetchAndMergeEntry.java	jabgui/src/main/java/org/jabref/gui/mergeentries/threewaymerge/FieldRowViewModel.java	34	8	4	0.50	true	false
jabgui/src/main/java/org/jabref/gui/mergeentries/threewaymerge/FieldRowView.java	jabgui/src/main/java/org/jabref/gui/mergeentries/threewaymerge/cell/FieldValueCell.java	15	8	4	0.50	true	false
jabgui/src/main/java/org/jabref/gui/mergeentries/threewaymerge/FieldRowViewModel.java	jabgui/src/main/java/org/jabref/gui/mergeentries/threewaymerge/ThreeWayMergeView.java	8	30	4	0.50	false	false
jabgui/src/main/java/org/jabref/gui/openoffice/OpenOfficePanel.java	jablib/src/main/java/org/jabref/logic/citationstyle/CSLStyleUtils.java	230	8	4	0.50	true	true
jabgui/src/main/java/org/jabref/gui/openoffice/StyleSelectDialogView.java	jablib/src/main/java/org/jabref/logic/preview/PreviewLayout.java	29	8	4	0.50	true	true
jabgui/src/main/java/org/jabref/gui/preferences/PreferenceTabViewModel.java	jabgui/src/main/java/org/jabref/gui/preferences/PreferencesDialogView.java	8	34	4	0.50	false	false
jabgui/src/main/java/org/jabref/gui/preferences/PreferenceTabViewModel.java	jabgui/src/main/java/org/jabref/gui/preferences/general/GeneralTab.java	8	55	4	0.50	true	false
jabgui/src/main/java/org/jabref/gui/preferences/PreferencesDialogViewModel.java	jabgui/src/main/java/org/jabref/gui/preferences/nameformatter/NameFormatterTab.java	59	8	4	0.50	true	false
jabgui/src/main/java/org/jabref/gui/preferences/citationkeypattern/CitationKeyPatternTab.java	jabgui/src/main/java/org/jabref/gui/preferences/nameformatter/NameFormatterTab.java	15	8	4	0.50	true	false
jabgui/src/main/java/org/jabref/gui/preferences/entryeditor/EntryEditorTab.java	jabgui/src/main/java/org/jabref/gui/preferences/xmp/XmpPrivacyTab.java	22	8	4	0.50	true	false
jabgui/src/main/java/org/jabref/gui/preferences/external/ExternalTab.java	jabgui/src/main/java/org/jabref/gui/preferences/nameformatter/NameFormatterTab.java	18	8	4	0.50	true	false
jabgui/src/main/java/org/jabref/gui/preferences/external/ExternalTab.java	jabgui/src/main/java/org/jabref/gui/preferences/xmp/XmpPrivacyTab.java	18	8	4	0.50	true	false
jabgui/src/main/java/org/jabref/gui/preferences/general/GeneralTab.java	jabgui/src/main/java/org/jabref/gui/preferences/xmp/XmpPrivacyTab.java	55	8	4	0.50	true	false
jabgui/src/main/java/org/jabref/gui/preferences/groups/GroupsTab.java	jabgui/src/main/java/org/jabref/gui/preferences/xmp/XmpPrivacyTab.java	10	8	4	0.50	true	false
jabgui/src/main/java/org/jabref/gui/preferences/groups/GroupsTabViewModel.java	jabgui/src/main/java/org/jabref/gui/preferences/xmp/XmpPrivacyTab.java	11	8	4	0.50	true	false
jabgui/src/main/java/org/jabref/gui/preferences/nameformatter/NameFormatterTab.java	jabgui/src/main/java/org/jabref/gui/preferences/network/NetworkTab.java	8	21	4	0.50	true	false
jabgui/src/main/java/org/jabref/gui/preferences/nameformatter/NameFormatterTab.java	jabgui/src/main/java/org/jabref/gui/preferences/xmp/XmpPrivacyTabViewModel.java	8	10	4	0.50	true	false
jabgui/src/main/java/org/jabref/gui/preferences/nameformatter/NameFormatterTab.java	jablib/src/main/java/org/jabref/logic/preferences/JabRefCliPreferences.java	8	1078	4	0.50	true	true
jabgui/src/main/java/org/jabref/gui/preferences/protectedterms/NewProtectedTermsFileDialog.java	jabgui/src/main/java/org/jabref/gui/preferences/protectedterms/ProtectedTermsTabViewModel.java	21	8	4	0.50	false	false
jabgui/src/main/java/org/jabref/gui/preferences/protectedterms/ProtectedTermsTabViewModel.java	jablib/src/main/java/org/jabref/logic/preferences/CliPreferences.java	8	115	4	0.50	true	true
jabgui/src/main/java/org/jabref/gui/preferences/protectedterms/ProtectedTermsTabViewModel.java	jablib/src/main/java/org/jabref/logic/preferences/JabRefCliPreferences.java	8	1078	4	0.50	true	true
jabgui/src/main/java/org/jabref/gui/preferences/xmp/XmpPrivacyTab.java	jablib/src/main/java/org/jabref/logic/preferences/JabRefCliPreferences.java	8	1078	4	0.50	true	true
jabgui/src/main/java/org/jabref/gui/preview/CopyCitationAction.java	jablib/src/main/java/org/jabref/logic/preview/PreviewLayout.java	24	8	4	0.50	true	true
jabgui/src/main/java/org/jabref/gui/preview/PreviewViewer.java	jablib/src/main/java/org/jabref/logic/preview/PreviewLayout.java	58	8	4	0.50	true	true
jabgui/src/main/java/org/jabref/gui/push/GuiPushToEmacsSettings.java	jablib/src/main/java/org/jabref/logic/push/AbstractPushToApplication.java	8	50	4	0.50	true	true
jabgui/src/main/java/org/jabref/gui/push/GuiPushToEmacsSettings.java	jablib/src/main/java/org/jabref/logic/push/PushToApplication.java	8	22	4	0.50	true	true
jabgui/src/main/java/org/jabref/gui/push/GuiPushToEmacsSettings.java	jablib/src/main/java/org/jabref/logic/push/PushToEmacs.java	8	68	4	0.50	true	true
jabgui/src/main/java/org/jabref/gui/push/GuiPushToEmacsSettings.java	jablib/src/main/java/org/jabref/logic/push/PushToVim.java	8	58	4	0.50	true	true
jabgui/src/main/java/org/jabref/gui/push/GuiPushToVimSettings.java	jablib/src/main/java/org/jabref/logic/push/AbstractPushToApplication.java	8	50	4	0.50	true	true
jabgui/src/main/java/org/jabref/gui/push/GuiPushToVimSettings.java	jablib/src/main/java/org/jabref/logic/push/PushToApplication.java	8	22	4	0.50	true	true
jabgui/src/main/java/org/jabref/gui/push/GuiPushToVimSettings.java	jablib/src/main/java/org/jabref/logic/push/PushToEmacs.java	8	68	4	0.50	true	true
jabgui/src/main/java/org/jabref/gui/push/GuiPushToVimSettings.java	jablib/src/main/java/org/jabref/logic/push/PushToVim.java	8	58	4	0.50	true	true
jabgui/src/main/java/org/jabref/gui/slr/StudyCatalogItem.java	jablib/src/main/java/org/jabref/logic/crawler/StudyCatalogToFetcherConverter.java	8	8	4	0.50	true	true
jabgui/src/main/java/org/jabref/gui/welcome/quicksettings/viewmodel/ThemeDialogViewModel.java	jablib/src/main/java/org/jabref/logic/util/URLUtil.java	8	14	4	0.50	true	true
jablib/src/main/java/org/jabref/logic/bst/BstFunctions.java	jablib/src/main/java/org/jabref/logic/bst/BstVMVisitor.java	9	8	4	0.50	false	false
jablib/src/main/java/org/jabref/logic/bst/util/BstNameFormatter.java	jablib/src/main/java/org/jabref/logic/layout/format/AuthorLF_FF.java	22	8	4	0.50	true	false
jablib/src/main/java/org/jabref/logic/bst/util/BstNameFormatter.java	jablib/src/main/java/org/jabref/logic/layout/format/AuthorLF_FFAbbr.java	22	8	4	0.50	true	false
jablib/src/main/java/org/jabref/logic/citationkeypattern/CitationKeyGenerator.java	jablib/src/main/java/org/jabref/logic/layout/format/AuthorLF_FF.java	201	8	4	0.50	true	false
jablib/src/main/java/org/jabref/logic/citationkeypattern/CitationKeyGenerator.java	jablib/src/main/java/org/jabref/logic/layout/format/AuthorLF_FFAbbr.java	201	8	4	0.50	true	false
jablib/src/main/java/org/jabref/logic/crawler/Crawler.java	jablib/src/main/java/org/jabref/logic/crawler/StudyCatalogToFetcherConverter.java	18	8	4	0.50	false	false
jablib/src/main/java/org/jabref/logic/exporter/XmpExporter.java	jablib/src/main/java/org/jabref/logic/xmp/XmpUtilWriter.java	8	22	4	0.50	true	false
jablib/src/main/java/org/jabref/logic/importer/FulltextFetcher.java	jablib/src/main/java/org/jabref/logic/importer/WebFetchers.java	8	102	4	0.50	false	false
jablib/src/main/java/org/jabref/logic/importer/FulltextFetcher.java	jablib/src/main/java/org/jabref/logic/importer/fetcher/GoogleScholar.java	8	36	4	0.50	true	false
jablib/src/main/java/org/jabref/logic/importer/FulltextFetcher.java	jablib/src/main/java/org/jabref/logic/importer/fetcher/SpringerNatureFullTextFetcher.java	8	32	4	0.50	true	false
jablib/src/main/java/org/jabref/logic/importer/FulltextFetchers.java	jablib/src/main/java/org/jabref/logic/integrity/ISBNChecker.java	65	8	4	0.50	true	false
jablib/src/main/java/org/jabref/logic/importer/PagedSearchBasedFetcher.java	jablib/src/main/java/org/jabref/logic/importer/fetcher/AstrophysicsDataSystem.java	8	42	4	0.50	true	false
jablib/src/main/java/org/jabref/logic/importer/SearchBasedParserFetcher.java	jablib/src/main/java/org/jabref/logic/importer/fetcher/ACMPortalFetcher.java	20	8	4	0.50	true	false
jablib/src/main/java/org/jabref/logic/importer/fetcher/ACMPortalFetcher.java	jablib/src/main/java/org/jabref/logic/importer/fetcher/AstrophysicsDataSystem.java	8	42	4	0.50	false	false
jablib/src/main/java/org/jabref/logic/importer/fetcher/ACMPortalFetcher.java	jablib/src/main/java/org/jabref/logic/importer/fetcher/DOAJFetcher.java	8	14	4	0.50	false	false
jablib/src/main/java/org/jabref/logic/importer/fetcher/ACMPortalFetcher.java	jablib/src/main/java/org/jabref/logic/importer/fetcher/GoogleScholar.java	8	36	4	0.50	false	false
jablib/src/main/java/org/jabref/logic/importer/fetcher/ACMPortalFetcher.java	jablib/src/main/java/org/jabref/logic/importer/fetcher/GvkFetcher.java	8	12	4	0.50	false	false
jablib/src/main/java/org/jabref/logic/importer/fetcher/ACMPortalFetcher.java	jablib/src/main/java/org/jabref/logic/importer/fetcher/INSPIREFetcher.java	8	21	4	0.50	false	false
jablib/src/main/java/org/jabref/logic/importer/fetcher/ACMPortalFetcher.java	jablib/src/main/java/org/jabref/logic/importer/fetcher/MedlineFetcher.java	8	111	4	0.50	false	false
jablib/src/main/java/org/jabref/logic/importer/fetcher/ACS.java	jablib/src/main/java/org/jabref/logic/integrity/ISBNChecker.java	25	8	4	0.50	true	false
jablib/src/main/java/org/jabref/logic/importer/fetcher/ArXivFetcher.java	jablib/src/main/java/org/jabref/logic/importer/fetcher/ResearchGate.java	25	8	4	0.50	false	false
jablib/src/main/java/org/jabref/logic/importer/fetcher/AstrophysicsDataSystem.java	jablib/src/main/java/org/jabref/logic/importer/fetcher/transformers/AbstractQueryTransformer.java	42	8	4	0.50	true	false
jablib/src/main/java/org/jabref/logic/importer/fetcher/CrossRef.java	jablib/src/main/java/org/jabref/logic/importer/fetcher/transformers/AbstractQueryTransformer.java	43	8	4	0.50	true	false
jablib/src/main/java/org/jabref/logic/importer/fetcher/CrossRef.java	jablib/src/main/java/org/jabref/logic/importer/util/JsonReader.java	43	8	4	0.50	true	false
jablib/src/main/java/org/jabref/logic/importer/fetcher/DoiFetcher.java	jablib/src/main/java/org/jabref/logic/importer/fetcher/ResearchGate.java	53	8	4	0.50	false	false
jablib/src/main/java/org/jabref/logic/importer/fetcher/DoiResolution.java	jablib/src/main/java/org/jabref/logic/integrity/ISBNChecker.java	48	8	4	0.50	true	false
jablib/src/main/java/org/jabref/logic/importer/fetcher/GoogleScholar.java	jablib/src/main/java/org/jabref/logic/importer/fetcher/ResearchGate.java	36	8	4	0.50	false	false
jablib/src/main/java/org/jabref/logic/importer/fetcher/IEEE.java	jablib/src/main/java/org/jabref/logic/importer/fetcher/transformers/AbstractQueryTransformer.java	55	8	4	0.50	true	false
jablib/src/main/java/org/jabref/logic/importer/fetcher/IEEE.java	jablib/src/main/java/org/jabref/logic/integrity/ISBNChecker.java	55	8	4	0.50	true	false
jablib/src/main/java/org/jabref/logic/importer/fetcher/JstorFetcher.java	jablib/src/main/java/org/jabref/logic/importer/fetcher/ResearchGate.java	11	8	4	0.50	false	false
jablib/src/main/java/org/jabref/logic/importer/fetcher/MedlineFetcher.java	jablib/src/main/java/org/jabref/logic/importer/fetcher/transformers/AbstractQueryTransformer.java	111	8	4	0.50	true	false
jablib/src/main/java/org/jabref/logic/importer/fetcher/ResearchGate.java	jablib/src/main/java/org/jabref/logic/importer/fetcher/SemanticScholar.java	8	12	4	0.50	false	false
jablib/src/main/java/org/jabref/logic/importer/fetcher/ScienceDirect.java	jablib/src/main/java/org/jabref/logic/integrity/ISBNChecker.java	35	8	4	0.50	true	false
jablib/src/main/java/org/jabref/logic/importer/fetcher/SpringerNatureFullTextFetcher.java	jablib/src/main/java/org/jabref/logic/integrity/ISBNChecker.java	32	8	4	0.50	true	false
jablib/src/main/java/org/jabref/logic/importer/fileformat/pdf/PdfContentImporter.java	jablib/src/main/java/org/jabref/logic/integrity/ISBNChecker.java	108	8	4	0.50	true	false
jablib/src/main/java/org/jabref/logic/integrity/DoiValidityChecker.java	jablib/src/main/java/org/jabref/logic/integrity/IntegrityCheck.java	8	81	4	0.50	false	false
jablib/src/main/java/org/jabref/logic/integrity/DoiValidityChecker.java	jablib/src/main/java/org/jabref/model/entry/identifier/DOI.java	8	61	4	0.50	true	false
jablib/src/main/java/org/jabref/logic/integrity/ISBNChecker.java	jablib/src/main/java/org/jabref/logic/integrity/IntegrityCheck.java	8	81	4	0.50	false	false
jablib/src/main/java/org/jabref/logic/layout/Layout.java	jablib/src/main/java/org/jabref/logic/layout/format/RemoveBrackets.java	53	8	4	0.50	true	false
jablib/src/main/java/org/jabref/logic/layout/format/AuthorAbbreviator.java	jablib/src/main/java/org/jabref/logic/layout/format/AuthorLF_FF.java	16	8	4	0.50	false	false
jablib/src/main/java/org/jabref/logic/layout/format/AuthorAbbreviator.java	jablib/src/main/java/org/jabref/logic/layout/format/AuthorLF_FFAbbr.java	16	8	4	0.50	false	false
jablib/src/main/java/org/jabref/logic/layout/format/AuthorLF_FF.java	jablib/src/main/java/org/jabref/logic/layout/format/AuthorOrgSci.java	8	10	4	0.50	false	false
jablib/src/main/java/org/jabref/logic/layout/format/AuthorLF_FF.java	jablib/src/main/java/org/jabref/logic/layout/format/Authors.java	8	36	4	0.50	false	false
jablib/src/main/java/org/jabref/logic/layout/format/AuthorLF_FF.java	jablib/src/main/java/org/jabref/logic/layout/format/CreateDocBook4Editors.java	8	10	4	0.50	false	false
jablib/src/main/java/org/jabref/logic/layout/format/AuthorLF_FF.java	jablib/src/main/java/org/jabref/logic/layout/format/DocBookAuthorFormatter.java	8	35	4	0.50	false	false
jablib/src/main/java/org/jabref/logic/layout/format/AuthorLF_FF.java	jablib/src/main/java/org/jabref/logic/layout/format/NameFormatter.java	8	26	4	0.50	false	false
jablib/src/main/java/org/jabref/logic/layout/format/AuthorLF_FF.java	jablib/src/main/java/org/jabref/logic/openoffice/style/JStyle.java	8	104	4	0.50	true	false
jablib/src/main/java/org/jabref/logic/layout/format/AuthorLF_FFAbbr.java	jablib/src/main/java/org/jabref/logic/layout/format/AuthorOrgSci.java	8	10	4	0.50	false	false
jablib/src/main/java/org/jabref/logic/layout/format/AuthorLF_FFAbbr.java	jablib/src/main/java/org/jabref/logic/layout/format/Authors.java	8	36	4	0.50	false	false
jablib/src/main/java/org/jabref/logic/layout/format/AuthorLF_FFAbbr.java	jablib/src/main/java/org/jabref/logic/layout/format/CreateDocBook4Editors.java	8	10	4	0.50	false	false
jablib/src/main/java/org/jabref/logic/layout/format/AuthorLF_FFAbbr.java	jablib/src/main/java/org/jabref/logic/layout/format/DocBookAuthorFormatter.java	8	35	4	0.50	false	false
jablib/src/main/java/org/jabref/logic/layout/format/AuthorLF_FFAbbr.java	jablib/src/main/java/org/jabref/logic/layout/format/NameFormatter.java	8	26	4	0.50	false	false
jablib/src/main/java/org/jabref/logic/layout/format/AuthorLF_FFAbbr.java	jablib/src/main/java/org/jabref/logic/openoffice/style/JStyle.java	8	104	4	0.50	true	false
jablib/src/main/java/org/jabref/logic/layout/format/RTFChars.java	jablib/src/main/java/org/jabref/logic/util/strings/RtfCharMap.java	39	8	4	0.50	true	false
jablib/src/main/java/org/jabref/logic/layout/format/Replace.java	jablib/src/main/java/org/jabref/logic/layout/format/WrapFileLinks.java	8	46	4	0.50	false	false
jablib/src/main/java/org/jabref/logic/ocr/OcrMyPdfEngine.java	jablib/src/main/java/org/jabref/logic/preferences/JabRefCliPreferences.java	8	1078	4	0.50	true	false
jablib/src/main/java/org/jabref/logic/openoffice/backend/Backend52.java	jablib/src/main/java/org/jabref/logic/openoffice/frontend/OOFrontend.java	8	9	4	0.50	true	false
jablib/src/main/java/org/jabref/logic/util/Directories.java	jablib/src/main/java/org/jabref/logic/util/io/FileUtil.java	8	142	4	0.50	true	false
jablib/src/main/java/org/jabref/model/groups/AutomaticKeywordGroup.java	jablib/src/main/java/org/jabref/model/groups/ExplicitGroup.java	8	81	4	0.50	false	false
jabgui/src/main/java/org/jabref/Launcher.java	jablib/src/main/java/org/jabref/logic/remote/server/RemoteListenerServerThread.java	159	6	3	0.50	true	true
jabgui/src/main/java/org/jabref/cli/ArgumentProcessor.java	jabgui/src/main/java/org/jabref/cli/GuiCommandLine.java	123	6	3	0.50	false	false
jabgui/src/main/java/org/jabref/cli/ArgumentProcessor.java	jablib/src/main/java/org/jabref/logic/layout/format/Number.java	123	6	3	0.50	true	true
jabgui/src/main/java/org/jabref/gui/JabRefDialogService.java	jabgui/src/main/java/org/jabref/gui/externalfiles/UnlinkedFilesWizard.java	79	6	3	0.50	true	false
jabgui/src/main/java/org/jabref/gui/JabRefGUI.java	jabgui/src/main/java/org/jabref/gui/entryeditor/AiSummaryTab.java	190	6	3	0.50	true	false
jabgui/src/main/java/org/jabref/gui/JabRefGUI.java	jabgui/src/main/java/org/jabref/gui/externalfiles/UnlinkedFilesWizard.java	190	6	3	0.50	true	false
jabgui/src/main/java/org/jabref/gui/JabRefGUI.java	jabgui/src/main/java/org/jabref/gui/walkthrough/WindowOverlay.java	190	6	3	0.50	true	false
jabgui/src/main/java/org/jabref/gui/JabRefGUI.java	jabls/src/main/java/org/jabref/languageserver/LspClientHandler.java	190	6	3	0.50	true	true
jabgui/src/main/java/org/jabref/gui/LibraryTab.java	jabgui/src/main/java/org/jabref/gui/citationkeypattern/GenerateCitationKeySingleAction.java	1048	6	3	0.50	true	false
jabgui/src/main/java/org/jabref/gui/LibraryTab.java	jabgui/src/main/java/org/jabref/gui/specialfields/SpecialFieldMenuItemFactory.java	1048	6	3	0.50	true	false
jabgui/src/main/java/org/jabref/gui/LibraryTab.java	jablib/src/main/java/org/jabref/logic/layout/format/GetOpenOfficeType.java	1048	6	3	0.50	true	true
jabgui/src/main/java/org/jabref/gui/LibraryTab.java	jablib/src/main/java/org/jabref/logic/layout/format/NameFormatterPreferences.java	1048	6	3	0.50	true	true
jabgui/src/main/java/org/jabref/gui/LibraryTab.java	jablib/src/main/java/org/jabref/logic/layout/format/Number.java	1048	6	3	0.50	true	true
jabgui/src/main/java/org/jabref/gui/LibraryTab.java	jablib/src/main/java/org/jabref/model/database/event/BibDatabaseContextChangedEvent.java	1048	6	3	0.50	true	true
jabgui/src/main/java/org/jabref/gui/StateManager.java	jabgui/src/main/java/org/jabref/gui/edit/automaticfieldeditor/AutomaticFieldEditorDialog.java	50	6	3	0.50	true	false
jabgui/src/main/java/org/jabref/gui/actions/StandardActions.java	jabgui/src/main/java/org/jabref/gui/util/URLs.java	144	6	3	0.50	true	false
jabgui/src/main/java/org/jabref/gui/actions/StandardActions.java	jablib/src/main/java/org/jabref/logic/importer/fileformat/pdf/RuleBasedBibliographyPdfImporter.java	144	6	3	0.50	true	true
jabgui/src/main/java/org/jabref/gui/autocompleter/PersonNameSuggestionProvider.java	jabgui/src/main/java/org/jabref/gui/fieldeditors/JournalEditor.java	6	21	3	0.50	true	false
jabgui/src/main/java/org/jabref/gui/autocompleter/PersonNameSuggestionProvider.java	jabgui/src/main/java/org/jabref/gui/fieldeditors/SimpleEditor.java	6	22	3	0.50	true	false
jabgui/src/main/java/org/jabref/gui/autosaveandbackup/AutosaveManager.java	jablib/src/main/java/org/jabref/model/database/event/BibDatabaseContextChangedEvent.java	13	6	3	0.50	true	true
jabgui/src/main/java/org/jabref/gui/citationkeypattern/GenerateCitationKeyAction.java	jabgui/src/main/java/org/jabref/gui/citationkeypattern/GenerateCitationKeySingleAction.java	13	6	3	0.50	false	false
jabgui/src/main/java/org/jabref/gui/citationkeypattern/GenerateCitationKeySingleAction.java	jabgui/src/main/java/org/jabref/gui/entryeditor/EntryEditor.java	6	655	3	0.50	true	false
jabgui/src/main/java/org/jabref/gui/citationkeypattern/GenerateCitationKeySingleAction.java	jabgui/src/main/java/org/jabref/gui/fieldeditors/CitationKeyEditorViewModel.java	6	6	3	0.50	true	false
jabgui/src/main/java/org/jabref/gui/citationkeypattern/GenerateCitationKeySingleAction.java	jabgui/src/main/java/org/jabref/gui/util/BindingsHelper.java	6	26	3	0.50	true	false
jabgui/src/main/java/org/jabref/gui/citationkeypattern/GenerateCitationKeySingleAction.java	jablib/src/main/java/org/jabref/logic/citationkeypattern/CitationKeyGenerator.java	6	201	3	0.50	true	true
jabgui/src/main/java/org/jabref/gui/citationkeypattern/GenerateCitationKeySingleAction.java	jablib/src/main/java/org/jabref/logic/citationkeypattern/CitationKeyPatternPreferences.java	6	20	3	0.50	true	true
jabgui/src/main/java/org/jabref/gui/citationkeypattern/GenerateCitationKeySingleAction.java	jablib/src/main/java/org/jabref/logic/preferences/JabRefCliPreferences.java	6	1078	3	0.50	true	true
jabgui/src/main/java/org/jabref/gui/cleanup/CleanupSingleAction.java	jablib/src/main/java/org/jabref/logic/preferences/JabRefCliPreferences.java	6	1078	3	0.50	true	true
jabgui/src/main/java/org/jabref/gui/collab/DatabaseChangeMonitor.java	jabgui/src/main/java/org/jabref/gui/collab/DatabaseChangeResolverFactory.java	28	6	3	0.50	false	false
jabgui/src/main/java/org/jabref/gui/collab/DatabaseChangeResolverFactory.java	jabgui/src/main/java/org/jabref/gui/mergeentries/threewaymerge/toolbar/ThreeWayMergeToolbar.java	6	24	3	0.50	true	false
jabgui/src/main/java/org/jabref/gui/duplicationFinder/DuplicateResolverDialog.java	jabgui/src/main/java/org/jabref/gui/mergeentries/threewaymerge/fieldsmerger/KeywordMerger.java	86	6	3	0.50	true	false
jabgui/src/main/java/org/jabref/gui/edit/ManageKeywordsViewModel.java	jabgui/src/main/java/org/jabref/gui/frame/JabRefFrame.java	6	1215	3	0.50	true	false
jabgui/src/main/java/org/jabref/gui/edit/ManageKeywordsViewModel.java	jablib/src/main/java/org/jabref/logic/preferences/CliPreferences.java	6	115	3	0.50	true	true
jabgui/src/main/java/org/jabref/gui/edit/ManageKeywordsViewModel.java	jablib/src/main/java/org/jabref/logic/preferences/JabRefCliPreferences.java	6	1078	3	0.50	true	true
jabgui/src/main/java/org/jabref/gui/edit/automaticfieldeditor/AutomaticFieldEditorDialog.java	jabgui/src/main/java/org/jabref/gui/edit/automaticfieldeditor/copyormovecontent/CopyOrMoveFieldContentTabView.java	6	6	3	0.50	true	false
jabgui/src/main/java/org/jabref/gui/edit/automaticfieldeditor/AutomaticFieldEditorDialog.java	jabgui/src/main/java/org/jabref/gui/edit/automaticfieldeditor/editfieldcontent/EditFieldContentTabView.java	6	6	3	0.50	true	false
jabgui/src/main/java/org/jabref/gui/edit/automaticfieldeditor/AutomaticFieldEditorViewModel.java	jabgui/src/main/java/org/jabref/gui/edit/automaticfieldeditor/copyormovecontent/CopyOrMoveFieldContentTabView.java	6	6	3	0.50	true	false
jabgui/src/main/java/org/jabref/gui/entryeditor/AiSummaryTab.java	jabgui/src/main/java/org/jabref/gui/entryeditor/EntryEditorPreferences.java	6	25	3	0.50	false	false
jabgui/src/main/java/org/jabref/gui/entryeditor/AiSummaryTab.java	jabgui/src/main/java/org/jabref/gui/sidepane/SidePane.java	6	89	3	0.50	true	false
jabgui/src/main/java/org/jabref/gui/entryeditor/AiSummaryTab.java	jabgui/src/main/java/org/jabref/gui/sidepane/SidePaneViewModel.java	6	9	3	0.50	true	false
jabgui/src/main/java/org/jabref/gui/entryeditor/EntryEditor.java	jablib/src/main/java/org/jabref/logic/layout/format/GetOpenOfficeType.java	655	6	3	0.50	true	true
jabgui/src/main/java/org/jabref/gui/entryeditor/EntryEditor.java	jablib/src/main/java/org/jabref/model/entry/event/EntryChangedEvent.java	655	6	3	0.50	true	true
jabgui/src/main/java/org/jabref/gui/entryeditor/LatexCitationsTab.java	jabgui/src/main/java/org/jabref/gui/texparser/CitationsDisplay.java	30	6	3	0.50	true	false
jabgui/src/main/java/org/jabref/gui/entryeditor/citationrelationtab/CitationRelationsTab.java	jablib/src/main/java/org/jabref/logic/importer/fetcher/citation/CitationFetcher.java	50	6	3	0.50	true	true
jabgui/src/main/java/org/jabref/gui/entryeditor/citationrelationtab/CitationRelationsTab.java	jablib/src/main/java/org/jabref/logic/importer/fetcher/citation/CitationFetcherType.java	50	6	3	0.50	true	true
jabgui/src/main/java/org/jabref/gui/exporter/ExportToClipboardAction.java	jablib/src/main/java/org/jabref/logic/layout/format/Number.java	79	6	3	0.50	true	true
jabgui/src/main/java/org/jabref/gui/exporter/SaveDatabaseAction.java	jablib/src/main/java/org/jabref/logic/layout/format/Number.java	194	6	3	0.50	true	true
jabgui/src/main/java/org/jabref/gui/externalfiles/FileSelectionPage.java	jabgui/src/main/java/org/jabref/gui/externalfiles/UnlinkedFilesWizard.java	7	6	3	0.50	false	false
jabgui/src/main/java/org/jabref/gui/externalfiles/ImportHandler.java	jablib/src/main/java/org/jabref/logic/importer/fileformat/pdf/PdfImporter.java	86	6	3	0.50	true	true
jabgui/src/main/java/org/jabref/gui/externalfiles/ImportHandler.java	jablib/src/main/java/org/jabref/logic/importer/fileformat/pdf/RuleBasedBibliographyPdfImporter.java	86	6	3	0.50	true	true
jabgui/src/main/java/org/jabref/gui/externalfiles/ImportHandler.java	jablib/src/main/java/org/jabref/logic/preferences/TimestampPreferences.java	86	6	3	0.50	true	true
jabgui/src/main/java/org/jabref/gui/fieldeditors/AbstractEditorViewModel.java	jabgui/src/main/java/org/jabref/gui/fieldeditors/optioneditors/MonthEditorViewModel.java	14	6	3	0.50	true	false
jabgui/src/main/java/org/jabref/gui/fieldeditors/CitationKeyEditorViewModel.java	jabgui/src/main/java/org/jabref/gui/fieldeditors/FieldEditors.java	6	60	3	0.50	false	false
jabgui/src/main/java/org/jabref/gui/fieldeditors/CitationKeyEditorViewModel.java	jablib/src/main/java/org/jabref/logic/preferences/JabRefCliPreferences.java	6	1078	3	0.50	true	true
jabgui/src/main/java/org/jabref/gui/fieldeditors/DateEditor.java	jabgui/src/main/java/org/jabref/gui/fieldeditors/optioneditors/MonthEditorViewModel.java	9	6	3	0.50	true	false
jabgui/src/main/java/org/jabref/gui/fieldeditors/DateEditorViewModel.java	jabgui/src/main/java/org/jabref/gui/fieldeditors/optioneditors/MonthEditorViewModel.java	8	6	3	0.50	true	false
jabgui/src/main/java/org/jabref/gui/fieldeditors/JournalEditor.java	jabgui/src/main/java/org/jabref/gui/fieldeditors/optioneditors/MonthEditorViewModel.java	21	6	3	0.50	true	false
jabgui/src/main/java/org/jabref/gui/fieldeditors/JournalEditorViewModel.java	jabgui/src/main/java/org/jabref/gui/fieldeditors/optioneditors/MonthEditorViewModel.java	10	6	3	0.50	true	false
jabgui/src/main/java/org/jabref/gui/fieldeditors/LinkedEntriesEditor.java	jabgui/src/main/java/org/jabref/gui/fieldeditors/optioneditors/MonthEditorViewModel.java	13	6	3	0.50	true	false
jabgui/src/main/java/org/jabref/gui/fieldeditors/LinkedEntriesEditorViewModel.java	jabgui/src/main/java/org/jabref/gui/fieldeditors/optioneditors/MonthEditorViewModel.java	10	6	3	0.50	true	false
jabgui/src/main/java/org/jabref/gui/fieldeditors/LinkedFilesEditor.java	jabgui/src/main/java/org/jabref/gui/fieldeditors/optioneditors/MonthEditorViewModel.java	86	6	3	0.50	true	false
jabgui/src/main/java/org/jabref/gui/fieldeditors/LinkedFilesEditorViewModel.java	jabgui/src/main/java/org/jabref/gui/fieldeditors/optioneditors/MonthEditorViewModel.java	68	6	3	0.50	true	false
jabgui/src/main/java/org/jabref/gui/fieldeditors/OwnerEditor.java	jabgui/src/main/java/org/jabref/gui/fieldeditors/optioneditors/MonthEditorViewModel.java	13	6	3	0.50	true	false
jabgui/src/main/java/org/jabref/gui/fieldeditors/PersonsEditor.java	jabgui/src/main/java/org/jabref/gui/fieldeditors/optioneditors/MonthEditorViewModel.java	16	6	3	0.50	true	false
jabgui/src/main/java/org/jabref/gui/fieldeditors/SimpleEditor.java	jabgui/src/main/java/org/jabref/gui/fieldeditors/optioneditors/MonthEditorViewModel.java	22	6	3	0.50	true	false
jabgui/src/main/java/org/jabref/gui/fieldeditors/UrlEditor.java	jabgui/src/main/java/org/jabref/gui/fieldeditors/optioneditors/MonthEditorViewModel.java	18	6	3	0.50	true	false
jabgui/src/main/java/org/jabref/gui/fieldeditors/UrlEditorViewModel.java	jabgui/src/main/java/org/jabref/gui/fieldeditors/optioneditors/MonthEditorViewModel.java	8	6	3	0.50	true	false
jabgui/src/main/java/org/jabref/gui/fieldeditors/identifier/IdentifierEditor.java	jabgui/src/main/java/org/jabref/gui/fieldeditors/optioneditors/MonthEditorViewModel.java	28	6	3	0.50	true	false
jabgui/src/main/java/org/jabref/gui/fieldeditors/optioneditors/MonthEditorViewModel.java	jabgui/src/main/java/org/jabref/gui/fieldeditors/optioneditors/OptionEditor.java	6	7	3	0.50	false	false
jabgui/src/main/java/org/jabref/gui/frame/JabRefFrame.java	jabgui/src/main/java/org/jabref/gui/search/GlobalSearchResultDialogViewModel.java	1215	6	3	0.50	true	false
jabgui/src/main/java/org/jabref/gui/frame/JabRefFrame.java	jabgui/src/main/java/org/jabref/gui/sidepane/GroupsSidePaneComponent.java	1215	6	3	0.50	true	false
jabgui/src/main/java/org/jabref/gui/frame/JabRefFrame.java	jabgui/src/main/java/org/jabref/gui/util/CustomLocalDragboard.java	1215	6	3	0.50	true	false
jabgui/src/main/java/org/jabref/gui/frame/JabRefFrame.java	jabgui/src/main/java/org/jabref/gui/util/URLs.java	1215	6	3	0.50	true	false
jabgui/src/main/java/org/jabref/gui/frame/JabRefFrame.java	jablib/src/main/java/org/jabref/logic/layout/format/GetOpenOfficeType.java	1215	6	3	0.50	true	true
jabgui/src/main/java/org/jabref/gui/frame/JabRefFrame.java	jablib/src/main/java/org/jabref/logic/layout/format/Number.java	1215	6	3	0.50	true	true
jabgui/src/main/java/org/jabref/gui/frame/JabRefFrame.java	jablib/src/main/java/org/jabref/logic/remote/server/RemoteListenerServerThread.java	1215	6	3	0.50	true	true
jabgui/src/main/java/org/jabref/gui/frame/MainToolBar.java	jabgui/src/main/java/org/jabref/gui/preferences/keybindings/presets/NewEntryBindingPreset.java	21	6	3	0.50	true	false
jabgui/src/main/java/org/jabref/gui/groups/GroupTreeView.java	jabgui/src/main/java/org/jabref/gui/util/CustomLocalDragboard.java	92	6	3	0.50	true	false
jabgui/src/main/java/org/jabref/gui/importer/ImportCustomEntryTypesDialog.java	jabgui/src/main/java/org/jabref/gui/importer/actions/CheckForNewEntryTypesAction.java	6	45	3	0.50	true	false
jabgui/src/main/java/org/jabref/gui/importer/ImportCustomEntryTypesDialogViewModel.java	jabgui/src/main/java/org/jabref/gui/importer/actions/CheckForNewEntryTypesAction.java	6	45	3	0.50	true	false
jabgui/src/main/java/org/jabref/gui/importer/ImportCustomEntryTypesDialogViewModel.java	jabgui/src/main/java/org/jabref/gui/preferences/customentrytypes/CustomEntryTypesTabViewModel.java	6	47	3	0.50	true	false
jabgui/src/main/java/org/jabref/gui/importer/ImportCustomEntryTypesDialogViewModel.java	jablib/src/main/java/org/jabref/logic/preferences/CliPreferences.java	6	115	3	0.50	true	true
jabgui/src/main/java/org/jabref/gui/importer/ImportCustomEntryTypesDialogViewModel.java	jablib/src/main/java/org/jabref/logic/preferences/JabRefCliPreferences.java	6	1078	3	0.50	true	true
jabgui/src/main/java/org/jabref/gui/importer/actions/ImportCommand.java	jablib/src/main/java/org/jabref/logic/importer/fileformat/pdf/PdfImporter.java	27	6	3	0.50	true	true
jabgui/src/main/java/org/jabref/gui/importer/actions/OpenDatabaseAction.java	jablib/src/main/java/org/jabref/logic/layout/format/Number.java	224	6	3	0.50	true	true
jabgui/src/main/java/org/jabref/gui/linkedfile/OcrLinkedFileAction.java	jablib/src/main/java/org/jabref/logic/ocr/OcrMyPdfEngine.java	6	8	3	0.50	true	true
jabgui/src/main/java/org/jabref/gui/maintable/ExtractReferencesAction.java	jablib/src/main/java/org/jabref/logic/importer/fileformat/pdf/RuleBasedBibliographyPdfImporter.java	7	6	3	0.50	true	true
jabgui/src/main/java/org/jabref/gui/maintable/MainTable.java	jabgui/src/main/java/org/jabref/gui/sidepane/GroupsSidePaneComponent.java	293	6	3	0.50	true	false
jabgui/src/main/java/org/jabref/gui/maintable/MainTable.java	jabgui/src/main/java/org/jabref/gui/util/CustomLocalDragboard.java	293	6	3	0.50	true	false
jabgui/src/main/java/org/jabref/gui/mergeentries/FetchAndMergeEntry.java	jabgui/src/main/java/org/jabref/gui/mergeentries/threewaymerge/fieldsmerger/KeywordMerger.java	34	6	3	0.50	true	false
jabgui/src/main/java/org/jabref/gui/mergeentries/threewaymerge/FieldRowView.java	jabgui/src/main/java/org/jabref/gui/mergeentries/threewaymerge/fieldsmerger/GroupMerger.java	15	6	3	0.50	true	false
jabgui/src/main/java/org/jabref/gui/mergeentries/threewaymerge/FieldRowViewModel.java	jabgui/src/main/java/org/jabref/gui/mergeentries/threewaymerge/fieldsmerger/KeywordMerger.java	8	6	3	0.50	true	false
jabgui/src/main/java/org/jabref/gui/mergeentries/threewaymerge/MergeEntriesAction.java	jabgui/src/main/java/org/jabref/gui/mergeentries/threewaymerge/fieldsmerger/KeywordMerger.java	18	6	3	0.50	true	false
jabgui/src/main/java/org/jabref/gui/mergeentries/threewaymerge/MergeEntriesDialog.java	jabgui/src/main/java/org/jabref/gui/mergeentries/threewaymerge/fieldsmerger/KeywordMerger.java	63	6	3	0.50	true	false
jabgui/src/main/java/org/jabref/gui/mergeentries/threewaymerge/cell/FieldValueCell.java	jabgui/src/main/java/org/jabref/gui/mergeentries/threewaymerge/fieldsmerger/GroupMerger.java	8	6	3	0.50	true	false
jabgui/src/main/java/org/jabref/gui/mergeentries/threewaymerge/fieldsmerger/KeywordMerger.java	jabgui/src/main/java/org/jabref/gui/shared/SharedDatabaseUIManager.java	6	62	3	0.50	true	false
jabgui/src/main/java/org/jabref/gui/newentry/NewEntryViewModel.java	jablib/src/main/java/org/jabref/logic/importer/plaincitation/LlmPlainCitationParser.java	17	6	3	0.50	true	true
jabgui/src/main/java/org/jabref/gui/openoffice/OOBibBase.java	jablib/src/main/java/org/jabref/logic/openoffice/frontend/UpdateCitationMarkers.java	159	6	3	0.50	true	true
jabgui/src/main/java/org/jabref/gui/openoffice/OpenOfficePanel.java	jablib/src/main/java/org/jabref/logic/openoffice/frontend/UpdateCitationMarkers.java	230	6	3	0.50	true	true
jabgui/src/main/java/org/jabref/gui/openoffice/StyleSelectDialogView.java	jabgui/src/main/java/org/jabref/gui/theme/StyleSheet.java	29	6	3	0.50	true	false
jabgui/src/main/java/org/jabref/gui/preferences/PreferencesDialogView.java	jabgui/src/main/java/org/jabref/gui/welcome/quicksettings/ThemeDialog.java	34	6	3	0.50	true	false
jabgui/src/main/java/org/jabref/gui/preferences/customentrytypes/CustomEntryTypeViewModel.java	jabgui/src/main/java/org/jabref/gui/preferences/customentrytypes/EntryTypeViewModel.java	12	6	3	0.50	false	false
jabgui/src/main/java/org/jabref/gui/preferences/customentrytypes/CustomEntryTypesTabViewModel.java	jablib/src/main/java/org/jabref/model/entry/field/Field.java	47	6	3	0.50	true	true
jabgui/src/main/java/org/jabref/gui/preferences/customentrytypes/FieldViewModel.java	jablib/src/main/java/org/jabref/model/entry/field/Field.java	14	6	3	0.50	true	true
jabgui/src/main/java/org/jabref/gui/preferences/customimporter/CustomImporterTabViewModel.java	jabgui/src/main/java/org/jabref/gui/preferences/nameformatter/NameFormatterTabViewModel.java	16	6	3	0.50	true	false
jabgui/src/main/java/org/jabref/gui/preferences/entryeditor/EntryEditorTab.java	jabgui/src/main/java/org/jabref/gui/preferences/nameformatter/NameFormatterTabViewModel.java	22	6	3	0.50	true	false
jabgui/src/main/java/org/jabref/gui/preferences/export/ExportTabViewModel.java	jablib/src/main/java/org/jabref/logic/exporter/ExportPreferences.java	6	15	3	0.50	true	true
jabgui/src/main/java/org/jabref/gui/preferences/export/ExportTabViewModel.java	jablib/src/main/java/org/jabref/logic/preferences/CliPreferences.java	6	115	3	0.50	true	true
jabgui/src/main/java/org/jabref/gui/preferences/external/ExternalTabViewModel.java	jabgui/src/main/java/org/jabref/gui/preferences/nameformatter/NameFormatterTabViewModel.java	16	6	3	0.50	true	false
jabgui/src/main/java/org/jabref/gui/preferences/general/GeneralTab.java	jabgui/src/main/java/org/jabref/gui/welcome/quicksettings/ThemeDialog.java	55	6	3	0.50	true	false
jabgui/src/main/java/org/jabref/gui/preferences/general/GeneralTabViewModel.java	jabgui/src/main/java/org/jabref/gui/preferences/nameformatter/NameFormatterTabViewModel.java	79	6	3	0.50	true	false
jabgui/src/main/java/org/jabref/gui/preferences/general/GeneralTabViewModel.java	jabgui/src/main/java/org/jabref/gui/theme/StyleSheet.java	79	6	3	0.50	true	false
jabgui/src/main/java/org/jabref/gui/preferences/general/GeneralTabViewModel.java	jabgui/src/main/java/org/jabref/gui/welcome/quicksettings/ThemeDialog.java	79	6	3	0.50	true	false
jabgui/src/main/java/org/jabref/gui/preferences/groups/GroupsTab.java	jabgui/src/main/java/org/jabref/gui/preferences/nameformatter/NameFormatterTabViewModel.java	10	6	3	0.50	true	false
jabgui/src/main/java/org/jabref/gui/preferences/groups/GroupsTabViewModel.java	jabgui/src/main/java/org/jabref/gui/preferences/nameformatter/NameFormatterTabViewModel.java	11	6	3	0.50	true	false
jabgui/src/main/java/org/jabref/gui/preferences/nameformatter/NameFormatterTabViewModel.java	jabgui/src/main/java/org/jabref/gui/preferences/network/NetworkTab.java	6	21	3	0.50	true	false
jabgui/src/main/java/org/jabref/gui/preferences/nameformatter/NameFormatterTabViewModel.java	jabgui/src/main/java/org/jabref/gui/preferences/preview/PreviewTab.java	6	42	3	0.50	true	false
jabgui/src/main/java/org/jabref/gui/preferences/nameformatter/NameFormatterTabViewModel.java	jabgui/src/main/java/org/jabref/gui/preferences/preview/PreviewTabViewModel.java	6	46	3	0.50	true	false
jabgui/src/main/java/org/jabref/gui/preferences/nameformatter/NameFormatterTabViewModel.java	jabgui/src/main/java/org/jabref/gui/preferences/table/TableTabViewModel.java	6	14	3	0.50	true	false
jabgui/src/main/java/org/jabref/gui/preferences/preview/PreviewTab.java	jabgui/src/main/java/org/jabref/gui/util/CustomLocalDragboard.java	42	6	3	0.50	true	false
jabgui/src/main/java/org/jabref/gui/preferences/protectedterms/NewProtectedTermsFileDialog.java	jabgui/src/main/java/org/jabref/gui/preferences/protectedterms/ProtectedTermsTab.java	21	6	3	0.50	false	false
jabgui/src/main/java/org/jabref/gui/preferences/protectedterms/ProtectedTermsTab.java	jabgui/src/main/java/org/jabref/gui/preferences/protectedterms/ProtectedTermsTabViewModel.java	6	8	3	0.50	false	false
jabgui/src/main/java/org/jabref/gui/preferences/protectedterms/ProtectedTermsTab.java	jablib/src/main/java/org/jabref/logic/preferences/JabRefCliPreferences.java	6	1078	3	0.50	true	true
jabgui/src/main/java/org/jabref/gui/push/GuiPushToApplicationCommand.java	jablib/src/main/java/org/jabref/logic/push/PushToSublimeText.java	47	6	3	0.50	true	true
jabgui/src/main/java/org/jabref/gui/search/GlobalSearchBar.java	jabgui/src/main/java/org/jabref/gui/sidepane/GroupsSidePaneComponent.java	111	6	3	0.50	true	false
jabgui/src/main/java/org/jabref/gui/shared/SharedDatabaseUIManager.java	jablib/src/main/java/org/jabref/model/database/event/BibDatabaseContextChangedEvent.java	62	6	3	0.50	true	true
jabgui/src/main/java/org/jabref/gui/sidepane/GroupsSidePaneComponent.java	jabgui/src/main/java/org/jabref/gui/sidepane/SidePaneComponent.java	6	53	3	0.50	false	false
jabgui/src/main/java/org/jabref/gui/texparser/CitationsDisplay.java	jablib/src/main/java/org/jabref/model/texparser/Citation.java	6	20	3	0.50	true	true
jabgui/src/main/java/org/jabref/gui/theme/StyleSheet.java	jabgui/src/main/java/org/jabref/gui/theme/ThemeManager.java	6	27	3	0.50	false	false
jabgui/src/main/java/org/jabref/gui/util/CustomLocalDragboard.java	jablib/src/main/java/org/jabref/logic/preferences/JabRefCliPreferences.java	6	1078	3	0.50	true	true
jabgui/src/main/java/org/jabref/gui/util/URLs.java	jabgui/src/main/java/org/jabref/gui/welcome/WelcomeTab.java	6	23	3	0.50	true	false
jabgui/src/main/java/org/jabref/gui/walkthrough/WalkthroughAction.java	jabgui/src/main/java/org/jabref/gui/walkthrough/WindowOverlay.java	11	6	3	0.50	false	false
jabgui/src/main/java/org/jabref/gui/walkthrough/WindowOverlay.java	jabgui/src/main/java/org/jabref/gui/walkthrough/declarative/NodeResolver.java	6	9	3	0.50	true	false
jabgui/src/main/java/org/jabref/gui/walkthrough/WindowOverlay.java	jabgui/src/main/java/org/jabref/gui/welcome/WelcomeTab.java	6	23	3	0.50	true	false
jabgui/src/main/java/org/jabref/gui/welcome/WelcomeTab.java	jabgui/src/main/java/org/jabref/gui/welcome/quicksettings/ThemeDialog.java	23	6	3	0.50	true	false
jabgui/src/main/java/org/jabref/gui/welcome/components/QuickSettings.java	jabgui/src/main/java/org/jabref/gui/welcome/quicksettings/ThemeDialog.java	8	6	3	0.50	true	false
jabkit/src/main/java/module-info.java	jabkit/src/main/java/org/jabref/toolkit/commands/Fetch.java	14	6	3	0.50	true	false
jabkit/src/main/java/module-info.java	jabkit/src/main/java/org/jabref/toolkit/commands/Preferences.java	14	6	3	0.50	true	false
jabkit/src/main/java/org/jabref/toolkit/commands/DoiToBibtex.java	jabkit/src/main/java/org/jabref/toolkit/commands/GetCitedWorks.java	8	6	3	0.50	false	false
jabkit/src/main/java/org/jabref/toolkit/commands/GetCitedWorks.java	jabkit/src/main/java/org/jabref/toolkit/commands/JabKit.java	6	18	3	0.50	false	false
jabkit/src/main/java/org/jabref/toolkit/commands/GetCitedWorks.java	jablib/src/main/java/org/jabref/logic/importer/fetcher/citation/semanticscholar/SemanticScholarCitationFetcher.java	6	17	3	0.50	true	true
jablib/src/main/java/org/jabref/logic/ai/embedding/MVStoreEmbeddingStore.java	jablib/src/main/java/org/jabref/model/database/BibDatabaseContext.java	6	99	3	0.50	true	false
jablib/src/main/java/org/jabref/logic/bibtex/FieldWriter.java	jablib/src/main/java/org/jabref/logic/layout/format/RemoveBracketsAddComma.java	105	6	3	0.50	true	false
jablib/src/main/java/org/jabref/logic/citation/SearchCitationsRelationsService.java	jablib/src/main/java/org/jabref/logic/importer/fetcher/citation/CitationFetcher.java	12	6	3	0.50	true	false
jablib/src/main/java/org/jabref/logic/citation/SearchCitationsRelationsService.java	jablib/src/main/java/org/jabref/logic/importer/fetcher/citation/CitationFetcherType.java	12	6	3	0.50	true	false
jablib/src/main/java/org/jabref/logic/citationkeypattern/CitationKeyGenerator.java	jablib/src/main/java/org/jabref/logic/layout/format/GetOpenOfficeType.java	201	6	3	0.50	true	false
jablib/src/main/java/org/jabref/logic/formatter/bibtexfields/ClearFormatter.java	jablib/src/main/java/org/jabref/logic/formatter/bibtexfields/RemoveHyphenatedNewlinesFormatter.java	9	6	3	0.50	false	false
jablib/src/main/java/org/jabref/logic/formatter/bibtexfields/LatexCleanupFormatter.java	jablib/src/main/java/org/jabref/logic/formatter/bibtexfields/RemoveHyphenatedNewlinesFormatter.java	15	6	3	0.50	false	false
jablib/src/main/java/org/jabref/logic/formatter/bibtexfields/NormalizeDateFormatter.java	jablib/src/main/java/org/jabref/logic/formatter/bibtexfields/RemoveHyphenatedNewlinesFormatter.java	15	6	3	0.50	false	false
jablib/src/main/java/org/jabref/logic/formatter/bibtexfields/NormalizeMonthFormatter.java	jablib/src/main/java/org/jabref/logic/formatter/bibtexfields/RemoveHyphenatedNewlinesFormatter.java	12	6	3	0.50	false	false
jablib/src/main/java/org/jabref/logic/formatter/bibtexfields/NormalizeNamesFormatter.java	jablib/src/main/java/org/jabref/logic/formatter/bibtexfields/RemoveHyphenatedNewlinesFormatter.java	26	6	3	0.50	false	false
jablib/src/main/java/org/jabref/logic/formatter/bibtexfields/NormalizePagesFormatter.java	jablib/src/main/java/org/jabref/logic/formatter/bibtexfields/RemoveHyphenatedNewlinesFormatter.java	25	6	3	0.50	false	false
jablib/src/main/java/org/jabref/logic/formatter/bibtexfields/OrdinalsToSuperscriptFormatter.java	jablib/src/main/java/org/jabref/logic/formatter/bibtexfields/RemoveHyphenatedNewlinesFormatter.java	16	6	3	0.50	false	false
jablib/src/main/java/org/jabref/logic/formatter/bibtexfields/RegexFormatter.java	jablib/src/main/java/org/jabref/logic/formatter/bibtexfields/RemoveHyphenatedNewlinesFormatter.java	13	6	3	0.50	false	false
jablib/src/main/java/org/jabref/logic/formatter/bibtexfields/RemoveEnclosingBracesFormatter.java	jablib/src/main/java/org/jabref/logic/formatter/bibtexfields/RemoveHyphenatedNewlinesFormatter.java	10	6	3	0.50	false	false
jablib/src/main/java/org/jabref/logic/formatter/bibtexfields/RemoveHyphenatedNewlinesFormatter.java	jablib/src/main/java/org/jabref/logic/formatter/bibtexfields/UnitsToLatexFormatter.java	6	21	3	0.50	false	false
jablib/src/main/java/org/jabref/logic/formatter/bibtexfields/RemoveHyphenatedNewlinesFormatter.java	jablib/src/main/java/org/jabref/logic/formatter/casechanger/CapitalizeFormatter.java	6	11	3	0.50	true	false
jablib/src/main/java/org/jabref/logic/formatter/bibtexfields/RemoveHyphenatedNewlinesFormatter.java	jablib/src/main/java/org/jabref/logic/formatter/casechanger/LowerCaseFormatter.java	6	11	3	0.50	true	false
jablib/src/main/java/org/jabref/logic/formatter/bibtexfields/RemoveHyphenatedNewlinesFormatter.java	jablib/src/main/java/org/jabref/logic/formatter/casechanger/ProtectTermsFormatter.java	6	33	3	0.50	true	false
jablib/src/main/java/org/jabref/logic/formatter/bibtexfields/RemoveHyphenatedNewlinesFormatter.java	jablib/src/main/java/org/jabref/logic/formatter/casechanger/SentenceCaseFormatter.java	6	12	3	0.50	true	false
jablib/src/main/java/org/jabref/logic/formatter/bibtexfields/RemoveHyphenatedNewlinesFormatter.java	jablib/src/main/java/org/jabref/logic/formatter/casechanger/TitleCaseFormatter.java	6	12	3	0.50	true	false
jablib/src/main/java/org/jabref/logic/formatter/bibtexfields/RemoveHyphenatedNewlinesFormatter.java	jablib/src/main/java/org/jabref/logic/formatter/casechanger/UpperCaseFormatter.java	6	12	3	0.50	true	false
jablib/src/main/java/org/jabref/logic/formatter/bibtexfields/RemoveHyphenatedNewlinesFormatter.java	jablib/src/main/java/org/jabref/logic/formatter/minifier/MinifyNameListFormatter.java	6	12	3	0.50	true	false
jablib/src/main/java/org/jabref/logic/importer/EntryBasedParserFetcher.java	jablib/src/main/java/org/jabref/logic/importer/IdBasedParserFetcher.java	6	12	3	0.50	false	false
jablib/src/main/java/org/jabref/logic/importer/EntryBasedParserFetcher.java	jablib/src/main/java/org/jabref/logic/importer/fetcher/ZbMATH.java	6	20	3	0.50	true	false
jablib/src/main/java/org/jabref/logic/importer/ImportFormatReader.java	jablib/src/main/java/org/jabref/logic/importer/fileformat/pdf/RuleBasedBibliographyPdfImporter.java	197	6	3	0.50	true	false
jablib/src/main/java/org/jabref/logic/importer/ImportFormatReader.java	jablib/src/main/java/org/jabref/logic/layout/format/GetOpenOfficeType.java	197	6	3	0.50	true	false
jablib/src/main/java/org/jabref/logic/importer/ImportFormatReader.java	jablib/src/main/java/org/jabref/model/database/KeyCollisionException.java	197	6	3	0.50	true	false
jablib/src/main/java/org/jabref/logic/importer/Importer.java	jablib/src/main/java/org/jabref/logic/importer/fileformat/pdf/RuleBasedBibliographyPdfImporter.java	47	6	3	0.50	true	false
jablib/src/main/java/org/jabref/logic/importer/PagedSearchBasedParserFetcher.java	jablib/src/main/java/org/jabref/logic/importer/fetcher/ACMPortalFetcher.java	6	8	3	0.50	true	false
jablib/src/main/java/org/jabref/logic/importer/PagedSearchBasedParserFetcher.java	jablib/src/main/java/org/jabref/logic/importer/fetcher/CompositeSearchBasedFetcher.java	6	11	3	0.50	true	false
jablib/src/main/java/org/jabref/logic/importer/PagedSearchBasedParserFetcher.java	jablib/src/main/java/org/jabref/logic/importer/fetcher/GoogleScholar.java	6	36	3	0.50	true	false
jablib/src/main/java/org/jabref/logic/importer/PagedSearchBasedParserFetcher.java	jablib/src/main/java/org/jabref/logic/importer/fetcher/JstorFetcher.java	6	11	3	0.50	true	false
jablib/src/main/java/org/jabref/logic/importer/PagedSearchBasedParserFetcher.java	jablib/src/main/java/org/jabref/logic/importer/fetcher/MedlineFetcher.java	6	111	3	0.50	true	false
jablib/src/main/java/org/jabref/logic/importer/WebFetcher.java	jablib/src/main/java/org/jabref/logic/importer/WebFetchers.java	6	102	3	0.50	false	false
jablib/src/main/java/org/jabref/logic/importer/WebFetcher.java	jablib/src/main/java/org/jabref/logic/importer/fetcher/MedlineFetcher.java	6	111	3	0.50	true	false
jablib/src/main/java/org/jabref/logic/importer/WebFetcher.java	jablib/src/main/java/org/jabref/logic/preferences/JabRefCliPreferences.java	6	1078	3	0.50	true	false
jablib/src/main/java/org/jabref/logic/importer/WebFetchers.java	jablib/src/main/java/org/jabref/logic/importer/fetcher/CollectionOfComputerScienceBibliographiesParser.java	102	6	3	0.50	true	false
jablib/src/main/java/org/jabref/logic/importer/WebFetchers.java	jablib/src/main/java/org/jabref/logic/importer/fetcher/isbntobibtex/EbookDeIsbnFetcher.java	102	6	3	0.50	true	false
jablib/src/main/java/org/jabref/logic/importer/fetcher/CrossRef.java	jablib/src/main/java/org/jabref/logic/importer/fetcher/Medra.java	43	6	3	0.50	false	false
jablib/src/main/java/org/jabref/logic/importer/fetcher/GoogleScholar.java	jablib/src/main/java/org/jabref/logic/importer/fetcher/Medra.java	36	6	3	0.50	false	false
jablib/src/main/java/org/jabref/logic/importer/fetcher/IEEE.java	jablib/src/main/java/org/jabref/logic/importer/fetcher/Medra.java	55	6	3	0.50	false	false
jablib/src/main/java/org/jabref/logic/importer/fetcher/IEEE.java	jablib/src/main/java/org/jabref/logic/importer/util/ShortDOIService.java	55	6	3	0.50	true	false
jablib/src/main/java/org/jabref/logic/importer/fetcher/Medra.java	jablib/src/main/java/org/jabref/logic/importer/fetcher/SpringerNatureWebFetcher.java	6	30	3	0.50	false	false
jablib/src/main/java/org/jabref/logic/importer/fetcher/Medra.java	jablib/src/main/java/org/jabref/logic/importer/fileformat/MarcXmlParser.java	6	13	3	0.50	true	false
jablib/src/main/java/org/jabref/logic/importer/fetcher/OpenAccessDoi.java	jablib/src/main/java/org/jabref/logic/importer/util/ShortDOIService.java	14	6	3	0.50	true	false
jablib/src/main/java/org/jabref/logic/importer/fetcher/ScienceDirect.java	jablib/src/main/java/org/jabref/logic/importer/util/ShortDOIService.java	35	6	3	0.50	true	false
jablib/src/main/java/org/jabref/logic/importer/fetcher/SpringerNatureFullTextFetcher.java	jablib/src/main/java/org/jabref/logic/importer/util/ShortDOIService.java	32	6	3	0.50	true	false
jablib/src/main/java/org/jabref/logic/importer/fileformat/BibtexParser.java	jablib/src/main/java/org/jabref/model/database/KeyCollisionException.java	297	6	3	0.50	true	false
jablib/src/main/java/org/jabref/logic/importer/fileformat/pdf/PdfEmbeddedBibFileImporter.java	jablib/src/main/java/org/jabref/logic/importer/fileformat/pdf/RuleBasedBibliographyPdfImporter.java	10	6	3	0.50	false	false
jablib/src/main/java/org/jabref/logic/importer/fileformat/pdf/PdfImporter.java	jablib/src/main/java/org/jabref/logic/importer/fileformat/pdf/PdfMergeMetadataImporter.java	6	27	3	0.50	false	false
jablib/src/main/java/org/jabref/logic/importer/fileformat/pdf/PdfMergeMetadataImporter.java	jablib/src/main/java/org/jabref/logic/importer/fileformat/pdf/RuleBasedBibliographyPdfImporter.java	27	6	3	0.50	false	false
jablib/src/main/java/org/jabref/logic/importer/plaincitation/LlmPlainCitationParser.java	jablib/src/main/java/org/jabref/logic/preferences/JabRefCliPreferences.java	6	1078	3	0.50	true	false
jablib/src/main/java/org/jabref/logic/integrity/AbbreviationChecker.java	jablib/src/main/java/org/jabref/logic/integrity/FieldCheckers.java	6	24	3	0.50	false	false
jablib/src/main/java/org/jabref/logic/integrity/AbbreviationChecker.java	jablib/src/main/java/org/jabref/logic/integrity/FileChecker.java	6	10	3	0.50	false	false
jablib/src/main/java/org/jabref/logic/integrity/AbbreviationChecker.java	jablib/src/main/java/org/jabref/logic/integrity/ISSNChecker.java	6	13	3	0.50	false	false
jablib/src/main/java/org/jabref/logic/integrity/AbbreviationChecker.java	jablib/src/main/java/org/jabref/logic/integrity/PagesChecker.java	6	12	3	0.50	false	false
jablib/src/main/java/org/jabref/logic/integrity/AbbreviationChecker.java	jablib/src/main/java/org/jabref/logic/integrity/TitleChecker.java	6	7	3	0.50	false	false
jablib/src/main/java/org/jabref/logic/integrity/CitationKeyChecker.java	jablib/src/main/java/org/jabref/logic/integrity/IntegrityCheck.java	6	81	3	0.50	false	false
jablib/src/main/java/org/jabref/logic/integrity/DoiValidityChecker.java	jablib/src/main/java/org/jabref/logic/integrity/MonthChecker.java	8	6	3	0.50	false	false
jablib/src/main/java/org/jabref/logic/integrity/DoiValidityChecker.java	jablib/src/main/java/org/jabref/logic/integrity/NoteChecker.java	8	6	3	0.50	false	false
jablib/src/main/java/org/jabref/logic/integrity/FileChecker.java	jablib/src/main/java/org/jabref/logic/integrity/MonthChecker.java	10	6	3	0.50	false	false
jablib/src/main/java/org/jabref/logic/integrity/FileChecker.java	jablib/src/main/java/org/jabref/logic/integrity/NoteChecker.java	10	6	3	0.50	false	false
jablib/src/main/java/org/jabref/logic/integrity/ISBNChecker.java	jablib/src/main/java/org/jabref/logic/integrity/MonthChecker.java	8	6	3	0.50	false	false
jablib/src/main/java/org/jabref/logic/integrity/ISBNChecker.java	jablib/src/main/java/org/jabref/logic/integrity/NoteChecker.java	8	6	3	0.50	false	false
jablib/src/main/java/org/jabref/logic/integrity/ISSNChecker.java	jablib/src/main/java/org/jabref/logic/integrity/MonthChecker.java	13	6	3	0.50	false	false
jablib/src/main/java/org/jabref/logic/integrity/ISSNChecker.java	jablib/src/main/java/org/jabref/logic/integrity/NoteChecker.java	13	6	3	0.50	false	false
jablib/src/main/java/org/jabref/logic/integrity/IntegrityCheck.java	jablib/src/main/java/org/jabref/logic/integrity/MonthChecker.java	81	6	3	0.50	false	false
jablib/src/main/java/org/jabref/logic/integrity/IntegrityCheck.java	jablib/src/main/java/org/jabref/logic/integrity/NoteChecker.java	81	6	3	0.50	false	false
jablib/src/main/java/org/jabref/logic/integrity/MonthChecker.java	jablib/src/main/java/org/jabref/logic/integrity/PersonNamesChecker.java	6	10	3	0.50	false	false
jablib/src/main/java/org/jabref/logic/integrity/MonthChecker.java	jablib/src/main/java/org/jabref/logic/integrity/TitleChecker.java	6	7	3	0.50	false	false
jablib/src/main/java/org/jabref/logic/integrity/NoteChecker.java	jablib/src/main/java/org/jabref/logic/integrity/PersonNamesChecker.java	6	10	3	0.50	false	false
jablib/src/main/java/org/jabref/logic/integrity/NoteChecker.java	jablib/src/main/java/org/jabref/logic/integrity/TitleChecker.java	6	7	3	0.50	false	false
jablib/src/main/java/org/jabref/logic/layout/Layout.java	jablib/src/main/java/org/jabref/logic/layout/format/CompositeFormat.java	53	6	3	0.50	true	false
jablib/src/main/java/org/jabref/logic/layout/Layout.java	jablib/src/main/java/org/jabref/logic/layout/format/RemoveTilde.java	53	6	3	0.50	true	false
jablib/src/main/java/org/jabref/logic/layout/LayoutEntry.java	jablib/src/main/java/org/jabref/logic/layout/format/CompositeFormat.java	120	6	3	0.50	true	false
jablib/src/main/java/org/jabref/logic/layout/LayoutEntry.java	jablib/src/main/java/org/jabref/logic/layout/format/RemoveBracketsAddComma.java	120	6	3	0.50	true	false
jablib/src/main/java/org/jabref/logic/layout/LayoutEntry.java	jablib/src/main/java/org/jabref/logic/layout/format/RemoveTilde.java	120	6	3	0.50	true	false
jablib/src/main/java/org/jabref/logic/layout/StringInt.java	jablib/src/main/java/org/jabref/logic/layout/format/IfPlural.java	11	6	3	0.50	true	false
jablib/src/main/java/org/jabref/logic/layout/format/Authors.java	jablib/src/main/java/org/jabref/logic/layout/format/RemoveBracketsAddComma.java	36	6	3	0.50	false	false
jablib/src/main/java/org/jabref/logic/layout/format/CompositeFormat.java	jablib/src/main/java/org/jabref/logic/layout/format/NameFormatter.java	6	26	3	0.50	false	false
jablib/src/main/java/org/jabref/logic/layout/format/CreateBibORDFAuthors.java	jablib/src/main/java/org/jabref/logic/layout/format/GetOpenOfficeType.java	13	6	3	0.50	false	false
jablib/src/main/java/org/jabref/logic/layout/format/CreateBibORDFAuthors.java	jablib/src/main/java/org/jabref/logic/layout/format/RemoveBracketsAddComma.java	13	6	3	0.50	false	false
jablib/src/main/java/org/jabref/logic/layout/format/CurrentDate.java	jablib/src/main/java/org/jabref/logic/layout/format/GetOpenOfficeType.java	13	6	3	0.50	false	false
jablib/src/main/java/org/jabref/logic/layout/format/DocBookAuthorFormatter.java	jablib/src/main/java/org/jabref/logic/layout/format/RemoveBracketsAddComma.java	35	6	3	0.50	false	false
jablib/src/main/java/org/jabref/logic/layout/format/GetOpenOfficeType.java	jablib/src/main/java/org/jabref/logic/preferences/JabRefCliPreferences.java	6	1078	3	0.50	true	false
jablib/src/main/java/org/jabref/logic/layout/format/HTMLChars.java	jablib/src/main/java/org/jabref/logic/layout/format/RemoveBracketsAddComma.java	55	6	3	0.50	false	false
jablib/src/main/java/org/jabref/logic/layout/format/HTMLChars.java	jablib/src/main/java/org/jabref/logic/layout/format/RemoveTilde.java	55	6	3	0.50	false	false
jablib/src/main/java/org/jabref/logic/layout/format/NameFormatter.java	jablib/src/main/java/org/jabref/logic/layout/format/RemoveBracketsAddComma.java	26	6	3	0.50	false	false
jablib/src/main/java/org/jabref/logic/layout/format/NameFormatter.java	jablib/src/main/java/org/jabref/logic/layout/format/RemoveTilde.java	26	6	3	0.50	false	false
jablib/src/main/java/org/jabref/logic/layout/format/NameFormatterPreferences.java	jablib/src/main/java/org/jabref/logic/protectedterms/ProtectedTermsPreferences.java	6	6	3	0.50	true	false
jablib/src/main/java/org/jabref/logic/layout/format/Number.java	jablib/src/main/java/org/jabref/logic/preferences/JabRefCliPreferences.java	6	1078	3	0.50	true	false
jablib/src/main/java/org/jabref/logic/layout/format/RTFChars.java	jablib/src/main/java/org/jabref/logic/layout/format/RemoveBracketsAddComma.java	39	6	3	0.50	false	false
jablib/src/main/java/org/jabref/logic/layout/format/RemoveBrackets.java	jablib/src/main/java/org/jabref/logic/layout/format/RemoveBracketsAddComma.java	8	6	3	0.50	false	false
jablib/src/main/java/org/jabref/logic/layout/format/RemoveBrackets.java	jablib/src/main/java/org/jabref/logic/layout/format/RemoveTilde.java	8	6	3	0.50	false	false
jablib/src/main/java/org/jabref/logic/layout/format/RemoveBracketsAddComma.java	jablib/src/main/java/org/jabref/logic/layout/format/XMLChars.java	6	30	3	0.50	false	false
jablib/src/main/java/org/jabref/logic/layout/format/RemoveLatexCommandsFormatter.java	jablib/src/main/java/org/jabref/logic/layout/format/RemoveTilde.java	13	6	3	0.50	false	false
jablib/src/main/java/org/jabref/logic/openoffice/OpenOfficePreferences.java	jablib/src/main/java/org/jabref/logic/openoffice/frontend/UpdateCitationMarkers.java	33	6	3	0.50	true	false
jablib/src/main/java/org/jabref/logic/openoffice/action/EditInsert.java	jablib/src/main/java/org/jabref/logic/openoffice/frontend/OOFrontend.java	6	9	3	0.50	true	false
jablib/src/main/java/org/jabref/logic/openoffice/action/EditInsert.java	jablib/src/main/java/org/jabref/logic/openoffice/frontend/UpdateCitationMarkers.java	6	6	3	0.50	true	false
jablib/src/main/java/org/jabref/logic/openoffice/action/EditInsert.java	jablib/src/main/java/org/jabref/logic/openoffice/oocsltext/CSLCitationOOAdapter.java	6	90	3	0.50	true	false
jablib/src/main/java/org/jabref/logic/openoffice/action/EditMerge.java	jablib/src/main/java/org/jabref/logic/openoffice/frontend/UpdateCitationMarkers.java	9	6	3	0.50	true	false
jablib/src/main/java/org/jabref/logic/openoffice/backend/Backend52.java	jablib/src/main/java/org/jabref/logic/openoffice/frontend/UpdateCitationMarkers.java	8	6	3	0.50	true	false
jablib/src/main/java/org/jabref/logic/openoffice/backend/NamedRangeReferenceMark.java	jablib/src/main/java/org/jabref/logic/openoffice/frontend/UpdateCitationMarkers.java	7	6	3	0.50	true	false
jablib/src/main/java/org/jabref/logic/openoffice/frontend/UpdateCitationMarkers.java	jablib/src/main/java/org/jabref/logic/openoffice/oocsltext/CSLCitationOOAdapter.java	6	90	3	0.50	true	false
jablib/src/main/java/org/jabref/logic/openoffice/frontend/UpdateCitationMarkers.java	jablib/src/main/java/org/jabref/logic/openoffice/style/JStyle.java	6	104	3	0.50	true	false
jablib/src/main/java/org/jabref/logic/openoffice/frontend/UpdateCitationMarkers.java	jablib/src/main/java/org/jabref/logic/openoffice/style/OOProcessAuthorYearMarkers.java	6	7	3	0.50	true	false
jablib/src/main/java/org/jabref/logic/openoffice/frontend/UpdateCitationMarkers.java	jablib/src/main/java/org/jabref/logic/preferences/JabRefCliPreferences.java	6	1078	3	0.50	true	false
jablib/src/main/java/org/jabref/logic/preferences/TimestampPreferences.java	jablib/src/main/java/org/jabref/logic/util/UpdateField.java	6	20	3	0.50	true	false
jablib/src/main/java/org/jabref/logic/push/PushToLyx.java	jablib/src/main/java/org/jabref/logic/push/PushToSublimeText.java	49	6	3	0.50	false	false
jablib/src/main/java/org/jabref/logic/push/PushToSublimeText.java	jablib/src/main/java/org/jabref/logic/push/PushToTexShop.java	6	7	3	0.50	false	false
jablib/src/main/java/org/jabref/logic/remote/RemotePreferences.java	jablib/src/main/java/org/jabref/logic/remote/server/RemoteListenerServerThread.java	16	6	3	0.50	true	false
jablib/src/main/java/org/jabref/logic/search/query/SearchToLuceneVisitor.java	jablib/src/main/java/org/jabref/logic/search/sqlbased/retrieval/LinkedFilesSearcher.java	6	7	3	0.50	true	false
jablib/src/main/java/org/jabref/logic/shared/DBMSSynchronizer.java	jablib/src/main/java/org/jabref/model/entry/event/EntryChangedEvent.java	38	6	3	0.50	true	false
jablib/src/main/java/org/jabref/model/database/KeyCollisionException.java	jablib/src/main/java/org/jabref/model/entry/BibEntry.java	6	312	3	0.50	true	false
jablib/src/main/java/org/jabref/model/entry/field/Field.java	jablib/src/main/java/org/jabref/model/entry/field/StandardField.java	6	37	3	0.50	false	false
jablib/src/main/java/org/jabref/model/entry/field/Field.java	jablib/src/main/java/org/jabref/model/entry/field/UnknownField.java	6	9	3	0.50	false	false
jablib/src/main/java/org/jabref/model/groups/AllEntriesGroup.java	jablib/src/main/java/org/jabref/model/groups/GroupHierarchyType.java	42	6	3	0.50	false	false
jablib/src/main/java/org/jabref/model/groups/GroupHierarchyType.java	jablib/src/main/java/org/jabref/model/groups/GroupTreeNode.java	6	86	3	0.50	false	false
jabls/src/main/java/module-info.java	jabls/src/main/java/org/jabref/languageserver/util/LspConsistencyCheck.java	12	6	3	0.50	true	false
jabgui/src/main/java/org/jabref/gui/LibraryTab.java	jabgui/src/main/java/org/jabref/gui/exporter/ExportToClipboardAction.java	1048	79	39	0.49	true	false
jabgui/src/main/java/org/jabref/gui/duplicationFinder/DuplicateResolverDialog.java	jabgui/src/main/java/org/jabref/gui/mergeentries/threewaymerge/MergeEntriesDialog.java	86	63	31	0.49	true	false
jablib/src/main/java/org/jabref/logic/importer/ImportFormatReader.java	jablib/src/main/java/org/jabref/logic/importer/Importer.java	197	47	23	0.49	false	false
jabgui/src/main/java/org/jabref/gui/exporter/SaveAllAction.java	jabgui/src/main/java/org/jabref/gui/exporter/SaveDatabaseAction.java	39	194	19	0.49	false	false
jablib/src/main/java/org/jabref/logic/importer/fileformat/CopacImporter.java	jablib/src/main/java/org/jabref/logic/importer/fileformat/RepecNepImporter.java	37	66	18	0.49	false	false
jablib/src/main/java/org/jabref/logic/importer/fileformat/CopacImporter.java	jablib/src/main/java/org/jabref/logic/importer/fileformat/pdf/PdfContentImporter.java	37	108	18	0.49	true	false
jablib/src/main/java/org/jabref/model/groups/AbstractGroup.java	jablib/src/main/java/org/jabref/model/groups/KeywordGroup.java	58	93	28	0.48	false	false
jabgui/src/main/java/org/jabref/gui/actions/ActionFactory.java	jabgui/src/main/java/org/jabref/gui/frame/JabRefFrame.java	29	1215	14	0.48	true	false
jablib/src/main/java/org/jabref/logic/importer/FulltextFetchers.java	jablib/src/main/java/org/jabref/logic/layout/format/DOICheck.java	65	29	14	0.48	true	false
jabgui/src/main/java/org/jabref/gui/preferences/general/GeneralTabViewModel.java	jablib/src/main/java/org/jabref/logic/preferences/JabRefCliPreferences.java	79	1078	38	0.48	true	true
jabgui/src/main/java/org/jabref/gui/LibraryTab.java	jabgui/src/main/java/org/jabref/gui/StateManager.java	1048	50	24	0.48	false	false
jablib/src/main/java/org/jabref/logic/importer/fetcher/ACS.java	jablib/src/main/java/org/jabref/logic/importer/fetcher/DoiResolution.java	25	48	12	0.48	false	false
jablib/src/main/java/org/jabref/logic/layout/format/WrapFileLinks.java	jablib/src/main/java/org/jabref/logic/preferences/JabRefCliPreferences.java	46	1078	22	0.48	true	false
jabgui/src/main/java/org/jabref/gui/openoffice/StyleSelectDialogViewModel.java	jablib/src/main/java/org/jabref/logic/preferences/JabRefCliPreferences.java	23	1078	11	0.48	true	true
jabgui/src/main/java/org/jabref/gui/preferences/network/NetworkTabViewModel.java	jablib/src/main/java/org/jabref/logic/preferences/JabRefCliPreferences.java	23	1078	11	0.48	true	true
jablib/src/main/java/org/jabref/logic/importer/ImportFormatReader.java	jablib/src/main/java/org/jabref/logic/importer/fileformat/InspecImporter.java	197	44	21	0.48	true	false
jablib/src/main/java/org/jabref/logic/cleanup/CleanupWorker.java	jablib/src/main/java/org/jabref/logic/preferences/JabRefCliPreferences.java	42	1078	20	0.48	true	false
jabgui/src/main/java/org/jabref/gui/FXDialog.java	jabgui/src/main/java/org/jabref/gui/util/BaseDialog.java	21	22	10	0.48	true	false
jabgui/src/main/java/org/jabref/gui/LibraryTab.java	jabgui/src/main/java/org/jabref/gui/shared/SharedDatabaseLoginDialogView.java	1048	21	10	0.48	true	false
jabgui/src/main/java/org/jabref/gui/fieldeditors/JournalEditor.java	jabgui/src/main/java/org/jabref/gui/fieldeditors/SimpleEditor.java	21	22	10	0.48	false	false
jabgui/src/main/java/org/jabref/gui/shared/SharedDatabaseLoginDialogView.java	jabgui/src/main/java/org/jabref/gui/shared/SharedDatabaseUIManager.java	21	62	10	0.48	false	false
jabgui/src/main/java/org/jabref/gui/LibraryTab.java	jabgui/src/main/java/org/jabref/gui/frame/FileHistoryMenu.java	1048	61	29	0.48	true	false
jablib/src/main/java/org/jabref/logic/importer/ImportFormatReader.java	jablib/src/main/java/org/jabref/logic/importer/fileformat/OvidImporter.java	197	57	27	0.47	true	false
jabgui/src/main/java/org/jabref/gui/integrity/IntegrityCheckAction.java	jablib/src/main/java/org/jabref/logic/integrity/IntegrityCheck.java	19	81	9	0.47	true	true
jabgui/src/main/java/org/jabref/gui/openoffice/OOBibBase.java	jablib/src/main/java/org/jabref/logic/openoffice/oocsltext/CSLReferenceMark.java	159	19	9	0.47	true	true
jabgui/src/main/java/org/jabref/gui/LibraryTab.java	jabgui/src/main/java/org/jabref/gui/importer/actions/OpenDatabaseAction.java	1048	224	106	0.47	true	false
jabgui/src/main/java/org/jabref/gui/actions/StandardActions.java	jabgui/src/main/java/org/jabref/gui/frame/MainMenu.java	144	55	26	0.47	true	false
jabgui/src/main/java/org/jabref/gui/frame/JabRefFrame.java	jablib/src/main/java/org/jabref/logic/exporter/OpenDocumentSpreadsheetCreator.java	1215	36	17	0.47	true	true
jabgui/src/main/java/org/jabref/gui/frame/JabRefFrame.java	jablib/src/main/java/org/jabref/logic/push/PushToEmacs.java	1215	68	32	0.47	true	true
jabgui/src/main/java/org/jabref/gui/autosaveandbackup/BackupManager.java	jablib/src/main/java/org/jabref/logic/preferences/JabRefCliPreferences.java	51	1078	24	0.47	true	true
jabgui/src/main/java/org/jabref/cli/ArgumentProcessor.java	jablib/src/main/java/org/jabref/logic/exporter/ExporterFactory.java	123	34	16	0.47	true	true
jabgui/src/main/java/org/jabref/gui/documentviewer/DocumentViewerView.java	jabgui/src/main/java/org/jabref/gui/documentviewer/DocumentViewerViewModel.java	17	22	8	0.47	false	false
jabgui/src/main/java/org/jabref/gui/entryeditor/EntryEditor.java	jabgui/src/main/java/org/jabref/gui/keyboard/KeyBindingRepository.java	655	17	8	0.47	true	false
jabgui/src/main/java/org/jabref/gui/frame/JabRefFrame.java	jablib/src/main/java/org/jabref/logic/util/io/FileHistory.java	1215	17	8	0.47	true	true
jabgui/src/main/java/org/jabref/gui/newentry/NewEntryView.java	jabgui/src/main/java/org/jabref/gui/newentry/NewEntryViewModel.java	24	17	8	0.47	false	false
jabgui/src/main/java/org/jabref/gui/preferences/externalfiletypes/EditExternalFileTypeEntryDialog.java	jabgui/src/main/java/org/jabref/gui/preferences/externalfiletypes/ExternalFileTypesTabViewModel.java	17	23	8	0.47	false	false
jabgui/src/main/java/org/jabref/gui/specialfields/SpecialFieldAction.java	jabgui/src/main/java/org/jabref/gui/specialfields/SpecialFieldViewModel.java	25	17	8	0.47	false	false
jablib/src/main/java/org/jabref/logic/importer/AuthorListParser.java	jablib/src/main/java/org/jabref/model/entry/Author.java	27	17	8	0.47	true	false
jabgui/src/main/java/org/jabref/gui/LibraryTab.java	jabgui/src/main/java/org/jabref/gui/externalfiles/DownloadFullTextAction.java	1048	83	39	0.47	true	false
jabgui/src/main/java/org/jabref/gui/LibraryTab.java	jabgui/src/main/java/org/jabref/gui/dialogs/BackupUIManager.java	1048	32	15	0.47	true	false
jabgui/src/main/java/org/jabref/gui/dialogs/BackupUIManager.java	jabgui/src/main/java/org/jabref/gui/frame/JabRefFrame.java	32	1215	15	0.47	true	false
jablib/src/main/java/org/jabref/logic/layout/format/HTMLChars.java	jablib/src/main/java/org/jabref/logic/openoffice/style/OOPreFormatter.java	55	32	15	0.47	true	false
jablib/src/main/java/org/jabref/logic/importer/fileformat/IsiImporter.java	jablib/src/main/java/org/jabref/logic/importer/fileformat/MedlinePlainImporter.java	95	60	28	0.47	false	false
jablib/src/main/java/org/jabref/logic/layout/format/FileLink.java	jablib/src/main/java/org/jabref/logic/util/io/FileUtil.java	30	142	14	0.47	true	false
jabgui/src/main/java/org/jabref/gui/JabRefGUI.java	jabgui/src/main/java/org/jabref/gui/slr/ExistingStudySearchAction.java	190	15	7	0.47	true	false
jabgui/src/main/java/org/jabref/gui/LibraryTab.java	jabgui/src/main/java/org/jabref/gui/actions/JabRefAction.java	1048	15	7	0.47	true	false
jabgui/src/main/java/org/jabref/gui/dialogs/AutosaveUiManager.java	jabgui/src/main/java/org/jabref/gui/importer/actions/OpenDatabaseAction.java	15	224	7	0.47	true	false
jabgui/src/main/java/org/jabref/gui/dialogs/AutosaveUiManager.java	jabgui/src/main/java/org/jabref/gui/shared/SharedDatabaseLoginDialogViewModel.java	15	33	7	0.47	true	false
jabgui/src/main/java/org/jabref/gui/edit/CopyMoreAction.java	jabgui/src/main/java/org/jabref/gui/frame/JabRefFrame.java	15	1215	7	0.47	true	false
jabgui/src/main/java/org/jabref/gui/importer/actions/OpenDatabaseAction.java	jabgui/src/main/java/org/jabref/gui/slr/ExistingStudySearchAction.java	224	15	7	0.47	true	false
jabgui/src/main/java/org/jabref/gui/preferences/citationkeypattern/CitationKeyPatternTab.java	jablib/src/main/java/org/jabref/logic/preferences/JabRefCliPreferences.java	15	1078	7	0.47	true	true
jabgui/src/main/java/org/jabref/gui/push/GuiPushToApplicationCommand.java	jablib/src/main/java/org/jabref/logic/push/PushToTexmaker.java	47	15	7	0.47	true	true
jabgui/src/main/java/org/jabref/gui/slr/ExistingStudySearchAction.java	jablib/src/main/java/org/jabref/logic/crawler/Crawler.java	15	18	7	0.47	true	true
jabgui/src/main/java/org/jabref/gui/slr/ExistingStudySearchAction.java	jablib/src/main/java/org/jabref/logic/preferences/JabRefCliPreferences.java	15	1078	7	0.47	true	true
jablib/src/main/java/org/jabref/logic/citationstyle/CitationStyleCache.java	jablib/src/main/java/org/jabref/logic/citationstyle/CitationStyleGenerator.java	15	20	7	0.47	false	false
jablib/src/main/java/org/jabref/logic/formatter/bibtexfields/LatexCleanupFormatter.java	jablib/src/main/java/org/jabref/logic/formatter/bibtexfields/NormalizeDateFormatter.java	15	15	7	0.47	false	false
jablib/src/main/java/org/jabref/logic/formatter/bibtexfields/LatexCleanupFormatter.java	jablib/src/main/java/org/jabref/logic/formatter/bibtexfields/NormalizeNamesFormatter.java	15	26	7	0.47	false	false
jablib/src/main/java/org/jabref/logic/formatter/bibtexfields/LatexCleanupFormatter.java	jablib/src/main/java/org/jabref/logic/formatter/bibtexfields/NormalizePagesFormatter.java	15	25	7	0.47	false	false
jablib/src/main/java/org/jabref/logic/formatter/bibtexfields/LatexCleanupFormatter.java	jablib/src/main/java/org/jabref/logic/formatter/bibtexfields/UnitsToLatexFormatter.java	15	21	7	0.47	false	false
jablib/src/main/java/org/jabref/logic/formatter/bibtexfields/LatexCleanupFormatter.java	jablib/src/main/java/org/jabref/logic/formatter/casechanger/ProtectTermsFormatter.java	15	33	7	0.47	true	false
jablib/src/main/java/org/jabref/logic/formatter/bibtexfields/NormalizeDateFormatter.java	jablib/src/main/java/org/jabref/logic/formatter/bibtexfields/NormalizeNamesFormatter.java	15	26	7	0.47	false	false
jablib/src/main/java/org/jabref/logic/shared/DBMSConnectionProperties.java	jablib/src/main/java/org/jabref/logic/shared/DBMSProcessor.java	15	44	7	0.47	false	false
jablib/src/main/java/org/jabref/logic/shared/DBMSConnectionProperties.java	jablib/src/main/java/org/jabref/logic/shared/DBMSSynchronizer.java	15	38	7	0.47	false	false
jabgui/src/main/java/org/jabref/gui/frame/JabRefFrame.java	jabgui/src/main/java/org/jabref/gui/preferences/customimporter/CustomImporterTab.java	1215	101	47	0.47	true	false
jabgui/src/main/java/org/jabref/gui/collab/ChangeScanner.java	jabgui/src/main/java/org/jabref/gui/collab/DatabaseChangeMonitor.java	135	28	13	0.46	false	false
jabgui/src/main/java/org/jabref/gui/LibraryTab.java	jablib/src/main/java/org/jabref/logic/exporter/OpenDocumentRepresentation.java	1048	39	18	0.46	true	true
jabgui/src/main/java/org/jabref/gui/LibraryTab.java	jabgui/src/main/java/org/jabref/gui/util/BindingsHelper.java	1048	26	12	0.46	true	false
jabgui/src/main/java/org/jabref/gui/util/UiTaskExecutor.java	jablib/src/main/java/org/jabref/logic/util/BackgroundTask.java	44	26	12	0.46	true	true
jabgui/src/main/java/org/jabref/gui/LibraryTab.java	jabgui/src/main/java/org/jabref/gui/autocompleter/SuggestionProviders.java	1048	13	6	0.46	true	false
jabgui/src/main/java/org/jabref/gui/citationkeypattern/GenerateCitationKeyAction.java	jabgui/src/main/java/org/jabref/gui/cleanup/CleanupAction.java	13	66	6	0.46	true	false
jabgui/src/main/java/org/jabref/gui/collab/ChangeScanner.java	jablib/src/main/java/org/jabref/logic/bibtex/comparator/CrossRefEntryComparator.java	135	13	6	0.46	true	true
jabgui/src/main/java/org/jabref/gui/duplicationFinder/DuplicateSearch.java	jabgui/src/main/java/org/jabref/gui/importer/fetcher/LookupIdentifierAction.java	82	13	6	0.46	true	false
jabgui/src/main/java/org/jabref/gui/fieldeditors/FieldEditors.java	jabgui/src/main/java/org/jabref/gui/fieldeditors/KeywordsEditor.java	60	13	6	0.46	false	false
jabgui/src/main/java/org/jabref/gui/fieldeditors/OwnerEditor.java	jabgui/src/main/java/org/jabref/gui/fieldeditors/PersonsEditor.java	13	16	6	0.46	false	false
jabgui/src/main/java/org/jabref/gui/preferences/PreferencesFilterDialog.java	jabgui/src/main/java/org/jabref/gui/preferences/customimporter/CustomImporterTab.java	13	101	6	0.46	true	false
jabgui/src/main/java/org/jabref/gui/preferences/keybindings/KeyBindingViewModel.java	jabgui/src/main/java/org/jabref/gui/preferences/keybindings/KeyBindingsTabViewModel.java	13	17	6	0.46	false	false
jabgui/src/main/java/org/jabref/gui/shared/SharedDatabaseLoginDialogViewModel.java	jablib/src/main/java/org/jabref/logic/shared/prefs/SharedDatabasePreferences.java	33	13	6	0.46	true	true
jabgui/src/main/java/org/jabref/gui/slr/StartNewStudyAction.java	jablib/src/main/java/org/jabref/logic/crawler/StudyRepository.java	13	40	6	0.46	true	true
jablib/src/main/java/org/jabref/logic/bibtex/FieldWriter.java	jablib/src/main/java/org/jabref/logic/layout/format/RemoveLatexCommandsFormatter.java	105	13	6	0.46	true	false
jablib/src/main/java/org/jabref/logic/bibtex/comparator/CrossRefEntryComparator.java	jablib/src/main/java/org/jabref/logic/bibtex/comparator/EntryComparator.java	13	55	6	0.46	false	false
jablib/src/main/java/org/jabref/logic/bibtex/comparator/CrossRefEntryComparator.java	jablib/src/main/java/org/jabref/logic/bibtex/comparator/FieldComparator.java	13	72	6	0.46	false	false
jablib/src/main/java/org/jabref/logic/bibtex/comparator/CrossRefEntryComparator.java	jablib/src/main/java/org/jabref/logic/exporter/OOCalcDatabase.java	13	38	6	0.46	true	false
jablib/src/main/java/org/jabref/logic/bibtex/comparator/CrossRefEntryComparator.java	jablib/src/main/java/org/jabref/logic/exporter/OpenDocumentRepresentation.java	13	39	6	0.46	true	false
jablib/src/main/java/org/jabref/logic/externalfiles/ExternalFilesContentImporter.java	jablib/src/main/java/org/jabref/logic/importer/WebFetchers.java	13	102	6	0.46	true	false
jablib/src/main/java/org/jabref/logic/formatter/Formatter.java	jablib/src/main/java/org/jabref/logic/formatter/bibtexfields/LatexCleanupFormatter.java	13	15	6	0.46	true	false
jablib/src/main/java/org/jabref/logic/formatter/Formatter.java	jablib/src/main/java/org/jabref/logic/formatter/bibtexfields/NormalizeDateFormatter.java	13	15	6	0.46	true	false
jablib/src/main/java/org/jabref/logic/formatter/Formatter.java	jablib/src/main/java/org/jabref/logic/formatter/bibtexfields/OrdinalsToSuperscriptFormatter.java	13	16	6	0.46	true	false
jablib/src/main/java/org/jabref/logic/msbib/BibTeXConverter.java	jablib/src/main/java/org/jabref/model/entry/EntryConverter.java	23	13	6	0.46	true	false
jablib/src/main/java/org/jabref/logic/msbib/MSBibMapping.java	jablib/src/main/java/org/jabref/model/entry/EntryConverter.java	24	13	6	0.46	true	false
jablib/src/main/java/org/jabref/logic/shared/DBMSConnection.java	jablib/src/main/java/org/jabref/logic/shared/prefs/SharedDatabasePreferences.java	13	13	6	0.46	true	false
jablib/src/main/java/org/jabref/logic/shared/DBMSConnection.java	jablib/src/main/java/org/jabref/model/database/BibDatabaseContext.java	13	99	6	0.46	true	false
jablib/src/main/java/org/jabref/model/entry/EntryConverter.java	jablib/src/main/java/org/jabref/model/entry/types/BibtexEntryTypeDefinitions.java	13	45	6	0.46	true	false
jabgui/src/main/java/org/jabref/gui/LibraryTab.java	jabgui/src/main/java/org/jabref/gui/sidepane/SidePane.java	1048	89	41	0.46	true	false
jablib/src/main/java/org/jabref/logic/importer/fileformat/BiblioscapeImporter.java	jablib/src/main/java/org/jabref/logic/importer/fileformat/MedlineImporter.java	48	58	22	0.46	false	false
jablib/src/main/java/org/jabref/logic/importer/FulltextFetchers.java	jablib/src/main/java/org/jabref/logic/importer/fetcher/ScienceDirect.java	65	35	16	0.46	true	false
jabgui/src/main/java/org/jabref/gui/LibraryTab.java	jabgui/src/main/java/org/jabref/gui/entryeditor/EntryEditorTab.java	1048	143	65	0.45	true	false
jablib/src/main/java/org/jabref/logic/importer/fileformat/IsiImporter.java	jablib/src/main/java/org/jabref/logic/importer/fileformat/RepecNepImporter.java	95	66	30	0.45	false	false
jabgui/src/main/java/org/jabref/gui/preferences/general/GeneralTab.java	jablib/src/main/java/org/jabref/logic/preferences/JabRefCliPreferences.java	55	1078	25	0.45	true	true
jabgui/src/main/java/org/jabref/gui/externalfiles/DownloadFullTextAction.java	jabgui/src/main/java/org/jabref/gui/linkedfile/AttachFileAction.java	83	44	20	0.45	true	false
jabgui/src/main/java/org/jabref/gui/LibraryTab.java	jablib/src/main/java/org/jabref/logic/exporter/OpenOfficeDocumentCreator.java	1048	33	15	0.45	true	true
jabgui/src/main/java/org/jabref/gui/frame/JabRefFrame.java	jabgui/src/main/java/org/jabref/gui/shared/SharedDatabaseLoginDialogViewModel.java	1215	33	15	0.45	true	false
jabgui/src/main/java/org/jabref/gui/JabRefGUI.java	jabgui/src/main/java/org/jabref/gui/util/BaseDialog.java	190	22	10	0.45	true	false
jabgui/src/main/java/org/jabref/gui/entryeditor/EntryEditorPreferences.java	jabgui/src/main/java/org/jabref/gui/preferences/entryeditor/EntryEditorTab.java	25	22	10	0.45	true	false
jabgui/src/main/java/org/jabref/gui/frame/JabRefFrame.java	jablib/src/main/java/org/jabref/logic/push/PushToApplication.java	1215	22	10	0.45	true	true
jablib/src/main/java/org/jabref/logic/journals/AbbreviationParser.java	jablib/src/main/java/org/jabref/logic/journals/JournalAbbreviationRepository.java	22	32	10	0.45	false	false
jabgui/src/main/java/org/jabref/gui/LibraryTab.java	jablib/src/main/java/org/jabref/logic/layout/format/AuthorAndsReplacer.java	1048	11	5	0.45	true	true
jabgui/src/main/java/org/jabref/gui/LibraryTab.java	jablib/src/main/java/org/jabref/logic/util/CurrentThreadTaskExecutor.java	1048	11	5	0.45	true	true
jabgui/src/main/java/org/jabref/gui/autosaveandbackup/BackupManager.java	jablib/src/main/java/org/jabref/logic/util/CoarseChangeFilter.java	51	11	5	0.45	true	true
jabgui/src/main/java/org/jabref/gui/collab/entrychange/EntryChangeResolver.java	jabgui/src/main/java/org/jabref/gui/duplicationFinder/DuplicateResolverDialog.java	11	86	5	0.45	true	false
jabgui/src/main/java/org/jabref/gui/collab/entrychange/EntryChangeResolver.java	jabgui/src/main/java/org/jabref/gui/frame/JabRefFrame.java	11	1215	5	0.45	true	false
jabgui/src/main/java/org/jabref/gui/externalfiles/AutoLinkFilesAction.java	jabgui/src/main/java/org/jabref/gui/frame/JabRefFrame.java	11	1215	5	0.45	true	false
jabgui/src/main/java/org/jabref/gui/fieldeditors/CitationKeyEditor.java	jabgui/src/main/java/org/jabref/gui/fieldeditors/OwnerEditor.java	11	13	5	0.45	false	false
jabgui/src/main/java/org/jabref/gui/fieldeditors/CitationKeyEditor.java	jabgui/src/main/java/org/jabref/gui/fieldeditors/PersonsEditor.java	11	16	5	0.45	false	false
jabgui/src/main/java/org/jabref/gui/fieldeditors/CitationKeyEditor.java	jabgui/src/main/java/org/jabref/gui/fieldeditors/SimpleEditor.java	11	22	5	0.45	false	false
jabgui/src/main/java/org/jabref/gui/fieldeditors/CitationKeyEditor.java	jabgui/src/main/java/org/jabref/gui/fieldeditors/UrlEditor.java	11	18	5	0.45	false	false
jabgui/src/main/java/org/jabref/gui/frame/JabRefFrame.java	jabgui/src/main/java/org/jabref/gui/texparser/ParseLatexResultViewModel.java	1215	11	5	0.45	true	false
jabgui/src/main/java/org/jabref/gui/frame/JabRefFrame.java	jablib/src/main/java/org/jabref/logic/layout/format/AuthorAndsCommaReplacer.java	1215	11	5	0.45	true	true
jabgui/src/main/java/org/jabref/gui/frame/JabRefFrame.java	jablib/src/main/java/org/jabref/logic/layout/format/AuthorAndsReplacer.java	1215	11	5	0.45	true	true
jabgui/src/main/java/org/jabref/gui/frame/OpenConsoleAction.java	jabgui/src/main/java/org/jabref/gui/maintable/RightClickMenu.java	11	216	5	0.45	true	false
jabgui/src/main/java/org/jabref/gui/help/NewVersionDialog.java	jablib/src/main/java/org/jabref/logic/preferences/JabRefCliPreferences.java	11	1078	5	0.45	true	true
jabgui/src/main/java/org/jabref/gui/libraryproperties/saving/SavingPropertiesViewModel.java	jablib/src/main/java/org/jabref/logic/importer/util/MetaDataParser.java	11	47	5	0.45	true	true
jabgui/src/main/java/org/jabref/gui/libraryproperties/saving/SavingPropertiesViewModel.java	jablib/src/main/java/org/jabref/logic/preferences/CliPreferences.java	11	115	5	0.45	true	true
jabgui/src/main/java/org/jabref/gui/libraryproperties/saving/SavingPropertiesViewModel.java	jablib/src/main/java/org/jabref/model/metadata/MetaData.java	11	201	5	0.45	true	true
jabgui/src/main/java/org/jabref/gui/maintable/BibEntryTableViewModel.java	jabgui/src/main/java/org/jabref/gui/search/SearchResultsTableDataModel.java	27	11	5	0.45	true	false
jabgui/src/main/java/org/jabref/gui/preferences/PreferencesDialogViewModel.java	jabgui/src/main/java/org/jabref/gui/preferences/groups/GroupsTabViewModel.java	59	11	5	0.45	true	false
jabgui/src/main/java/org/jabref/gui/preferences/general/GeneralTab.java	jabgui/src/main/java/org/jabref/gui/preferences/groups/GroupsTabViewModel.java	55	11	5	0.45	true	false
jabgui/src/main/java/org/jabref/gui/preferences/preview/PreviewTabViewModel.java	jablib/src/main/java/org/jabref/logic/preview/CitationStylePreviewLayout.java	46	11	5	0.45	true	true
jabgui/src/main/java/org/jabref/gui/preview/CopyCitationAction.java	jablib/src/main/java/org/jabref/logic/preview/CitationStylePreviewLayout.java	24	11	5	0.45	true	true
jabgui/src/main/java/org/jabref/gui/search/GlobalSearchResultDialog.java	jabgui/src/main/java/org/jabref/gui/search/SearchResultsTable.java	26	11	5	0.45	false	false
jabgui/src/main/java/org/jabref/gui/texparser/ParseLatexDialogView.java	jabgui/src/main/java/org/jabref/gui/texparser/ParseLatexResultViewModel.java	15	11	5	0.45	false	false
jabgui/src/main/java/org/jabref/gui/texparser/ParseLatexDialogView.java	jablib/src/main/java/org/jabref/model/texparser/LatexBibEntriesResolverResult.java	15	11	5	0.45	true	true
jabgui/src/main/java/org/jabref/gui/texparser/ParseLatexResultViewModel.java	jablib/src/main/java/org/jabref/logic/texparser/DefaultLatexParser.java	11	42	5	0.45	true	true
jabgui/src/main/java/org/jabref/gui/texparser/ParseLatexResultViewModel.java	jablib/src/main/java/org/jabref/model/texparser/LatexBibEntriesResolverResult.java	11	11	5	0.45	true	true
jabgui/src/main/java/org/jabref/gui/util/FileNodeViewModel.java	jablib/src/main/java/org/jabref/model/texparser/LatexBibEntriesResolverResult.java	16	11	5	0.45	true	true
jabkit/src/main/java/module-info.java	jabkit/src/main/java/org/jabref/toolkit/commands/CheckIntegrity.java	14	11	5	0.45	true	false
jablib/src/main/java/org/jabref/logic/bst/util/BstCaseChanger.java	jablib/src/main/java/org/jabref/logic/bst/util/BstTextPrefixer.java	26	11	5	0.45	false	false
jablib/src/main/java/org/jabref/logic/formatter/Formatter.java	jablib/src/main/java/org/jabref/logic/formatter/casechanger/CapitalizeFormatter.java	13	11	5	0.45	true	false
jablib/src/main/java/org/jabref/logic/formatter/Formatter.java	jablib/src/main/java/org/jabref/logic/formatter/casechanger/LowerCaseFormatter.java	13	11	5	0.45	true	false
jablib/src/main/java/org/jabref/logic/importer/fetcher/ACS.java	jablib/src/main/java/org/jabref/model/entry/identifier/ISBN.java	25	11	5	0.45	true	false
jablib/src/main/java/org/jabref/logic/importer/fetcher/AstrophysicsDataSystem.java	jablib/src/main/java/org/jabref/logic/importer/fetcher/JstorFetcher.java	42	11	5	0.45	false	false
jablib/src/main/java/org/jabref/logic/importer/fetcher/CompositeSearchBasedFetcher.java	jablib/src/main/java/org/jabref/logic/importer/fetcher/IEEE.java	11	55	5	0.45	false	false
jablib/src/main/java/org/jabref/logic/importer/fetcher/CompositeSearchBasedFetcher.java	jablib/src/main/java/org/jabref/logic/importer/fetcher/SpringerNatureWebFetcher.java	11	30	5	0.45	false	false
jablib/src/main/java/org/jabref/logic/importer/fetcher/DoiFetcher.java	jablib/src/main/java/org/jabref/logic/importer/fetcher/IacrEprintFetcher.java	53	11	5	0.45	false	false
jablib/src/main/java/org/jabref/logic/importer/fetcher/IEEE.java	jablib/src/main/java/org/jabref/model/entry/identifier/ISBN.java	55	11	5	0.45	true	false
jablib/src/main/java/org/jabref/logic/importer/fetcher/ScienceDirect.java	jablib/src/main/java/org/jabref/model/entry/identifier/ISBN.java	35	11	5	0.45	true	false
jablib/src/main/java/org/jabref/logic/importer/fetcher/SpringerNatureFullTextFetcher.java	jablib/src/main/java/org/jabref/model/entry/identifier/ISBN.java	32	11	5	0.45	true	false
jablib/src/main/java/org/jabref/logic/journals/JournalAbbreviationRepository.java	jablib/src/main/java/org/jabref/logic/layout/format/JournalAbbreviator.java	32	11	5	0.45	true	false
jablib/src/main/java/org/jabref/logic/msbib/BibTeXConverter.java	jablib/src/main/java/org/jabref/logic/util/TestEntry.java	23	11	5	0.45	true	false
jablib/src/main/java/org/jabref/logic/openoffice/style/JStyle.java	jablib/src/main/java/org/jabref/logic/openoffice/style/JStyleGetCitationMarker.java	104	11	5	0.45	false	false
jablib/src/main/java/org/jabref/logic/shared/DBMSConnection.java	jablib/src/main/java/org/jabref/logic/shared/DBMSType.java	13	11	5	0.45	false	false
jablib/src/main/java/org/jabref/logic/shared/DBMSConnectionProperties.java	jablib/src/main/java/org/jabref/logic/shared/DBMSType.java	15	11	5	0.45	false	false
jablib/src/main/java/org/jabref/logic/shared/DBMSSynchronizer.java	jablib/src/main/java/org/jabref/logic/shared/DBMSType.java	38	11	5	0.45	false	false
jablib/src/main/java/org/jabref/logic/texparser/DefaultLatexParser.java	jablib/src/main/java/org/jabref/model/texparser/LatexBibEntriesResolverResult.java	42	11	5	0.45	true	false
jablib/src/main/java/org/jabref/logic/util/BackgroundTask.java	jablib/src/main/java/org/jabref/logic/util/CurrentThreadTaskExecutor.java	26	11	5	0.45	false	false
jablib/src/main/java/org/jabref/model/entry/BibEntryType.java	jablib/src/main/java/org/jabref/model/entry/BibEntryTypeBuilder.java	14	11	5	0.45	false	false
jablib/src/main/java/org/jabref/model/entry/identifier/DOI.java	jablib/src/main/java/org/jabref/model/entry/identifier/ISBN.java	61	11	5	0.45	false	false
jabgui/src/main/java/org/jabref/gui/LibraryTab.java	jablib/src/main/java/org/jabref/logic/layout/Layout.java	1048	53	24	0.45	true	true
jablib/src/main/java/org/jabref/model/groups/AllEntriesGroup.java	jablib/src/main/java/org/jabref/model/groups/GroupTreeNode.java	42	86	19	0.45	false	false
jablib/src/main/java/org/jabref/logic/importer/Importer.java	jablib/src/main/java/org/jabref/logic/importer/fileformat/MsBibImporter.java	47	31	14	0.45	true	false
jablib/src/main/java/org/jabref/logic/importer/fileformat/EndnoteImporter.java	jablib/src/main/java/org/jabref/logic/importer/fileformat/MsBibImporter.java	70	31	14	0.45	false	false
jablib/src/main/java/org/jabref/logic/importer/fileformat/InspecImporter.java	jablib/src/main/java/org/jabref/logic/importer/fileformat/MsBibImporter.java	44	31	14	0.45	false	false
jablib/src/main/java/org/jabref/logic/importer/fileformat/IsiImporter.java	jablib/src/main/java/org/jabref/logic/importer/fileformat/MsBibImporter.java	95	31	14	0.45	false	false
jablib/src/main/java/org/jabref/logic/importer/fileformat/MedlineImporter.java	jablib/src/main/java/org/jabref/logic/importer/fileformat/MsBibImporter.java	58	31	14	0.45	false	false
jablib/src/main/java/org/jabref/logic/importer/fileformat/MsBibImporter.java	jablib/src/main/java/org/jabref/logic/importer/fileformat/OvidImporter.java	31	57	14	0.45	false	false
jablib/src/main/java/org/jabref/logic/importer/fileformat/MsBibImporter.java	jablib/src/main/java/org/jabref/logic/importer/fileformat/RisImporter.java	31	94	14	0.45	false	false
jabgui/src/main/java/org/jabref/gui/LibraryTab.java	jabgui/src/main/java/org/jabref/gui/duplicationFinder/DuplicateSearch.java	1048	82	37	0.45	true	false
jabgui/src/main/java/org/jabref/gui/LibraryTab.java	jablib/src/main/java/org/jabref/logic/util/io/DatabaseFileLookup.java	1048	51	23	0.45	true	true
jablib/src/main/java/org/jabref/logic/crawler/StudyRepository.java	jablib/src/main/java/org/jabref/logic/preferences/JabRefCliPreferences.java	40	1078	18	0.45	true	false
jablib/src/main/java/org/jabref/logic/externalfiles/LinkedFileHandler.java	jablib/src/main/java/org/jabref/logic/util/io/FileUtil.java	20	142	9	0.45	true	false
jablib/src/main/java/org/jabref/logic/importer/fetcher/AstrophysicsDataSystem.java	jablib/src/main/java/org/jabref/logic/importer/fetcher/ZbMATH.java	42	20	9	0.45	false	false
jabgui/src/main/java/org/jabref/gui/LibraryTab.java	jablib/src/main/java/org/jabref/logic/push/PushToLyx.java	1048	49	22	0.45	true	true
jablib/src/main/java/org/jabref/logic/importer/fileformat/MedlineImporter.java	jablib/src/main/java/org/jabref/logic/importer/fileformat/RepecNepImporter.java	58	66	26	0.45	false	false
jabgui/src/main/java/org/jabref/gui/entryeditor/EntryEditor.java	jabgui/src/main/java/org/jabref/gui/preview/PreviewPanel.java	655	29	13	0.45	true	false
jabgui/src/main/java/org/jabref/gui/openoffice/StyleSelectDialogView.java	jablib/src/main/java/org/jabref/logic/preferences/JabRefCliPreferences.java	29	1078	13	0.45	true	true
jabgui/src/main/java/org/jabref/gui/shared/SharedDatabaseUIManager.java	jablib/src/main/java/org/jabref/logic/shared/DBMSSynchronizer.java	62	38	17	0.45	true	true
jabgui/src/main/java/org/jabref/cli/ArgumentProcessor.java	jablib/src/main/java/org/jabref/logic/preferences/JabRefCliPreferences.java	123	1078	55	0.45	true	true
jabgui/src/main/java/org/jabref/gui/frame/JabRefFrame.java	jabgui/src/main/java/org/jabref/gui/importer/actions/OpenDatabaseAction.java	1215	224	100	0.45	true	false
jabgui/src/main/java/org/jabref/gui/frame/JabRefFrame.java	jabgui/src/main/java/org/jabref/gui/mergeentries/threewaymerge/MergeEntriesDialog.java	1215	63	28	0.44	true	false
jablib/src/main/java/org/jabref/logic/layout/LayoutEntry.java	jablib/src/main/java/org/jabref/logic/layout/LayoutHelper.java	120	63	28	0.44	false	false
jablib/src/main/java/org/jabref/model/entry/types/BiblatexEntryTypeDefinitions.java	jablib/src/main/java/org/jabref/model/entry/types/BibtexEntryTypeDefinitions.java	46	45	20	0.44	false	false
jabgui/src/main/java/org/jabref/gui/auximport/NewSubLibraryAction.java	jabgui/src/main/java/org/jabref/gui/importer/actions/OpenDatabaseAction.java	36	224	16	0.44	true	false
jablib/src/main/java/org/jabref/logic/importer/WebFetchers.java	jablib/src/main/java/org/jabref/logic/importer/fileformat/pdf/PdfMergeMetadataImporter.java	102	27	12	0.44	true	false
jabgui/src/main/java/org/jabref/gui/maintable/MainTable.java	jablib/src/main/java/org/jabref/logic/bibtex/TypedBibEntry.java	293	18	8	0.44	true	true
jabgui/src/main/java/org/jabref/gui/preferences/external/ExternalTab.java	jablib/src/main/java/org/jabref/logic/preferences/JabRefCliPreferences.java	18	1078	8	0.44	true	true
jablib/src/main/java/org/jabref/logic/layout/format/DOIStrip.java	jablib/src/main/java/org/jabref/model/entry/identifier/DOI.java	18	61	8	0.44	true	false
jablib/src/main/java/org/jabref/logic/preferences/JabRefCliPreferences.java	jablib/src/main/java/org/jabref/logic/remote/server/RemoteListenerServer.java	1078	18	8	0.44	true	false
jablib/src/main/java/org/jabref/logic/texparser/DefaultLatexParser.java	jablib/src/main/java/org/jabref/logic/texparser/TexBibEntriesResolver.java	42	18	8	0.44	false	false
jabgui/src/main/java/org/jabref/cli/ArgumentProcessor.java	jablib/src/main/java/org/jabref/logic/importer/fetcher/AbstractIsbnFetcher.java	123	9	4	0.44	true	true
jabgui/src/main/java/org/jabref/gui/DialogService.java	jablib/src/main/java/org/jabref/logic/util/TaskExecutor.java	36	9	4	0.44	true	true
jabgui/src/main/java/org/jabref/gui/JabRefGUI.java	jablib/src/main/java/org/jabref/logic/UiCommand.java	190	9	4	0.44	true	true
jabgui/src/main/java/org/jabref/gui/LibraryTab.java	jabgui/src/main/java/org/jabref/gui/libraryproperties/contentselectors/ContentSelectorView.java	1048	9	4	0.44	true	false
jabgui/src/main/java/org/jabref/gui/LibraryTab.java	jabgui/src/main/java/org/jabref/gui/maintable/CellFactory.java	1048	9	4	0.44	true	false
jabgui/src/main/java/org/jabref/gui/LibraryTab.java	jabgui/src/main/java/org/jabref/gui/util/comparator/RankingFieldComparator.java	1048	9	4	0.44	true	false
jabgui/src/main/java/org/jabref/gui/autocompleter/AutoCompletionTextInputBinding.java	jabgui/src/main/java/org/jabref/gui/fieldeditors/SimpleEditor.java	9	22	4	0.44	true	false
jabgui/src/main/java/org/jabref/gui/commonfxcontrols/CitationKeyPatternsPanelViewModel.java	jabgui/src/main/java/org/jabref/gui/preferences/PreferencesDialogViewModel.java	9	59	4	0.44	true	false
jabgui/src/main/java/org/jabref/gui/commonfxcontrols/CitationKeyPatternsPanelViewModel.java	jabgui/src/main/java/org/jabref/migrations/PreferencesMigrations.java	9	87	4	0.44	true	false
jabgui/src/main/java/org/jabref/gui/commonfxcontrols/CitationKeyPatternsPanelViewModel.java	jablib/src/main/java/org/jabref/logic/preferences/JabRefCliPreferences.java	9	1078	4	0.44	true	true
jabgui/src/main/java/org/jabref/gui/edit/CopyDoiUrlAction.java	jablib/src/main/java/org/jabref/logic/importer/fetcher/TitleFetcher.java	16	9	4	0.44	true	true
jabgui/src/main/java/org/jabref/gui/entryeditor/EntryEditor.java	jabgui/src/main/java/org/jabref/gui/sidepane/SidePaneViewModel.java	655	9	4	0.44	true	false
jabgui/src/main/java/org/jabref/gui/exporter/SaveAction.java	jabgui/src/main/java/org/jabref/gui/shared/SharedDatabaseLoginDialogViewModel.java	9	33	4	0.44	true	false
jabgui/src/main/java/org/jabref/gui/fieldeditors/AbstractEditorViewModel.java	jabgui/src/main/java/org/jabref/gui/fieldeditors/DateEditor.java	14	9	4	0.44	false	false
jabgui/src/main/java/org/jabref/gui/fieldeditors/DateEditor.java	jabgui/src/main/java/org/jabref/gui/fieldeditors/JournalEditorViewModel.java	9	10	4	0.44	false	false
jabgui/src/main/java/org/jabref/gui/fieldeditors/DateEditor.java	jabgui/src/main/java/org/jabref/gui/fieldeditors/LinkedEntriesEditor.java	9	13	4	0.44	false	false
jabgui/src/main/java/org/jabref/gui/fieldeditors/DateEditor.java	jabgui/src/main/java/org/jabref/gui/fieldeditors/LinkedFilesEditor.java	9	86	4	0.44	false	false
jabgui/src/main/java/org/jabref/gui/fieldeditors/DateEditor.java	jabgui/src/main/java/org/jabref/gui/fieldeditors/PersonsEditor.java	9	16	4	0.44	false	false
jabgui/src/main/java/org/jabref/gui/fieldeditors/LinkedFilesEditor.java	jabgui/src/main/java/org/jabref/gui/linkedfile/DeleteFileAction.java	86	9	4	0.44	true	false
jabgui/src/main/java/org/jabref/gui/fieldeditors/LinkedFilesEditorViewModel.java	jablib/src/main/java/org/jabref/logic/util/io/AutoLinkPreferences.java	68	9	4	0.44	true	true
jabgui/src/main/java/org/jabref/gui/frame/ExternalApplicationsPreferences.java	jabgui/src/main/java/org/jabref/gui/frame/JabRefFrame.java	9	1215	4	0.44	false	false
jabgui/src/main/java/org/jabref/gui/frame/JabRefFrame.java	jabgui/src/main/java/org/jabref/gui/libraryproperties/contentselectors/ContentSelectorView.java	1215	9	4	0.44	true	false
jabgui/src/main/java/org/jabref/gui/frame/JabRefFrame.java	jablib/src/main/java/org/jabref/logic/UiCommand.java	1215	9	4	0.44	true	true
jabgui/src/main/java/org/jabref/gui/frame/JabRefFrame.java	jablib/src/main/java/org/jabref/logic/util/io/BackupFileUtil.java	1215	9	4	0.44	true	true
jabgui/src/main/java/org/jabref/gui/groups/GroupTreeViewModel.java	jabgui/src/main/java/org/jabref/gui/sidepane/SidePaneViewModel.java	88	9	4	0.44	true	false
jabgui/src/main/java/org/jabref/gui/libraryproperties/contentselectors/ContentSelectorView.java	jabgui/src/main/java/org/jabref/gui/libraryproperties/contentselectors/ContentSelectorViewModel.java	9	14	4	0.44	false	false
jabgui/src/main/java/org/jabref/gui/maintable/CellFactory.java	jabgui/src/main/java/org/jabref/gui/maintable/RightClickMenu.java	9	216	4	0.44	false	false
jabgui/src/main/java/org/jabref/gui/maintable/CellFactory.java	jablib/src/main/java/org/jabref/logic/preferences/JabRefCliPreferences.java	9	1078	4	0.44	true	true
jabgui/src/main/java/org/jabref/gui/openoffice/OpenOfficePanel.java	jabgui/src/main/java/org/jabref/gui/sidepane/SidePaneViewModel.java	230	9	4	0.44	true	false
jabgui/src/main/java/org/jabref/gui/openoffice/OpenOfficePanel.java	jablib/src/main/java/org/jabref/logic/openoffice/action/EditMerge.java	230	9	4	0.44	true	true
jabgui/src/main/java/org/jabref/gui/openoffice/OpenOfficePanel.java	jablib/src/main/java/org/jabref/logic/openoffice/frontend/OOFrontend.java	230	9	4	0.44	true	true
jabgui/src/main/java/org/jabref/gui/preferences/customentrytypes/FieldViewModel.java	jablib/src/main/java/org/jabref/model/entry/field/UnknownField.java	14	9	4	0.44	true	true
jabgui/src/main/java/org/jabref/gui/preferences/journals/JournalAbbreviationsTab.java	jablib/src/main/java/org/jabref/logic/journals/AbbreviationWriter.java	26	9	4	0.44	true	true
jabgui/src/main/java/org/jabref/gui/remote/CLIMessageHandler.java	jablib/src/main/java/org/jabref/logic/UiCommand.java	26	9	4	0.44	true	true
jabgui/src/main/java/org/jabref/gui/util/comparator/RankingFieldComparator.java	jablib/src/main/java/org/jabref/logic/preferences/JabRefCliPreferences.java	9	1078	4	0.44	true	true
jabgui/src/main/java/org/jabref/gui/walkthrough/declarative/NodeResolver.java	jabgui/src/main/java/org/jabref/gui/welcome/WelcomeTab.java	9	23	4	0.44	true	false
jabkit/src/main/java/module-info.java	jabkit/src/main/java/org/jabref/toolkit/commands/GenerateBibFromAux.java	14	9	4	0.44	true	false
jablib/src/main/java/org/jabref/logic/bibtex/comparator/EntryComparator.java	jablib/src/main/java/org/jabref/logic/layout/format/AuthorLastFirst.java	55	9	4	0.44	true	false
jablib/src/main/java/org/jabref/logic/citationkeypattern/CitationKeyGenerator.java	jablib/src/main/java/org/jabref/logic/layout/format/AuthorLastFirst.java	201	9	4	0.44	true	false
jablib/src/main/java/org/jabref/logic/citationkeypattern/CitationKeyGenerator.java	jablib/src/main/java/org/jabref/logic/net/ProxyRegisterer.java	201	9	4	0.44	true	false
jablib/src/main/java/org/jabref/logic/cleanup/FieldFormatterCleanup.java	jablib/src/main/java/org/jabref/logic/formatter/bibtexfields/ClearFormatter.java	39	9	4	0.44	true	false
jablib/src/main/java/org/jabref/logic/formatter/IdentityFormatter.java	jablib/src/main/java/org/jabref/logic/formatter/bibtexfields/UnicodeToLatexFormatter.java	9	16	4	0.44	true	false
jablib/src/main/java/org/jabref/logic/formatter/bibtexfields/ClearFormatter.java	jablib/src/main/java/org/jabref/logic/formatter/bibtexfields/UnicodeToLatexFormatter.java	9	16	4	0.44	false	false
jablib/src/main/java/org/jabref/logic/formatter/bibtexfields/NormalizeNamesFormatter.java	jablib/src/main/java/org/jabref/logic/util/strings/QuotedStringTokenizer.java	26	9	4	0.44	true	false
jablib/src/main/java/org/jabref/logic/importer/SearchBasedFetcher.java	jablib/src/main/java/org/jabref/logic/importer/fetcher/ComplexSearchQuery.java	16	9	4	0.44	true	false
jablib/src/main/java/org/jabref/logic/importer/WebFetchers.java	jablib/src/main/java/org/jabref/model/entry/identifier/Identifier.java	102	9	4	0.44	true	false
jablib/src/main/java/org/jabref/logic/importer/fetcher/ACS.java	jablib/src/main/java/org/jabref/logic/importer/fetcher/TitleFetcher.java	25	9	4	0.44	false	false
jablib/src/main/java/org/jabref/logic/importer/fetcher/AbstractIsbnFetcher.java	jablib/src/main/java/org/jabref/logic/importer/fetcher/DiVA.java	9	9	4	0.44	false	false
jablib/src/main/java/org/jabref/logic/importer/fetcher/AbstractIsbnFetcher.java	jablib/src/main/java/org/jabref/logic/importer/fetcher/IEEE.java	9	55	4	0.44	false	false
jablib/src/main/java/org/jabref/logic/importer/fetcher/AstrophysicsDataSystem.java	jablib/src/main/java/org/jabref/logic/importer/fetcher/BiodiversityLibrary.java	42	9	4	0.44	false	false
jablib/src/main/java/org/jabref/logic/importer/fetcher/AstrophysicsDataSystem.java	jablib/src/main/java/org/jabref/logic/importer/fetcher/DiVA.java	42	9	4	0.44	false	false
jablib/src/main/java/org/jabref/logic/importer/fetcher/ComplexSearchQuery.java	jablib/src/main/java/org/jabref/logic/importer/fetcher/IEEE.java	9	55	4	0.44	false	false
jablib/src/main/java/org/jabref/logic/importer/fetcher/ScienceDirect.java	jablib/src/main/java/org/jabref/logic/importer/fetcher/TitleFetcher.java	35	9	4	0.44	false	false
jablib/src/main/java/org/jabref/logic/importer/fetcher/SpringerNatureFullTextFetcher.java	jablib/src/main/java/org/jabref/logic/importer/fetcher/TitleFetcher.java	32	9	4	0.44	false	false
jablib/src/main/java/org/jabref/logic/importer/fetcher/TitleFetcher.java	jablib/src/main/java/org/jabref/logic/importer/fileformat/pdf/PdfContentImporter.java	9	108	4	0.44	true	false
jablib/src/main/java/org/jabref/logic/importer/fetcher/TitleFetcher.java	jablib/src/main/java/org/jabref/logic/layout/format/DOIStrip.java	9	18	4	0.44	true	false
jablib/src/main/java/org/jabref/logic/importer/fileformat/EndnoteImporter.java	jablib/src/main/java/org/jabref/logic/layout/format/AuthorLastFirst.java	70	9	4	0.44	true	false
jablib/src/main/java/org/jabref/logic/importer/fileformat/InspecImporter.java	jablib/src/main/java/org/jabref/logic/layout/format/AuthorLastFirst.java	44	9	4	0.44	true	false
jablib/src/main/java/org/jabref/logic/importer/fileformat/OvidImporter.java	jablib/src/main/java/org/jabref/logic/layout/format/AuthorLastFirst.java	57	9	4	0.44	true	false
jablib/src/main/java/org/jabref/logic/importer/fileformat/RisImporter.java	jablib/src/main/java/org/jabref/logic/layout/format/AuthorLastFirst.java	94	9	4	0.44	true	false
jablib/src/main/java/org/jabref/logic/journals/Abbreviation.java	jablib/src/main/java/org/jabref/logic/journals/AbbreviationWriter.java	20	9	4	0.44	false	false
jablib/src/main/java/org/jabref/logic/journals/AbbreviationWriter.java	jablib/src/main/java/org/jabref/logic/journals/JournalAbbreviationLoader.java	9	35	4	0.44	false	false
jablib/src/main/java/org/jabref/logic/journals/AbbreviationWriter.java	jablib/src/main/java/org/jabref/logic/journals/JournalAbbreviationRepository.java	9	32	4	0.44	false	false
jablib/src/main/java/org/jabref/logic/layout/format/AuthorAbbreviator.java	jablib/src/main/java/org/jabref/logic/layout/format/AuthorLastFirst.java	16	9	4	0.44	false	false
jablib/src/main/java/org/jabref/logic/layout/format/DocBookAuthorFormatter.java	jablib/src/main/java/org/jabref/logic/layout/format/HTMLParagraphs.java	35	9	4	0.44	false	false
jablib/src/main/java/org/jabref/logic/layout/format/HTMLParagraphs.java	jablib/src/main/java/org/jabref/logic/layout/format/NameFormatter.java	9	26	4	0.44	false	false
jablib/src/main/java/org/jabref/logic/openoffice/action/EditMerge.java	jablib/src/main/java/org/jabref/logic/openoffice/frontend/OOFrontend.java	9	9	4	0.44	true	false
jablib/src/main/java/org/jabref/logic/openoffice/action/EditMerge.java	jablib/src/main/java/org/jabref/logic/openoffice/oocsltext/CSLCitationOOAdapter.java	9	90	4	0.44	true	false
jablib/src/main/java/org/jabref/logic/openoffice/frontend/OOFrontend.java	jablib/src/main/java/org/jabref/logic/openoffice/oocsltext/CSLCitationOOAdapter.java	9	90	4	0.44	true	false
jablib/src/main/java/org/jabref/logic/shared/DBMSSynchronizer.java	jablib/src/main/java/org/jabref/model/database/CitationKeyListener.java	38	9	4	0.44	true	false
jablib/src/main/java/org/jabref/logic/util/BackgroundTask.java	jablib/src/main/java/org/jabref/logic/util/TaskExecutor.java	26	9	4	0.44	false	false
jablib/src/main/java/org/jabref/logic/util/BuildInfo.java	jablib/src/main/java/org/jabref/logic/util/strings/QuotedStringTokenizer.java	52	9	4	0.44	true	false
jablib/src/main/java/org/jabref/logic/util/strings/QuotedStringTokenizer.java	jablib/src/main/java/org/jabref/logic/util/strings/StringUtil.java	9	109	4	0.44	false	false
jablib/src/main/java/org/jabref/logic/util/strings/QuotedStringTokenizer.java	jablib/src/main/java/org/jabref/model/groups/ExplicitGroup.java	9	81	4	0.44	true	false
jablib/src/main/java/org/jabref/model/database/BibDatabase.java	jablib/src/main/java/org/jabref/model/database/BibDatabaseMode.java	209	9	4	0.44	false	false
jablib/src/main/java/org/jabref/model/database/CitationKeyListener.java	jablib/src/main/java/org/jabref/model/entry/BibEntry.java	9	312	4	0.44	true	false
jablib/src/main/java/org/jabref/model/database/CitationKeyListener.java	jablib/src/main/java/org/jabref/model/entry/event/FieldChangedEvent.java	9	16	4	0.44	true	false
jablib/src/main/java/org/jabref/model/entry/field/FieldFactory.java	jablib/src/main/java/org/jabref/model/entry/field/UnknownField.java	32	9	4	0.44	false	false
jablib/src/main/java/org/jabref/logic/exporter/ExporterFactory.java	jablib/src/main/java/org/jabref/logic/exporter/TemplateExporter.java	34	88	15	0.44	false	false
jabgui/src/main/java/org/jabref/gui/preferences/PreferencesDialogViewModel.java	jablib/src/main/java/org/jabref/logic/preferences/JabRefCliPreferences.java	59	1078	26	0.44	true	true
jabgui/src/main/java/module-info.java	jabsrv/src/main/java/module-info.java	149	25	11	0.44	false	true
jabgui/src/main/java/org/jabref/gui/maintable/RightClickMenu.java	jabgui/src/main/java/org/jabref/gui/specialfields/SpecialFieldAction.java	216	25	11	0.44	true	false
jablib/src/main/java/module-info.java	jabsrv/src/main/java/module-info.java	56	25	11	0.44	false	true
jablib/src/main/java/org/jabref/logic/importer/fetcher/ACS.java	jablib/src/main/java/org/jabref/logic/importer/fetcher/GoogleScholar.java	25	36	11	0.44	false	false
jabgui/src/main/java/org/jabref/gui/LibraryTab.java	jabgui/src/main/java/org/jabref/gui/maintable/RightClickMenu.java	1048	216	95	0.44	true	false
jabgui/src/main/java/org/jabref/gui/actions/StandardActions.java	jabgui/src/main/java/org/jabref/gui/frame/JabRefFrame.java	144	1215	63	0.44	true	false
jabgui/src/main/java/org/jabref/Launcher.java	jabgui/src/main/java/org/jabref/gui/preferences/customimporter/CustomImporterTabViewModel.java	159	16	7	0.44	true	false
jabgui/src/main/java/org/jabref/Launcher.java	jablib/src/main/java/org/jabref/logic/remote/RemotePreferences.java	159	16	7	0.44	true	true
jabgui/src/main/java/org/jabref/cli/ArgumentProcessor.java	jabgui/src/main/java/org/jabref/gui/preferences/customimporter/CustomImporterTabViewModel.java	123	16	7	0.44	true	false
jabgui/src/main/java/org/jabref/gui/LibraryTab.java	jablib/src/main/java/org/jabref/logic/cleanup/RelativePathsCleanup.java	1048	16	7	0.44	true	true
jabgui/src/main/java/org/jabref/gui/WorkspacePreferences.java	jabgui/src/main/java/org/jabref/gui/frame/JabRefFrame.java	16	1215	7	0.44	true	false
jabgui/src/main/java/org/jabref/gui/WorkspacePreferences.java	jabgui/src/main/java/org/jabref/gui/preferences/JabRefGuiPreferences.java	16	60	7	0.44	true	false
jabgui/src/main/java/org/jabref/gui/WorkspacePreferences.java	jabgui/src/main/java/org/jabref/gui/preferences/general/GeneralTab.java	16	55	7	0.44	true	false
jabgui/src/main/java/org/jabref/gui/autocompleter/WordSuggestionProvider.java	jabgui/src/main/java/org/jabref/gui/entryeditor/EntryEditor.java	16	655	7	0.44	true	false
jabgui/src/main/java/org/jabref/gui/edit/CopyDoiUrlAction.java	jabgui/src/main/java/org/jabref/gui/frame/JabRefFrame.java	16	1215	7	0.44	true	false
jabgui/src/main/java/org/jabref/gui/entryeditor/EntryEditor.java	jablib/src/main/java/org/jabref/logic/layout/format/AuthorAbbreviator.java	655	16	7	0.44	true	true
jabgui/src/main/java/org/jabref/gui/fieldeditors/FieldEditors.java	jabgui/src/main/java/org/jabref/gui/fieldeditors/PersonsEditor.java	60	16	7	0.44	false	false
jabgui/src/main/java/org/jabref/gui/fieldeditors/JournalEditor.java	jabgui/src/main/java/org/jabref/gui/fieldeditors/PersonsEditor.java	21	16	7	0.44	false	false
jabgui/src/main/java/org/jabref/gui/maintable/ColumnPreferencesRecorder.java	jabgui/src/main/java/org/jabref/gui/maintable/MainTableColumnModel.java	17	16	7	0.44	false	false
jabgui/src/main/java/org/jabref/gui/preferences/customimporter/CustomImporterTabViewModel.java	jablib/src/main/java/org/jabref/logic/preferences/CliPreferences.java	16	115	7	0.44	true	true
jabgui/src/main/java/org/jabref/gui/texparser/ParseLatexResultView.java	jablib/src/main/java/org/jabref/logic/texparser/DefaultLatexParser.java	16	42	7	0.44	true	true
jabkit/src/main/java/org/jabref/toolkit/JabKitLauncher.java	jabkit/src/main/java/org/jabref/toolkit/commands/CheckConsistency.java	16	16	7	0.44	true	false
jabkit/src/main/java/org/jabref/toolkit/JabKitLauncher.java	jabkit/src/main/java/org/jabref/toolkit/commands/JabKit.java	16	18	7	0.44	true	false
jabkit/src/main/java/org/jabref/toolkit/commands/CheckConsistency.java	jabkit/src/main/java/org/jabref/toolkit/commands/JabKit.java	16	18	7	0.44	false	false
jablib/src/main/java/org/jabref/logic/cleanup/CleanupWorker.java	jablib/src/main/java/org/jabref/logic/cleanup/RelativePathsCleanup.java	42	16	7	0.44	false	false
jablib/src/main/java/org/jabref/logic/cleanup/RelativePathsCleanup.java	jablib/src/main/java/org/jabref/logic/util/io/DatabaseFileLookup.java	16	51	7	0.44	true	false
jablib/src/main/java/org/jabref/logic/cleanup/RelativePathsCleanup.java	jablib/src/main/java/org/jabref/model/entry/LinkedFile.java	16	41	7	0.44	true	false
jablib/src/main/java/org/jabref/logic/formatter/bibtexfields/NormalizeNamesFormatter.java	jablib/src/main/java/org/jabref/logic/formatter/bibtexfields/OrdinalsToSuperscriptFormatter.java	26	16	7	0.44	false	false
jablib/src/main/java/org/jabref/logic/formatter/bibtexfields/UnicodeToLatexFormatter.java	jablib/src/main/java/org/jabref/logic/util/strings/HTMLUnicodeConversionMaps.java	16	29	7	0.44	true	false
jablib/src/main/java/org/jabref/logic/importer/ImportFormatPreferences.java	jablib/src/main/java/org/jabref/logic/preferences/CliPreferences.java	16	115	7	0.44	true	false
jablib/src/main/java/org/jabref/logic/importer/SearchBasedFetcher.java	jablib/src/main/java/org/jabref/logic/importer/fetcher/GoogleScholar.java	16	36	7	0.44	true	false
jablib/src/main/java/org/jabref/logic/importer/SearchBasedFetcher.java	jablib/src/main/java/org/jabref/logic/importer/fetcher/IEEE.java	16	55	7	0.44	true	false
jablib/src/main/java/org/jabref/logic/layout/format/AuthorAbbreviator.java	jablib/src/main/java/org/jabref/model/entry/AuthorList.java	16	77	7	0.44	true	false
jablib/src/main/java/org/jabref/logic/bibtex/comparator/EntryComparator.java	jablib/src/main/java/org/jabref/logic/bibtex/comparator/FieldComparator.java	55	72	24	0.44	false	false
jabgui/src/main/java/org/jabref/gui/LibraryTab.java	jabgui/src/main/java/org/jabref/gui/shared/SharedDatabaseUIManager.java	1048	62	27	0.44	true	false
jabgui/src/main/java/org/jabref/gui/exporter/ExportCommand.java	jabgui/src/main/java/org/jabref/gui/exporter/ExportToClipboardAction.java	30	79	13	0.43	false	false
jabgui/src/main/java/org/jabref/gui/mergeentries/threewaymerge/MergeEntriesDialog.java	jabgui/src/main/java/org/jabref/gui/mergeentries/threewaymerge/ThreeWayMergeView.java	63	30	13	0.43	false	false
jablib/src/main/java/org/jabref/logic/importer/Importer.java	jablib/src/main/java/org/jabref/logic/importer/fileformat/InspecImporter.java	47	44	19	0.43	true	false
jabgui/src/main/java/org/jabref/gui/LibraryTab.java	jablib/src/main/java/org/jabref/logic/push/PushToVim.java	1048	58	25	0.43	true	true
jablib/src/main/java/org/jabref/model/groups/AbstractGroup.java	jablib/src/main/java/org/jabref/model/groups/GroupTreeNode.java	58	86	25	0.43	false	false
jabgui/src/main/java/org/jabref/gui/cleanup/CleanupAction.java	jablib/src/main/java/org/jabref/logic/cleanup/CleanupWorker.java	66	42	18	0.43	true	true
jabgui/src/main/java/org/jabref/cli/ArgumentProcessor.java	jablib/src/main/java/org/jabref/logic/exporter/SaveConfiguration.java	123	35	15	0.43	true	true
jabgui/src/main/java/org/jabref/gui/frame/JabRefFrame.java	jabgui/src/main/java/org/jabref/gui/menus/ChangeEntryTypeMenu.java	1215	28	12	0.43	true	false
jabgui/src/main/java/org/jabref/gui/LibraryTab.java	jabgui/src/main/java/org/jabref/gui/frame/MainToolBar.java	1048	21	9	0.43	true	false
jabgui/src/main/java/org/jabref/gui/exporter/SaveDatabaseAction.java	jabgui/src/main/java/org/jabref/gui/preferences/protectedterms/NewProtectedTermsFileDialog.java	194	21	9	0.43	true	false
jabgui/src/main/java/org/jabref/gui/fieldeditors/FieldEditors.java	jabgui/src/main/java/org/jabref/gui/fieldeditors/JournalEditor.java	60	21	9	0.43	false	false
jabgui/src/main/java/org/jabref/gui/fieldeditors/JournalEditor.java	jabgui/src/main/java/org/jabref/gui/fieldeditors/identifier/IdentifierEditor.java	21	28	9	0.43	true	false
jabgui/src/main/java/org/jabref/gui/fieldeditors/LinkedFileViewModel.java	jabgui/src/main/java/org/jabref/gui/linkedfile/LinkedFileEditDialogViewModel.java	114	21	9	0.43	true	false
jabgui/src/main/java/org/jabref/gui/fieldeditors/LinkedFilesEditorViewModel.java	jabgui/src/main/java/org/jabref/gui/linkedfile/LinkedFileEditDialogViewModel.java	68	21	9	0.43	true	false
jabgui/src/main/java/org/jabref/gui/frame/JabRefFrame.java	jabgui/src/main/java/org/jabref/gui/frame/MainToolBar.java	1215	21	9	0.43	false	false
jabgui/src/main/java/org/jabref/gui/frame/JabRefFrame.java	jabgui/src/main/java/org/jabref/gui/preferences/protectedterms/NewProtectedTermsFileDialog.java	1215	21	9	0.43	true	false
jabgui/src/main/java/org/jabref/gui/frame/JabRefFrame.java	jabgui/src/main/java/org/jabref/gui/shared/SharedDatabaseLoginDialogView.java	1215	21	9	0.43	true	false
jabgui/src/main/java/org/jabref/gui/importer/actions/OpenDatabaseAction.java	jabgui/src/main/java/org/jabref/gui/preferences/protectedterms/NewProtectedTermsFileDialog.java	224	21	9	0.43	true	false
jablib/src/main/java/org/jabref/logic/formatter/bibtexfields/NormalizeNamesFormatter.java	jablib/src/main/java/org/jabref/logic/formatter/bibtexfields/UnitsToLatexFormatter.java	26	21	9	0.43	false	false
jablib/src/main/java/org/jabref/logic/formatter/bibtexfields/NormalizePagesFormatter.java	jablib/src/main/java/org/jabref/logic/formatter/bibtexfields/UnitsToLatexFormatter.java	25	21	9	0.43	false	false
jabgui/src/main/java/org/jabref/gui/LibraryTab.java	jabgui/src/main/java/org/jabref/gui/externalfiles/ExternalFilesEntryLinker.java	1048	14	6	0.43	true	false
jabgui/src/main/java/org/jabref/gui/LibraryTab.java	jabgui/src/main/java/org/jabref/gui/fieldeditors/AbstractEditorViewModel.java	1048	14	6	0.43	true	false
jabgui/src/main/java/org/jabref/gui/LibraryTab.java	jablib/src/main/java/org/jabref/logic/cleanup/UpgradePdfPsToFileCleanup.java	1048	14	6	0.43	true	true
jabgui/src/main/java/org/jabref/gui/LibraryTab.java	jablib/src/main/java/org/jabref/logic/pdf/EntryAnnotationImporter.java	1048	14	6	0.43	true	true
jabgui/src/main/java/org/jabref/gui/LibraryTab.java	jablib/src/main/java/org/jabref/logic/pdf/FileAnnotationCache.java	1048	14	6	0.43	true	true
jabgui/src/main/java/org/jabref/gui/documentviewer/DocumentViewerView.java	jabgui/src/main/java/org/jabref/gui/documentviewer/ShowDocumentViewerAction.java	17	14	6	0.43	false	false
jabgui/src/main/java/org/jabref/gui/documentviewer/ShowDocumentViewerAction.java	jabgui/src/main/java/org/jabref/gui/frame/JabRefFrame.java	14	1215	6	0.43	true	false
jabgui/src/main/java/org/jabref/gui/entryeditor/EntryEditor.java	jabgui/src/main/java/org/jabref/gui/sidepane/SidePaneContentFactory.java	655	14	6	0.43	true	false
jabgui/src/main/java/org/jabref/gui/entryeditor/PreviewTab.java	jabgui/src/main/java/org/jabref/gui/search/GlobalSearchResultDialog.java	14	26	6	0.43	true	false
jabgui/src/main/java/org/jabref/gui/exporter/CreateModifyExporterDialogViewModel.java	jabgui/src/main/java/org/jabref/gui/exporter/ExportCommand.java	14	30	6	0.43	false	false
jabgui/src/main/java/org/jabref/gui/exporter/CreateModifyExporterDialogViewModel.java	jablib/src/main/java/org/jabref/logic/exporter/ExporterFactory.java	14	34	6	0.43	true	true
jabgui/src/main/java/org/jabref/gui/externalfiles/ExternalFilesEntryLinker.java	jabgui/src/main/java/org/jabref/gui/fieldeditors/LinkedFilesEditorViewModel.java	14	68	6	0.43	true	false
jabgui/src/main/java/org/jabref/gui/externalfiles/ExternalFilesEntryLinker.java	jabgui/src/main/java/org/jabref/gui/maintable/MainTable.java	14	293	6	0.43	true	false
jabgui/src/main/java/org/jabref/gui/externalfiles/ExternalFilesEntryLinker.java	jabgui/src/main/java/org/jabref/gui/preview/PreviewPanel.java	14	29	6	0.43	true	false
jabgui/src/main/java/org/jabref/gui/fieldeditors/AbstractEditorViewModel.java	jabgui/src/main/java/org/jabref/gui/fieldeditors/LinkedFilesEditor.java	14	86	6	0.43	false	false
jabgui/src/main/java/org/jabref/gui/icon/IconTheme.java	jablib/src/main/java/org/jabref/logic/search/SearchPreferences.java	170	14	6	0.43	true	true
jabgui/src/main/java/org/jabref/gui/preferences/linkedfiles/LinkedFilesTab.java	jablib/src/main/java/org/jabref/logic/FilePreferences.java	14	28	6	0.43	true	true
jabgui/src/main/java/org/jabref/gui/preferences/table/TableTabViewModel.java	jablib/src/main/java/org/jabref/logic/preferences/CliPreferences.java	14	115	6	0.43	true	true
jabgui/src/main/java/org/jabref/gui/slr/ManageStudyDefinitionViewModel.java	jablib/src/main/java/org/jabref/model/study/Study.java	17	14	6	0.43	true	true
jabkit/src/main/java/org/jabref/toolkit/JabKitLauncher.java	jabkit/src/main/java/org/jabref/toolkit/commands/GenerateCitationKeys.java	16	14	6	0.43	true	false
jablib/src/main/java/org/jabref/logic/citationkeypattern/CitationKeyGenerator.java	jablib/src/main/java/org/jabref/logic/layout/format/AuthorFirstFirst.java	201	14	6	0.43	true	false
jablib/src/main/java/org/jabref/logic/cleanup/RenamePdfCleanup.java	jablib/src/main/java/org/jabref/logic/cleanup/UpgradePdfPsToFileCleanup.java	53	14	6	0.43	false	false
jablib/src/main/java/org/jabref/logic/cleanup/UpgradePdfPsToFileCleanup.java	jablib/src/main/java/org/jabref/logic/importer/util/FileFieldParser.java	14	30	6	0.43	true	false
jablib/src/main/java/org/jabref/logic/importer/fetcher/ACS.java	jablib/src/main/java/org/jabref/logic/importer/fetcher/OpenAccessDoi.java	25	14	6	0.43	false	false
jablib/src/main/java/org/jabref/logic/importer/fetcher/AstrophysicsDataSystem.java	jablib/src/main/java/org/jabref/logic/importer/fetcher/DOAJFetcher.java	42	14	6	0.43	false	false
jablib/src/main/java/org/jabref/logic/importer/fetcher/OpenAccessDoi.java	jablib/src/main/java/org/jabref/logic/importer/fetcher/SpringerNatureFullTextFetcher.java	14	32	6	0.43	false	false
jablib/src/main/java/org/jabref/logic/importer/util/GroupsParser.java	jablib/src/main/java/org/jabref/model/groups/TexGroup.java	45	14	6	0.43	true	false
jablib/src/main/java/org/jabref/model/entry/BibEntryType.java	jablib/src/main/java/org/jabref/model/entry/BibEntryTypesManager.java	14	20	6	0.43	false	false
jablib/src/main/java/org/jabref/model/groups/AbstractGroup.java	jablib/src/main/java/org/jabref/model/search/matchers/AndMatcher.java	58	14	6	0.43	true	false
jablib/src/main/java/org/jabref/model/groups/AllEntriesGroup.java	jablib/src/main/java/org/jabref/model/search/matchers/AndMatcher.java	42	14	6	0.43	true	false
jablib/src/main/java/org/jabref/model/groups/GroupTreeNode.java	jablib/src/main/java/org/jabref/model/search/matchers/AndMatcher.java	86	14	6	0.43	true	false
jabgui/src/main/java/module-info.java	jabgui/src/main/java/org/jabref/gui/icon/JabRefIconView.java	149	7	3	0.43	true	false
jabgui/src/main/java/org/jabref/Launcher.java	jabgui/src/main/java/org/jabref/gui/importer/GrobidUseDialogHelper.java	159	7	3	0.43	true	false
jabgui/src/main/java/org/jabref/cli/ArgumentProcessor.java	jabgui/src/main/java/org/jabref/gui/preferences/customexporter/CustomExporterTabViewModel.java	123	7	3	0.43	true	false
jabgui/src/main/java/org/jabref/cli/ArgumentProcessor.java	jablib/src/main/java/org/jabref/logic/importer/fileformat/CffImporter.java	123	7	3	0.43	true	true
jabgui/src/main/java/org/jabref/cli/ArgumentProcessor.java	jabsrv/src/main/java/org/jabref/http/server/resources/EntriesResource.java	123	7	3	0.43	true	true
jabgui/src/main/java/org/jabref/gui/JabRefDialogService.java	jabgui/src/main/java/org/jabref/gui/theme/StyleSheetFile.java	79	7	3	0.43	true	false
jabgui/src/main/java/org/jabref/gui/JabRefGUI.java	jabgui/src/main/java/org/jabref/gui/icon/JabRefIconView.java	190	7	3	0.43	true	false
jabgui/src/main/java/org/jabref/gui/LibraryTab.java	jabgui/src/main/java/org/jabref/gui/maintable/MainTableHeaderContextMenu.java	1048	7	3	0.43	true	false
jabgui/src/main/java/org/jabref/gui/LibraryTab.java	jablib/src/main/java/org/jabref/logic/integrity/ValidCitationKeyChecker.java	1048	7	3	0.43	true	true
jabgui/src/main/java/org/jabref/gui/LibraryTab.java	jablib/src/main/java/org/jabref/model/search/matchers/OrMatcher.java	1048	7	3	0.43	true	true
jabgui/src/main/java/org/jabref/gui/actions/ActionHelper.java	jabgui/src/main/java/org/jabref/gui/git/GitPullAction.java	33	7	3	0.43	true	false
jabgui/src/main/java/org/jabref/gui/actions/ActionHelper.java	jabgui/src/main/java/org/jabref/gui/git/GitPushAction.java	33	7	3	0.43	true	false
jabgui/src/main/java/org/jabref/gui/actions/StandardActions.java	jabgui/src/main/java/org/jabref/gui/maintable/ExtractReferencesAction.java	144	7	3	0.43	true	false
jabgui/src/main/java/org/jabref/gui/actions/StandardActions.java	jabgui/src/main/java/org/jabref/gui/texparser/ParseLatexAction.java	144	7	3	0.43	true	false
jabgui/src/main/java/org/jabref/gui/auximport/FromAuxDialog.java	jabgui/src/main/java/org/jabref/gui/libraryproperties/LibraryPropertiesView.java	86	7	3	0.43	true	false
jabgui/src/main/java/org/jabref/gui/backup/BackupResolverDialog.java	jablib/src/main/java/org/jabref/logic/preferences/JabRefCliPreferences.java	7	1078	3	0.43	true	true
jabgui/src/main/java/org/jabref/gui/backup/BackupResolverDialog.java	jablib/src/main/java/org/jabref/logic/util/io/BackupFileUtil.java	7	9	3	0.43	true	true
jabgui/src/main/java/org/jabref/gui/cleanup/CleanupAction.java	jabgui/src/main/java/org/jabref/gui/edit/ReplaceStringAction.java	66	7	3	0.43	true	false
jabgui/src/main/java/org/jabref/gui/cleanup/CleanupDialog.java	jabgui/src/main/java/org/jabref/gui/cleanup/CleanupDialogViewModel.java	9	7	3	0.43	false	false
jabgui/src/main/java/org/jabref/gui/cleanup/CleanupDialogViewModel.java	jablib/src/main/java/org/jabref/logic/preferences/JabRefCliPreferences.java	7	1078	3	0.43	true	true
jabgui/src/main/java/org/jabref/gui/collab/DatabaseChangeDetailsView.java	jabgui/src/main/java/org/jabref/gui/collab/DatabaseChangeMonitor.java	7	28	3	0.43	false	false
jabgui/src/main/java/org/jabref/gui/collab/DatabaseChangeDetailsView.java	jabgui/src/main/java/org/jabref/gui/collab/DatabaseChangesResolverDialog.java	7	12	3	0.43	false	false
jabgui/src/main/java/org/jabref/gui/collab/DatabaseChangeDetailsView.java	jabgui/src/main/java/org/jabref/gui/collab/groupchange/GroupChangeDetailsView.java	7	7	3	0.43	true	false
jabgui/src/main/java/org/jabref/gui/collab/DatabaseChangeDetailsViewFactory.java	jabgui/src/main/java/org/jabref/gui/collab/groupchange/GroupChangeDetailsView.java	10	7	3	0.43	true	false
jabgui/src/main/java/org/jabref/gui/dialogs/BackupUIManager.java	jablib/src/main/java/org/jabref/model/entry/EntryLinkList.java	32	7	3	0.43	true	true
jabgui/src/main/java/org/jabref/gui/duplicationFinder/DuplicateResolverDialog.java	jabgui/src/main/java/org/jabref/gui/mergeentries/threewaymerge/fieldsmerger/FieldMergerFactory.java	86	7	3	0.43	true	false
jabgui/src/main/java/org/jabref/gui/edit/ReplaceStringAction.java	jabgui/src/main/java/org/jabref/gui/edit/ReplaceStringView.java	7	8	3	0.43	false	false
jabgui/src/main/java/org/jabref/gui/entryeditor/LatexCitationsTab.java	jabgui/src/main/java/org/jabref/gui/externalfiles/FileSelectionPage.java	30	7	3	0.43	true	false
jabgui/src/main/java/org/jabref/gui/entryeditor/LatexCitationsTab.java	jabgui/src/main/java/org/jabref/gui/texparser/ParseLatexAction.java	30	7	3	0.43	true	false
jabgui/src/main/java/org/jabref/gui/entryeditor/LatexCitationsTabViewModel.java	jabgui/src/main/java/org/jabref/gui/texparser/ParseLatexAction.java	32	7	3	0.43	true	false
jabgui/src/main/java/org/jabref/gui/entryeditor/citationrelationtab/CitationRelationsTab.java	jabgui/src/main/java/org/jabref/gui/externalfiles/FileSelectionPage.java	50	7	3	0.43	true	false
jabgui/src/main/java/org/jabref/gui/errorconsole/ErrorConsoleView.java	jabgui/src/main/java/org/jabref/gui/libraryproperties/LibraryPropertiesView.java	15	7	3	0.43	true	false
jabgui/src/main/java/org/jabref/gui/exporter/CreateModifyExporterDialogViewModel.java	jabgui/src/main/java/org/jabref/gui/preferences/customexporter/CustomExporterTabViewModel.java	14	7	3	0.43	true	false
jabgui/src/main/java/org/jabref/gui/exporter/ExportCommand.java	jabgui/src/main/java/org/jabref/gui/preferences/customexporter/CustomExporterTabViewModel.java	30	7	3	0.43	true	false
jabgui/src/main/java/org/jabref/gui/externalfiles/ImportHandler.java	jabgui/src/main/java/org/jabref/gui/importer/GrobidUseDialogHelper.java	86	7	3	0.43	true	false
jabgui/src/main/java/org/jabref/gui/externalfiles/ImportHandler.java	jablib/src/main/java/org/jabref/logic/importer/fileformat/CffImporter.java	86	7	3	0.43	true	true
jabgui/src/main/java/org/jabref/gui/fieldeditors/AbstractEditorViewModel.java	jabgui/src/main/java/org/jabref/gui/fieldeditors/optioneditors/mapbased/MapBasedEditorViewModel.java	14	7	3	0.43	true	false
jabgui/src/main/java/org/jabref/gui/fieldeditors/DateEditor.java	jabgui/src/main/java/org/jabref/gui/fieldeditors/optioneditors/mapbased/MapBasedEditorViewModel.java	9	7	3	0.43	true	false
jabgui/src/main/java/org/jabref/gui/fieldeditors/DateEditorViewModel.java	jabgui/src/main/java/org/jabref/gui/fieldeditors/optioneditors/mapbased/MapBasedEditorViewModel.java	8	7	3	0.43	true	false
jabgui/src/main/java/org/jabref/gui/fieldeditors/FieldEditors.java	jabgui/src/main/java/org/jabref/gui/fieldeditors/ISSNEditor.java	60	7	3	0.43	false	false
jabgui/src/main/java/org/jabref/gui/fieldeditors/FieldEditors.java	jabgui/src/main/java/org/jabref/gui/fieldeditors/optioneditors/OptionEditor.java	60	7	3	0.43	true	false
jabgui/src/main/java/org/jabref/gui/fieldeditors/FieldEditors.java	jablib/src/main/java/org/jabref/logic/integrity/ValidCitationKeyChecker.java	60	7	3	0.43	true	true
jabgui/src/main/java/org/jabref/gui/fieldeditors/ISSNEditor.java	jabgui/src/main/java/org/jabref/gui/fieldeditors/OwnerEditor.java	7	13	3	0.43	false	false
jabgui/src/main/java/org/jabref/gui/fieldeditors/ISSNEditor.java	jabgui/src/main/java/org/jabref/gui/fieldeditors/UrlEditor.java	7	18	3	0.43	false	false
jabgui/src/main/java/org/jabref/gui/fieldeditors/ISSNEditor.java	jabgui/src/main/java/org/jabref/gui/fieldeditors/identifier/IdentifierEditor.java	7	28	3	0.43	true	false
jabgui/src/main/java/org/jabref/gui/fieldeditors/JournalEditor.java	jabgui/src/main/java/org/jabref/gui/fieldeditors/optioneditors/OptionEditor.java	21	7	3	0.43	true	false
jabgui/src/main/java/org/jabref/gui/fieldeditors/JournalEditor.java	jabgui/src/main/java/org/jabref/gui/fieldeditors/optioneditors/mapbased/MapBasedEditorViewModel.java	21	7	3	0.43	true	false
jabgui/src/main/java/org/jabref/gui/fieldeditors/JournalEditorViewModel.java	jabgui/src/main/java/org/jabref/gui/fieldeditors/optioneditors/mapbased/MapBasedEditorViewModel.java	10	7	3	0.43	true	false
jabgui/src/main/java/org/jabref/gui/fieldeditors/LinkedEntriesEditor.java	jabgui/src/main/java/org/jabref/gui/fieldeditors/optioneditors/mapbased/MapBasedEditorViewModel.java	13	7	3	0.43	true	false
jabgui/src/main/java/org/jabref/gui/fieldeditors/LinkedEntriesEditorViewModel.java	jabgui/src/main/java/org/jabref/gui/fieldeditors/optioneditors/mapbased/MapBasedEditorViewModel.java	10	7	3	0.43	true	false
jabgui/src/main/java/org/jabref/gui/fieldeditors/LinkedFilesEditor.java	jabgui/src/main/java/org/jabref/gui/fieldeditors/optioneditors/mapbased/MapBasedEditorViewModel.java	86	7	3	0.43	true	false
jabgui/src/main/java/org/jabref/gui/fieldeditors/LinkedFilesEditor.java	jabgui/src/main/java/org/jabref/gui/importer/GrobidUseDialogHelper.java	86	7	3	0.43	true	false
jabgui/src/main/java/org/jabref/gui/fieldeditors/LinkedFilesEditorViewModel.java	jabgui/src/main/java/org/jabref/gui/fieldeditors/optioneditors/mapbased/MapBasedEditorViewModel.java	68	7	3	0.43	true	false
jabgui/src/main/java/org/jabref/gui/fieldeditors/OwnerEditor.java	jabgui/src/main/java/org/jabref/gui/fieldeditors/optioneditors/OptionEditor.java	13	7	3	0.43	true	false
jabgui/src/main/java/org/jabref/gui/fieldeditors/OwnerEditor.java	jabgui/src/main/java/org/jabref/gui/fieldeditors/optioneditors/mapbased/MapBasedEditorViewModel.java	13	7	3	0.43	true	false
jabgui/src/main/java/org/jabref/gui/fieldeditors/PersonsEditor.java	jabgui/src/main/java/org/jabref/gui/fieldeditors/optioneditors/mapbased/MapBasedEditorViewModel.java	16	7	3	0.43	true	false
jabgui/src/main/java/org/jabref/gui/fieldeditors/SimpleEditor.java	jabgui/src/main/java/org/jabref/gui/fieldeditors/optioneditors/mapbased/MapBasedEditorViewModel.java	22	7	3	0.43	true	false
jabgui/src/main/java/org/jabref/gui/fieldeditors/URLUtil.java	jablib/src/main/java/org/jabref/model/entry/EntryLinkList.java	14	7	3	0.43	true	true
jabgui/src/main/java/org/jabref/gui/fieldeditors/UrlEditor.java	jabgui/src/main/java/org/jabref/gui/fieldeditors/optioneditors/OptionEditor.java	18	7	3	0.43	true	false
jabgui/src/main/java/org/jabref/gui/fieldeditors/UrlEditor.java	jabgui/src/main/java/org/jabref/gui/fieldeditors/optioneditors/mapbased/MapBasedEditorViewModel.java	18	7	3	0.43	true	false
jabgui/src/main/java/org/jabref/gui/fieldeditors/UrlEditorViewModel.java	jabgui/src/main/java/org/jabref/gui/fieldeditors/optioneditors/mapbased/MapBasedEditorViewModel.java	8	7	3	0.43	true	false
jabgui/src/main/java/org/jabref/gui/fieldeditors/contextmenu/ProtectedTermsMenu.java	jablib/src/main/java/org/jabref/logic/protectedterms/ProtectedTermsLoader.java	14	7	3	0.43	true	true
jabgui/src/main/java/org/jabref/gui/fieldeditors/identifier/BaseIdentifierEditorViewModel.java	jabgui/src/main/java/org/jabref/gui/mergeentries/FetchAndMergeEntry.java	7	34	3	0.43	true	false
jabgui/src/main/java/org/jabref/gui/fieldeditors/identifier/IdentifierEditor.java	jabgui/src/main/java/org/jabref/gui/fieldeditors/optioneditors/OptionEditor.java	28	7	3	0.43	true	false
jabgui/src/main/java/org/jabref/gui/fieldeditors/identifier/IdentifierEditor.java	jabgui/src/main/java/org/jabref/gui/fieldeditors/optioneditors/mapbased/MapBasedEditorViewModel.java	28	7	3	0.43	true	false
jabgui/src/main/java/org/jabref/gui/fieldeditors/optioneditors/OptionEditor.java	jabgui/src/main/java/org/jabref/gui/fieldeditors/optioneditors/mapbased/MapBasedEditorViewModel.java	7	7	3	0.43	true	false
jabgui/src/main/java/org/jabref/gui/frame/JabRefFrame.java	jablib/src/main/java/org/jabref/logic/layout/format/WrapContent.java	1215	7	3	0.43	true	true
jabgui/src/main/java/org/jabref/gui/frame/MainMenu.java	jabgui/src/main/java/org/jabref/gui/git/GitCommitDialogViewModel.java	55	7	3	0.43	true	false
jabgui/src/main/java/org/jabref/gui/frame/MainMenu.java	jabgui/src/main/java/org/jabref/gui/git/GitPullAction.java	55	7	3	0.43	true	false
jabgui/src/main/java/org/jabref/gui/frame/MainMenu.java	jabgui/src/main/java/org/jabref/gui/git/GitPushAction.java	55	7	3	0.43	true	false
jabgui/src/main/java/org/jabref/gui/frame/MainMenu.java	jabgui/src/main/java/org/jabref/gui/git/GitShareToGitHubDialogViewModel.java	55	7	3	0.43	true	false
jabgui/src/main/java/org/jabref/gui/frame/SidePanePreferences.java	jabgui/src/main/java/org/jabref/gui/importer/fetcher/WebSearchPaneView.java	7	22	3	0.43	true	false
jabgui/src/main/java/org/jabref/gui/frame/SidePanePreferences.java	jabgui/src/main/java/org/jabref/gui/sidepane/SidePane.java	7	89	3	0.43	true	false
jabgui/src/main/java/org/jabref/gui/git/GitCommitAction.java	jabgui/src/main/java/org/jabref/gui/git/GitCommitDialogView.java	7	8	3	0.43	false	false
jabgui/src/main/java/org/jabref/gui/git/GitCommitAction.java	jabgui/src/main/java/org/jabref/gui/git/GitCommitDialogViewModel.java	7	7	3	0.43	false	false
jabgui/src/main/java/org/jabref/gui/git/GitCommitAction.java	jablib/src/main/java/org/jabref/logic/git/status/GitStatusChecker.java	7	10	3	0.43	true	true
jabgui/src/main/java/org/jabref/gui/git/GitCommitDialogViewModel.java	jabgui/src/main/java/org/jabref/gui/git/GitPushAction.java	7	7	3	0.43	false	false
jabgui/src/main/java/org/jabref/gui/git/GitPullAction.java	jabgui/src/main/java/org/jabref/gui/git/GitShareToGitHubDialogViewModel.java	7	7	3	0.43	false	false
jabgui/src/main/java/org/jabref/gui/git/GitPullAction.java	jablib/src/main/java/module-info.java	7	56	3	0.43	true	true
jabgui/src/main/java/org/jabref/gui/git/GitShareToGitHubDialogViewModel.java	jablib/src/main/java/org/jabref/logic/git/GitSyncService.java	7	7	3	0.43	true	true
jabgui/src/main/java/org/jabref/gui/groups/GroupDescriptions.java	jablib/src/main/java/org/jabref/model/entry/EntryLinkList.java	12	7	3	0.43	true	true
jabgui/src/main/java/org/jabref/gui/groups/GroupNodeViewModel.java	jabgui/src/main/java/org/jabref/gui/icon/JabRefIconView.java	68	7	3	0.43	true	false
jabgui/src/main/java/org/jabref/gui/groups/GroupTreeView.java	jabgui/src/main/java/org/jabref/gui/icon/JabRefIconView.java	92	7	3	0.43	true	false
jabgui/src/main/java/org/jabref/gui/help/AboutAction.java	jabgui/src/main/java/org/jabref/gui/help/AboutDialogView.java	7	20	3	0.43	false	false
jabgui/src/main/java/org/jabref/gui/icon/IconTheme.java	jabgui/src/main/java/org/jabref/gui/icon/JabRefIconView.java	170	7	3	0.43	false	false
jabgui/src/main/java/org/jabref/gui/icon/JabRefIcon.java	jabgui/src/main/java/org/jabref/gui/icon/JabRefIconView.java	8	7	3	0.43	false	false
jabgui/src/main/java/org/jabref/gui/icon/JabRefIconView.java	jabgui/src/main/java/org/jabref/gui/openoffice/StyleSelectDialogView.java	7	29	3	0.43	true	false
jabgui/src/main/java/org/jabref/gui/importer/GrobidUseDialogHelper.java	jabgui/src/main/java/org/jabref/gui/preferences/customimporter/CustomImporterTabViewModel.java	7	16	3	0.43	true	false
jabgui/src/main/java/org/jabref/gui/importer/GrobidUseDialogHelper.java	jabgui/src/main/java/org/jabref/gui/preferences/websearch/WebSearchTab.java	7	29	3	0.43	true	false
jabgui/src/main/java/org/jabref/gui/importer/GrobidUseDialogHelper.java	jablib/src/main/java/org/jabref/logic/externalfiles/ExternalFilesContentImporter.java	7	13	3	0.43	true	true
jabgui/src/main/java/org/jabref/gui/importer/GrobidUseDialogHelper.java	jablib/src/main/java/org/jabref/logic/importer/ImportFormatReader.java	7	197	3	0.43	true	true
jabgui/src/main/java/org/jabref/gui/importer/GrobidUseDialogHelper.java	jablib/src/main/java/org/jabref/logic/importer/ImporterPreferences.java	7	22	3	0.43	true	true
jabgui/src/main/java/org/jabref/gui/importer/GrobidUseDialogHelper.java	jablib/src/main/java/org/jabref/logic/importer/WebFetchers.java	7	102	3	0.43	true	true
jabgui/src/main/java/org/jabref/gui/importer/GrobidUseDialogHelper.java	jablib/src/main/java/org/jabref/logic/importer/fileformat/pdf/PdfMergeMetadataImporter.java	7	27	3	0.43	true	true
jabgui/src/main/java/org/jabref/gui/importer/GrobidUseDialogHelper.java	jablib/src/main/java/org/jabref/logic/preferences/CliPreferences.java	7	115	3	0.43	true	true
jabgui/src/main/java/org/jabref/gui/importer/ImportEntriesDialog.java	jabsrv/src/main/java/org/jabref/http/manager/HttpServerThread.java	33	7	3	0.43	true	true
jabgui/src/main/java/org/jabref/gui/integrity/IntegrityCheckDialog.java	jabgui/src/main/java/org/jabref/gui/libraryproperties/LibraryPropertiesView.java	11	7	3	0.43	true	false
jabgui/src/main/java/org/jabref/gui/keyboard/KeyBindingCategory.java	jabgui/src/main/java/org/jabref/gui/preferences/keybindings/KeyBindingViewModel.java	7	13	3	0.43	true	false
jabgui/src/main/java/org/jabref/gui/keyboard/KeyBindingCategory.java	jabgui/src/main/java/org/jabref/gui/preferences/keybindings/KeyBindingsTabViewModel.java	7	17	3	0.43	true	false
jabgui/src/main/java/org/jabref/gui/libraryproperties/LibraryPropertiesView.java	jabgui/src/main/java/org/jabref/gui/libraryproperties/LibraryPropertiesViewModel.java	7	8	3	0.43	false	false
jabgui/src/main/java/org/jabref/gui/libraryproperties/LibraryPropertiesView.java	jabgui/src/main/java/org/jabref/gui/libraryproperties/contentselectors/ContentSelectorView.java	7	9	3	0.43	true	false
jabgui/src/main/java/org/jabref/gui/libraryproperties/LibraryPropertiesView.java	jabgui/src/main/java/org/jabref/gui/libraryproperties/general/GeneralPropertiesView.java	7	11	3	0.43	true	false
jabgui/src/main/java/org/jabref/gui/libraryproperties/LibraryPropertiesView.java	jabgui/src/main/java/org/jabref/gui/libraryproperties/keypattern/KeyPatternPropertiesView.java	7	8	3	0.43	true	false
jabgui/src/main/java/org/jabref/gui/libraryproperties/LibraryPropertiesView.java	jabgui/src/main/java/org/jabref/gui/libraryproperties/saving/SavingPropertiesView.java	7	7	3	0.43	true	false
jabgui/src/main/java/org/jabref/gui/libraryproperties/LibraryPropertiesView.java	jabgui/src/main/java/org/jabref/gui/preferences/PreferencesDialogView.java	7	34	3	0.43	true	false
jabgui/src/main/java/org/jabref/gui/libraryproperties/LibraryPropertiesView.java	jabgui/src/main/java/org/jabref/gui/slr/ManageStudyDefinitionView.java	7	19	3	0.43	true	false
jabgui/src/main/java/org/jabref/gui/libraryproperties/LibraryPropertiesView.java	jabgui/src/main/java/org/jabref/gui/texparser/ParseLatexDialogView.java	7	15	3	0.43	true	false
jabgui/src/main/java/org/jabref/gui/libraryproperties/LibraryPropertiesView.java	jabgui/src/main/java/org/jabref/gui/texparser/ParseLatexResultView.java	7	16	3	0.43	true	false
jabgui/src/main/java/org/jabref/gui/libraryproperties/keypattern/KeyPatternPropertiesView.java	jabgui/src/main/java/org/jabref/gui/libraryproperties/saving/SavingPropertiesView.java	8	7	3	0.43	true	false
jabgui/src/main/java/org/jabref/gui/maintable/ExtractReferencesAction.java	jabgui/src/main/java/org/jabref/gui/maintable/RightClickMenu.java	7	216	3	0.43	false	false
jabgui/src/main/java/org/jabref/gui/maintable/MainTable.java	jabgui/src/main/java/org/jabref/gui/theme/StyleSheetFile.java	293	7	3	0.43	true	false
jabgui/src/main/java/org/jabref/gui/maintable/MainTableColumnModel.java	jabgui/src/main/java/org/jabref/gui/maintable/MainTableHeaderContextMenu.java	16	7	3	0.43	false	false
jabgui/src/main/java/org/jabref/gui/mergeentries/threewaymerge/FieldRowView.java	jabgui/src/main/java/org/jabref/gui/mergeentries/threewaymerge/fieldsmerger/FieldMergerFactory.java	15	7	3	0.43	true	false
jabgui/src/main/java/org/jabref/gui/mergeentries/threewaymerge/FieldRowViewModel.java	jabgui/src/main/java/org/jabref/gui/mergeentries/threewaymerge/fieldsmerger/FieldMergerFactory.java	8	7	3	0.43	true	false
jabgui/src/main/java/org/jabref/gui/mergeentries/threewaymerge/MergeEntriesAction.java	jabgui/src/main/java/org/jabref/gui/mergeentries/threewaymerge/fieldsmerger/FieldMergerFactory.java	18	7	3	0.43	true	false
jabgui/src/main/java/org/jabref/gui/mergeentries/threewaymerge/MergeEntriesDialog.java	jabgui/src/main/java/org/jabref/gui/mergeentries/threewaymerge/fieldsmerger/FieldMergerFactory.java	63	7	3	0.43	true	false
jabgui/src/main/java/org/jabref/gui/mergeentries/threewaymerge/fieldsmerger/FieldMergerFactory.java	jabgui/src/main/java/org/jabref/gui/shared/SharedDatabaseUIManager.java	7	62	3	0.43	true	false
jabgui/src/main/java/org/jabref/gui/openoffice/OOBibBase.java	jablib/src/main/java/org/jabref/logic/openoffice/backend/NamedRangeReferenceMark.java	159	7	3	0.43	true	true
jabgui/src/main/java/org/jabref/gui/openoffice/OOBibBaseConnect.java	jablib/src/main/java/org/jabref/logic/openoffice/action/EditMerge.java	7	9	3	0.43	true	true
jabgui/src/main/java/org/jabref/gui/openoffice/OOBibBaseConnect.java	jablib/src/main/java/org/jabref/logic/openoffice/frontend/OOFrontend.java	7	9	3	0.43	true	true
jabgui/src/main/java/org/jabref/gui/openoffice/OpenOfficePanel.java	jablib/src/main/java/org/jabref/logic/openoffice/backend/NamedRangeReferenceMark.java	230	7	3	0.43	true	true
jabgui/src/main/java/org/jabref/gui/openoffice/OpenOfficePanel.java	jablib/src/main/java/org/jabref/logic/openoffice/style/OOProcessAuthorYearMarkers.java	230	7	3	0.43	true	true
jabgui/src/main/java/org/jabref/gui/openoffice/StyleSelectDialogView.java	jabgui/src/main/java/org/jabref/gui/theme/StyleSheetFile.java	29	7	3	0.43	true	false
jabgui/src/main/java/org/jabref/gui/preferences/PreferencesDialogViewModel.java	jabgui/src/main/java/org/jabref/gui/preferences/customexporter/CustomExporterTabViewModel.java	59	7	3	0.43	true	false
jabgui/src/main/java/org/jabref/gui/preferences/customexporter/CustomExporterTabViewModel.java	jabgui/src/main/java/org/jabref/gui/preferences/customimporter/CustomImporterTab.java	7	101	3	0.43	true	false
jabgui/src/main/java/org/jabref/gui/preferences/customexporter/CustomExporterTabViewModel.java	jablib/src/main/java/org/jabref/logic/exporter/ExporterFactory.java	7	34	3	0.43	true	true
jabgui/src/main/java/org/jabref/gui/preferences/journals/AbbreviationViewModel.java	jablib/src/main/java/org/jabref/logic/journals/JournalAbbreviationLoader.java	7	35	3	0.43	true	true
jabgui/src/main/java/org/jabref/gui/preferences/journals/AbbreviationViewModel.java	jablib/src/main/java/org/jabref/logic/journals/JournalAbbreviationRepository.java	7	32	3	0.43	true	true
jabgui/src/main/java/org/jabref/gui/preferences/websearch/WebSearchTabViewModel.java	jablib/src/main/java/org/jabref/logic/importer/util/GrobidPreferences.java	40	7	3	0.43	true	true
jabgui/src/main/java/org/jabref/gui/preview/PreviewViewer.java	jabgui/src/main/java/org/jabref/gui/theme/StyleSheetFile.java	58	7	3	0.43	true	false
jabgui/src/main/java/org/jabref/gui/slr/StartNewStudyAction.java	jablib/src/main/java/org/jabref/logic/crawler/StudyYamlParser.java	13	7	3	0.43	true	true
jabgui/src/main/java/org/jabref/gui/slr/StudyCatalogItem.java	jablib/src/main/java/org/jabref/logic/crawler/StudyYamlParser.java	8	7	3	0.43	true	true
jabgui/src/main/java/org/jabref/gui/util/BindingsHelper.java	jablib/src/main/java/org/jabref/model/entry/EntryLinkList.java	26	7	3	0.43	true	true
jabgui/src/main/java/org/jabref/migrations/CustomEntryTypePreferenceMigration.java	jablib/src/main/java/org/jabref/model/entry/EntryLinkList.java	12	7	3	0.43	true	true
jabgui/src/main/java/org/jabref/migrations/PreferencesMigrations.java	jablib/src/main/java/org/jabref/logic/importer/util/GrobidPreferences.java	87	7	3	0.43	true	true
jabgui/src/main/java/org/jabref/migrations/PreferencesMigrations.java	jablib/src/main/java/org/jabref/model/entry/EntryLinkList.java	87	7	3	0.43	true	true
jabkit/src/main/java/module-info.java	jabkit/src/main/java/org/jabref/toolkit/commands/Pdf.java	14	7	3	0.43	true	false
jablib/src/main/java/module-info.java	jablib/src/main/java/org/jabref/logic/crawler/StudyYamlParser.java	56	7	3	0.43	true	false
jablib/src/main/java/module-info.java	jablib/src/main/java/org/jabref/logic/git/GitSyncService.java	56	7	3	0.43	true	false
jablib/src/main/java/module-info.java	jablib/src/main/java/org/jabref/model/search/LinkedFilesConstants.java	56	7	3	0.43	true	false
jablib/src/main/java/org/jabref/logic/bibtex/FieldWriter.java	jablib/src/main/java/org/jabref/logic/layout/format/RisKeywords.java	105	7	3	0.43	true	false
jablib/src/main/java/org/jabref/logic/bibtex/comparator/EntryComparator.java	jablib/src/main/java/org/jabref/logic/layout/format/AuthorFirstAbbrLastCommas.java	55	7	3	0.43	true	false
jablib/src/main/java/org/jabref/logic/bibtex/comparator/EntryComparator.java	jablib/src/main/java/org/jabref/logic/layout/format/AuthorFirstLastCommas.java	55	7	3	0.43	true	false
jablib/src/main/java/org/jabref/logic/bibtex/comparator/EntryComparator.java	jablib/src/main/java/org/jabref/logic/layout/format/AuthorLastFirstAbbrCommas.java	55	7	3	0.43	true	false
jablib/src/main/java/org/jabref/logic/bibtex/comparator/EntryComparator.java	jablib/src/main/java/org/jabref/logic/layout/format/AuthorLastFirstCommas.java	55	7	3	0.43	true	false
jablib/src/main/java/org/jabref/logic/bst/util/BstNameFormatter.java	jablib/src/main/java/org/jabref/model/entry/EntryLinkList.java	22	7	3	0.43	true	false
jablib/src/main/java/org/jabref/logic/bst/util/BstPurifier.java	jablib/src/main/java/org/jabref/model/entry/EntryLinkList.java	11	7	3	0.43	true	false
jablib/src/main/java/org/jabref/logic/bst/util/BstTextPrefixer.java	jablib/src/main/java/org/jabref/model/entry/EntryLinkList.java	11	7	3	0.43	true	false
jablib/src/main/java/org/jabref/logic/citationkeypattern/CitationKeyGenerator.java	jablib/src/main/java/org/jabref/logic/integrity/ValidCitationKeyChecker.java	201	7	3	0.43	true	false
jablib/src/main/java/org/jabref/logic/citationkeypattern/CitationKeyGenerator.java	jablib/src/main/java/org/jabref/logic/layout/format/AuthorFirstFirstCommas.java	201	7	3	0.43	true	false
jablib/src/main/java/org/jabref/logic/citationkeypattern/CitationKeyGenerator.java	jablib/src/main/java/org/jabref/model/entry/EntryLinkList.java	201	7	3	0.43	true	false
jablib/src/main/java/org/jabref/logic/citationstyle/CitationStyleGenerator.java	jablib/src/main/java/org/jabref/model/entry/EntryLinkList.java	20	7	3	0.43	true	false
jablib/src/main/java/org/jabref/logic/crawler/StudyCatalogToFetcherConverter.java	jablib/src/main/java/org/jabref/logic/crawler/StudyFetcher.java	8	7	3	0.43	false	false
jablib/src/main/java/org/jabref/logic/database/DuplicateCheck.java	jablib/src/main/java/org/jabref/logic/layout/format/AuthorFirstAbbrLastCommas.java	86	7	3	0.43	true	false
jablib/src/main/java/org/jabref/logic/database/DuplicateCheck.java	jablib/src/main/java/org/jabref/logic/layout/format/AuthorFirstFirstCommas.java	86	7	3	0.43	true	false
jablib/src/main/java/org/jabref/logic/database/DuplicateCheck.java	jablib/src/main/java/org/jabref/logic/layout/format/AuthorFirstLastCommas.java	86	7	3	0.43	true	false
jablib/src/main/java/org/jabref/logic/database/DuplicateCheck.java	jablib/src/main/java/org/jabref/logic/layout/format/AuthorLastFirstAbbrCommas.java	86	7	3	0.43	true	false
jablib/src/main/java/org/jabref/logic/database/DuplicateCheck.java	jablib/src/main/java/org/jabref/logic/layout/format/AuthorLastFirstCommas.java	86	7	3	0.43	true	false
jablib/src/main/java/org/jabref/logic/database/DuplicateCheck.java	jablib/src/main/java/org/jabref/model/entry/EntryLinkList.java	86	7	3	0.43	true	false
jablib/src/main/java/org/jabref/logic/exporter/ExporterFactory.java	jablib/src/main/java/org/jabref/logic/exporter/XmpPdfExporter.java	34	7	3	0.43	false	false
jablib/src/main/java/org/jabref/logic/exporter/MetaDataSerializer.java	jablib/src/main/java/org/jabref/model/entry/EntryLinkList.java	34	7	3	0.43	true	false
jablib/src/main/java/org/jabref/logic/exporter/XmpExporter.java	jablib/src/main/java/org/jabref/logic/exporter/XmpPdfExporter.java	8	7	3	0.43	false	false
jablib/src/main/java/org/jabref/logic/exporter/XmpPdfExporter.java	jablib/src/main/java/org/jabref/logic/importer/fileformat/pdf/PdfContentImporter.java	7	108	3	0.43	true	false
jablib/src/main/java/org/jabref/logic/formatter/Formatters.java	jablib/src/main/java/org/jabref/model/entry/EntryLinkList.java	34	7	3	0.43	true	false
jablib/src/main/java/org/jabref/logic/importer/ImporterPreferences.java	jablib/src/main/java/org/jabref/logic/importer/util/GrobidPreferences.java	22	7	3	0.43	true	false
jablib/src/main/java/org/jabref/logic/importer/WebFetchers.java	jablib/src/main/java/org/jabref/model/entry/EntryLinkList.java	102	7	3	0.43	true	false
jablib/src/main/java/org/jabref/logic/importer/fetcher/ArXivFetcher.java	jablib/src/main/java/org/jabref/model/entry/identifier/IacrEprint.java	25	7	3	0.43	true	false
jablib/src/main/java/org/jabref/logic/importer/fetcher/OpenAccessDoi.java	jablib/src/main/java/org/jabref/model/entry/identifier/IacrEprint.java	14	7	3	0.43	true	false
jablib/src/main/java/org/jabref/logic/importer/fileformat/CffImporter.java	jablib/src/main/java/org/jabref/logic/importer/fileformat/CopacImporter.java	7	37	3	0.43	false	false
jablib/src/main/java/org/jabref/logic/importer/fileformat/CffImporter.java	jablib/src/main/java/org/jabref/logic/importer/fileformat/IsiImporter.java	7	95	3	0.43	false	false
jablib/src/main/java/org/jabref/logic/importer/fileformat/CffImporter.java	jablib/src/main/java/org/jabref/logic/importer/fileformat/ModsImporter.java	7	31	3	0.43	false	false
jablib/src/main/java/org/jabref/logic/importer/fileformat/EndnoteImporter.java	jablib/src/main/java/org/jabref/logic/integrity/ValidCitationKeyChecker.java	70	7	3	0.43	true	false
jablib/src/main/java/org/jabref/logic/importer/fileformat/EndnoteImporter.java	jablib/src/main/java/org/jabref/logic/layout/format/AuthorFirstFirstCommas.java	70	7	3	0.43	true	false
jablib/src/main/java/org/jabref/logic/importer/fileformat/EndnoteImporter.java	jablib/src/main/java/org/jabref/logic/layout/format/RisKeywords.java	70	7	3	0.43	true	false
jablib/src/main/java/org/jabref/logic/importer/fileformat/InspecImporter.java	jablib/src/main/java/org/jabref/logic/layout/format/AuthorFirstFirstCommas.java	44	7	3	0.43	true	false
jablib/src/main/java/org/jabref/logic/importer/fileformat/IsiImporter.java	jablib/src/main/java/org/jabref/logic/layout/format/ToLowerCase.java	95	7	3	0.43	true	false
jablib/src/main/java/org/jabref/logic/importer/fileformat/OvidImporter.java	jablib/src/main/java/org/jabref/logic/layout/format/AuthorFirstFirstCommas.java	57	7	3	0.43	true	false
jablib/src/main/java/org/jabref/logic/importer/fileformat/RisImporter.java	jablib/src/main/java/org/jabref/logic/layout/format/AuthorFirstFirstCommas.java	94	7	3	0.43	true	false
jablib/src/main/java/org/jabref/logic/importer/util/FileFieldParser.java	jablib/src/main/java/org/jabref/model/entry/EntryLinkList.java	30	7	3	0.43	true	false
jablib/src/main/java/org/jabref/logic/importer/util/GrobidPreferences.java	jablib/src/main/java/org/jabref/logic/importer/util/GrobidService.java	7	20	3	0.43	false	false
jablib/src/main/java/org/jabref/logic/importer/util/GroupsParser.java	jablib/src/main/java/org/jabref/model/entry/EntryLinkList.java	45	7	3	0.43	true	false
jablib/src/main/java/org/jabref/logic/importer/util/MetaDataParser.java	jablib/src/main/java/org/jabref/model/entry/EntryLinkList.java	47	7	3	0.43	true	false
jablib/src/main/java/org/jabref/logic/integrity/DoiValidityChecker.java	jablib/src/main/java/org/jabref/logic/integrity/TitleChecker.java	8	7	3	0.43	false	false
jablib/src/main/java/org/jabref/logic/integrity/EditionChecker.java	jablib/src/main/java/org/jabref/logic/integrity/TitleChecker.java	16	7	3	0.43	false	false
jablib/src/main/java/org/jabref/logic/integrity/FieldCheckers.java	jablib/src/main/java/org/jabref/model/entry/EntryLinkList.java	24	7	3	0.43	true	false
jablib/src/main/java/org/jabref/logic/integrity/ISBNChecker.java	jablib/src/main/java/org/jabref/logic/integrity/TitleChecker.java	8	7	3	0.43	false	false
jablib/src/main/java/org/jabref/logic/integrity/IntegrityCheck.java	jablib/src/main/java/org/jabref/logic/integrity/TitleChecker.java	81	7	3	0.43	false	false
jablib/src/main/java/org/jabref/logic/integrity/PersonNamesChecker.java	jablib/src/main/java/org/jabref/logic/integrity/TitleChecker.java	10	7	3	0.43	false	false
jablib/src/main/java/org/jabref/logic/journals/AbbreviationWriter.java	jablib/src/main/java/org/jabref/model/entry/EntryLinkList.java	9	7	3	0.43	true	false
jablib/src/main/java/org/jabref/logic/layout/AbstractParamLayoutFormatter.java	jablib/src/main/java/org/jabref/logic/layout/format/WrapContent.java	11	7	3	0.43	true	false
jablib/src/main/java/org/jabref/logic/layout/AbstractParamLayoutFormatter.java	jablib/src/main/java/org/jabref/model/entry/EntryLinkList.java	11	7	3	0.43	true	false
jablib/src/main/java/org/jabref/logic/layout/LayoutEntry.java	jablib/src/main/java/org/jabref/logic/layout/format/RisKeywords.java	120	7	3	0.43	true	false
jablib/src/main/java/org/jabref/logic/layout/LayoutEntry.java	jablib/src/main/java/org/jabref/logic/layout/format/ToLowerCase.java	120	7	3	0.43	true	false
jablib/src/main/java/org/jabref/logic/layout/format/AuthorAbbreviator.java	jablib/src/main/java/org/jabref/logic/layout/format/AuthorFirstFirstCommas.java	16	7	3	0.43	false	false
jablib/src/main/java/org/jabref/logic/layout/format/AuthorFirstFirstCommas.java	jablib/src/main/java/org/jabref/logic/layout/format/AuthorLastFirst.java	7	9	3	0.43	false	false
jablib/src/main/java/org/jabref/logic/layout/format/AuthorFirstFirstCommas.java	jablib/src/main/java/org/jabref/model/entry/AuthorList.java	7	77	3	0.43	true	false
jablib/src/main/java/org/jabref/logic/layout/format/LatexToUnicodeFormatter.java	jablib/src/main/java/org/jabref/logic/layout/format/RisKeywords.java	31	7	3	0.43	false	false
jablib/src/main/java/org/jabref/logic/layout/format/RisKeywords.java	jablib/src/main/java/org/jabref/logic/util/io/RegExpBasedFileFinder.java	7	59	3	0.43	true	false
jablib/src/main/java/org/jabref/logic/layout/format/RisKeywords.java	jablib/src/main/java/org/jabref/logic/util/strings/StringUtil.java	7	109	3	0.43	true	false
jablib/src/main/java/org/jabref/logic/layout/format/RisKeywords.java	jablib/src/main/java/org/jabref/model/groups/KeywordGroup.java	7	93	3	0.43	true	false
jablib/src/main/java/org/jabref/logic/layout/format/RisKeywords.java	jablib/src/main/java/org/jabref/model/metadata/MetaData.java	7	201	3	0.43	true	false
jablib/src/main/java/org/jabref/logic/layout/format/WrapContent.java	jablib/src/main/java/org/jabref/logic/layout/format/WrapFileLinks.java	7	46	3	0.43	false	false
jablib/src/main/java/org/jabref/logic/msbib/BibTeXConverter.java	jablib/src/main/java/org/jabref/model/entry/EntryLinkList.java	23	7	3	0.43	true	false
jablib/src/main/java/org/jabref/logic/msbib/MSBibConverter.java	jablib/src/main/java/org/jabref/model/entry/EntryLinkList.java	30	7	3	0.43	true	false
jablib/src/main/java/org/jabref/logic/msbib/MSBibMapping.java	jablib/src/main/java/org/jabref/model/entry/EntryLinkList.java	24	7	3	0.43	true	false
jablib/src/main/java/org/jabref/logic/net/ProxyRegisterer.java	jablib/src/main/java/org/jabref/model/entry/EntryLinkList.java	9	7	3	0.43	true	false
jablib/src/main/java/org/jabref/logic/openoffice/OpenOfficePreferences.java	jablib/src/main/java/org/jabref/logic/openoffice/oocsltext/BSTReferenceMarkManager.java	33	7	3	0.43	true	false
jablib/src/main/java/org/jabref/logic/openoffice/backend/Backend52.java	jablib/src/main/java/org/jabref/logic/openoffice/style/OOProcessAuthorYearMarkers.java	8	7	3	0.43	true	false
jablib/src/main/java/org/jabref/logic/openoffice/backend/NamedRangeReferenceMark.java	jablib/src/main/java/org/jabref/logic/openoffice/oocsltext/BSTCitationOOAdapter.java	7	8	3	0.43	true	false
jablib/src/main/java/org/jabref/logic/openoffice/backend/NamedRangeReferenceMark.java	jablib/src/main/java/org/jabref/logic/openoffice/style/OOProcessAuthorYearMarkers.java	7	7	3	0.43	true	false
jablib/src/main/java/org/jabref/logic/openoffice/frontend/OOFrontend.java	jablib/src/main/java/org/jabref/logic/openoffice/oocsltext/BSTReferenceMarkManager.java	9	7	3	0.43	true	false
jablib/src/main/java/org/jabref/logic/openoffice/frontend/OOFrontend.java	jablib/src/main/java/org/jabref/logic/openoffice/style/OOProcessAuthorYearMarkers.java	9	7	3	0.43	true	false
jablib/src/main/java/org/jabref/logic/openoffice/oocsltext/BSTReferenceMarkManager.java	jablib/src/main/java/org/jabref/logic/openoffice/oocsltext/CSLCitationOOAdapter.java	7	90	3	0.43	false	false
jablib/src/main/java/org/jabref/logic/remote/Protocol.java	jablib/src/main/java/org/jabref/logic/remote/client/RemoteClient.java	12	7	3	0.43	true	false
jablib/src/main/java/org/jabref/logic/remote/RemoteUtil.java	jablib/src/main/java/org/jabref/model/entry/EntryLinkList.java	10	7	3	0.43	true	false
jablib/src/main/java/org/jabref/logic/shared/DBMSProcessor.java	jablib/src/main/java/org/jabref/logic/shared/DatabaseConnectionProperties.java	44	7	3	0.43	false	false
jablib/src/main/java/org/jabref/logic/shared/DBMSType.java	jablib/src/main/java/org/jabref/logic/shared/DatabaseConnectionProperties.java	11	7	3	0.43	false	false
jablib/src/main/java/org/jabref/logic/util/MetadataSerializationConfiguration.java	jablib/src/main/java/org/jabref/model/entry/EntryLinkList.java	18	7	3	0.43	true	false
jablib/src/main/java/org/jabref/logic/util/TestEntry.java	jablib/src/main/java/org/jabref/model/entry/EntryLinkList.java	11	7	3	0.43	true	false
jablib/src/main/java/org/jabref/logic/util/UpdateField.java	jablib/src/main/java/org/jabref/model/entry/EntryLinkList.java	20	7	3	0.43	true	false
jablib/src/main/java/org/jabref/logic/util/io/FileFinder.java	jablib/src/main/java/org/jabref/model/entry/EntryLinkList.java	31	7	3	0.43	true	false
jablib/src/main/java/org/jabref/logic/util/io/FileNameCleaner.java	jablib/src/main/java/org/jabref/model/entry/EntryLinkList.java	19	7	3	0.43	true	false
jablib/src/main/java/org/jabref/logic/util/io/FileUtil.java	jablib/src/main/java/org/jabref/model/entry/EntryLinkList.java	142	7	3	0.43	true	false
jablib/src/main/java/org/jabref/logic/util/io/RegExpBasedFileFinder.java	jablib/src/main/java/org/jabref/model/entry/EntryLinkList.java	59	7	3	0.43	true	false
jablib/src/main/java/org/jabref/logic/util/io/XMLUtil.java	jablib/src/main/java/org/jabref/model/entry/EntryLinkList.java	11	7	3	0.43	true	false
jablib/src/main/java/org/jabref/logic/util/strings/HTMLUnicodeConversionMaps.java	jablib/src/main/java/org/jabref/model/entry/EntryLinkList.java	29	7	3	0.43	true	false
jablib/src/main/java/org/jabref/model/database/BibDatabaseModeDetection.java	jablib/src/main/java/org/jabref/model/entry/EntryLinkList.java	19	7	3	0.43	true	false
jablib/src/main/java/org/jabref/model/database/BibDatabases.java	jablib/src/main/java/org/jabref/model/entry/EntryLinkList.java	12	7	3	0.43	true	false
jablib/src/main/java/org/jabref/model/entry/CanonicalBibEntry.java	jablib/src/main/java/org/jabref/model/entry/EntryLinkList.java	18	7	3	0.43	false	false
jablib/src/main/java/org/jabref/model/entry/EntryConverter.java	jablib/src/main/java/org/jabref/model/entry/EntryLinkList.java	13	7	3	0.43	false	false
jablib/src/main/java/org/jabref/model/entry/EntryLinkList.java	jablib/src/main/java/org/jabref/model/entry/IdGenerator.java	7	12	3	0.43	false	false
jablib/src/main/java/org/jabref/model/entry/EntryLinkList.java	jablib/src/main/java/org/jabref/model/entry/types/BiblatexEntryTypeDefinitions.java	7	46	3	0.43	true	false
jablib/src/main/java/org/jabref/model/entry/EntryLinkList.java	jablib/src/main/java/org/jabref/model/entry/types/BibtexEntryTypeDefinitions.java	7	45	3	0.43	true	false
jablib/src/main/java/org/jabref/model/entry/EntryLinkList.java	jablib/src/main/java/org/jabref/model/entry/types/IEEETranEntryTypeDefinitions.java	7	23	3	0.43	true	false
jablib/src/main/java/org/jabref/model/entry/field/InternalField.java	jablib/src/main/java/org/jabref/model/entry/field/StandardField.java	7	37	3	0.43	false	false
jablib/src/main/java/org/jabref/model/entry/identifier/DOI.java	jablib/src/main/java/org/jabref/model/entry/identifier/IacrEprint.java	61	7	3	0.43	false	false
jablib/src/main/java/org/jabref/model/entry/types/BiblatexEntryTypeDefinitions.java	jablib/src/main/java/org/jabref/model/entry/types/StandardEntryType.java	46	7	3	0.43	false	false
jablib/src/main/java/org/jabref/model/entry/types/BibtexEntryTypeDefinitions.java	jablib/src/main/java/org/jabref/model/entry/types/StandardEntryType.java	45	7	3	0.43	false	false
jablib/src/main/java/org/jabref/model/groups/AbstractGroup.java	jablib/src/main/java/org/jabref/model/search/matchers/OrMatcher.java	58	7	3	0.43	true	false
jablib/src/main/java/org/jabref/model/groups/GroupTreeNode.java	jablib/src/main/java/org/jabref/model/search/matchers/OrMatcher.java	86	7	3	0.43	true	false
jabsrv-cli/src/main/java/org/jabref/http/server/cli/ServerCli.java	jabsrv/src/main/java/org/jabref/http/server/resources/EntryResource.java	10	7	3	0.43	true	true
jabsrv/src/main/java/org/jabref/http/server/Server.java	jabsrv/src/main/java/org/jabref/http/server/resources/EntryResource.java	20	7	3	0.43	true	false
jabsrv/src/main/java/org/jabref/http/server/Server.java	jabsrv/src/main/java/org/jabref/http/server/services/ServerUtils.java	20	7	3	0.43	true	false
jabsrv/src/main/java/org/jabref/http/server/cayw/CAYWResource.java	jabsrv/src/main/java/org/jabref/http/server/services/ServerUtils.java	16	7	3	0.43	true	false
jabsrv/src/main/java/org/jabref/http/server/resources/EntriesResource.java	jabsrv/src/main/java/org/jabref/http/server/services/ServerUtils.java	7	7	3	0.43	true	false
jabsrv/src/main/java/org/jabref/http/server/resources/EntryResource.java	jabsrv/src/main/java/org/jabref/http/server/services/ServerUtils.java	7	7	3	0.43	true	false
jabgui/src/main/java/org/jabref/gui/exporter/SaveDatabaseAction.java	jabgui/src/main/java/org/jabref/gui/frame/JabRefFrame.java	194	1215	83	0.43	true	false
jabgui/src/main/java/org/jabref/gui/LibraryTab.java	jabgui/src/main/java/org/jabref/gui/frame/JabRefFrame.java	1048	1215	448	0.43	true	false
jabgui/src/main/java/org/jabref/gui/push/GuiPushToApplicationCommand.java	jablib/src/main/java/org/jabref/logic/push/PushToEmacs.java	47	68	20	0.43	true	true
jabgui/src/main/java/org/jabref/gui/LibraryTab.java	jabgui/src/main/java/org/jabref/gui/shared/SharedDatabaseLoginDialogViewModel.java	1048	33	14	0.42	true	false
jabgui/src/main/java/org/jabref/gui/LibraryTab.java	jablib/src/main/java/org/jabref/logic/util/io/RegExpBasedFileFinder.java	1048	59	25	0.42	true	true
jabgui/src/main/java/org/jabref/cli/ArgumentProcessor.java	jabgui/src/main/java/org/jabref/gui/remote/CLIMessageHandler.java	123	26	11	0.42	true	false
jabgui/src/main/java/org/jabref/gui/JabRefGUI.java	jabgui/src/main/java/org/jabref/gui/remote/CLIMessageHandler.java	190	26	11	0.42	true	false
jabgui/src/main/java/org/jabref/gui/frame/JabRefFrame.java	jabgui/src/main/java/org/jabref/gui/remote/CLIMessageHandler.java	1215	26	11	0.42	true	false
jabgui/src/main/java/org/jabref/gui/frame/JabRefFrame.java	jabgui/src/main/java/org/jabref/gui/search/GlobalSearchResultDialog.java	1215	26	11	0.42	true	false
jabgui/src/main/java/org/jabref/gui/importer/actions/CheckForNewEntryTypesAction.java	jabgui/src/main/java/org/jabref/gui/importer/actions/OpenDatabaseAction.java	45	224	19	0.42	false	false
jabgui/src/main/java/org/jabref/gui/openoffice/OOBibBase.java	jabgui/src/main/java/org/jabref/gui/openoffice/OpenOfficePanel.java	159	230	67	0.42	false	false
jablib/src/main/java/org/jabref/logic/shared/DBMSProcessor.java	jablib/src/main/java/org/jabref/logic/shared/DBMSSynchronizer.java	44	38	16	0.42	false	false
jabgui/src/main/java/org/jabref/gui/frame/JabRefFrame.java	jabgui/src/main/java/org/jabref/gui/integrity/IntegrityCheckAction.java	1215	19	8	0.42	true	false
jabgui/src/main/java/org/jabref/gui/preferences/journals/JournalAbbreviationsTab.java	jabgui/src/main/java/org/jabref/gui/preferences/keybindings/KeyBindingsTab.java	26	19	8	0.42	true	false
jablib/src/main/java/org/jabref/logic/util/io/FileNameCleaner.java	jablib/src/main/java/org/jabref/logic/util/io/FileUtil.java	19	142	8	0.42	false	false
jablib/src/main/java/org/jabref/logic/importer/fileformat/BibtexImporter.java	jablib/src/main/java/org/jabref/logic/importer/fileformat/MsBibImporter.java	40	31	13	0.42	false	false
jablib/src/main/java/org/jabref/logic/importer/fileformat/CopacImporter.java	jablib/src/main/java/org/jabref/logic/importer/fileformat/MsBibImporter.java	37	31	13	0.42	false	false
jablib/src/main/java/org/jabref/logic/importer/fileformat/MedlinePlainImporter.java	jablib/src/main/java/org/jabref/logic/importer/fileformat/MsBibImporter.java	60	31	13	0.42	false	false
jablib/src/main/java/org/jabref/logic/util/io/FileFinder.java	jablib/src/main/java/org/jabref/logic/util/io/FileUtil.java	31	142	13	0.42	false	false
jabgui/src/main/java/org/jabref/gui/LibraryTab.java	jablib/src/main/java/org/jabref/logic/exporter/OpenDocumentSpreadsheetCreator.java	1048	36	15	0.42	true	true
jabgui/src/main/java/org/jabref/gui/exporter/SaveDatabaseAction.java	jabgui/src/main/java/org/jabref/gui/importer/NewDatabaseAction.java	194	24	10	0.42	true	false
jabgui/src/main/java/org/jabref/gui/frame/JabRefFrame.java	jabgui/src/main/java/org/jabref/gui/preview/CopyCitationAction.java	1215	24	10	0.42	true	false
jabgui/src/main/java/org/jabref/gui/importer/NewDatabaseAction.java	jabgui/src/main/java/org/jabref/gui/importer/NewEntryAction.java	24	44	10	0.42	false	false
jablib/src/main/java/org/jabref/logic/msbib/MSBibConverter.java	jablib/src/main/java/org/jabref/logic/msbib/MSBibMapping.java	30	24	10	0.42	false	false
jabgui/src/main/java/module-info.java	jabls/src/main/java/module-info.java	149	12	5	0.42	false	true
jabgui/src/main/java/org/jabref/Launcher.java	jabgui/src/main/java/org/jabref/migrations/CustomEntryTypePreferenceMigration.java	159	12	5	0.42	true	false
jabgui/src/main/java/org/jabref/gui/JabRefGUI.java	jabgui/src/main/java/org/jabref/gui/help/VersionWorker.java	190	12	5	0.42	true	false
jabgui/src/main/java/org/jabref/gui/JabRefGUI.java	jablib/src/main/java/org/jabref/logic/citation/SearchCitationsRelationsService.java	190	12	5	0.42	true	true
jabgui/src/main/java/org/jabref/gui/LibraryTab.java	jabgui/src/main/java/org/jabref/gui/collab/DatabaseChangesResolverDialog.java	1048	12	5	0.42	true	false
jabgui/src/main/java/org/jabref/gui/LibraryTab.java	jablib/src/main/java/org/jabref/model/entry/IdGenerator.java	1048	12	5	0.42	true	true
jabgui/src/main/java/org/jabref/gui/cleanup/CleanupAction.java	jabgui/src/main/java/org/jabref/gui/preferences/ShowPreferencesAction.java	66	12	5	0.42	true	false
jabgui/src/main/java/org/jabref/gui/collab/DatabaseChangeMonitor.java	jabgui/src/main/java/org/jabref/gui/collab/DatabaseChangesResolverDialog.java	28	12	5	0.42	false	false
jabgui/src/main/java/org/jabref/gui/collab/DatabaseChangesResolverDialog.java	jabgui/src/main/java/org/jabref/gui/dialogs/BackupUIManager.java	12	32	5	0.42	true	false
jabgui/src/main/java/org/jabref/gui/copyfiles/CopyFilesTask.java	jabgui/src/main/java/org/jabref/gui/frame/JabRefFrame.java	12	1215	5	0.42	true	false
jabgui/src/main/java/org/jabref/gui/frame/JabRefFrame.java	jabgui/src/main/java/org/jabref/gui/help/VersionWorker.java	1215	12	5	0.42	true	false
jabgui/src/main/java/org/jabref/gui/frame/JabRefFrame.java	jabgui/src/main/java/org/jabref/gui/maintable/ColumnPreferences.java	1215	12	5	0.42	true	false
jabgui/src/main/java/org/jabref/gui/groups/GroupDescriptions.java	jablib/src/main/java/org/jabref/logic/importer/util/MetaDataParser.java	12	47	5	0.42	true	true
jabgui/src/main/java/org/jabref/gui/icon/IconTheme.java	jabgui/src/main/java/org/jabref/gui/specialfields/SpecialFieldValueViewModel.java	170	12	5	0.42	true	false
jabgui/src/main/java/org/jabref/gui/maintable/MainTable.java	jabgui/src/main/java/org/jabref/gui/specialfields/SpecialFieldValueViewModel.java	293	12	5	0.42	true	false
jabgui/src/main/java/org/jabref/gui/remote/CLIMessageHandler.java	jablib/src/main/java/org/jabref/logic/remote/Protocol.java	26	12	5	0.42	true	true
jabgui/src/main/java/org/jabref/migrations/CustomEntryTypePreferenceMigration.java	jablib/src/main/java/org/jabref/logic/preferences/JabRefCliPreferences.java	12	1078	5	0.42	true	true
jablib/src/main/java/module-info.java	jabls/src/main/java/module-info.java	56	12	5	0.42	false	true
jablib/src/main/java/org/jabref/logic/formatter/Formatter.java	jablib/src/main/java/org/jabref/logic/formatter/casechanger/SentenceCaseFormatter.java	13	12	5	0.42	true	false
jablib/src/main/java/org/jabref/logic/formatter/Formatter.java	jablib/src/main/java/org/jabref/logic/formatter/casechanger/TitleCaseFormatter.java	13	12	5	0.42	true	false
jablib/src/main/java/org/jabref/logic/formatter/Formatter.java	jablib/src/main/java/org/jabref/logic/formatter/casechanger/UpperCaseFormatter.java	13	12	5	0.42	true	false
jablib/src/main/java/org/jabref/logic/importer/fetcher/AstrophysicsDataSystem.java	jablib/src/main/java/org/jabref/logic/importer/fetcher/GvkFetcher.java	42	12	5	0.42	false	false
jablib/src/main/java/org/jabref/logic/importer/fetcher/IEEE.java	jablib/src/main/java/org/jabref/logic/importer/fetcher/SemanticScholar.java	55	12	5	0.42	false	false
jablib/src/main/java/org/jabref/logic/importer/fileformat/BibtexParser.java	jablib/src/main/java/org/jabref/model/database/BibDatabases.java	297	12	5	0.42	true	false
jablib/src/main/java/org/jabref/logic/remote/Protocol.java	jablib/src/main/java/org/jabref/logic/remote/RemotePreferences.java	12	16	5	0.42	false	false
jablib/src/main/java/org/jabref/logic/util/io/RegExpBasedFileFinder.java	jablib/src/main/java/org/jabref/model/database/BibDatabases.java	59	12	5	0.42	true	false
jablib/src/main/java/org/jabref/model/database/BibDatabase.java	jablib/src/main/java/org/jabref/model/database/BibDatabases.java	209	12	5	0.42	false	false
jablib/src/main/java/org/jabref/model/metadata/ContentSelectors.java	jablib/src/main/java/org/jabref/model/metadata/MetaData.java	12	201	5	0.42	false	false
jabgui/src/main/java/org/jabref/gui/frame/JabRefFrame.java	jablib/src/main/java/org/jabref/logic/layout/Layout.java	1215	53	22	0.42	true	true
jablib/src/main/java/org/jabref/logic/cleanup/RenamePdfCleanup.java	jablib/src/main/java/org/jabref/logic/util/io/FileUtil.java	53	142	22	0.42	true	false
jabgui/src/main/java/org/jabref/gui/collab/ChangeScanner.java	jabgui/src/main/java/org/jabref/gui/frame/JabRefFrame.java	135	1215	56	0.41	true	false
jabgui/src/main/java/org/jabref/gui/frame/JabRefFrame.java	jablib/src/main/java/org/jabref/logic/importer/fetcher/MedlineFetcher.java	1215	111	46	0.41	true	true
jabgui/src/main/java/org/jabref/gui/LibraryTab.java	jablib/src/main/java/org/jabref/logic/importer/fileformat/EndnoteImporter.java	1048	70	29	0.41	true	true
jablib/src/main/java/org/jabref/logic/importer/fileformat/IsiImporter.java	jablib/src/main/java/org/jabref/logic/importer/fileformat/MedlineImporter.java	95	58	24	0.41	false	false
jabgui/src/main/java/org/jabref/gui/push/GuiPushToApplicationCommand.java	jablib/src/main/java/org/jabref/logic/push/PushToTeXstudio.java	47	29	12	0.41	true	true
jabgui/src/main/java/org/jabref/gui/LibraryTab.java	jablib/src/main/java/org/jabref/logic/layout/format/WrapFileLinks.java	1048	46	19	0.41	true	true
jablib/src/main/java/org/jabref/logic/util/io/DatabaseFileLookup.java	jablib/src/main/java/org/jabref/logic/util/io/FileUtil.java	51	142	21	0.41	false	false
jabgui/src/main/java/org/jabref/gui/LibraryTab.java	jabgui/src/main/java/org/jabref/gui/specialfields/SpecialFieldViewModel.java	1048	17	7	0.41	true	false
jabgui/src/main/java/org/jabref/gui/entryeditor/citationrelationtab/CitationRelationsTab.java	jablib/src/main/java/org/jabref/logic/importer/fetcher/citation/semanticscholar/SemanticScholarCitationFetcher.java	50	17	7	0.41	true	true
jabgui/src/main/java/org/jabref/gui/frame/FileHistoryMenu.java	jablib/src/main/java/org/jabref/logic/util/io/FileHistory.java	61	17	7	0.41	true	true
jabgui/src/main/java/org/jabref/gui/frame/JabRefFrame.java	jabgui/src/main/java/org/jabref/gui/keyboard/KeyBindingRepository.java	1215	17	7	0.41	true	false
jabgui/src/main/java/org/jabref/gui/keyboard/KeyBinding.java	jabgui/src/main/java/org/jabref/gui/keyboard/KeyBindingRepository.java	80	17	7	0.41	false	false
jabgui/src/main/java/org/jabref/gui/maintable/ColumnPreferencesRecorder.java	jabgui/src/main/java/org/jabref/gui/maintable/MainTableColumnFactory.java	17	64	7	0.41	false	false
jabgui/src/main/java/org/jabref/gui/maintable/MainTable.java	jabgui/src/main/java/org/jabref/gui/specialfields/SpecialFieldViewModel.java	293	17	7	0.41	true	false
jabgui/src/main/java/org/jabref/gui/slr/ManageStudyDefinitionViewModel.java	jablib/src/main/java/org/jabref/logic/crawler/StudyRepository.java	17	40	7	0.41	true	true
jablib/src/main/java/org/jabref/logic/layout/format/HTMLChars.java	jablib/src/main/java/org/jabref/logic/layout/format/RTFChars.java	55	39	16	0.41	false	false
jabgui/src/main/java/org/jabref/gui/LibraryTab.java	jablib/src/main/java/org/jabref/logic/exporter/TemplateExporter.java	1048	88	36	0.41	true	true
jablib/src/main/java/org/jabref/logic/importer/ParserResult.java	jablib/src/main/java/org/jabref/logic/importer/fileformat/BibtexParser.java	66	297	27	0.41	true	false
jabgui/src/main/java/org/jabref/gui/frame/JabRefFrame.java	jabgui/src/main/java/org/jabref/gui/linkedfile/AttachFileAction.java	1215	44	18	0.41	true	false
jabgui/src/main/java/org/jabref/gui/linkedfile/AttachFileAction.java	jablib/src/main/java/org/jabref/logic/preferences/JabRefCliPreferences.java	44	1078	18	0.41	true	true
jablib/src/main/java/org/jabref/logic/importer/fileformat/InspecImporter.java	jablib/src/main/java/org/jabref/logic/importer/fileformat/pdf/PdfContentImporter.java	44	108	18	0.41	true	false
jabgui/src/main/java/org/jabref/gui/LibraryTab.java	jabgui/src/main/java/org/jabref/gui/entryeditor/UserDefinedFieldsTab.java	1048	22	9	0.41	true	false
jabgui/src/main/java/org/jabref/gui/LibraryTab.java	jablib/src/main/java/org/jabref/logic/cleanup/MoveFilesCleanup.java	1048	22	9	0.41	true	true
jabgui/src/main/java/org/jabref/gui/entryeditor/EntryEditor.java	jabgui/src/main/java/org/jabref/gui/fieldeditors/SimpleEditor.java	655	22	9	0.41	true	false
jabgui/src/main/java/org/jabref/gui/entryeditor/UserDefinedFieldsTab.java	jabgui/src/main/java/org/jabref/gui/frame/JabRefFrame.java	22	1215	9	0.41	true	false
jabgui/src/main/java/org/jabref/gui/importer/fetcher/WebSearchPaneView.java	jabgui/src/main/java/org/jabref/gui/importer/fetcher/WebSearchPaneViewModel.java	22	28	9	0.41	false	false
jabgui/src/main/java/org/jabref/gui/preferences/websearch/WebSearchTab.java	jablib/src/main/java/org/jabref/logic/importer/ImporterPreferences.java	29	22	9	0.41	true	true
jablib/src/main/java/org/jabref/logic/bst/util/BstCaseChanger.java	jablib/src/main/java/org/jabref/logic/bst/util/BstNameFormatter.java	26	22	9	0.41	false	false
jablib/src/main/java/org/jabref/logic/bst/util/BstNameFormatter.java	jablib/src/main/java/org/jabref/logic/citationkeypattern/CitationKeyGenerator.java	22	201	9	0.41	true	false
jablib/src/main/java/org/jabref/logic/pdf/PdfAnnotationImporter.java	jablib/src/main/java/org/jabref/model/pdf/FileAnnotation.java	30	22	9	0.41	true	false
jablib/src/main/java/org/jabref/logic/push/PushToApplication.java	jablib/src/main/java/org/jabref/logic/push/PushToTeXstudio.java	22	29	9	0.41	false	false
jabgui/src/main/java/org/jabref/gui/LibraryTab.java	jablib/src/main/java/org/jabref/model/groups/KeywordGroup.java	1048	93	38	0.41	true	true
jabgui/src/main/java/org/jabref/gui/frame/JabRefFrame.java	jabgui/src/main/java/org/jabref/gui/importer/actions/ImportCommand.java	1215	27	11	0.41	true	false
jablib/src/main/java/org/jabref/logic/importer/ImportFormatReader.java	jablib/src/main/java/org/jabref/logic/importer/fileformat/pdf/PdfMergeMetadataImporter.java	197	27	11	0.41	true	false
jabgui/src/main/java/org/jabref/gui/entryeditor/LatexCitationsTabViewModel.java	jablib/src/main/java/org/jabref/logic/texparser/DefaultLatexParser.java	32	42	13	0.41	true	true
jablib/src/main/java/org/jabref/logic/openoffice/style/JStyle.java	jablib/src/main/java/org/jabref/logic/openoffice/style/OOPreFormatter.java	104	32	13	0.41	false	false
jablib/src/main/java/org/jabref/logic/importer/Importer.java	jablib/src/main/java/org/jabref/logic/importer/fileformat/RisImporter.java	47	94	19	0.40	true	false
jablib/src/main/java/org/jabref/logic/importer/fileformat/MedlineImporter.java	jablib/src/main/java/org/jabref/logic/importer/fileformat/OvidImporter.java	58	57	23	0.40	false	false
jablib/src/main/java/org/jabref/logic/bibtex/comparator/FieldComparator.java	jablib/src/main/java/org/jabref/logic/preferences/JabRefCliPreferences.java	72	1078	29	0.40	true	false
jablib/src/main/java/org/jabref/logic/citationkeypattern/CitationKeyGenerator.java	jablib/src/main/java/org/jabref/logic/importer/fileformat/EndnoteImporter.java	201	70	28	0.40	true	false
jablib/src/main/java/org/jabref/logic/importer/fileformat/MedlinePlainImporter.java	jablib/src/main/java/org/jabref/logic/importer/fileformat/RepecNepImporter.java	60	66	24	0.40	false	false
jabgui/src/main/java/org/jabref/gui/StateManager.java	jabgui/src/main/java/org/jabref/gui/frame/JabRefFrame.java	50	1215	20	0.40	true	false
jablib/src/main/java/org/jabref/logic/push/AbstractPushToApplication.java	jablib/src/main/java/org/jabref/logic/push/PushToVim.java	50	58	20	0.40	false	false
jabgui/src/main/java/org/jabref/gui/frame/JabRefFrame.java	jabgui/src/main/java/org/jabref/gui/importer/actions/CheckForNewEntryTypesAction.java	1215	45	18	0.40	true	false
jabgui/src/main/java/org/jabref/cli/ArgumentProcessor.java	jablib/src/main/java/org/jabref/logic/crawler/StudyRepository.java	123	40	16	0.40	true	true
jabgui/src/main/java/org/jabref/gui/autosaveandbackup/BackupManager.java	jablib/src/main/java/org/jabref/logic/crawler/StudyRepository.java	51	40	16	0.40	true	true
jabgui/src/main/java/org/jabref/gui/exporter/SaveDatabaseAction.java	jablib/src/main/java/org/jabref/logic/crawler/StudyRepository.java	194	40	16	0.40	true	true
jablib/src/main/java/org/jabref/logic/importer/fetcher/DoiResolution.java	jablib/src/main/java/org/jabref/logic/importer/fetcher/ScienceDirect.java	48	35	14	0.40	false	false
jabgui/src/main/java/org/jabref/cli/ArgumentProcessor.java	jabgui/src/main/java/org/jabref/gui/exporter/ExportCommand.java	123	30	12	0.40	true	false
jabgui/src/main/java/org/jabref/gui/LibraryTab.java	jabgui/src/main/java/org/jabref/gui/exporter/ExportCommand.java	1048	30	12	0.40	true	false
jabgui/src/main/java/org/jabref/gui/frame/JabRefFrame.java	jablib/src/main/java/org/jabref/logic/layout/format/FileLink.java	1215	30	12	0.40	true	true
jablib/src/main/java/org/jabref/logic/layout/format/FileLink.java	jablib/src/main/java/org/jabref/logic/util/io/DatabaseFileLookup.java	30	51	12	0.40	true	false
jabgui/src/main/java/org/jabref/gui/desktop/os/NativeDesktop.java	jablib/src/main/java/org/jabref/logic/preferences/JabRefCliPreferences.java	25	1078	10	0.40	true	true
jabgui/src/main/java/org/jabref/gui/externalfiles/AutoSetFileLinksUtil.java	jabgui/src/main/java/org/jabref/gui/fieldeditors/LinkedFilesEditorViewModel.java	20	68	8	0.40	true	false
jabgui/src/main/java/org/jabref/gui/fieldeditors/LinkedFileViewModel.java	jablib/src/main/java/org/jabref/logic/externalfiles/LinkedFileHandler.java	114	20	8	0.40	true	true
jablib/src/main/java/org/jabref/logic/citationstyle/CSLAdapter.java	jablib/src/main/java/org/jabref/logic/citationstyle/CitationStyleGenerator.java	26	20	8	0.40	false	false
jabgui/src/main/java/org/jabref/gui/LibraryTab.java	jabgui/src/main/java/org/jabref/gui/slr/ExistingStudySearchAction.java	1048	15	6	0.40	true	false
jabgui/src/main/java/org/jabref/gui/dialogs/AutosaveUiManager.java	jabgui/src/main/java/org/jabref/gui/exporter/SaveAllAction.java	15	39	6	0.40	true	false
jabgui/src/main/java/org/jabref/gui/dialogs/AutosaveUiManager.java	jabgui/src/main/java/org/jabref/gui/shared/SharedDatabaseUIManager.java	15	62	6	0.40	true	false
jabgui/src/main/java/org/jabref/gui/errorconsole/ErrorConsoleView.java	jabgui/src/main/java/org/jabref/gui/preferences/keybindings/KeyBindingsTab.java	15	19	6	0.40	true	false
jabgui/src/main/java/org/jabref/gui/externalfiles/AutoSetFileLinksUtil.java	jablib/src/main/java/org/jabref/logic/util/io/CitationKeyBasedFileFinder.java	20	15	6	0.40	true	true
jabgui/src/main/java/org/jabref/gui/groups/GroupTreeNodeViewModel.java	jablib/src/main/java/org/jabref/model/TreeNode.java	37	15	6	0.40	true	true
jabgui/src/main/java/org/jabref/gui/mergeentries/FetchAndMergeEntry.java	jabgui/src/main/java/org/jabref/gui/mergeentries/threewaymerge/FieldRowView.java	34	15	6	0.40	true	false
jabgui/src/main/java/org/jabref/gui/preview/CopyCitationAction.java	jablib/src/main/java/org/jabref/logic/citationstyle/CitationStyleCache.java	24	15	6	0.40	true	true
jabgui/src/main/java/org/jabref/gui/shared/SharedDatabaseLoginDialogViewModel.java	jablib/src/main/java/org/jabref/logic/shared/DBMSConnectionProperties.java	33	15	6	0.40	true	true
jabgui/src/main/java/org/jabref/gui/slr/ExistingStudySearchAction.java	jablib/src/main/java/org/jabref/logic/crawler/StudyRepository.java	15	40	6	0.40	true	true
jabgui/src/main/java/org/jabref/gui/slr/ExistingStudySearchAction.java	jablib/src/main/java/org/jabref/logic/preferences/CliPreferences.java	15	115	6	0.40	true	true
jabgui/src/main/java/org/jabref/gui/texparser/ParseLatexDialogView.java	jabgui/src/main/java/org/jabref/gui/texparser/ParseLatexDialogViewModel.java	15	30	6	0.40	false	false
jabgui/src/main/java/org/jabref/gui/texparser/ParseLatexDialogView.java	jablib/src/main/java/org/jabref/model/texparser/LatexParserResult.java	15	24	6	0.40	true	true
jablib/src/main/java/org/jabref/logic/bibtex/comparator/MetaDataDiff.java	jablib/src/main/java/org/jabref/logic/preferences/JabRefCliPreferences.java	15	1078	6	0.40	true	false
jablib/src/main/java/org/jabref/logic/cleanup/ConvertToBiblatexCleanup.java	jablib/src/main/java/org/jabref/logic/cleanup/DoiCleanup.java	15	26	6	0.40	false	false
jablib/src/main/java/org/jabref/logic/cleanup/ConvertToBiblatexCleanup.java	jablib/src/main/java/org/jabref/model/entry/BibEntry.java	15	312	6	0.40	true	false
jablib/src/main/java/org/jabref/logic/cleanup/FieldFormatterCleanupActions.java	jablib/src/main/java/org/jabref/logic/formatter/Formatters.java	15	34	6	0.40	true	false
jablib/src/main/java/org/jabref/logic/importer/fetcher/AstrophysicsDataSystem.java	jablib/src/main/java/org/jabref/logic/importer/fetcher/DBLPFetcher.java	42	15	6	0.40	false	false
jablib/src/main/java/org/jabref/logic/importer/fetcher/DBLPFetcher.java	jablib/src/main/java/org/jabref/logic/importer/fetcher/GoogleScholar.java	15	36	6	0.40	false	false
jablib/src/main/java/org/jabref/logic/importer/fileformat/CustomImporter.java	jablib/src/main/java/org/jabref/logic/importer/fileformat/MedlineImporter.java	15	58	6	0.40	false	false
jablib/src/main/java/org/jabref/logic/importer/fileformat/CustomImporter.java	jablib/src/main/java/org/jabref/logic/importer/fileformat/RepecNepImporter.java	15	66	6	0.40	false	false
jablib/src/main/java/org/jabref/logic/shared/DBMSConnectionProperties.java	jablib/src/main/java/org/jabref/model/database/BibDatabaseContext.java	15	99	6	0.40	true	false
jablib/src/main/java/org/jabref/logic/util/io/CitationKeyBasedFileFinder.java	jablib/src/main/java/org/jabref/logic/util/io/RegExpBasedFileFinder.java	15	59	6	0.40	false	false
jabgui/src/main/java/org/jabref/Launcher.java	jablib/src/main/java/org/jabref/logic/layout/LayoutFormatterPreferences.java	159	10	4	0.40	true	true
jabgui/src/main/java/org/jabref/cli/ArgumentProcessor.java	test-support/src/main/java/org/jabref/support/BibEntryAssert.java	123	10	4	0.40	true	true
jabgui/src/main/java/org/jabref/gui/LibraryTab.java	jabgui/src/main/java/org/jabref/gui/externalfiles/FindUnlinkedFilesAction.java	1048	10	4	0.40	true	false
jabgui/src/main/java/org/jabref/gui/LibraryTab.java	jablib/src/main/java/org/jabref/logic/cleanup/FileLinksCleanup.java	1048	10	4	0.40	true	true
jabgui/src/main/java/org/jabref/gui/LibraryTab.java	jablib/src/main/java/org/jabref/logic/journals/AbbreviationPreferences.java	1048	10	4	0.40	true	true
jabgui/src/main/java/org/jabref/gui/LibraryTab.java	jablib/src/main/java/org/jabref/model/FieldChange.java	1048	10	4	0.40	true	true
jabgui/src/main/java/org/jabref/gui/actions/StandardActions.java	jabgui/src/main/java/org/jabref/gui/libraryproperties/LibraryPropertiesAction.java	144	10	4	0.40	true	false
jabgui/src/main/java/org/jabref/gui/auximport/FromAuxDialog.java	jabgui/src/main/java/org/jabref/gui/util/FileDialogConfiguration.java	86	10	4	0.40	true	false
jabgui/src/main/java/org/jabref/gui/cleanup/CleanupAction.java	jablib/src/main/java/org/jabref/logic/cleanup/FileLinksCleanup.java	66	10	4	0.40	true	true
jabgui/src/main/java/org/jabref/gui/collab/DatabaseChangeDetailsViewFactory.java	jabgui/src/main/java/org/jabref/gui/collab/metedatachange/MetadataChangeDetailsView.java	10	13	4	0.40	true	false
jabgui/src/main/java/org/jabref/gui/documentviewer/DocumentViewerViewModel.java	jablib/src/main/java/org/jabref/logic/integrity/FileChecker.java	22	10	4	0.40	true	true
jabgui/src/main/java/org/jabref/gui/duplicationFinder/DuplicateSearch.java	jabgui/src/main/java/org/jabref/gui/libraryproperties/LibraryPropertiesAction.java	82	10	4	0.40	true	false
jabgui/src/main/java/org/jabref/gui/entryeditor/EntryEditor.java	jabgui/src/main/java/org/jabref/gui/entryeditor/fileannotationtab/FileAnnotationTabView.java	655	10	4	0.40	true	false
jabgui/src/main/java/org/jabref/gui/entryeditor/EntryEditor.java	jablib/src/main/java/org/jabref/logic/layout/format/Iso690NamesAuthors.java	655	10	4	0.40	true	true
jabgui/src/main/java/org/jabref/gui/entryeditor/EntryEditor.java	jablib/src/main/java/org/jabref/model/search/SearchDisplayMode.java	655	10	4	0.40	true	true
jabgui/src/main/java/org/jabref/gui/entryeditor/LatexCitationsTab.java	jabgui/src/main/java/org/jabref/gui/texparser/ReferenceViewModel.java	30	10	4	0.40	true	false
jabgui/src/main/java/org/jabref/gui/entryeditor/fileannotationtab/FileAnnotationTabView.java	jabgui/src/main/java/org/jabref/gui/preferences/PreferencesDialogView.java	10	34	4	0.40	true	false
jabgui/src/main/java/org/jabref/gui/entryeditor/fileannotationtab/FileAnnotationTabView.java	jabgui/src/main/java/org/jabref/gui/preferences/keybindings/KeyBindingsTab.java	10	19	4	0.40	true	false
jabgui/src/main/java/org/jabref/gui/externalfiles/ImportHandler.java	jablib/src/main/java/org/jabref/logic/util/io/FileNameUniqueness.java	86	10	4	0.40	true	true
jabgui/src/main/java/org/jabref/gui/fieldeditors/AbstractEditorViewModel.java	jabgui/src/main/java/org/jabref/gui/fieldeditors/JournalEditorViewModel.java	14	10	4	0.40	false	false
jabgui/src/main/java/org/jabref/gui/fieldeditors/FieldNameLabel.java	jabgui/src/main/java/org/jabref/gui/util/FieldsUtil.java	24	10	4	0.40	true	false
jabgui/src/main/java/org/jabref/gui/fieldeditors/JournalEditorViewModel.java	jabgui/src/main/java/org/jabref/gui/fieldeditors/OwnerEditor.java	10	13	4	0.40	false	false
jabgui/src/main/java/org/jabref/gui/fieldeditors/JournalEditorViewModel.java	jabgui/src/main/java/org/jabref/gui/fieldeditors/PersonsEditor.java	10	16	4	0.40	false	false
jabgui/src/main/java/org/jabref/gui/fieldeditors/JournalEditorViewModel.java	jabgui/src/main/java/org/jabref/gui/fieldeditors/UrlEditor.java	10	18	4	0.40	false	false
jabgui/src/main/java/org/jabref/gui/fieldeditors/JournalEditorViewModel.java	jabgui/src/main/java/org/jabref/gui/fieldeditors/identifier/IdentifierEditor.java	10	28	4	0.40	true	false
jabgui/src/main/java/org/jabref/gui/fieldeditors/LinkedFilesEditorViewModel.java	jabgui/src/main/java/org/jabref/gui/linkedfile/LinkedFileEditDialog.java	68	10	4	0.40	true	false
jabgui/src/main/java/org/jabref/gui/frame/JabRefFrame.java	jabgui/src/main/java/org/jabref/gui/libraryproperties/constants/ConstantsPropertiesViewModel.java	1215	10	4	0.40	true	false
jabgui/src/main/java/org/jabref/gui/frame/JabRefFrame.java	jabgui/src/main/java/org/jabref/gui/preferences/journals/AbbreviationsFileViewModel.java	1215	10	4	0.40	true	false
jabgui/src/main/java/org/jabref/gui/frame/JabRefFrame.java	jabgui/src/main/java/org/jabref/gui/preferences/xmp/XmpPrivacyTabViewModel.java	1215	10	4	0.40	true	false
jabgui/src/main/java/org/jabref/gui/frame/JabRefFrame.java	jabgui/src/main/java/org/jabref/gui/push/GuiPushToApplicationSettings.java	1215	10	4	0.40	true	false
jabgui/src/main/java/org/jabref/gui/frame/JabRefFrame.java	jablib/src/main/java/org/jabref/logic/exporter/Exporter.java	1215	10	4	0.40	true	true
jabgui/src/main/java/org/jabref/gui/frame/JabRefFrame.java	jablib/src/main/java/org/jabref/logic/journals/AbbreviationPreferences.java	1215	10	4	0.40	true	true
jabgui/src/main/java/org/jabref/gui/frame/JabRefFrame.java	jablib/src/main/java/org/jabref/logic/layout/format/Iso690NamesAuthors.java	1215	10	4	0.40	true	true
jabgui/src/main/java/org/jabref/gui/frame/MainMenu.java	jablib/src/main/java/org/jabref/logic/git/status/GitStatusChecker.java	55	10	4	0.40	true	true
jabgui/src/main/java/org/jabref/gui/libraryproperties/constants/ConstantsPropertiesViewModel.java	jablib/src/main/java/org/jabref/model/database/BibDatabase.java	10	209	4	0.40	true	true
jabgui/src/main/java/org/jabref/gui/linkedfile/LinkedFileEditDialog.java	jablib/src/main/java/org/jabref/logic/preferences/JabRefCliPreferences.java	10	1078	4	0.40	true	true
jabgui/src/main/java/org/jabref/gui/maintable/OpenUrlAction.java	jabgui/src/main/java/org/jabref/gui/maintable/RightClickMenu.java	10	216	4	0.40	false	false
jabgui/src/main/java/org/jabref/gui/openoffice/OpenOfficePanel.java	jablib/src/main/java/org/jabref/logic/layout/LayoutFormatterPreferences.java	230	10	4	0.40	true	true
jabgui/src/main/java/org/jabref/gui/preferences/PreferencesDialogViewModel.java	jabgui/src/main/java/org/jabref/gui/preferences/citationkeypattern/CitationKeyPatternTabViewModel.java	59	10	4	0.40	true	false
jabgui/src/main/java/org/jabref/gui/preferences/PreferencesDialogViewModel.java	jabgui/src/main/java/org/jabref/gui/preferences/table/TableTab.java	59	10	4	0.40	true	false
jabgui/src/main/java/org/jabref/gui/preferences/entryeditor/EntryEditorTab.java	jabgui/src/main/java/org/jabref/gui/preferences/groups/GroupsTab.java	22	10	4	0.40	true	false
jabgui/src/main/java/org/jabref/gui/preferences/entryeditor/EntryEditorTab.java	jabgui/src/main/java/org/jabref/gui/preferences/xmp/XmpPrivacyTabViewModel.java	22	10	4	0.40	true	false
jabgui/src/main/java/org/jabref/gui/preferences/external/ExternalTab.java	jabgui/src/main/java/org/jabref/gui/preferences/groups/GroupsTab.java	18	10	4	0.40	true	false
jabgui/src/main/java/org/jabref/gui/preferences/external/ExternalTabViewModel.java	jabgui/src/main/java/org/jabref/gui/push/GuiPushToApplicationSettings.java	16	10	4	0.40	true	false
jabgui/src/main/java/org/jabref/gui/preferences/externalfiletypes/EditExternalFileTypeViewModel.java	jabgui/src/main/java/org/jabref/gui/preferences/externalfiletypes/ExternalFileTypesTabViewModel.java	10	23	4	0.40	false	false
jabgui/src/main/java/org/jabref/gui/preferences/general/GeneralTab.java	jabgui/src/main/java/org/jabref/gui/preferences/table/TableTab.java	55	10	4	0.40	true	false
jabgui/src/main/java/org/jabref/gui/preferences/general/GeneralTabViewModel.java	jabgui/src/main/java/org/jabref/gui/preferences/groups/GroupsTab.java	79	10	4	0.40	true	false
jabgui/src/main/java/org/jabref/gui/preferences/general/GeneralTabViewModel.java	jabgui/src/main/java/org/jabref/gui/preferences/xmp/XmpPrivacyTabViewModel.java	79	10	4	0.40	true	false
jabgui/src/main/java/org/jabref/gui/preferences/groups/GroupsTab.java	jabgui/src/main/java/org/jabref/gui/preferences/network/NetworkTab.java	10	21	4	0.40	true	false
jabgui/src/main/java/org/jabref/gui/preferences/groups/GroupsTab.java	jabgui/src/main/java/org/jabref/gui/preferences/preview/PreviewTab.java	10	42	4	0.40	true	false
jabgui/src/main/java/org/jabref/gui/preferences/groups/GroupsTab.java	jabgui/src/main/java/org/jabref/gui/preferences/preview/PreviewTabViewModel.java	10	46	4	0.40	true	false
jabgui/src/main/java/org/jabref/gui/preferences/groups/GroupsTab.java	jabgui/src/main/java/org/jabref/gui/preferences/xmp/XmpPrivacyTabViewModel.java	10	10	4	0.40	true	false
jabgui/src/main/java/org/jabref/gui/preferences/groups/GroupsTab.java	jablib/src/main/java/org/jabref/logic/preferences/CliPreferences.java	10	115	4	0.40	true	true
jabgui/src/main/java/org/jabref/gui/preferences/groups/GroupsTabViewModel.java	jabgui/src/main/java/org/jabref/gui/preferences/xmp/XmpPrivacyTabViewModel.java	11	10	4	0.40	true	false
jabgui/src/main/java/org/jabref/gui/preferences/journals/AbbreviationsFileViewModel.java	jablib/src/main/java/org/jabref/logic/journals/Abbreviation.java	10	20	4	0.40	true	true
jabgui/src/main/java/org/jabref/gui/preferences/journals/AbbreviationsFileViewModel.java	jablib/src/main/java/org/jabref/logic/journals/JournalAbbreviationLoader.java	10	35	4	0.40	true	true
jabgui/src/main/java/org/jabref/gui/preferences/journals/AbbreviationsFileViewModel.java	jablib/src/main/java/org/jabref/logic/journals/JournalAbbreviationRepository.java	10	32	4	0.40	true	true
jabgui/src/main/java/org/jabref/gui/preferences/linkedfiles/LinkedFilesTab.java	jabgui/src/main/java/org/jabref/gui/preferences/table/TableTab.java	14	10	4	0.40	true	false
jabgui/src/main/java/org/jabref/gui/preferences/network/NetworkTab.java	jabgui/src/main/java/org/jabref/gui/preferences/table/TableTab.java	21	10	4	0.40	true	false
jabgui/src/main/java/org/jabref/gui/preferences/preview/PreviewTabViewModel.java	jabgui/src/main/java/org/jabref/gui/preferences/xmp/XmpPrivacyTabViewModel.java	46	10	4	0.40	true	false
jabgui/src/main/java/org/jabref/gui/preferences/table/TableTab.java	jablib/src/main/java/org/jabref/logic/preferences/JabRefCliPreferences.java	10	1078	4	0.40	true	true
jabgui/src/main/java/org/jabref/gui/preferences/xmp/XmpPrivacyTabViewModel.java	jablib/src/main/java/org/jabref/logic/preferences/JabRefCliPreferences.java	10	1078	4	0.40	true	true
jabgui/src/main/java/org/jabref/gui/push/GuiPushToApplicationCommand.java	jabgui/src/main/java/org/jabref/gui/push/GuiPushToApplicationSettings.java	47	10	4	0.40	false	false
jabgui/src/main/java/org/jabref/gui/push/GuiPushToApplicationSettings.java	jablib/src/main/java/org/jabref/logic/preferences/CliPreferences.java	10	115	4	0.40	true	true
jabgui/src/main/java/org/jabref/gui/push/GuiPushToApplicationSettings.java	jablib/src/main/java/org/jabref/logic/push/PushToLyx.java	10	49	4	0.40	true	true
jabgui/src/main/java/org/jabref/gui/util/UiTaskExecutor.java	jablib/src/main/java/org/jabref/logic/util/DelayTaskThrottler.java	44	10	4	0.40	true	true
jablib/src/main/java/org/jabref/logic/FilePreferences.java	jablib/src/main/java/org/jabref/logic/InternalPreferences.java	28	10	4	0.40	false	false
jablib/src/main/java/org/jabref/logic/InternalPreferences.java	jablib/src/main/java/org/jabref/logic/preferences/CliPreferences.java	10	115	4	0.40	true	false
jablib/src/main/java/org/jabref/logic/bibtex/TypedBibEntry.java	jablib/src/main/java/org/jabref/logic/cleanup/FileLinksCleanup.java	18	10	4	0.40	true	false
jablib/src/main/java/org/jabref/logic/bibtex/comparator/BibtexStringComparator.java	jablib/src/main/java/org/jabref/logic/layout/format/Iso690NamesAuthors.java	13	10	4	0.40	true	false
jablib/src/main/java/org/jabref/logic/bibtex/comparator/FieldComparator.java	jablib/src/main/java/org/jabref/logic/layout/format/CreateDocBook4Editors.java	72	10	4	0.40	true	false
jablib/src/main/java/org/jabref/logic/bst/util/BstNameFormatter.java	jablib/src/main/java/org/jabref/logic/layout/format/CreateDocBook4Editors.java	22	10	4	0.40	true	false
jablib/src/main/java/org/jabref/logic/citationkeypattern/CitationKeyGenerator.java	jablib/src/main/java/org/jabref/logic/layout/format/AuthorOrgSci.java	201	10	4	0.40	true	false
jablib/src/main/java/org/jabref/logic/citationkeypattern/CitationKeyGenerator.java	jablib/src/main/java/org/jabref/logic/layout/format/CreateDocBook4Editors.java	201	10	4	0.40	true	false
jablib/src/main/java/org/jabref/logic/cleanup/CleanupWorker.java	jablib/src/main/java/org/jabref/logic/cleanup/FileLinksCleanup.java	42	10	4	0.40	false	false
jablib/src/main/java/org/jabref/logic/cleanup/ConvertToBiblatexCleanup.java	jablib/src/main/java/org/jabref/logic/cleanup/FileLinksCleanup.java	15	10	4	0.40	false	false
jablib/src/main/java/org/jabref/logic/cleanup/FieldFormatterCleanup.java	jablib/src/main/java/org/jabref/model/FieldChange.java	39	10	4	0.40	true	false
jablib/src/main/java/org/jabref/logic/cleanup/FileLinksCleanup.java	jablib/src/main/java/org/jabref/logic/importer/util/FileFieldParser.java	10	30	4	0.40	true	false
jablib/src/main/java/org/jabref/logic/cleanup/FileLinksCleanup.java	jablib/src/main/java/org/jabref/logic/util/io/FileUtil.java	10	142	4	0.40	true	false
jablib/src/main/java/org/jabref/logic/cleanup/FileLinksCleanup.java	jablib/src/main/java/org/jabref/model/entry/BibEntry.java	10	312	4	0.40	true	false
jablib/src/main/java/org/jabref/logic/cleanup/MoveFilesCleanup.java	jablib/src/main/java/org/jabref/logic/integrity/FileChecker.java	22	10	4	0.40	true	false
jablib/src/main/java/org/jabref/logic/cleanup/RenamePdfCleanup.java	jablib/src/main/java/org/jabref/logic/integrity/FileChecker.java	53	10	4	0.40	true	false
jablib/src/main/java/org/jabref/logic/exporter/Exporter.java	jablib/src/main/java/org/jabref/logic/preferences/JabRefCliPreferences.java	10	1078	4	0.40	true	false
jablib/src/main/java/org/jabref/logic/externalfiles/LinkedFileHandler.java	jablib/src/main/java/org/jabref/logic/util/io/FileNameUniqueness.java	20	10	4	0.40	true	false
jablib/src/main/java/org/jabref/logic/formatter/Formatter.java	jablib/src/main/java/org/jabref/logic/formatter/bibtexfields/RemoveEnclosingBracesFormatter.java	13	10	4	0.40	true	false
jablib/src/main/java/org/jabref/logic/formatter/bibtexfields/HtmlToLatexFormatter.java	jablib/src/main/java/org/jabref/logic/formatter/bibtexfields/RemoveEnclosingBracesFormatter.java	14	10	4	0.40	false	false
jablib/src/main/java/org/jabref/logic/formatter/bibtexfields/RemoveEnclosingBracesFormatter.java	jablib/src/main/java/org/jabref/logic/formatter/bibtexfields/UnicodeToLatexFormatter.java	10	16	4	0.40	false	false
jablib/src/main/java/org/jabref/logic/importer/WebFetchers.java	jablib/src/main/java/org/jabref/logic/importer/fileformat/pdf/PdfEmbeddedBibFileImporter.java	102	10	4	0.40	true	false
jablib/src/main/java/org/jabref/logic/importer/fileformat/BibtexParser.java	test-support/src/main/java/org/jabref/support/BibEntryAssert.java	297	10	4	0.40	true	true
jablib/src/main/java/org/jabref/logic/importer/util/GroupsParser.java	jablib/src/main/java/org/jabref/model/groups/SearchGroup.java	45	10	4	0.40	true	false
jablib/src/main/java/org/jabref/logic/integrity/FileChecker.java	jablib/src/main/java/org/jabref/logic/integrity/ISSNChecker.java	10	13	4	0.40	false	false
jablib/src/main/java/org/jabref/logic/integrity/FileChecker.java	jablib/src/main/java/org/jabref/logic/integrity/IntegrityCheck.java	10	81	4	0.40	false	false
jablib/src/main/java/org/jabref/logic/integrity/FileChecker.java	jablib/src/main/java/org/jabref/logic/integrity/PagesChecker.java	10	12	4	0.40	false	false
jablib/src/main/java/org/jabref/logic/integrity/FileChecker.java	jablib/src/main/java/org/jabref/model/entry/LinkedFile.java	10	41	4	0.40	true	false
jablib/src/main/java/org/jabref/logic/journals/AbbreviationPreferences.java	jablib/src/main/java/org/jabref/logic/preferences/CliPreferences.java	10	115	4	0.40	true	false
jablib/src/main/java/org/jabref/logic/layout/AbstractParamLayoutFormatter.java	jablib/src/main/java/org/jabref/logic/remote/RemoteUtil.java	11	10	4	0.40	true	false
jablib/src/main/java/org/jabref/logic/layout/format/AuthorAbbreviator.java	jablib/src/main/java/org/jabref/logic/layout/format/AuthorOrgSci.java	16	10	4	0.40	false	false
jablib/src/main/java/org/jabref/logic/layout/format/AuthorAbbreviator.java	jablib/src/main/java/org/jabref/logic/layout/format/CreateDocBook4Editors.java	16	10	4	0.40	false	false
jablib/src/main/java/org/jabref/logic/layout/format/AuthorFirstFirst.java	jablib/src/main/java/org/jabref/logic/layout/format/CreateDocBook4Editors.java	14	10	4	0.40	false	false
jablib/src/main/java/org/jabref/logic/layout/format/Authors.java	jablib/src/main/java/org/jabref/logic/layout/format/CreateDocBook4Editors.java	36	10	4	0.40	false	false
jablib/src/main/java/org/jabref/logic/layout/format/CreateDocBook4Editors.java	jablib/src/main/java/org/jabref/logic/openoffice/style/JStyle.java	10	104	4	0.40	true	false
jablib/src/main/java/org/jabref/logic/layout/format/CreateDocBook4Editors.java	jablib/src/main/java/org/jabref/model/entry/AuthorList.java	10	77	4	0.40	true	false
jablib/src/main/java/org/jabref/logic/layout/format/Iso690NamesAuthors.java	jablib/src/main/java/org/jabref/model/database/BibDatabase.java	10	209	4	0.40	true	false
jablib/src/main/java/org/jabref/logic/layout/format/Iso690NamesAuthors.java	jablib/src/main/java/org/jabref/model/entry/AuthorList.java	10	77	4	0.40	true	false
jablib/src/main/java/org/jabref/logic/remote/RemotePreferences.java	jablib/src/main/java/org/jabref/logic/remote/RemoteUtil.java	16	10	4	0.40	false	false
jablib/src/main/java/org/jabref/logic/remote/RemoteUtil.java	jablib/src/main/java/org/jabref/logic/util/io/FileUtil.java	10	142	4	0.40	true	false
jablib/src/main/java/org/jabref/logic/remote/RemoteUtil.java	jablib/src/main/java/org/jabref/model/entry/IdGenerator.java	10	12	4	0.40	true	false
jablib/src/main/java/org/jabref/logic/util/io/FileNameUniqueness.java	jablib/src/main/java/org/jabref/logic/util/io/FileUtil.java	10	142	4	0.40	false	false
jablib/src/main/java/org/jabref/logic/util/io/FileNameUniqueness.java	jablib/src/main/java/org/jabref/model/entry/LinkedFile.java	10	41	4	0.40	true	false
jablib/src/main/java/org/jabref/model/FieldChange.java	jablib/src/main/java/org/jabref/model/entry/BibEntry.java	10	312	4	0.40	true	false
jabsrv-cli/src/main/java/org/jabref/http/server/cli/ServerCli.java	jabsrv/src/main/java/module-info.java	10	25	4	0.40	true	true
jablib/src/main/java/org/jabref/logic/importer/fileformat/MedlineImporter.java	jablib/src/main/java/org/jabref/logic/importer/fileformat/MedlinePlainImporter.java	58	60	23	0.40	false	false
jabgui/src/main/java/org/jabref/gui/LibraryTab.java	jabgui/src/main/java/org/jabref/gui/preferences/customimporter/CustomImporterTab.java	1048	101	40	0.40	true	false
jabgui/src/main/java/org/jabref/gui/LibraryTab.java	jabgui/src/main/java/org/jabref/gui/entryeditor/FieldsEditorTab.java	1048	48	19	0.40	true	false
jablib/src/main/java/org/jabref/logic/importer/ImportFormatReader.java	jablib/src/main/java/org/jabref/logic/importer/fileformat/BiblioscapeImporter.java	197	48	19	0.40	true	false
jablib/src/main/java/org/jabref/logic/importer/fileformat/BiblioscapeImporter.java	jablib/src/main/java/org/jabref/logic/importer/fileformat/pdf/PdfContentImporter.java	48	108	19	0.40	true	false
jabgui/src/main/java/org/jabref/gui/fieldeditors/LinkedFileViewModel.java	jabgui/src/main/java/org/jabref/gui/fieldeditors/LinkedFilesEditor.java	114	86	34	0.40	false	false
jabgui/src/main/java/org/jabref/gui/LibraryTab.java	jablib/src/main/java/org/jabref/logic/exporter/OOCalcDatabase.java	1048	38	15	0.39	true	true
jabgui/src/main/java/org/jabref/gui/entryeditor/EntryEditor.java	jabgui/src/main/java/org/jabref/gui/frame/SendAsEMailAction.java	655	66	26	0.39	true	false
jabgui/src/main/java/org/jabref/gui/frame/JabRefFrame.java	jablib/src/main/java/org/jabref/logic/importer/ParserResult.java	1215	66	26	0.39	true	true
jabgui/src/main/java/org/jabref/gui/frame/SendAsEMailAction.java	jablib/src/main/java/org/jabref/logic/preferences/JabRefCliPreferences.java	66	1078	26	0.39	true	true
jabgui/src/main/java/org/jabref/gui/importer/actions/OpenDatabaseAction.java	jablib/src/main/java/org/jabref/logic/importer/ParserResult.java	224	66	26	0.39	true	true
jabgui/src/main/java/org/jabref/gui/actions/ActionHelper.java	jabgui/src/main/java/org/jabref/gui/frame/JabRefFrame.java	33	1215	13	0.39	true	false
jabgui/src/main/java/org/jabref/gui/entryeditor/EntryEditor.java	jabgui/src/main/java/org/jabref/gui/menus/ChangeEntryTypeMenu.java	655	28	11	0.39	true	false
jabgui/src/main/java/org/jabref/gui/fieldeditors/FieldEditors.java	jabgui/src/main/java/org/jabref/gui/fieldeditors/identifier/IdentifierEditor.java	60	28	11	0.39	true	false
jablib/src/main/java/org/jabref/logic/FilePreferences.java	jablib/src/main/java/org/jabref/model/database/BibDatabaseContext.java	28	99	11	0.39	true	false
jabgui/src/main/java/org/jabref/gui/LibraryTab.java	jabgui/src/main/java/org/jabref/gui/maintable/MainTable.java	1048	293	115	0.39	true	false
jabgui/src/main/java/org/jabref/gui/exporter/ExportToClipboardAction.java	jabgui/src/main/java/org/jabref/gui/frame/JabRefFrame.java	79	1215	31	0.39	true	false
jabgui/src/main/java/org/jabref/cli/ArgumentProcessor.java	jabgui/src/main/java/org/jabref/gui/autosaveandbackup/BackupManager.java	123	51	20	0.39	true	false
jablib/src/main/java/org/jabref/logic/layout/format/WrapFileLinks.java	jablib/src/main/java/org/jabref/logic/util/io/FileUtil.java	46	142	18	0.39	true	false
jabgui/src/main/java/org/jabref/gui/openoffice/OpenOfficePanel.java	jabgui/src/main/java/org/jabref/gui/openoffice/StyleSelectDialogViewModel.java	230	23	9	0.39	false	false
jabgui/src/main/java/org/jabref/gui/fieldeditors/FieldEditors.java	jabgui/src/main/java/org/jabref/gui/fieldeditors/UrlEditor.java	60	18	7	0.39	false	false
jabgui/src/main/java/org/jabref/gui/fieldeditors/SimpleEditor.java	jabgui/src/main/java/org/jabref/gui/fieldeditors/UrlEditor.java	22	18	7	0.39	false	false
jabgui/src/main/java/org/jabref/gui/frame/JabRefFrame.java	jablib/src/main/java/org/jabref/logic/remote/server/RemoteListenerServer.java	1215	18	7	0.39	true	true
jabgui/src/main/java/org/jabref/gui/mergeentries/threewaymerge/MergeEntriesAction.java	jabgui/src/main/java/org/jabref/gui/mergeentries/threewaymerge/ThreeWayMergeView.java	18	30	7	0.39	false	false
jabgui/src/main/java/org/jabref/gui/preferences/PreferencesDialogViewModel.java	jabgui/src/main/java/org/jabref/gui/preferences/external/ExternalTab.java	59	18	7	0.39	true	false
jabgui/src/main/java/org/jabref/gui/texparser/ParseLatexDialogViewModel.java	jablib/src/main/java/org/jabref/logic/texparser/TexBibEntriesResolver.java	30	18	7	0.39	true	true
jabgui/src/main/java/org/jabref/gui/LibraryTab.java	jablib/src/main/java/org/jabref/logic/exporter/MSBibExporter.java	1048	31	12	0.39	true	true
jablib/src/main/java/org/jabref/logic/importer/ImportFormatReader.java	jablib/src/main/java/org/jabref/logic/importer/fileformat/MsBibImporter.java	197	31	12	0.39	true	false
jablib/src/main/java/org/jabref/logic/layout/format/LatexToUnicodeFormatter.java	jablib/src/main/java/org/jabref/logic/openoffice/style/OOPreFormatter.java	31	32	12	0.39	true	false
jabgui/src/main/java/org/jabref/gui/LibraryTab.java	jabgui/src/main/java/org/jabref/gui/maintable/MainTableDataModel.java	1048	44	17	0.39	true	false
jabgui/src/main/java/org/jabref/gui/LibraryTab.java	jablib/src/main/java/org/jabref/logic/importer/fileformat/InspecImporter.java	1048	44	17	0.39	true	true
jabgui/src/main/java/org/jabref/gui/linkedfile/AttachFileAction.java	jabgui/src/main/java/org/jabref/gui/maintable/RightClickMenu.java	44	216	17	0.39	true	false
jabgui/src/main/java/org/jabref/gui/preview/PreviewViewer.java	jabgui/src/main/java/org/jabref/gui/search/GlobalSearchResultDialog.java	58	26	10	0.38	true	false
jabgui/src/main/java/org/jabref/gui/search/GlobalSearchResultDialog.java	jablib/src/main/java/org/jabref/logic/preferences/JabRefCliPreferences.java	26	1078	10	0.38	true	true
jabgui/src/main/java/org/jabref/Launcher.java	jablib/src/main/java/org/jabref/logic/externalfiles/ExternalFilesContentImporter.java	159	13	5	0.38	true	true
jabgui/src/main/java/org/jabref/gui/JabRefGUI.java	jablib/src/main/java/org/jabref/logic/ai/AiService.java	190	13	5	0.38	true	true
jabgui/src/main/java/org/jabref/gui/LibraryTab.java	jablib/src/main/java/org/jabref/logic/bibtex/comparator/BibtexStringComparator.java	1048	13	5	0.38	true	true
jabgui/src/main/java/org/jabref/gui/LibraryTab.java	jablib/src/main/java/org/jabref/logic/layout/format/RemoveLatexCommandsFormatter.java	1048	13	5	0.38	true	true
jabgui/src/main/java/org/jabref/gui/LibraryTab.java	jablib/src/main/java/org/jabref/logic/shared/DBMSConnection.java	1048	13	5	0.38	true	true
jabgui/src/main/java/org/jabref/gui/autocompleter/SuggestionProviders.java	jabgui/src/main/java/org/jabref/gui/fieldeditors/FieldEditors.java	13	60	5	0.38	true	false
jabgui/src/main/java/org/jabref/gui/autocompleter/SuggestionProviders.java	jabgui/src/main/java/org/jabref/gui/fieldeditors/LinkedEntriesEditor.java	13	13	5	0.38	true	false
jabgui/src/main/java/org/jabref/gui/citationkeypattern/GenerateCitationKeyAction.java	jabgui/src/main/java/org/jabref/gui/importer/fetcher/LookupIdentifierAction.java	13	13	5	0.38	true	false
jabgui/src/main/java/org/jabref/gui/collab/metedatachange/MetadataChangeDetailsView.java	jablib/src/main/java/org/jabref/logic/bibtex/comparator/MetaDataDiff.java	13	15	5	0.38	true	true
jabgui/src/main/java/org/jabref/gui/entryeditor/EntryEditor.java	jabgui/src/main/java/org/jabref/gui/fieldeditors/OwnerEditor.java	655	13	5	0.38	true	false
jabgui/src/main/java/org/jabref/gui/entryeditor/EntryEditor.java	jablib/src/main/java/org/jabref/logic/bibtex/FieldPreferences.java	655	13	5	0.38	true	true
jabgui/src/main/java/org/jabref/gui/entryeditor/EntryEditor.java	jablib/src/main/java/org/jabref/logic/bibtex/comparator/BibtexStringComparator.java	655	13	5	0.38	true	true
jabgui/src/main/java/org/jabref/gui/exporter/SaveDatabaseAction.java	jablib/src/main/java/org/jabref/logic/shared/prefs/SharedDatabasePreferences.java	194	13	5	0.38	true	true
jabgui/src/main/java/org/jabref/gui/frame/JabRefFrame.java	jablib/src/main/java/org/jabref/logic/bibtex/comparator/BibtexStringComparator.java	1215	13	5	0.38	true	true
jabgui/src/main/java/org/jabref/gui/frame/JabRefFrame.java	jablib/src/main/java/org/jabref/logic/bibtex/comparator/CrossRefEntryComparator.java	1215	13	5	0.38	true	true
jabgui/src/main/java/org/jabref/gui/frame/JabRefFrame.java	jablib/src/main/java/org/jabref/logic/shared/prefs/SharedDatabasePreferences.java	1215	13	5	0.38	true	true
jabgui/src/main/java/org/jabref/gui/keyboard/KeyBinding.java	jabgui/src/main/java/org/jabref/gui/preferences/keybindings/KeyBindingViewModel.java	80	13	5	0.38	true	false
jabgui/src/main/java/org/jabref/gui/maintable/MainTable.java	jablib/src/main/java/org/jabref/logic/bibtex/comparator/BibtexStringComparator.java	293	13	5	0.38	true	true
jabgui/src/main/java/org/jabref/gui/maintable/MainTable.java	jablib/src/main/java/org/jabref/logic/bibtex/comparator/CrossRefEntryComparator.java	293	13	5	0.38	true	true
jabgui/src/main/java/org/jabref/gui/openoffice/OOBibBase.java	jablib/src/main/java/org/jabref/logic/openoffice/oocsltext/CSLFormatUtils.java	159	13	5	0.38	true	true
jabgui/src/main/java/org/jabref/gui/preferences/keybindings/KeyBindingViewModel.java	jabgui/src/main/java/org/jabref/gui/preferences/keybindings/KeyBindingsTab.java	13	19	5	0.38	false	false
jabgui/src/main/java/org/jabref/gui/shared/SharedDatabaseLoginDialogView.java	jablib/src/main/java/org/jabref/logic/shared/prefs/SharedDatabasePreferences.java	21	13	5	0.38	true	true
jabgui/src/main/java/org/jabref/gui/slr/ManageStudyDefinitionViewModel.java	jabgui/src/main/java/org/jabref/gui/slr/StartNewStudyAction.java	17	13	5	0.38	false	false
jablib/src/main/java/org/jabref/logic/bibtex/BibEntryWriter.java	jablib/src/main/java/org/jabref/logic/bibtex/comparator/BibtexStringComparator.java	109	13	5	0.38	true	false
jablib/src/main/java/org/jabref/logic/bibtex/FieldPreferences.java	jablib/src/main/java/org/jabref/logic/importer/fileformat/BibtexParser.java	13	297	5	0.38	true	false
jablib/src/main/java/org/jabref/logic/bibtex/comparator/BibtexStringComparator.java	jablib/src/main/java/org/jabref/logic/bibtex/comparator/EntryComparator.java	13	55	5	0.38	false	false
jablib/src/main/java/org/jabref/logic/bibtex/comparator/BibtexStringComparator.java	jablib/src/main/java/org/jabref/logic/bibtex/comparator/FieldComparator.java	13	72	5	0.38	false	false
jablib/src/main/java/org/jabref/logic/bibtex/comparator/BibtexStringComparator.java	jablib/src/main/java/org/jabref/logic/importer/fileformat/BibtexParser.java	13	297	5	0.38	true	false
jablib/src/main/java/org/jabref/logic/bibtex/comparator/CrossRefEntryComparator.java	jablib/src/main/java/org/jabref/logic/importer/fileformat/BibtexParser.java	13	297	5	0.38	true	false
jablib/src/main/java/org/jabref/logic/citationkeypattern/CitationKeyGenerator.java	jablib/src/main/java/org/jabref/logic/layout/format/RemoveLatexCommandsFormatter.java	201	13	5	0.38	true	false
jablib/src/main/java/org/jabref/logic/cleanup/FieldFormatterCleanup.java	jablib/src/main/java/org/jabref/logic/formatter/Formatter.java	39	13	5	0.38	true	false
jablib/src/main/java/org/jabref/logic/crawler/StudyRepository.java	jablib/src/main/java/org/jabref/logic/externalfiles/ExternalFilesContentImporter.java	40	13	5	0.38	true	false
jablib/src/main/java/org/jabref/logic/externalfiles/ExternalFilesContentImporter.java	jablib/src/main/java/org/jabref/logic/importer/util/GrobidService.java	13	20	5	0.38	true	false
jablib/src/main/java/org/jabref/logic/formatter/Formatter.java	jablib/src/main/java/org/jabref/logic/formatter/bibtexfields/NormalizeNamesFormatter.java	13	26	5	0.38	true	false
jablib/src/main/java/org/jabref/logic/formatter/Formatters.java	jablib/src/main/java/org/jabref/logic/formatter/bibtexfields/RegexFormatter.java	34	13	5	0.38	true	false
jablib/src/main/java/org/jabref/logic/importer/fetcher/ArXivFetcher.java	jablib/src/main/java/org/jabref/logic/importer/fileformat/MarcXmlParser.java	25	13	5	0.38	true	false
jablib/src/main/java/org/jabref/logic/integrity/ISSNChecker.java	jablib/src/main/java/org/jabref/logic/integrity/IntegrityCheck.java	13	81	5	0.38	false	false
jablib/src/main/java/org/jabref/logic/layout/LayoutEntry.java	jablib/src/main/java/org/jabref/logic/layout/format/RemoveLatexCommandsFormatter.java	120	13	5	0.38	true	false
jablib/src/main/java/org/jabref/logic/layout/format/CurrentDate.java	jablib/src/main/java/org/jabref/logic/layout/format/DocBookAuthorFormatter.java	13	35	5	0.38	false	false
jablib/src/main/java/org/jabref/logic/layout/format/LatexToUnicodeFormatter.java	jablib/src/main/java/org/jabref/logic/layout/format/RemoveLatexCommandsFormatter.java	31	13	5	0.38	false	false
jablib/src/main/java/org/jabref/logic/shared/DBMSConnection.java	jablib/src/main/java/org/jabref/logic/shared/DBMSProcessor.java	13	44	5	0.38	false	false
jablib/src/main/java/org/jabref/logic/shared/DBMSSynchronizer.java	jablib/src/main/java/org/jabref/logic/shared/prefs/SharedDatabasePreferences.java	38	13	5	0.38	true	false
jablib/src/main/java/org/jabref/logic/shared/prefs/SharedDatabasePreferences.java	jablib/src/main/java/org/jabref/model/database/BibDatabaseContext.java	13	99	5	0.38	true	false
jablib/src/main/java/org/jabref/logic/xmp/DublinCoreExtractor.java	jablib/src/main/java/org/jabref/logic/xmp/XmpUtilReader.java	19	13	5	0.38	false	false
jabgui/src/main/java/org/jabref/gui/push/GuiPushToApplicationCommand.java	jablib/src/main/java/org/jabref/logic/push/PushToVim.java	47	58	18	0.38	true	true
jablib/src/main/java/org/jabref/logic/importer/Importer.java	jablib/src/main/java/org/jabref/logic/importer/fileformat/BiblioscapeImporter.java	47	48	18	0.38	true	false
jablib/src/main/java/org/jabref/logic/importer/Importer.java	jablib/src/main/java/org/jabref/logic/importer/fileformat/EndnoteImporter.java	47	70	18	0.38	true	false
jabgui/src/main/java/org/jabref/gui/externalfiletype/ExternalFileType.java	jabgui/src/main/java/org/jabref/gui/frame/JabRefFrame.java	34	1215	13	0.38	true	false
jabgui/src/main/java/org/jabref/gui/externalfiletype/ExternalFileType.java	jablib/src/main/java/org/jabref/logic/preferences/JabRefCliPreferences.java	34	1078	13	0.38	true	true
jabgui/src/main/java/org/jabref/gui/frame/JabRefFrame.java	jabgui/src/main/java/org/jabref/gui/mergeentries/FetchAndMergeEntry.java	1215	34	13	0.38	true	false
jablib/src/main/java/org/jabref/logic/exporter/ExporterFactory.java	jablib/src/main/java/org/jabref/logic/preferences/JabRefCliPreferences.java	34	1078	13	0.38	true	false
jabgui/src/main/java/org/jabref/gui/sidepane/SidePane.java	jablib/src/main/java/org/jabref/logic/preferences/JabRefCliPreferences.java	89	1078	34	0.38	true	true
jabgui/src/main/java/org/jabref/gui/entryeditor/EntryEditor.java	jablib/src/main/java/org/jabref/logic/bibtex/comparator/EntryComparator.java	655	55	21	0.38	true	true
jablib/src/main/java/org/jabref/logic/cleanup/CleanupWorker.java	jablib/src/main/java/org/jabref/logic/cleanup/RenamePdfCleanup.java	42	53	16	0.38	false	false
jabgui/src/main/java/org/jabref/gui/CoreGuiPreferences.java	jabgui/src/main/java/org/jabref/gui/JabRefGUI.java	21	190	8	0.38	false	false
jabgui/src/main/java/org/jabref/gui/CoreGuiPreferences.java	jabgui/src/main/java/org/jabref/gui/mergeentries/threewaymerge/toolbar/ThreeWayMergeToolbar.java	21	24	8	0.38	true	false
jabgui/src/main/java/org/jabref/gui/FXDialog.java	jabgui/src/main/java/org/jabref/gui/frame/JabRefFrame.java	21	1215	8	0.38	true	false
jabgui/src/main/java/org/jabref/gui/actions/StandardActions.java	jabgui/src/main/java/org/jabref/gui/frame/MainToolBar.java	144	21	8	0.38	true	false
jabgui/src/main/java/org/jabref/gui/linkedfile/AttachFileAction.java	jabgui/src/main/java/org/jabref/gui/linkedfile/LinkedFileEditDialogViewModel.java	44	21	8	0.38	false	false
jablib/src/main/java/org/jabref/logic/push/AbstractPushToApplication.java	jablib/src/main/java/org/jabref/logic/push/PushToEmacs.java	50	68	19	0.38	false	false
jablib/src/main/java/org/jabref/logic/importer/fileformat/pdf/PdfContentImporter.java	jablib/src/main/java/org/jabref/logic/layout/format/DOICheck.java	108	29	11	0.38	true	false
jablib/src/main/java/org/jabref/logic/preferences/JabRefCliPreferences.java	jablib/src/main/java/org/jabref/logic/push/PushToTeXstudio.java	1078	29	11	0.38	true	false
jablib/src/main/java/org/jabref/logic/importer/fileformat/RepecNepImporter.java	jablib/src/main/java/org/jabref/logic/importer/fileformat/pdf/PdfContentImporter.java	66	108	25	0.38	true	false
jabgui/src/main/java/org/jabref/gui/LibraryTab.java	jablib/src/main/java/org/jabref/logic/importer/fileformat/CopacImporter.java	1048	37	14	0.38	true	true
jabgui/src/main/java/org/jabref/gui/groups/GroupTreeNodeViewModel.java	jablib/src/main/java/org/jabref/model/groups/GroupTreeNode.java	37	86	14	0.38	true	true
jablib/src/main/java/org/jabref/logic/importer/Importer.java	jablib/src/main/java/org/jabref/logic/importer/fileformat/CopacImporter.java	47	37	14	0.38	true	false
jabgui/src/main/java/org/jabref/Launcher.java	jablib/src/main/java/org/jabref/logic/preferences/JabRefCliPreferences.java	159	1078	60	0.38	true	true
jabgui/src/main/java/org/jabref/gui/frame/FileHistoryMenu.java	jablib/src/main/java/org/jabref/logic/preferences/JabRefCliPreferences.java	61	1078	23	0.38	true	true
jabgui/src/main/java/org/jabref/gui/frame/JabRefFrame.java	jablib/src/main/java/org/jabref/logic/exporter/TemplateExporter.java	1215	88	33	0.38	true	true
jablib/src/main/java/org/jabref/logic/bibtex/comparator/FieldComparator.java	jablib/src/main/java/org/jabref/model/entry/BibEntry.java	72	312	27	0.38	true	false
jablib/src/main/java/org/jabref/logic/importer/fetcher/DoiResolution.java	jablib/src/main/java/org/jabref/logic/importer/fetcher/SpringerNatureFullTextFetcher.java	48	32	12	0.38	false	false
jabgui/src/main/java/org/jabref/gui/LibraryTab.java	jabgui/src/main/java/org/jabref/gui/preview/CopyCitationAction.java	1048	24	9	0.38	true	false
jabgui/src/main/java/org/jabref/gui/entryeditor/EntryEditorTab.java	jabgui/src/main/java/org/jabref/gui/fieldeditors/FieldNameLabel.java	143	24	9	0.38	true	false
jabgui/src/main/java/org/jabref/gui/maintable/RightClickMenu.java	jabgui/src/main/java/org/jabref/gui/preview/CopyCitationAction.java	216	24	9	0.38	true	false
jabgui/src/main/java/org/jabref/gui/mergeentries/threewaymerge/MergeEntriesDialog.java	jabgui/src/main/java/org/jabref/gui/mergeentries/threewaymerge/toolbar/ThreeWayMergeToolbar.java	63	24	9	0.38	true	false
jabgui/src/main/java/org/jabref/gui/mergeentries/threewaymerge/toolbar/ThreeWayMergeToolbar.java	jablib/src/main/java/org/jabref/logic/preferences/JabRefCliPreferences.java	24	1078	9	0.38	true	true
jablib/src/main/java/org/jabref/logic/integrity/FieldCheckers.java	jablib/src/main/java/org/jabref/logic/integrity/IntegrityCheck.java	24	81	9	0.38	false	false
jabgui/src/main/java/org/jabref/gui/JabRefGUI.java	jablib/src/main/java/org/jabref/logic/remote/RemotePreferences.java	190	16	6	0.38	true	true
jabgui/src/main/java/org/jabref/gui/LibraryTab.java	jabgui/src/main/java/org/jabref/gui/externalfiles/UnlinkedFilesDialogViewModel.java	1048	16	6	0.38	true	false
jabgui/src/main/java/org/jabref/gui/LibraryTab.java	jablib/src/main/java/org/jabref/logic/layout/format/AuthorAbbreviator.java	1048	16	6	0.38	true	true
jabgui/src/main/java/org/jabref/gui/LibraryTab.java	jablib/src/main/java/org/jabref/logic/layout/format/AuthorLastFirstAbbreviator.java	1048	16	6	0.38	true	true
jabgui/src/main/java/org/jabref/gui/cleanup/CleanupAction.java	jablib/src/main/java/org/jabref/logic/cleanup/RelativePathsCleanup.java	66	16	6	0.38	true	true
jabgui/src/main/java/org/jabref/gui/entryeditor/LatexCitationsTab.java	jabgui/src/main/java/org/jabref/gui/texparser/ParseLatexResultView.java	30	16	6	0.38	true	false
jabgui/src/main/java/org/jabref/gui/externalfiles/ImportHandler.java	jabgui/src/main/java/org/jabref/gui/preferences/customimporter/CustomImporterTabViewModel.java	86	16	6	0.38	true	false
jabgui/src/main/java/org/jabref/gui/externalfiles/UnlinkedFilesDialogViewModel.java	jabgui/src/main/java/org/jabref/gui/importer/ImportEntriesViewModel.java	16	49	6	0.38	true	false
jabgui/src/main/java/org/jabref/gui/fieldeditors/EditorTextField.java	jabgui/src/main/java/org/jabref/gui/fieldeditors/PersonsEditor.java	18	16	6	0.38	false	false
jabgui/src/main/java/org/jabref/gui/fieldeditors/PersonsEditor.java	jabgui/src/main/java/org/jabref/gui/fieldeditors/UrlEditor.java	16	18	6	0.38	false	false
jabgui/src/main/java/org/jabref/gui/frame/JabRefFrame.java	jabgui/src/main/java/org/jabref/gui/texparser/ParseLatexResultView.java	1215	16	6	0.38	true	false
jabgui/src/main/java/org/jabref/gui/frame/JabRefFrame.java	jablib/src/main/java/org/jabref/logic/layout/format/AuthorAbbreviator.java	1215	16	6	0.38	true	true
jabgui/src/main/java/org/jabref/gui/frame/JabRefFrame.java	jablib/src/main/java/org/jabref/logic/layout/format/AuthorLastFirstAbbreviator.java	1215	16	6	0.38	true	true
jabgui/src/main/java/org/jabref/gui/maintable/MainTable.java	jabgui/src/main/java/org/jabref/gui/maintable/MainTableColumnModel.java	293	16	6	0.38	false	false
jabgui/src/main/java/org/jabref/gui/preferences/PreferencesDialogViewModel.java	jabgui/src/main/java/org/jabref/gui/preferences/external/ExternalTabViewModel.java	59	16	6	0.38	true	false
jabgui/src/main/java/org/jabref/gui/preferences/preview/PreviewTabViewModel.java	jablib/src/main/java/org/jabref/logic/preview/BstPreviewLayout.java	46	16	6	0.38	true	true
jabgui/src/main/java/org/jabref/gui/texparser/ParseLatexResultView.java	jablib/src/main/java/org/jabref/model/texparser/LatexParserResult.java	16	24	6	0.38	true	true
jabgui/src/main/java/org/jabref/gui/util/FileNodeViewModel.java	jablib/src/main/java/org/jabref/model/texparser/Citation.java	16	20	6	0.38	true	true
jabgui/src/main/java/org/jabref/gui/util/FileNodeViewModel.java	jablib/src/main/java/org/jabref/model/texparser/LatexParserResult.java	16	24	6	0.38	true	true
jablib/src/main/java/org/jabref/logic/cleanup/RelativePathsCleanup.java	jablib/src/main/java/org/jabref/logic/layout/format/FileLink.java	16	30	6	0.38	true	false
jablib/src/main/java/org/jabref/logic/cleanup/RelativePathsCleanup.java	jablib/src/main/java/org/jabref/logic/layout/format/WrapFileLinks.java	16	46	6	0.38	true	false
jablib/src/main/java/org/jabref/logic/cleanup/RelativePathsCleanup.java	jablib/src/main/java/org/jabref/model/database/BibDatabaseContext.java	16	99	6	0.38	true	false
jablib/src/main/java/org/jabref/logic/formatter/bibtexfields/UnicodeToLatexFormatter.java	jablib/src/main/java/org/jabref/logic/layout/format/LatexToUnicodeFormatter.java	16	31	6	0.38	true	false
jablib/src/main/java/org/jabref/logic/importer/ImportFormatPreferences.java	jablib/src/main/java/org/jabref/logic/importer/fileformat/BibtexParser.java	16	297	6	0.38	true	false
jablib/src/main/java/org/jabref/logic/importer/SearchBasedFetcher.java	jablib/src/main/java/org/jabref/logic/importer/SearchBasedParserFetcher.java	16	20	6	0.38	false	false
jablib/src/main/java/org/jabref/logic/importer/SearchBasedFetcher.java	jablib/src/main/java/org/jabref/logic/importer/fetcher/AstrophysicsDataSystem.java	16	42	6	0.38	true	false
jablib/src/main/java/org/jabref/logic/importer/SearchBasedFetcher.java	jablib/src/main/java/org/jabref/logic/importer/fetcher/SpringerNatureWebFetcher.java	16	30	6	0.38	true	false
jablib/src/main/java/org/jabref/logic/layout/format/AuthorAbbreviator.java	jablib/src/main/java/org/jabref/logic/preferences/JabRefCliPreferences.java	16	1078	6	0.38	true	false
jablib/src/main/java/org/jabref/model/entry/BibEntry.java	jablib/src/main/java/org/jabref/model/entry/types/EntryType.java	312	16	6	0.38	true	false
jabgui/src/main/java/org/jabref/cli/ArgumentProcessor.java	jabgui/src/main/java/org/jabref/gui/preferences/protectedterms/ProtectedTermsTabViewModel.java	123	8	3	0.38	true	false
jabgui/src/main/java/org/jabref/cli/ArgumentProcessor.java	jablib/src/main/java/org/jabref/logic/exporter/XmpExporter.java	123	8	3	0.38	true	true
jabgui/src/main/java/org/jabref/gui/FXDialog.java	jabgui/src/main/java/org/jabref/gui/icon/JabRefIcon.java	21	8	3	0.38	true	false
jabgui/src/main/java/org/jabref/gui/JabRefGUI.java	jabgui/src/main/java/org/jabref/gui/JabRefGuiStateManager.java	190	8	3	0.38	false	false
jabgui/src/main/java/org/jabref/gui/JabRefGUI.java	jabgui/src/main/java/org/jabref/gui/icon/JabRefIcon.java	190	8	3	0.38	true	false
jabgui/src/main/java/org/jabref/gui/JabRefGUI.java	jabgui/src/main/java/org/jabref/gui/welcome/components/QuickSettings.java	190	8	3	0.38	true	false
jabgui/src/main/java/org/jabref/gui/JabRefGUI.java	jabsrv/src/main/java/org/jabref/http/server/resources/LibrariesResource.java	190	8	3	0.38	true	true
jabgui/src/main/java/org/jabref/gui/LibraryTab.java	jabgui/src/main/java/org/jabref/gui/entryeditor/AiChatTab.java	1048	8	3	0.38	true	false
jabgui/src/main/java/org/jabref/gui/LibraryTab.java	jabgui/src/main/java/org/jabref/gui/fieldeditors/FieldEditorFX.java	1048	8	3	0.38	true	false
jabgui/src/main/java/org/jabref/gui/LibraryTab.java	jabgui/src/main/java/org/jabref/gui/fieldeditors/UrlEditorViewModel.java	1048	8	3	0.38	true	false
jabgui/src/main/java/org/jabref/gui/LibraryTab.java	jabgui/src/main/java/org/jabref/gui/maintable/OpenFolderAction.java	1048	8	3	0.38	true	false
jabgui/src/main/java/org/jabref/gui/LibraryTabContainer.java	jabgui/src/main/java/org/jabref/gui/frame/MainToolBar.java	8	21	3	0.38	true	false
jabgui/src/main/java/org/jabref/gui/LibraryTabContainer.java	jabgui/src/main/java/org/jabref/gui/importer/actions/ImportCommand.java	8	27	3	0.38	true	false
jabgui/src/main/java/org/jabref/gui/actions/ActionHelper.java	jabgui/src/main/java/org/jabref/gui/maintable/OpenFolderAction.java	33	8	3	0.38	true	false
jabgui/src/main/java/org/jabref/gui/autocompleter/AutoCompletePreferences.java	jabgui/src/main/java/org/jabref/gui/autocompleter/SuggestionProviders.java	8	13	3	0.38	false	false
jabgui/src/main/java/org/jabref/gui/cleanup/CleanupAction.java	jabgui/src/main/java/org/jabref/gui/mergeentries/MergeWithFetchedEntryAction.java	66	8	3	0.38	true	false
jabgui/src/main/java/org/jabref/gui/clipboard/ClipBoardManager.java	jablib/src/main/java/org/jabref/logic/integrity/DoiValidityChecker.java	43	8	3	0.38	true	true
jabgui/src/main/java/org/jabref/gui/clipboard/ClipBoardManager.java	jablib/src/main/java/org/jabref/logic/integrity/ISBNChecker.java	43	8	3	0.38	true	true
jabgui/src/main/java/org/jabref/gui/collab/DatabaseChangesResolverDialog.java	jabgui/src/main/java/org/jabref/gui/maintable/MainTableTooltip.java	12	8	3	0.38	true	false
jabgui/src/main/java/org/jabref/gui/collab/entrychange/EntryChangeDetailsView.java	jabgui/src/main/java/org/jabref/gui/maintable/MainTableTooltip.java	18	8	3	0.38	true	false
jabgui/src/main/java/org/jabref/gui/commonfxcontrols/CitationKeyPatternsPanel.java	jabgui/src/main/java/org/jabref/gui/libraryproperties/keypattern/KeyPatternPropertiesView.java	11	8	3	0.38	true	false
jabgui/src/main/java/org/jabref/gui/commonfxcontrols/CitationKeyPatternsPanel.java	jabgui/src/main/java/org/jabref/gui/preferences/nameformatter/NameFormatterTab.java	11	8	3	0.38	true	false
jabgui/src/main/java/org/jabref/gui/commonfxcontrols/CitationKeyPatternsPanelViewModel.java	jabgui/src/main/java/org/jabref/gui/preferences/nameformatter/NameFormatterTab.java	9	8	3	0.38	true	false
jabgui/src/main/java/org/jabref/gui/copyfiles/CopyFilesDialogView.java	jabgui/src/main/java/org/jabref/gui/fieldeditors/LinkedFileViewModel.java	8	114	3	0.38	true	false
jabgui/src/main/java/org/jabref/gui/copyfiles/CopyFilesDialogView.java	jabgui/src/main/java/org/jabref/gui/fieldeditors/LinkedFilesEditor.java	8	86	3	0.38	true	false
jabgui/src/main/java/org/jabref/gui/copyfiles/CopyFilesDialogView.java	jabgui/src/main/java/org/jabref/gui/help/AboutDialogView.java	8	20	3	0.38	true	false
jabgui/src/main/java/org/jabref/gui/duplicationFinder/DuplicateResolverDialog.java	jabgui/src/main/java/org/jabref/gui/mergeentries/MergeWithFetchedEntryAction.java	86	8	3	0.38	true	false
jabgui/src/main/java/org/jabref/gui/duplicationFinder/DuplicateResolverDialog.java	jabgui/src/main/java/org/jabref/gui/mergeentries/threewaymerge/cell/FieldValueCell.java	86	8	3	0.38	true	false
jabgui/src/main/java/org/jabref/gui/edit/CopyDoiUrlAction.java	jablib/src/main/java/org/jabref/logic/integrity/DoiValidityChecker.java	16	8	3	0.38	true	true
jabgui/src/main/java/org/jabref/gui/edit/CopyDoiUrlAction.java	jablib/src/main/java/org/jabref/logic/integrity/ISBNChecker.java	16	8	3	0.38	true	true
jabgui/src/main/java/org/jabref/gui/edit/CopyDoiUrlAction.java	jablib/src/main/java/org/jabref/model/entry/identifier/MathSciNetId.java	16	8	3	0.38	true	true
jabgui/src/main/java/org/jabref/gui/edit/EditAction.java	jabgui/src/main/java/org/jabref/gui/search/SearchFieldRightClickMenu.java	24	8	3	0.38	true	false
jabgui/src/main/java/org/jabref/gui/entryeditor/AiChatTab.java	jabgui/src/main/java/org/jabref/gui/entryeditor/EntryEditorPreferences.java	8	25	3	0.38	false	false
jabgui/src/main/java/org/jabref/gui/entryeditor/AiChatTab.java	jabgui/src/main/java/org/jabref/gui/importer/actions/OpenDatabaseAction.java	8	224	3	0.38	true	false
jabgui/src/main/java/org/jabref/gui/entryeditor/AiChatTab.java	jabgui/src/main/java/org/jabref/gui/shared/SharedDatabaseUIManager.java	8	62	3	0.38	true	false
jabgui/src/main/java/org/jabref/gui/entryeditor/AiChatTab.java	jablib/src/main/java/org/jabref/logic/ai/AiService.java	8	13	3	0.38	true	true
jabgui/src/main/java/org/jabref/gui/entryeditor/EntryEditor.java	jablib/src/main/java/org/jabref/logic/layout/format/Iso690FormatDate.java	655	8	3	0.38	true	true
jabgui/src/main/java/org/jabref/gui/entryeditor/EntryEditor.java	jablib/src/main/java/org/jabref/model/entry/identifier/MathSciNetId.java	655	8	3	0.38	true	true
jabgui/src/main/java/org/jabref/gui/entryeditor/FieldsEditorTab.java	jabgui/src/main/java/org/jabref/gui/fieldeditors/FieldEditorFX.java	48	8	3	0.38	true	false
jabgui/src/main/java/org/jabref/gui/entryeditor/citationrelationtab/CitationRelationsTab.java	jabgui/src/main/java/org/jabref/gui/maintable/MainTableTooltip.java	50	8	3	0.38	true	false
jabgui/src/main/java/org/jabref/gui/entryeditor/citationrelationtab/CitationRelationsTab.java	jablib/src/main/java/org/jabref/logic/importer/fetcher/citation/crossref/CrossRefCitationFetcher.java	50	8	3	0.38	true	true
jabgui/src/main/java/org/jabref/gui/exporter/SaveDatabaseAction.java	jabgui/src/main/java/org/jabref/gui/mergeentries/MergeWithFetchedEntryAction.java	194	8	3	0.38	true	false
jabgui/src/main/java/org/jabref/gui/exporter/SaveDatabaseAction.java	jablib/src/main/java/org/jabref/logic/layout/format/RisMonth.java	194	8	3	0.38	true	true
jabgui/src/main/java/org/jabref/gui/externalfiles/DownloadFullTextAction.java	jabgui/src/main/java/org/jabref/gui/maintable/OpenFolderAction.java	83	8	3	0.38	true	false
jabgui/src/main/java/org/jabref/gui/externalfiles/DownloadFullTextAction.java	jabgui/src/main/java/org/jabref/gui/mergeentries/MergeWithFetchedEntryAction.java	83	8	3	0.38	true	false
jabgui/src/main/java/org/jabref/gui/externalfiles/ImportHandler.java	jabgui/src/main/java/org/jabref/gui/libraryproperties/keypattern/KeyPatternPropertiesView.java	86	8	3	0.38	true	false
jabgui/src/main/java/org/jabref/gui/externalfiles/ImportHandler.java	jabgui/src/main/java/org/jabref/gui/welcome/quicksettings/viewmodel/ThemeDialogViewModel.java	86	8	3	0.38	true	false
jabgui/src/main/java/org/jabref/gui/externalfiles/ImportHandler.java	jablib/src/main/java/org/jabref/logic/util/Directories.java	86	8	3	0.38	true	true
jabgui/src/main/java/org/jabref/gui/externalfiles/UnlinkedFilesCrawler.java	jabgui/src/main/java/org/jabref/gui/externalfiles/UnlinkedFilesDialogViewModel.java	8	16	3	0.38	false	false
jabgui/src/main/java/org/jabref/gui/externalfiles/UnlinkedFilesCrawler.java	jabgui/src/main/java/org/jabref/gui/util/FileNodeViewModel.java	8	16	3	0.38	true	false
jabgui/src/main/java/org/jabref/gui/externalfiletype/ExternalFileType.java	jabgui/src/main/java/org/jabref/gui/icon/JabRefIcon.java	34	8	3	0.38	true	false
jabgui/src/main/java/org/jabref/gui/externalfiletype/ExternalFileTypes.java	jabgui/src/main/java/org/jabref/gui/icon/JabRefIcon.java	28	8	3	0.38	true	false
jabgui/src/main/java/org/jabref/gui/externalfiletype/UnknownExternalFileType.java	jabgui/src/main/java/org/jabref/gui/icon/JabRefIcon.java	9	8	3	0.38	true	false
jabgui/src/main/java/org/jabref/gui/fieldeditors/CitationKeyEditor.java	jabgui/src/main/java/org/jabref/gui/fieldeditors/MarkdownEditor.java	11	8	3	0.38	false	false
jabgui/src/main/java/org/jabref/gui/fieldeditors/DateEditorViewModel.java	jabgui/src/main/java/org/jabref/gui/fieldeditors/LinkedEntriesEditor.java	8	13	3	0.38	false	false
jabgui/src/main/java/org/jabref/gui/fieldeditors/DateEditorViewModel.java	jabgui/src/main/java/org/jabref/gui/fieldeditors/LinkedEntriesEditorViewModel.java	8	10	3	0.38	false	false
jabgui/src/main/java/org/jabref/gui/fieldeditors/DateEditorViewModel.java	jabgui/src/main/java/org/jabref/gui/fieldeditors/LinkedFilesEditor.java	8	86	3	0.38	false	false
jabgui/src/main/java/org/jabref/gui/fieldeditors/DateEditorViewModel.java	jabgui/src/main/java/org/jabref/gui/fieldeditors/LinkedFilesEditorViewModel.java	8	68	3	0.38	false	false
jabgui/src/main/java/org/jabref/gui/fieldeditors/DateEditorViewModel.java	jabgui/src/main/java/org/jabref/gui/fieldeditors/PersonsEditor.java	8	16	3	0.38	false	false
jabgui/src/main/java/org/jabref/gui/fieldeditors/DateEditorViewModel.java	jabgui/src/main/java/org/jabref/gui/util/component/TemporalAccessorPicker.java	8	8	3	0.38	true	false
jabgui/src/main/java/org/jabref/gui/fieldeditors/DateEditorViewModel.java	jablib/src/main/java/org/jabref/model/entry/Date.java	8	31	3	0.38	true	true
jabgui/src/main/java/org/jabref/gui/fieldeditors/EditorTextField.java	jabgui/src/main/java/org/jabref/gui/fieldeditors/MarkdownEditor.java	18	8	3	0.38	false	false
jabgui/src/main/java/org/jabref/gui/fieldeditors/FieldEditorFX.java	jabgui/src/main/java/org/jabref/gui/fieldeditors/FieldEditors.java	8	60	3	0.38	false	false
jabgui/src/main/java/org/jabref/gui/fieldeditors/FieldEditors.java	jabgui/src/main/java/org/jabref/gui/fieldeditors/MarkdownEditor.java	60	8	3	0.38	false	false
jabgui/src/main/java/org/jabref/gui/fieldeditors/LinkedEntriesEditor.java	jabgui/src/main/java/org/jabref/gui/fieldeditors/UrlEditorViewModel.java	13	8	3	0.38	false	false
jabgui/src/main/java/org/jabref/gui/fieldeditors/LinkedEntriesEditorViewModel.java	jabgui/src/main/java/org/jabref/gui/fieldeditors/UrlEditorViewModel.java	10	8	3	0.38	false	false
jabgui/src/main/java/org/jabref/gui/fieldeditors/LinkedFileViewModel.java	jabgui/src/main/java/org/jabref/gui/maintable/OpenFolderAction.java	114	8	3	0.38	true	false
jabgui/src/main/java/org/jabref/gui/fieldeditors/LinkedFileViewModel.java	jabgui/src/main/java/org/jabref/gui/preferences/protectedterms/ProtectedTermsTabViewModel.java	114	8	3	0.38	true	false
jabgui/src/main/java/org/jabref/gui/fieldeditors/LinkedFileViewModel.java	jablib/src/main/java/org/jabref/logic/exporter/XmpExporter.java	114	8	3	0.38	true	true
jabgui/src/main/java/org/jabref/gui/fieldeditors/LinkedFileViewModel.java	jablib/src/main/java/org/jabref/logic/importer/FulltextFetcher.java	114	8	3	0.38	true	true
jabgui/src/main/java/org/jabref/gui/fieldeditors/LinkedFilesEditor.java	jabgui/src/main/java/org/jabref/gui/fieldeditors/UrlEditorViewModel.java	86	8	3	0.38	false	false
jabgui/src/main/java/org/jabref/gui/fieldeditors/LinkedFilesEditorViewModel.java	jabgui/src/main/java/org/jabref/gui/maintable/OpenFolderAction.java	68	8	3	0.38	true	false
jabgui/src/main/java/org/jabref/gui/fieldeditors/PersonsEditor.java	jabgui/src/main/java/org/jabref/gui/fieldeditors/UrlEditorViewModel.java	16	8	3	0.38	false	false
jabgui/src/main/java/org/jabref/gui/fieldeditors/UrlEditor.java	jablib/src/main/java/org/jabref/logic/formatter/bibtexfields/CleanupUrlFormatter.java	18	8	3	0.38	true	true
jabgui/src/main/java/org/jabref/gui/fieldeditors/UrlEditorViewModel.java	jabgui/src/main/java/org/jabref/gui/search/GlobalSearchBar.java	8	111	3	0.38	true	false
jabgui/src/main/java/org/jabref/gui/frame/JabRefFrame.java	jabgui/src/main/java/org/jabref/gui/icon/JabRefIcon.java	1215	8	3	0.38	true	false
jabgui/src/main/java/org/jabref/gui/frame/JabRefFrame.java	jabgui/src/main/java/org/jabref/gui/libraryproperties/LibraryPropertiesViewModel.java	1215	8	3	0.38	true	false
jabgui/src/main/java/org/jabref/gui/frame/JabRefFrame.java	jabgui/src/main/java/org/jabref/gui/push/GuiPushToEmacsSettings.java	1215	8	3	0.38	true	false
jabgui/src/main/java/org/jabref/gui/frame/JabRefFrame.java	jabgui/src/main/java/org/jabref/gui/push/GuiPushToVimSettings.java	1215	8	3	0.38	true	false
jabgui/src/main/java/org/jabref/gui/frame/JabRefFrame.java	jabgui/src/main/java/org/jabref/gui/util/IconValidationDecorator.java	1215	8	3	0.38	true	false
jabgui/src/main/java/org/jabref/gui/frame/JabRefFrame.java	jabgui/src/main/java/org/jabref/gui/walkthrough/WalkthroughRenderer.java	1215	8	3	0.38	true	false
jabgui/src/main/java/org/jabref/gui/frame/JabRefFrame.java	jabgui/src/main/java/org/jabref/gui/welcome/components/QuickSettings.java	1215	8	3	0.38	true	false
jabgui/src/main/java/org/jabref/gui/frame/JabRefFrame.java	jablib/src/main/java/org/jabref/logic/layout/format/Replace.java	1215	8	3	0.38	true	true
jabgui/src/main/java/org/jabref/gui/frame/JabRefFrame.java	jablib/src/main/java/org/jabref/logic/layout/format/RisMonth.java	1215	8	3	0.38	true	true
jabgui/src/main/java/org/jabref/gui/frame/MainMenu.java	jabgui/src/main/java/org/jabref/gui/git/GitCommitDialogView.java	55	8	3	0.38	true	false
jabgui/src/main/java/org/jabref/gui/groups/GroupTreeView.java	jabgui/src/main/java/org/jabref/gui/groups/GroupsPreferences.java	92	8	3	0.38	false	false
jabgui/src/main/java/org/jabref/gui/groups/GroupsPreferences.java	jabgui/src/main/java/org/jabref/gui/preferences/JabRefGuiPreferences.java	8	60	3	0.38	true	false
jabgui/src/main/java/org/jabref/gui/groups/GroupsPreferences.java	jablib/src/main/java/org/jabref/logic/preferences/CliPreferences.java	8	115	3	0.38	true	true
jabgui/src/main/java/org/jabref/gui/icon/JabRefIcon.java	jabgui/src/main/java/org/jabref/gui/maintable/MainTableColumnFactory.java	8	64	3	0.38	true	false
jabgui/src/main/java/org/jabref/gui/icon/JabRefIcon.java	jabgui/src/main/java/org/jabref/gui/sidepane/SidePaneComponent.java	8	53	3	0.38	true	false
jabgui/src/main/java/org/jabref/gui/icon/JabRefIcon.java	jabgui/src/main/java/org/jabref/gui/specialfields/SpecialFieldValueViewModel.java	8	12	3	0.38	true	false
jabgui/src/main/java/org/jabref/gui/icon/JabRefIcon.java	jabgui/src/main/java/org/jabref/gui/specialfields/SpecialFieldViewModel.java	8	17	3	0.38	true	false
jabgui/src/main/java/org/jabref/gui/icon/JabRefIcon.java	jabgui/src/main/java/org/jabref/gui/util/BaseDialog.java	8	22	3	0.38	true	false
jabgui/src/main/java/org/jabref/gui/importer/ImportEntriesViewModel.java	jabgui/src/main/java/org/jabref/gui/maintable/OpenFolderAction.java	49	8	3	0.38	true	false
jabgui/src/main/java/org/jabref/gui/importer/actions/OpenDatabaseAction.java	jablib/src/main/java/org/jabref/logic/layout/format/RisMonth.java	224	8	3	0.38	true	true
jabgui/src/main/java/org/jabref/gui/libraryproperties/constants/ConstantsPropertiesView.java	jabgui/src/main/java/org/jabref/gui/libraryproperties/keypattern/KeyPatternPropertiesView.java	11	8	3	0.38	true	false
jabgui/src/main/java/org/jabref/gui/libraryproperties/constants/ConstantsPropertiesViewModel.java	jabgui/src/main/java/org/jabref/gui/libraryproperties/keypattern/KeyPatternPropertiesView.java	10	8	3	0.38	true	false
jabgui/src/main/java/org/jabref/gui/libraryproperties/keypattern/KeyPatternPropertiesView.java	jabgui/src/main/java/org/jabref/gui/shared/SharedDatabaseUIManager.java	8	62	3	0.38	true	false
jabgui/src/main/java/org/jabref/gui/libraryproperties/keypattern/KeyPatternPropertiesView.java	jabgui/src/main/java/org/jabref/migrations/PreferencesMigrations.java	8	87	3	0.38	true	false
jabgui/src/main/java/org/jabref/gui/libraryproperties/keypattern/KeyPatternPropertiesView.java	jablib/src/main/java/org/jabref/logic/preferences/JabRefCliPreferences.java	8	1078	3	0.38	true	true
jabgui/src/main/java/org/jabref/gui/linkedfile/AttachFileAction.java	jabgui/src/main/java/org/jabref/gui/preferences/protectedterms/ProtectedTermsTabViewModel.java	44	8	3	0.38	true	false
jabgui/src/main/java/org/jabref/gui/maintable/MainTableTooltip.java	jabgui/src/main/java/org/jabref/gui/maintable/columns/FieldColumn.java	8	16	3	0.38	true	false
jabgui/src/main/java/org/jabref/gui/maintable/MainTableTooltip.java	jabgui/src/main/java/org/jabref/gui/openoffice/StyleSelectDialogView.java	8	29	3	0.38	true	false
jabgui/src/main/java/org/jabref/gui/maintable/MainTableTooltip.java	jabgui/src/main/java/org/jabref/gui/preview/PreviewPanel.java	8	29	3	0.38	true	false
jabgui/src/main/java/org/jabref/gui/maintable/MainTableTooltip.java	jabgui/src/main/java/org/jabref/gui/search/GlobalSearchResultDialog.java	8	26	3	0.38	true	false
jabgui/src/main/java/org/jabref/gui/maintable/OpenFolderAction.java	jabgui/src/main/java/org/jabref/gui/maintable/columns/FileColumn.java	8	9	3	0.38	true	false
jabgui/src/main/java/org/jabref/gui/mergeentries/FetchAndMergeEntry.java	jabgui/src/main/java/org/jabref/gui/mergeentries/MergeWithFetchedEntryAction.java	34	8	3	0.38	false	false
jabgui/src/main/java/org/jabref/gui/mergeentries/MergeWithFetchedEntryAction.java	jabgui/src/main/java/org/jabref/gui/mergeentries/threewaymerge/MergeEntriesDialog.java	8	63	3	0.38	true	false
jabgui/src/main/java/org/jabref/gui/mergeentries/MergeWithFetchedEntryAction.java	jabgui/src/main/java/org/jabref/gui/openoffice/OpenOfficePanel.java	8	230	3	0.38	true	false
jabgui/src/main/java/org/jabref/gui/mergeentries/MergeWithFetchedEntryAction.java	jabgui/src/main/java/org/jabref/gui/preferences/protectedterms/NewProtectedTermsFileDialog.java	8	21	3	0.38	true	false
jabgui/src/main/java/org/jabref/gui/mergeentries/MergeWithFetchedEntryAction.java	jabgui/src/main/java/org/jabref/gui/push/GuiPushToApplicationCommand.java	8	47	3	0.38	true	false
jabgui/src/main/java/org/jabref/gui/mergeentries/MergeWithFetchedEntryAction.java	jabgui/src/main/java/org/jabref/gui/shared/SharedDatabaseUIManager.java	8	62	3	0.38	true	false
jabgui/src/main/java/org/jabref/gui/mergeentries/MergeWithFetchedEntryAction.java	jablib/src/main/java/org/jabref/logic/push/PushToEmacs.java	8	68	3	0.38	true	true
jabgui/src/main/java/org/jabref/gui/mergeentries/MergeWithFetchedEntryAction.java	jablib/src/main/java/org/jabref/logic/push/PushToVim.java	8	58	3	0.38	true	true
jabgui/src/main/java/org/jabref/gui/mergeentries/threewaymerge/FieldRowViewModel.java	jabgui/src/main/java/org/jabref/gui/mergeentries/threewaymerge/MergeEntriesDialog.java	8	63	3	0.38	false	false
jabgui/src/main/java/org/jabref/gui/mergeentries/threewaymerge/FieldRowViewModel.java	jabgui/src/main/java/org/jabref/gui/mergeentries/threewaymerge/cell/FieldValueCell.java	8	8	3	0.38	true	false
jabgui/src/main/java/org/jabref/gui/mergeentries/threewaymerge/MergeEntriesDialog.java	jabgui/src/main/java/org/jabref/gui/mergeentries/threewaymerge/cell/FieldValueCell.java	63	8	3	0.38	true	false
jabgui/src/main/java/org/jabref/gui/mergeentries/threewaymerge/cell/FieldValueCell.java	jabgui/src/main/java/org/jabref/gui/mergeentries/threewaymerge/toolbar/ThreeWayMergeToolbar.java	8	24	3	0.38	true	false
jabgui/src/main/java/org/jabref/gui/newentry/NewEntryViewModel.java	jabgui/src/main/java/org/jabref/gui/welcome/quicksettings/viewmodel/ThemeDialogViewModel.java	17	8	3	0.38	true	false
jabgui/src/main/java/org/jabref/gui/newentry/NewEntryViewModel.java	jablib/src/main/java/org/jabref/logic/util/Directories.java	17	8	3	0.38	true	true
jabgui/src/main/java/org/jabref/gui/openoffice/OOBibBase.java	jablib/src/main/java/org/jabref/logic/citationstyle/CSLStyleUtils.java	159	8	3	0.38	true	true
jabgui/src/main/java/org/jabref/gui/openoffice/OOBibBase.java	jablib/src/main/java/org/jabref/logic/openoffice/backend/Backend52.java	159	8	3	0.38	true	true
jabgui/src/main/java/org/jabref/gui/openoffice/OpenOfficePanel.java	jablib/src/main/java/org/jabref/logic/openoffice/backend/Backend52.java	230	8	3	0.38	true	true
jabgui/src/main/java/org/jabref/gui/openoffice/StyleSelectDialogView.java	jablib/src/main/java/org/jabref/logic/citationstyle/CSLStyleUtils.java	29	8	3	0.38	true	true
jabgui/src/main/java/org/jabref/gui/openoffice/StyleSelectDialogView.java	jablib/src/main/java/org/jabref/logic/openoffice/oocsltext/BSTCitationOOAdapter.java	29	8	3	0.38	true	true
jabgui/src/main/java/org/jabref/gui/openoffice/StyleSelectDialogViewModel.java	jabgui/src/main/java/org/jabref/gui/preferences/protectedterms/ProtectedTermsTabViewModel.java	23	8	3	0.38	true	false
jabgui/src/main/java/org/jabref/gui/openoffice/StyleSelectDialogViewModel.java	jablib/src/main/java/org/jabref/logic/citationstyle/CSLStyleUtils.java	23	8	3	0.38	true	true
jabgui/src/main/java/org/jabref/gui/preferences/JabRefGuiPreferences.java	jablib/src/main/java/org/jabref/logic/util/Directories.java	60	8	3	0.38	true	true
jabgui/src/main/java/org/jabref/gui/preferences/PreferenceTabViewModel.java	jabgui/src/main/java/org/jabref/gui/preferences/external/ExternalTab.java	8	18	3	0.38	true	false
jabgui/src/main/java/org/jabref/gui/preferences/PreferenceTabViewModel.java	jabgui/src/main/java/org/jabref/gui/preferences/external/ExternalTabViewModel.java	8	16	3	0.38	true	false
jabgui/src/main/java/org/jabref/gui/preferences/PreferenceTabViewModel.java	jabgui/src/main/java/org/jabref/gui/preferences/general/GeneralTabViewModel.java	8	79	3	0.38	true	false
jabgui/src/main/java/org/jabref/gui/preferences/PreferencesDialogView.java	jabgui/src/main/java/org/jabref/gui/welcome/components/QuickSettings.java	34	8	3	0.38	true	false
jabgui/src/main/java/org/jabref/gui/preferences/PreferencesDialogViewModel.java	jabgui/src/main/java/org/jabref/gui/preferences/protectedterms/ProtectedTermsTabViewModel.java	59	8	3	0.38	true	false
jabgui/src/main/java/org/jabref/gui/preferences/PreferencesFilter.java	jabgui/src/main/java/org/jabref/gui/preferences/PreferencesFilterDialog.java	8	13	3	0.38	false	false
jabgui/src/main/java/org/jabref/gui/preferences/customimporter/CustomImporterTabViewModel.java	jabgui/src/main/java/org/jabref/gui/preferences/nameformatter/NameFormatterTab.java	16	8	3	0.38	true	false
jabgui/src/main/java/org/jabref/gui/preferences/entry/EntryTabViewModel.java	jablib/src/main/java/org/jabref/logic/preferences/JabRefCliPreferences.java	8	1078	3	0.38	true	true
jabgui/src/main/java/org/jabref/gui/preferences/entryeditor/EntryEditorTab.java	jabgui/src/main/java/org/jabref/gui/preferences/nameformatter/NameFormatterTab.java	22	8	3	0.38	true	false
jabgui/src/main/java/org/jabref/gui/preferences/entryeditor/EntryEditorTabViewModel.java	jabgui/src/main/java/org/jabref/gui/preferences/xmp/XmpPrivacyTab.java	25	8	3	0.38	true	false
jabgui/src/main/java/org/jabref/gui/preferences/external/ExternalTabViewModel.java	jabgui/src/main/java/org/jabref/gui/preferences/nameformatter/NameFormatterTab.java	16	8	3	0.38	true	false
jabgui/src/main/java/org/jabref/gui/preferences/external/ExternalTabViewModel.java	jabgui/src/main/java/org/jabref/gui/preferences/xmp/XmpPrivacyTab.java	16	8	3	0.38	true	false
jabgui/src/main/java/org/jabref/gui/preferences/general/GeneralTab.java	jabgui/src/main/java/org/jabref/gui/welcome/quicksettings/viewmodel/ThemeDialogViewModel.java	55	8	3	0.38	true	false
jabgui/src/main/java/org/jabref/gui/preferences/general/GeneralTabViewModel.java	jabgui/src/main/java/org/jabref/gui/preferences/nameformatter/NameFormatterTab.java	79	8	3	0.38	true	false
jabgui/src/main/java/org/jabref/gui/preferences/general/GeneralTabViewModel.java	jabgui/src/main/java/org/jabref/gui/preferences/xmp/XmpPrivacyTab.java	79	8	3	0.38	true	false
jabgui/src/main/java/org/jabref/gui/preferences/general/GeneralTabViewModel.java	jabgui/src/main/java/org/jabref/gui/welcome/quicksettings/viewmodel/ThemeDialogViewModel.java	79	8	3	0.38	true	false
jabgui/src/main/java/org/jabref/gui/preferences/groups/GroupsTab.java	jabgui/src/main/java/org/jabref/gui/preferences/nameformatter/NameFormatterTab.java	10	8	3	0.38	true	false
jabgui/src/main/java/org/jabref/gui/preferences/groups/GroupsTabViewModel.java	jabgui/src/main/java/org/jabref/gui/preferences/nameformatter/NameFormatterTab.java	11	8	3	0.38	true	false
jabgui/src/main/java/org/jabref/gui/preferences/linkedfiles/LinkedFilesTab.java	jabgui/src/main/java/org/jabref/gui/preferences/nameformatter/NameFormatterTab.java	14	8	3	0.38	true	false
jabgui/src/main/java/org/jabref/gui/preferences/nameformatter/NameFormatterTab.java	jabgui/src/main/java/org/jabref/gui/preferences/preview/PreviewTab.java	8	42	3	0.38	true	false
jabgui/src/main/java/org/jabref/gui/preferences/nameformatter/NameFormatterTab.java	jabgui/src/main/java/org/jabref/gui/preferences/preview/PreviewTabViewModel.java	8	46	3	0.38	true	false
jabgui/src/main/java/org/jabref/gui/preferences/nameformatter/NameFormatterTab.java	jabgui/src/main/java/org/jabref/gui/preferences/table/TableTabViewModel.java	8	14	3	0.38	true	false
jabgui/src/main/java/org/jabref/gui/preferences/network/NetworkTab.java	jabgui/src/main/java/org/jabref/gui/preferences/xmp/XmpPrivacyTab.java	21	8	3	0.38	true	false
jabgui/src/main/java/org/jabref/gui/preferences/preview/PreviewTab.java	jabgui/src/main/java/org/jabref/gui/preferences/xmp/XmpPrivacyTab.java	42	8	3	0.38	true	false
jabgui/src/main/java/org/jabref/gui/preferences/preview/PreviewTab.java	jabgui/src/main/java/org/jabref/gui/welcome/quicksettings/viewmodel/ThemeDialogViewModel.java	42	8	3	0.38	true	false
jabgui/src/main/java/org/jabref/gui/preferences/preview/PreviewTab.java	jablib/src/main/java/org/jabref/logic/util/Directories.java	42	8	3	0.38	true	true
jabgui/src/main/java/org/jabref/gui/preferences/preview/PreviewTabViewModel.java	jabgui/src/main/java/org/jabref/gui/preferences/xmp/XmpPrivacyTab.java	46	8	3	0.38	true	false
jabgui/src/main/java/org/jabref/gui/preferences/preview/PreviewTabViewModel.java	jabgui/src/main/java/org/jabref/gui/welcome/quicksettings/viewmodel/ThemeDialogViewModel.java	46	8	3	0.38	true	false
jabgui/src/main/java/org/jabref/gui/preferences/preview/PreviewTabViewModel.java	jablib/src/main/java/org/jabref/logic/util/Directories.java	46	8	3	0.38	true	true
jabgui/src/main/java/org/jabref/gui/preferences/protectedterms/ProtectedTermsTabViewModel.java	jabgui/src/main/java/org/jabref/gui/preferences/table/TableTabViewModel.java	8	14	3	0.38	true	false
jabgui/src/main/java/org/jabref/gui/preferences/table/TableTab.java	jabgui/src/main/java/org/jabref/gui/preferences/xmp/XmpPrivacyTab.java	10	8	3	0.38	true	false
jabgui/src/main/java/org/jabref/gui/preferences/xmp/XmpPrivacyTab.java	jabgui/src/main/java/org/jabref/gui/util/FieldsUtil.java	8	10	3	0.38	true	false
jabgui/src/main/java/org/jabref/gui/preview/PreviewPanel.java	jablib/src/main/java/org/jabref/logic/preview/PreviewLayout.java	29	8	3	0.38	true	true
jabgui/src/main/java/org/jabref/gui/preview/PreviewPreferences.java	jabgui/src/main/java/org/jabref/gui/welcome/quicksettings/viewmodel/ThemeDialogViewModel.java	20	8	3	0.38	true	false
jabgui/src/main/java/org/jabref/gui/preview/PreviewPreferences.java	jablib/src/main/java/org/jabref/logic/util/Directories.java	20	8	3	0.38	true	true
jabgui/src/main/java/org/jabref/gui/preview/PreviewViewer.java	jabgui/src/main/java/org/jabref/gui/welcome/quicksettings/viewmodel/ThemeDialogViewModel.java	58	8	3	0.38	true	false
jabgui/src/main/java/org/jabref/gui/preview/PreviewViewer.java	jablib/src/main/java/org/jabref/logic/util/Directories.java	58	8	3	0.38	true	true
jabgui/src/main/java/org/jabref/gui/push/GuiPushToApplicationCommand.java	jabgui/src/main/java/org/jabref/gui/push/GuiPushToEmacsSettings.java	47	8	3	0.38	false	false
jabgui/src/main/java/org/jabref/gui/push/GuiPushToApplicationCommand.java	jabgui/src/main/java/org/jabref/gui/push/GuiPushToVimSettings.java	47	8	3	0.38	false	false
jabgui/src/main/java/org/jabref/gui/push/GuiPushToEmacsSettings.java	jablib/src/main/java/org/jabref/logic/preferences/JabRefCliPreferences.java	8	1078	3	0.38	true	true
jabgui/src/main/java/org/jabref/gui/push/GuiPushToVimSettings.java	jablib/src/main/java/org/jabref/logic/preferences/JabRefCliPreferences.java	8	1078	3	0.38	true	true
jabgui/src/main/java/org/jabref/gui/slr/ManageStudyDefinitionView.java	jablib/src/main/java/org/jabref/logic/crawler/StudyCatalogToFetcherConverter.java	19	8	3	0.38	true	true
jabgui/src/main/java/org/jabref/gui/slr/ManageStudyDefinitionView.java	jablib/src/main/java/org/jabref/model/study/StudyCatalog.java	19	8	3	0.38	true	true
jabgui/src/main/java/org/jabref/gui/slr/StartNewStudyAction.java	jabgui/src/main/java/org/jabref/gui/slr/StudyCatalogItem.java	13	8	3	0.38	false	false
jabgui/src/main/java/org/jabref/gui/texparser/ParseLatexDialogViewModel.java	jabgui/src/main/java/org/jabref/gui/welcome/quicksettings/viewmodel/ThemeDialogViewModel.java	30	8	3	0.38	true	false
jabgui/src/main/java/org/jabref/gui/texparser/ParseLatexDialogViewModel.java	jablib/src/main/java/org/jabref/logic/util/Directories.java	30	8	3	0.38	true	true
jabgui/src/main/java/org/jabref/gui/theme/ThemeManager.java	jabgui/src/main/java/org/jabref/gui/welcome/quicksettings/viewmodel/ThemeDialogViewModel.java	27	8	3	0.38	true	false
jabgui/src/main/java/org/jabref/gui/util/FileNodeViewModel.java	jabgui/src/main/java/org/jabref/gui/welcome/quicksettings/viewmodel/ThemeDialogViewModel.java	16	8	3	0.38	true	false
jabgui/src/main/java/org/jabref/gui/util/FileNodeViewModel.java	jablib/src/main/java/org/jabref/logic/util/Directories.java	16	8	3	0.38	true	true
jabgui/src/main/java/org/jabref/gui/walkthrough/WalkthroughAction.java	jabgui/src/main/java/org/jabref/gui/welcome/components/QuickSettings.java	11	8	3	0.38	true	false
jabgui/src/main/java/org/jabref/gui/walkthrough/WalkthroughRenderer.java	jabgui/src/main/java/org/jabref/gui/welcome/components/QuickSettings.java	8	8	3	0.38	true	false
jabgui/src/main/java/org/jabref/gui/walkthrough/WalkthroughRenderer.java	jablib/src/main/java/org/jabref/logic/preferences/JabRefCliPreferences.java	8	1078	3	0.38	true	true
jabgui/src/main/java/org/jabref/gui/welcome/quicksettings/viewmodel/ThemeDialogViewModel.java	jablib/src/main/java/org/jabref/logic/externalfiles/LinkedFileHandler.java	8	20	3	0.38	true	true
jabgui/src/main/java/org/jabref/gui/welcome/quicksettings/viewmodel/ThemeDialogViewModel.java	jablib/src/main/java/org/jabref/logic/util/Directories.java	8	8	3	0.38	true	true
jabgui/src/main/java/org/jabref/gui/welcome/quicksettings/viewmodel/ThemeDialogViewModel.java	jablib/src/main/java/org/jabref/logic/util/io/FileNameUniqueness.java	8	10	3	0.38	true	true
jabgui/src/main/java/org/jabref/gui/welcome/quicksettings/viewmodel/ThemeDialogViewModel.java	jablib/src/main/java/org/jabref/logic/util/io/FileUtil.java	8	142	3	0.38	true	true
jabgui/src/main/java/org/jabref/gui/welcome/quicksettings/viewmodel/ThemeDialogViewModel.java	jablib/src/main/java/org/jabref/model/entry/LinkedFile.java	8	41	3	0.38	true	true
jablib/src/main/java/org/jabref/logic/bibtex/BibEntryWriter.java	jablib/src/main/java/org/jabref/logic/layout/format/RisMonth.java	109	8	3	0.38	true	false
jablib/src/main/java/org/jabref/logic/bibtex/FieldWriter.java	jablib/src/main/java/org/jabref/logic/layout/format/RisMonth.java	105	8	3	0.38	true	false
jablib/src/main/java/org/jabref/logic/bst/BstVMVisitor.java	jablib/src/main/java/org/jabref/logic/bst/util/BstCaseChanger.java	8	26	3	0.38	true	false
jablib/src/main/java/org/jabref/logic/citation/SearchCitationsRelationsService.java	jablib/src/main/java/org/jabref/logic/importer/fetcher/citation/crossref/CrossRefCitationFetcher.java	12	8	3	0.38	true	false
jablib/src/main/java/org/jabref/logic/citationkeypattern/CitationKeyGenerator.java	jablib/src/main/java/org/jabref/logic/layout/format/Replace.java	201	8	3	0.38	true	false
jablib/src/main/java/org/jabref/logic/citationstyle/CSLStyleUtils.java	jablib/src/main/java/org/jabref/logic/openoffice/oocsltext/CSLCitationOOAdapter.java	8	90	3	0.38	true	false
jablib/src/main/java/org/jabref/logic/citationstyle/CSLStyleUtils.java	jablib/src/main/java/org/jabref/logic/preferences/JabRefCliPreferences.java	8	1078	3	0.38	true	false
jablib/src/main/java/org/jabref/logic/citationstyle/CitationStyleCache.java	jablib/src/main/java/org/jabref/logic/preview/PreviewLayout.java	15	8	3	0.38	true	false
jablib/src/main/java/org/jabref/logic/cleanup/DoiCleanup.java	jablib/src/main/java/org/jabref/logic/integrity/ISBNChecker.java	26	8	3	0.38	true	false
jablib/src/main/java/org/jabref/logic/cleanup/DoiCleanup.java	jablib/src/main/java/org/jabref/model/entry/identifier/MathSciNetId.java	26	8	3	0.38	true	false
jablib/src/main/java/org/jabref/logic/crawler/Crawler.java	jablib/src/main/java/org/jabref/model/study/StudyCatalog.java	18	8	3	0.38	true	false
jablib/src/main/java/org/jabref/logic/exporter/ExporterFactory.java	jablib/src/main/java/org/jabref/logic/exporter/XmpExporter.java	34	8	3	0.38	false	false
jablib/src/main/java/org/jabref/logic/exporter/XmpExporter.java	jablib/src/main/java/org/jabref/logic/importer/fileformat/pdf/PdfContentImporter.java	8	108	3	0.38	true	false
jablib/src/main/java/org/jabref/logic/externalfiles/LinkedFileHandler.java	jablib/src/main/java/org/jabref/logic/util/Directories.java	20	8	3	0.38	true	false
jablib/src/main/java/org/jabref/logic/formatter/bibtexfields/ClearFormatter.java	jablib/src/main/java/org/jabref/logic/formatter/bibtexfields/RemoveNewlinesFormatter.java	9	8	3	0.38	false	false
jablib/src/main/java/org/jabref/logic/formatter/bibtexfields/LatexCleanupFormatter.java	jablib/src/main/java/org/jabref/logic/formatter/bibtexfields/RemoveNewlinesFormatter.java	15	8	3	0.38	false	false
jablib/src/main/java/org/jabref/logic/formatter/bibtexfields/NormalizeDateFormatter.java	jablib/src/main/java/org/jabref/logic/formatter/bibtexfields/RemoveNewlinesFormatter.java	15	8	3	0.38	false	false
jablib/src/main/java/org/jabref/logic/formatter/bibtexfields/NormalizeMonthFormatter.java	jablib/src/main/java/org/jabref/logic/formatter/bibtexfields/RemoveNewlinesFormatter.java	12	8	3	0.38	false	false
jablib/src/main/java/org/jabref/logic/formatter/bibtexfields/NormalizeNamesFormatter.java	jablib/src/main/java/org/jabref/logic/formatter/bibtexfields/RemoveNewlinesFormatter.java	26	8	3	0.38	false	false
jablib/src/main/java/org/jabref/logic/formatter/bibtexfields/NormalizeNamesFormatter.java	jablib/src/main/java/org/jabref/logic/layout/format/Iso690FormatDate.java	26	8	3	0.38	true	false
jablib/src/main/java/org/jabref/logic/formatter/bibtexfields/NormalizePagesFormatter.java	jablib/src/main/java/org/jabref/logic/formatter/bibtexfields/RemoveNewlinesFormatter.java	25	8	3	0.38	false	false
jablib/src/main/java/org/jabref/logic/formatter/bibtexfields/OrdinalsToSuperscriptFormatter.java	jablib/src/main/java/org/jabref/logic/formatter/bibtexfields/RemoveNewlinesFormatter.java	16	8	3	0.38	false	false
jablib/src/main/java/org/jabref/logic/formatter/bibtexfields/RegexFormatter.java	jablib/src/main/java/org/jabref/logic/formatter/bibtexfields/RemoveNewlinesFormatter.java	13	8	3	0.38	false	false
jablib/src/main/java/org/jabref/logic/formatter/bibtexfields/RemoveEnclosingBracesFormatter.java	jablib/src/main/java/org/jabref/logic/formatter/bibtexfields/RemoveNewlinesFormatter.java	10	8	3	0.38	false	false
jablib/src/main/java/org/jabref/logic/formatter/bibtexfields/RemoveNewlinesFormatter.java	jablib/src/main/java/org/jabref/logic/formatter/bibtexfields/UnitsToLatexFormatter.java	8	21	3	0.38	false	false
jablib/src/main/java/org/jabref/logic/formatter/bibtexfields/RemoveNewlinesFormatter.java	jablib/src/main/java/org/jabref/logic/formatter/casechanger/CapitalizeFormatter.java	8	11	3	0.38	true	false
jablib/src/main/java/org/jabref/logic/formatter/bibtexfields/RemoveNewlinesFormatter.java	jablib/src/main/java/org/jabref/logic/formatter/casechanger/LowerCaseFormatter.java	8	11	3	0.38	true	false
jablib/src/main/java/org/jabref/logic/formatter/bibtexfields/RemoveNewlinesFormatter.java	jablib/src/main/java/org/jabref/logic/formatter/casechanger/ProtectTermsFormatter.java	8	33	3	0.38	true	false
jablib/src/main/java/org/jabref/logic/formatter/bibtexfields/RemoveNewlinesFormatter.java	jablib/src/main/java/org/jabref/logic/formatter/casechanger/SentenceCaseFormatter.java	8	12	3	0.38	true	false
jablib/src/main/java/org/jabref/logic/formatter/bibtexfields/RemoveNewlinesFormatter.java	jablib/src/main/java/org/jabref/logic/formatter/casechanger/TitleCaseFormatter.java	8	12	3	0.38	true	false
jablib/src/main/java/org/jabref/logic/formatter/bibtexfields/RemoveNewlinesFormatter.java	jablib/src/main/java/org/jabref/logic/formatter/casechanger/UpperCaseFormatter.java	8	12	3	0.38	true	false
jablib/src/main/java/org/jabref/logic/formatter/bibtexfields/RemoveNewlinesFormatter.java	jablib/src/main/java/org/jabref/logic/formatter/minifier/MinifyNameListFormatter.java	8	12	3	0.38	true	false
jablib/src/main/java/org/jabref/logic/importer/FulltextFetcher.java	jablib/src/main/java/org/jabref/logic/importer/fetcher/ACS.java	8	25	3	0.38	true	false
jablib/src/main/java/org/jabref/logic/importer/FulltextFetcher.java	jablib/src/main/java/org/jabref/logic/importer/fetcher/DoiResolution.java	8	48	3	0.38	true	false
jablib/src/main/java/org/jabref/logic/importer/FulltextFetcher.java	jablib/src/main/java/org/jabref/logic/importer/fetcher/IEEE.java	8	55	3	0.38	true	false
jablib/src/main/java/org/jabref/logic/importer/FulltextFetcher.java	jablib/src/main/java/org/jabref/logic/importer/fetcher/ScienceDirect.java	8	35	3	0.38	true	false
jablib/src/main/java/org/jabref/logic/importer/FulltextFetcher.java	jablib/src/main/java/org/jabref/logic/net/URLDownload.java	8	95	3	0.38	true	false
jablib/src/main/java/org/jabref/logic/importer/FulltextFetchers.java	jablib/src/main/java/org/jabref/logic/integrity/DoiValidityChecker.java	65	8	3	0.38	true	false
jablib/src/main/java/org/jabref/logic/importer/FulltextFetchers.java	jablib/src/main/java/org/jabref/model/entry/identifier/MathSciNetId.java	65	8	3	0.38	true	false
jablib/src/main/java/org/jabref/logic/importer/PagedSearchBasedFetcher.java	jablib/src/main/java/org/jabref/logic/importer/SearchBasedParserFetcher.java	8	20	3	0.38	false	false
jablib/src/main/java/org/jabref/logic/importer/PagedSearchBasedFetcher.java	jablib/src/main/java/org/jabref/logic/importer/fetcher/CompositeSearchBasedFetcher.java	8	11	3	0.38	true	false
jablib/src/main/java/org/jabref/logic/importer/PagedSearchBasedFetcher.java	jablib/src/main/java/org/jabref/logic/importer/fetcher/GoogleScholar.java	8	36	3	0.38	true	false
jablib/src/main/java/org/jabref/logic/importer/PagedSearchBasedFetcher.java	jablib/src/main/java/org/jabref/logic/importer/fetcher/IEEE.java	8	55	3	0.38	true	false
jablib/src/main/java/org/jabref/logic/importer/PagedSearchBasedFetcher.java	jablib/src/main/java/org/jabref/logic/importer/fetcher/JstorFetcher.java	8	11	3	0.38	true	false
jablib/src/main/java/org/jabref/logic/importer/PagedSearchBasedFetcher.java	jablib/src/main/java/org/jabref/logic/importer/fetcher/MedlineFetcher.java	8	111	3	0.38	true	false
jablib/src/main/java/org/jabref/logic/importer/PagedSearchBasedFetcher.java	jablib/src/main/java/org/jabref/logic/importer/fetcher/SpringerNatureWebFetcher.java	8	30	3	0.38	true	false
jablib/src/main/java/org/jabref/logic/importer/SearchBasedFetcher.java	jablib/src/main/java/org/jabref/logic/importer/fetcher/ACMPortalFetcher.java	16	8	3	0.38	true	false
jablib/src/main/java/org/jabref/logic/importer/SearchBasedFetcher.java	jablib/src/main/java/org/jabref/logic/importer/fetcher/transformers/AbstractQueryTransformer.java	16	8	3	0.38	true	false
jablib/src/main/java/org/jabref/logic/importer/WebFetchers.java	jablib/src/main/java/org/jabref/logic/importer/util/JsonReader.java	102	8	3	0.38	true	false
jablib/src/main/java/org/jabref/logic/importer/fetcher/ACMPortalFetcher.java	jablib/src/main/java/org/jabref/logic/importer/fetcher/CollectionOfComputerScienceBibliographiesFetcher.java	8	12	3	0.38	false	false
jablib/src/main/java/org/jabref/logic/importer/fetcher/ACMPortalFetcher.java	jablib/src/main/java/org/jabref/logic/importer/fetcher/CompositeSearchBasedFetcher.java	8	11	3	0.38	false	false
jablib/src/main/java/org/jabref/logic/importer/fetcher/ACMPortalFetcher.java	jablib/src/main/java/org/jabref/logic/importer/fetcher/CrossRef.java	8	43	3	0.38	false	false
jablib/src/main/java/org/jabref/logic/importer/fetcher/ACMPortalFetcher.java	jablib/src/main/java/org/jabref/logic/importer/fetcher/JstorFetcher.java	8	11	3	0.38	false	false
jablib/src/main/java/org/jabref/logic/importer/fetcher/ACMPortalFetcher.java	jablib/src/main/java/org/jabref/logic/importer/fetcher/MathSciNet.java	8	32	3	0.38	false	false
jablib/src/main/java/org/jabref/logic/importer/fetcher/ACMPortalFetcher.java	jablib/src/main/java/org/jabref/logic/importer/fetcher/ZbMATH.java	8	20	3	0.38	false	false
jablib/src/main/java/org/jabref/logic/importer/fetcher/ACMPortalFetcher.java	jablib/src/main/java/org/jabref/logic/importer/fetcher/transformers/AbstractQueryTransformer.java	8	8	3	0.38	true	false
jablib/src/main/java/org/jabref/logic/importer/fetcher/ACS.java	jablib/src/main/java/org/jabref/logic/importer/fetcher/ResearchGate.java	25	8	3	0.38	false	false
jablib/src/main/java/org/jabref/logic/importer/fetcher/ACS.java	jablib/src/main/java/org/jabref/logic/integrity/DoiValidityChecker.java	25	8	3	0.38	true	false
jablib/src/main/java/org/jabref/logic/importer/fetcher/ACS.java	jablib/src/main/java/org/jabref/model/entry/identifier/MathSciNetId.java	25	8	3	0.38	true	false
jablib/src/main/java/org/jabref/logic/importer/fetcher/AbstractIsbnFetcher.java	jablib/src/main/java/org/jabref/logic/integrity/DoiValidityChecker.java	9	8	3	0.38	true	false
jablib/src/main/java/org/jabref/logic/importer/fetcher/AbstractIsbnFetcher.java	jablib/src/main/java/org/jabref/logic/integrity/ISBNChecker.java	9	8	3	0.38	true	false
jablib/src/main/java/org/jabref/logic/importer/fetcher/ArXivFetcher.java	jablib/src/main/java/org/jabref/logic/importer/fetcher/ISIDOREFetcher.java	25	8	3	0.38	false	false
jablib/src/main/java/org/jabref/logic/importer/fetcher/AstrophysicsDataSystem.java	jablib/src/main/java/org/jabref/logic/importer/fetcher/RfcFetcher.java	42	8	3	0.38	false	false
jablib/src/main/java/org/jabref/logic/importer/fetcher/AstrophysicsDataSystem.java	jablib/src/main/java/org/jabref/logic/importer/util/JsonReader.java	42	8	3	0.38	true	false
jablib/src/main/java/org/jabref/logic/importer/fetcher/BiodiversityLibrary.java	jablib/src/main/java/org/jabref/logic/importer/fetcher/ISIDOREFetcher.java	9	8	3	0.38	false	false
jablib/src/main/java/org/jabref/logic/importer/fetcher/CollectionOfComputerScienceBibliographiesFetcher.java	jablib/src/main/java/org/jabref/logic/importer/fetcher/transformers/AbstractQueryTransformer.java	12	8	3	0.38	true	false
jablib/src/main/java/org/jabref/logic/importer/fetcher/CrossRef.java	jablib/src/main/java/org/jabref/logic/integrity/ISBNChecker.java	43	8	3	0.38	true	false
jablib/src/main/java/org/jabref/logic/importer/fetcher/DBLPFetcher.java	jablib/src/main/java/org/jabref/logic/importer/fetcher/transformers/AbstractQueryTransformer.java	15	8	3	0.38	true	false
jablib/src/main/java/org/jabref/logic/importer/fetcher/DOAJFetcher.java	jablib/src/main/java/org/jabref/logic/importer/fetcher/transformers/AbstractQueryTransformer.java	14	8	3	0.38	true	false
jablib/src/main/java/org/jabref/logic/importer/fetcher/DiVA.java	jablib/src/main/java/org/jabref/logic/importer/fetcher/RfcFetcher.java	9	8	3	0.38	false	false
jablib/src/main/java/org/jabref/logic/importer/fetcher/DoiFetcher.java	jablib/src/main/java/org/jabref/logic/importer/fetcher/RfcFetcher.java	53	8	3	0.38	false	false
jablib/src/main/java/org/jabref/logic/importer/fetcher/DoiFetcher.java	jablib/src/main/java/org/jabref/logic/integrity/DoiValidityChecker.java	53	8	3	0.38	true	false
jablib/src/main/java/org/jabref/logic/importer/fetcher/DoiFetcher.java	jablib/src/main/java/org/jabref/logic/integrity/ISBNChecker.java	53	8	3	0.38	true	false
jablib/src/main/java/org/jabref/logic/importer/fetcher/DoiFetcher.java	jablib/src/main/java/org/jabref/model/entry/identifier/MathSciNetId.java	53	8	3	0.38	true	false
jablib/src/main/java/org/jabref/logic/importer/fetcher/DoiResolution.java	jablib/src/main/java/org/jabref/logic/integrity/DoiValidityChecker.java	48	8	3	0.38	true	false
jablib/src/main/java/org/jabref/logic/importer/fetcher/GoogleScholar.java	jablib/src/main/java/org/jabref/logic/importer/fetcher/transformers/AbstractQueryTransformer.java	36	8	3	0.38	true	false
jablib/src/main/java/org/jabref/logic/importer/fetcher/GvkFetcher.java	jablib/src/main/java/org/jabref/logic/importer/fetcher/transformers/AbstractQueryTransformer.java	12	8	3	0.38	true	false
jablib/src/main/java/org/jabref/logic/importer/fetcher/IEEE.java	jablib/src/main/java/org/jabref/logic/importer/util/JsonReader.java	55	8	3	0.38	true	false
jablib/src/main/java/org/jabref/logic/importer/fetcher/IEEE.java	jablib/src/main/java/org/jabref/logic/integrity/DoiValidityChecker.java	55	8	3	0.38	true	false
jablib/src/main/java/org/jabref/logic/importer/fetcher/IEEE.java	jablib/src/main/java/org/jabref/model/entry/identifier/MathSciNetId.java	55	8	3	0.38	true	false
jablib/src/main/java/org/jabref/logic/importer/fetcher/INSPIREFetcher.java	jablib/src/main/java/org/jabref/logic/importer/fetcher/RfcFetcher.java	21	8	3	0.38	false	false
jablib/src/main/java/org/jabref/logic/importer/fetcher/INSPIREFetcher.java	jablib/src/main/java/org/jabref/logic/importer/fetcher/transformers/AbstractQueryTransformer.java	21	8	3	0.38	true	false
jablib/src/main/java/org/jabref/logic/importer/fetcher/ISIDOREFetcher.java	jablib/src/main/java/org/jabref/logic/importer/fetcher/SemanticScholar.java	8	12	3	0.38	false	false
jablib/src/main/java/org/jabref/logic/importer/fetcher/IacrEprintFetcher.java	jablib/src/main/java/org/jabref/logic/importer/fetcher/ResearchGate.java	11	8	3	0.38	false	false
jablib/src/main/java/org/jabref/logic/importer/fetcher/JstorFetcher.java	jablib/src/main/java/org/jabref/logic/importer/fetcher/transformers/AbstractQueryTransformer.java	11	8	3	0.38	true	false
jablib/src/main/java/org/jabref/logic/importer/fetcher/MathSciNet.java	jablib/src/main/java/org/jabref/logic/importer/fetcher/ResearchGate.java	32	8	3	0.38	false	false
jablib/src/main/java/org/jabref/logic/importer/fetcher/MathSciNet.java	jablib/src/main/java/org/jabref/logic/importer/fetcher/transformers/AbstractQueryTransformer.java	32	8	3	0.38	true	false
jablib/src/main/java/org/jabref/logic/importer/fetcher/OpenAccessDoi.java	jablib/src/main/java/org/jabref/logic/importer/fetcher/ResearchGate.java	14	8	3	0.38	false	false
jablib/src/main/java/org/jabref/logic/importer/fetcher/ResearchGate.java	jablib/src/main/java/org/jabref/logic/importer/fetcher/ScienceDirect.java	8	35	3	0.38	false	false
jablib/src/main/java/org/jabref/logic/importer/fetcher/ResearchGate.java	jablib/src/main/java/org/jabref/logic/importer/fetcher/SpringerNatureWebFetcher.java	8	30	3	0.38	false	false
jablib/src/main/java/org/jabref/logic/importer/fetcher/ResearchGate.java	jablib/src/main/java/org/jabref/logic/importer/fileformat/MarcXmlParser.java	8	13	3	0.38	true	false
jablib/src/main/java/org/jabref/logic/importer/fetcher/ResearchGate.java	jablib/src/main/java/org/jabref/logic/net/URLDownload.java	8	95	3	0.38	true	false
jablib/src/main/java/org/jabref/logic/importer/fetcher/ScienceDirect.java	jablib/src/main/java/org/jabref/logic/importer/util/JsonReader.java	35	8	3	0.38	true	false
jablib/src/main/java/org/jabref/logic/importer/fetcher/ScienceDirect.java	jablib/src/main/java/org/jabref/logic/integrity/DoiValidityChecker.java	35	8	3	0.38	true	false
jablib/src/main/java/org/jabref/logic/importer/fetcher/ScienceDirect.java	jablib/src/main/java/org/jabref/model/entry/identifier/MathSciNetId.java	35	8	3	0.38	true	false
jablib/src/main/java/org/jabref/logic/importer/fetcher/SpringerNatureFullTextFetcher.java	jablib/src/main/java/org/jabref/logic/importer/util/JsonReader.java	32	8	3	0.38	true	false
jablib/src/main/java/org/jabref/logic/importer/fetcher/SpringerNatureFullTextFetcher.java	jablib/src/main/java/org/jabref/logic/integrity/DoiValidityChecker.java	32	8	3	0.38	true	false
jablib/src/main/java/org/jabref/logic/importer/fetcher/SpringerNatureFullTextFetcher.java	jablib/src/main/java/org/jabref/model/entry/identifier/MathSciNetId.java	32	8	3	0.38	true	false
jablib/src/main/java/org/jabref/logic/importer/fetcher/SpringerNatureWebFetcher.java	jablib/src/main/java/org/jabref/logic/importer/fetcher/transformers/AbstractQueryTransformer.java	30	8	3	0.38	true	false
jablib/src/main/java/org/jabref/logic/importer/fetcher/TitleFetcher.java	jablib/src/main/java/org/jabref/logic/integrity/DoiValidityChecker.java	9	8	3	0.38	true	false
jablib/src/main/java/org/jabref/logic/importer/fetcher/TitleFetcher.java	jablib/src/main/java/org/jabref/logic/integrity/ISBNChecker.java	9	8	3	0.38	true	false
jablib/src/main/java/org/jabref/logic/importer/fetcher/ZbMATH.java	jablib/src/main/java/org/jabref/logic/importer/fetcher/transformers/AbstractQueryTransformer.java	20	8	3	0.38	true	false
jablib/src/main/java/org/jabref/logic/importer/fetcher/transformers/AbstractQueryTransformer.java	jablib/src/main/java/org/jabref/logic/importer/fileformat/MarcXmlParser.java	8	13	3	0.38	true	false
jablib/src/main/java/org/jabref/logic/importer/fileformat/IsiImporter.java	jablib/src/main/java/org/jabref/logic/layout/format/RemoveBrackets.java	95	8	3	0.38	true	false
jablib/src/main/java/org/jabref/logic/importer/fileformat/RisImporter.java	jablib/src/main/java/org/jabref/logic/layout/format/AuthorLF_FF.java	94	8	3	0.38	true	false
jablib/src/main/java/org/jabref/logic/importer/fileformat/RisImporter.java	jablib/src/main/java/org/jabref/logic/layout/format/AuthorLF_FFAbbr.java	94	8	3	0.38	true	false
jablib/src/main/java/org/jabref/logic/importer/fileformat/pdf/PdfContentImporter.java	jablib/src/main/java/org/jabref/logic/integrity/DoiValidityChecker.java	108	8	3	0.38	true	false
jablib/src/main/java/org/jabref/logic/integrity/DoiValidityChecker.java	jablib/src/main/java/org/jabref/logic/integrity/EditionChecker.java	8	16	3	0.38	false	false
jablib/src/main/java/org/jabref/logic/integrity/DoiValidityChecker.java	jablib/src/main/java/org/jabref/logic/integrity/FileChecker.java	8	10	3	0.38	false	false
jablib/src/main/java/org/jabref/logic/integrity/DoiValidityChecker.java	jablib/src/main/java/org/jabref/logic/integrity/PagesChecker.java	8	12	3	0.38	false	false
jablib/src/main/java/org/jabref/logic/integrity/DoiValidityChecker.java	jablib/src/main/java/org/jabref/logic/integrity/PersonNamesChecker.java	8	10	3	0.38	false	false
jablib/src/main/java/org/jabref/logic/integrity/DoiValidityChecker.java	jablib/src/main/java/org/jabref/logic/layout/format/DOICheck.java	8	29	3	0.38	true	false
jablib/src/main/java/org/jabref/logic/integrity/DoiValidityChecker.java	jablib/src/main/java/org/jabref/logic/layout/format/DOIStrip.java	8	18	3	0.38	true	false
jablib/src/main/java/org/jabref/logic/integrity/EditionChecker.java	jablib/src/main/java/org/jabref/logic/integrity/ISBNChecker.java	16	8	3	0.38	false	false
jablib/src/main/java/org/jabref/logic/integrity/FileChecker.java	jablib/src/main/java/org/jabref/logic/integrity/ISBNChecker.java	10	8	3	0.38	false	false
jablib/src/main/java/org/jabref/logic/integrity/ISBNChecker.java	jablib/src/main/java/org/jabref/logic/integrity/PagesChecker.java	8	12	3	0.38	false	false
jablib/src/main/java/org/jabref/logic/integrity/ISBNChecker.java	jablib/src/main/java/org/jabref/logic/integrity/PersonNamesChecker.java	8	10	3	0.38	false	false
jablib/src/main/java/org/jabref/logic/integrity/ISBNChecker.java	jablib/src/main/java/org/jabref/logic/layout/format/DOICheck.java	8	29	3	0.38	true	false
jablib/src/main/java/org/jabref/logic/integrity/ISBNChecker.java	jablib/src/main/java/org/jabref/logic/layout/format/DOIStrip.java	8	18	3	0.38	true	false
jablib/src/main/java/org/jabref/logic/integrity/ISBNChecker.java	jablib/src/main/java/org/jabref/model/entry/identifier/ISBN.java	8	11	3	0.38	true	false
jablib/src/main/java/org/jabref/logic/layout/AbstractParamLayoutFormatter.java	jablib/src/main/java/org/jabref/logic/layout/format/Replace.java	11	8	3	0.38	true	false
jablib/src/main/java/org/jabref/logic/layout/LayoutEntry.java	jablib/src/main/java/org/jabref/logic/layout/format/RemoveBrackets.java	120	8	3	0.38	true	false
jablib/src/main/java/org/jabref/logic/layout/format/CreateBibORDFAuthors.java	jablib/src/main/java/org/jabref/logic/layout/format/RemoveBrackets.java	13	8	3	0.38	false	false
jablib/src/main/java/org/jabref/logic/layout/format/DOIStrip.java	jablib/src/main/java/org/jabref/model/entry/identifier/MathSciNetId.java	18	8	3	0.38	true	false
jablib/src/main/java/org/jabref/logic/layout/format/DocBookAuthorFormatter.java	jablib/src/main/java/org/jabref/logic/layout/format/RemoveBrackets.java	35	8	3	0.38	false	false
jablib/src/main/java/org/jabref/logic/layout/format/Iso690FormatDate.java	jablib/src/main/java/org/jabref/logic/msbib/MSBibEntry.java	8	74	3	0.38	true	false
jablib/src/main/java/org/jabref/logic/layout/format/Iso690FormatDate.java	jablib/src/main/java/org/jabref/model/database/BibDatabase.java	8	209	3	0.38	true	false
jablib/src/main/java/org/jabref/logic/layout/format/LatexToUnicodeFormatter.java	jablib/src/main/java/org/jabref/logic/layout/format/RisMonth.java	31	8	3	0.38	false	false
jablib/src/main/java/org/jabref/logic/layout/format/LatexToUnicodeFormatter.java	jablib/src/main/java/org/jabref/model/strings/UnicodeToReadableCharMap.java	31	8	3	0.38	true	false
jablib/src/main/java/org/jabref/logic/layout/format/RemoveBrackets.java	jablib/src/main/java/org/jabref/logic/util/strings/StringUtil.java	8	109	3	0.38	true	false
jablib/src/main/java/org/jabref/logic/layout/format/Replace.java	jablib/src/main/java/org/jabref/logic/preferences/JabRefCliPreferences.java	8	1078	3	0.38	true	false
jablib/src/main/java/org/jabref/logic/layout/format/RisMonth.java	jablib/src/main/java/org/jabref/logic/preferences/JabRefCliPreferences.java	8	1078	3	0.38	true	false
jablib/src/main/java/org/jabref/logic/layout/format/RisMonth.java	jablib/src/main/java/org/jabref/logic/util/BuildInfo.java	8	52	3	0.38	true	false
jablib/src/main/java/org/jabref/logic/layout/format/RisMonth.java	jablib/src/main/java/org/jabref/logic/util/io/RegExpBasedFileFinder.java	8	59	3	0.38	true	false
jablib/src/main/java/org/jabref/logic/layout/format/RisMonth.java	jablib/src/main/java/org/jabref/logic/util/strings/StringUtil.java	8	109	3	0.38	true	false
jablib/src/main/java/org/jabref/logic/openoffice/action/EditMerge.java	jablib/src/main/java/org/jabref/logic/openoffice/backend/Backend52.java	9	8	3	0.38	true	false
jablib/src/main/java/org/jabref/logic/openoffice/backend/Backend52.java	jablib/src/main/java/org/jabref/logic/openoffice/oocsltext/BSTCitationOOAdapter.java	8	8	3	0.38	true	false
jablib/src/main/java/org/jabref/logic/openoffice/backend/Backend52.java	jablib/src/main/java/org/jabref/logic/openoffice/oocsltext/CSLCitationOOAdapter.java	8	90	3	0.38	true	false
jablib/src/main/java/org/jabref/logic/openoffice/backend/Backend52.java	jablib/src/main/java/org/jabref/logic/openoffice/style/JStyle.java	8	104	3	0.38	true	false
jablib/src/main/java/org/jabref/logic/openoffice/frontend/OOFrontend.java	jablib/src/main/java/org/jabref/logic/openoffice/oocsltext/BSTCitationOOAdapter.java	9	8	3	0.38	true	false
jablib/src/main/java/org/jabref/logic/openoffice/style/OOPreFormatter.java	jablib/src/main/java/org/jabref/model/strings/UnicodeToReadableCharMap.java	32	8	3	0.38	true	false
jablib/src/main/java/org/jabref/logic/preferences/JabRefCliPreferences.java	jablib/src/main/java/org/jabref/logic/util/Directories.java	1078	8	3	0.38	true	false
jablib/src/main/java/org/jabref/logic/preferences/JabRefCliPreferences.java	jabsrv/src/main/java/org/jabref/http/server/resources/LibrariesResource.java	1078	8	3	0.38	true	true
jablib/src/main/java/org/jabref/logic/util/Directories.java	jablib/src/main/java/org/jabref/logic/util/io/FileNameUniqueness.java	8	10	3	0.38	true	false
jablib/src/main/java/org/jabref/logic/util/Directories.java	jablib/src/main/java/org/jabref/model/entry/LinkedFile.java	8	41	3	0.38	true	false
jablib/src/main/java/org/jabref/model/database/BibDatabase.java	jablib/src/main/java/org/jabref/model/groups/AutomaticKeywordGroup.java	209	8	3	0.38	true	false
jablib/src/main/java/org/jabref/model/entry/BibEntry.java	jablib/src/main/java/org/jabref/model/entry/field/OrFields.java	312	8	3	0.38	true	false
jablib/src/main/java/org/jabref/model/entry/BibEntryType.java	jablib/src/main/java/org/jabref/model/entry/field/OrFields.java	14	8	3	0.38	true	false
jablib/src/main/java/org/jabref/model/entry/BibEntryTypeBuilder.java	jablib/src/main/java/org/jabref/model/entry/field/OrFields.java	11	8	3	0.38	true	false
jablib/src/main/java/org/jabref/model/entry/field/FieldFactory.java	jablib/src/main/java/org/jabref/model/entry/field/OrFields.java	32	8	3	0.38	false	false
jablib/src/main/java/org/jabref/model/entry/identifier/ArXivIdentifier.java	jablib/src/main/java/org/jabref/model/entry/identifier/MathSciNetId.java	18	8	3	0.38	false	false
jablib/src/main/java/org/jabref/model/entry/identifier/DOI.java	jablib/src/main/java/org/jabref/model/entry/identifier/MathSciNetId.java	61	8	3	0.38	false	false
jablib/src/main/java/org/jabref/model/entry/identifier/ISBN.java	jablib/src/main/java/org/jabref/model/entry/identifier/MathSciNetId.java	11	8	3	0.38	false	false
jabsrv-cli/src/main/java/org/jabref/http/server/cli/ServerCli.java	jabsrv/src/main/java/org/jabref/http/server/resources/LibrariesResource.java	10	8	3	0.38	true	true
jablib/src/main/java/org/jabref/logic/preferences/JabRefCliPreferences.java	jablib/src/main/java/org/jabref/logic/util/io/RegExpBasedFileFinder.java	1078	59	22	0.37	true	false
jablib/src/main/java/org/jabref/logic/preferences/JabRefCliPreferences.java	jablib/src/main/java/org/jabref/logic/util/io/DatabaseFileLookup.java	1078	51	19	0.37	true	false
jabgui/src/main/java/org/jabref/gui/LibraryTab.java	jabgui/src/main/java/org/jabref/gui/auximport/FromAuxDialog.java	1048	86	32	0.37	true	false
jabgui/src/main/java/org/jabref/gui/LibraryTab.java	jabgui/src/main/java/org/jabref/gui/importer/actions/ImportCommand.java	1048	27	10	0.37	true	false
jablib/src/main/java/org/jabref/logic/exporter/OOCalcDatabase.java	jablib/src/main/java/org/jabref/logic/importer/fileformat/BibtexParser.java	38	297	14	0.37	true	false
jabgui/src/main/java/org/jabref/cli/ArgumentProcessor.java	jabgui/src/main/java/org/jabref/gui/frame/JabRefFrameViewModel.java	123	19	7	0.37	true	false
jabgui/src/main/java/org/jabref/gui/LibraryTab.java	jablib/src/main/java/org/jabref/logic/util/FileType.java	1048	19	7	0.37	true	true
jabgui/src/main/java/org/jabref/gui/fieldeditors/LinkedFilesEditor.java	jabgui/src/main/java/org/jabref/gui/util/ViewModelListCellFactory.java	86	19	7	0.37	true	false
jabgui/src/main/java/org/jabref/gui/entryeditor/EntryEditor.java	jablib/src/main/java/org/jabref/logic/bibtex/BibEntryWriter.java	655	109	40	0.37	true	true
jabgui/src/main/java/org/jabref/gui/entryeditor/LatexCitationsTabViewModel.java	jabgui/src/main/java/org/jabref/gui/texparser/ParseLatexDialogViewModel.java	32	30	11	0.37	true	false
jabgui/src/main/java/org/jabref/gui/exporter/ExportCommand.java	jablib/src/main/java/org/jabref/logic/preferences/JabRefCliPreferences.java	30	1078	11	0.37	true	true
jablib/src/main/java/org/jabref/logic/importer/util/FileFieldParser.java	jablib/src/main/java/org/jabref/logic/util/io/FileUtil.java	30	142	11	0.37	true	false
jabgui/src/main/java/org/jabref/gui/LibraryTab.java	jabgui/src/main/java/org/jabref/gui/entryeditor/EntryEditor.java	1048	655	240	0.37	true	false
jabgui/src/main/java/org/jabref/gui/frame/JabRefFrame.java	jablib/src/main/java/org/jabref/logic/importer/ImportFormatReader.java	1215	197	72	0.37	true	true
jabgui/src/main/java/org/jabref/gui/LibraryTab.java	jablib/src/main/java/org/jabref/logic/layout/LayoutHelper.java	1048	63	23	0.37	true	true
jablib/src/main/java/org/jabref/logic/importer/ImportFormatReader.java	jablib/src/main/java/org/jabref/logic/importer/fileformat/RepecNepImporter.java	197	66	24	0.36	true	false
jabgui/src/main/java/org/jabref/gui/LibraryTab.java	jabgui/src/main/java/org/jabref/gui/importer/NewEntryAction.java	1048	44	16	0.36	true	false
jabgui/src/main/java/org/jabref/gui/maintable/MainTable.java	jabgui/src/main/java/org/jabref/gui/maintable/MainTableDataModel.java	293	44	16	0.36	false	false
jabgui/src/main/java/org/jabref/gui/importer/ImportEntriesDialog.java	jabgui/src/main/java/org/jabref/gui/importer/ImportEntriesViewModel.java	33	49	12	0.36	false	false
jabgui/src/main/java/org/jabref/gui/LibraryTab.java	jabgui/src/main/java/org/jabref/gui/copyfiles/CopyFilesAction.java	1048	22	8	0.36	true	false
jabgui/src/main/java/org/jabref/gui/entryeditor/UserDefinedFieldsTab.java	jabgui/src/main/java/org/jabref/gui/preview/PreviewPanel.java	22	29	8	0.36	true	false
jabgui/src/main/java/org/jabref/gui/fieldeditors/SimpleEditor.java	jabgui/src/main/java/org/jabref/gui/fieldeditors/identifier/IdentifierEditor.java	22	28	8	0.36	true	false
jablib/src/main/java/org/jabref/logic/bst/util/BstNameFormatter.java	jablib/src/main/java/org/jabref/logic/layout/format/Authors.java	22	36	8	0.36	true	false
jablib/src/main/java/org/jabref/logic/bst/util/BstNameFormatter.java	jablib/src/main/java/org/jabref/logic/openoffice/style/JStyle.java	22	104	8	0.36	true	false
jablib/src/main/java/org/jabref/logic/bst/util/BstNameFormatter.java	jablib/src/main/java/org/jabref/model/entry/AuthorList.java	22	77	8	0.36	true	false
jablib/src/main/java/org/jabref/logic/importer/ImporterPreferences.java	jablib/src/main/java/org/jabref/logic/importer/WebFetchers.java	22	102	8	0.36	false	false
jablib/src/main/java/org/jabref/logic/journals/AbbreviationParser.java	jablib/src/main/java/org/jabref/logic/journals/JournalAbbreviationLoader.java	22	35	8	0.36	false	false
jabgui/src/main/java/org/jabref/cli/ArgumentProcessor.java	jabgui/src/main/java/org/jabref/gui/externalfiles/AutoLinkFilesAction.java	123	11	4	0.36	true	false
jabgui/src/main/java/org/jabref/cli/ArgumentProcessor.java	jablib/src/main/java/org/jabref/logic/auxparser/AuxParserResult.java	123	11	4	0.36	true	true
jabgui/src/main/java/org/jabref/gui/DialogService.java	jablib/src/main/java/org/jabref/logic/util/CurrentThreadTaskExecutor.java	36	11	4	0.36	true	true
jabgui/src/main/java/org/jabref/gui/DragAndDropDataFormats.java	jabgui/src/main/java/org/jabref/gui/groups/GroupNodeViewModel.java	11	68	4	0.36	true	false
jabgui/src/main/java/org/jabref/gui/JabRefDialogService.java	jablib/src/main/java/org/jabref/logic/util/CurrentThreadTaskExecutor.java	79	11	4	0.36	true	true
jabgui/src/main/java/org/jabref/gui/JabRefGUI.java	jabgui/src/main/java/org/jabref/gui/help/NewVersionDialog.java	190	11	4	0.36	true	false
jabgui/src/main/java/org/jabref/gui/LibraryTab.java	jabgui/src/main/java/org/jabref/gui/frame/OpenConsoleAction.java	1048	11	4	0.36	true	false
jabgui/src/main/java/org/jabref/gui/LibraryTab.java	jabgui/src/main/java/org/jabref/gui/search/SearchResultsTable.java	1048	11	4	0.36	true	false
jabgui/src/main/java/org/jabref/gui/LibraryTab.java	jablib/src/main/java/org/jabref/logic/layout/format/AuthorAndsCommaReplacer.java	1048	11	4	0.36	true	true
jabgui/src/main/java/org/jabref/gui/LibraryTab.java	jablib/src/main/java/org/jabref/logic/shared/DBMSType.java	1048	11	4	0.36	true	true
jabgui/src/main/java/org/jabref/gui/actions/StandardActions.java	jabgui/src/main/java/org/jabref/gui/texparser/ParseLatexResultViewModel.java	144	11	4	0.36	true	false
jabgui/src/main/java/org/jabref/gui/auximport/FromAuxDialog.java	jabgui/src/main/java/org/jabref/gui/help/NewVersionDialog.java	86	11	4	0.36	true	false
jabgui/src/main/java/org/jabref/gui/auximport/FromAuxDialog.java	jablib/src/main/java/org/jabref/logic/auxparser/AuxParserResult.java	86	11	4	0.36	true	true
jabgui/src/main/java/org/jabref/gui/collab/entrychange/EntryChangeResolver.java	jabgui/src/main/java/org/jabref/gui/dialogs/BackupUIManager.java	11	32	4	0.36	true	false
jabgui/src/main/java/org/jabref/gui/commonfxcontrols/CitationKeyPatternsPanel.java	jabgui/src/main/java/org/jabref/gui/preferences/PreferencesDialogViewModel.java	11	59	4	0.36	true	false
jabgui/src/main/java/org/jabref/gui/commonfxcontrols/CitationKeyPatternsPanel.java	jabgui/src/main/java/org/jabref/migrations/PreferencesMigrations.java	11	87	4	0.36	true	false
jabgui/src/main/java/org/jabref/gui/commonfxcontrols/CitationKeyPatternsPanel.java	jablib/src/main/java/org/jabref/logic/preferences/JabRefCliPreferences.java	11	1078	4	0.36	true	true
jabgui/src/main/java/org/jabref/gui/edit/CopyDoiUrlAction.java	jablib/src/main/java/org/jabref/model/entry/identifier/ISBN.java	16	11	4	0.36	true	true
jabgui/src/main/java/org/jabref/gui/entryeditor/LatexCitationsTabViewModel.java	jablib/src/main/java/org/jabref/model/texparser/LatexBibEntriesResolverResult.java	32	11	4	0.36	true	true
jabgui/src/main/java/org/jabref/gui/fieldeditors/CitationKeyEditor.java	jabgui/src/main/java/org/jabref/gui/fieldeditors/EditorTextField.java	11	18	4	0.36	false	false
jabgui/src/main/java/org/jabref/gui/fieldeditors/CitationKeyEditor.java	jabgui/src/main/java/org/jabref/gui/fieldeditors/FieldEditors.java	11	60	4	0.36	false	false
jabgui/src/main/java/org/jabref/gui/fieldeditors/CitationKeyEditor.java	jabgui/src/main/java/org/jabref/gui/fieldeditors/identifier/IdentifierEditor.java	11	28	4	0.36	true	false
jabgui/src/main/java/org/jabref/gui/frame/JabRefFrame.java	jabgui/src/main/java/org/jabref/gui/integrity/IntegrityCheckDialog.java	1215	11	4	0.36	true	false
jabgui/src/main/java/org/jabref/gui/frame/JabRefFrame.java	jabgui/src/main/java/org/jabref/gui/search/SearchResultsTable.java	1215	11	4	0.36	true	false
jabgui/src/main/java/org/jabref/gui/frame/JabRefFrame.java	jabgui/src/main/java/org/jabref/gui/walkthrough/WalkthroughAction.java	1215	11	4	0.36	true	false
jabgui/src/main/java/org/jabref/gui/frame/JabRefFrame.java	jablib/src/main/java/org/jabref/logic/layout/format/JournalAbbreviator.java	1215	11	4	0.36	true	true
jabgui/src/main/java/org/jabref/gui/groups/GroupNodeViewModel.java	jabgui/src/main/java/org/jabref/gui/util/RecursiveTreeItem.java	68	11	4	0.36	true	false
jabgui/src/main/java/org/jabref/gui/groups/GroupTreeView.java	jabgui/src/main/java/org/jabref/gui/preferences/groups/GroupsTabViewModel.java	92	11	4	0.36	true	false
jabgui/src/main/java/org/jabref/gui/help/SearchForUpdateAction.java	jablib/src/main/java/org/jabref/logic/preferences/JabRefCliPreferences.java	11	1078	4	0.36	true	true
jabgui/src/main/java/org/jabref/gui/icon/IconTheme.java	jabgui/src/main/java/org/jabref/gui/search/SearchTextField.java	170	11	4	0.36	true	false
jabgui/src/main/java/org/jabref/gui/libraryproperties/saving/SavingPropertiesViewModel.java	jablib/src/main/java/org/jabref/logic/exporter/BibDatabaseWriter.java	11	89	4	0.36	true	true
jabgui/src/main/java/org/jabref/gui/maintable/ColumnPreferencesRecorder.java	jabgui/src/main/java/org/jabref/gui/search/SearchResultsTable.java	17	11	4	0.36	true	false
jabgui/src/main/java/org/jabref/gui/maintable/MainTableDataModel.java	jabgui/src/main/java/org/jabref/gui/search/SearchResultsTableDataModel.java	44	11	4	0.36	true	false
jabgui/src/main/java/org/jabref/gui/maintable/RightClickMenu.java	jablib/src/main/java/org/jabref/logic/preview/CitationStylePreviewLayout.java	216	11	4	0.36	true	true
jabgui/src/main/java/org/jabref/gui/openoffice/OOBibBase.java	jablib/src/main/java/org/jabref/logic/preview/CitationStylePreviewLayout.java	159	11	4	0.36	true	true
jabgui/src/main/java/org/jabref/gui/openoffice/StyleSelectDialogViewModel.java	jablib/src/main/java/org/jabref/logic/preview/CitationStylePreviewLayout.java	23	11	4	0.36	true	true
jabgui/src/main/java/org/jabref/gui/preferences/entryeditor/EntryEditorTab.java	jabgui/src/main/java/org/jabref/gui/preferences/groups/GroupsTabViewModel.java	22	11	4	0.36	true	false
jabgui/src/main/java/org/jabref/gui/preferences/external/ExternalTab.java	jabgui/src/main/java/org/jabref/gui/preferences/groups/GroupsTabViewModel.java	18	11	4	0.36	true	false
jabgui/src/main/java/org/jabref/gui/preferences/general/GeneralTabViewModel.java	jabgui/src/main/java/org/jabref/gui/preferences/groups/GroupsTabViewModel.java	79	11	4	0.36	true	false
jabgui/src/main/java/org/jabref/gui/preferences/groups/GroupsTabViewModel.java	jabgui/src/main/java/org/jabref/gui/preferences/network/NetworkTab.java	11	21	4	0.36	true	false
jabgui/src/main/java/org/jabref/gui/preferences/groups/GroupsTabViewModel.java	jabgui/src/main/java/org/jabref/gui/preferences/preview/PreviewTab.java	11	42	4	0.36	true	false
jabgui/src/main/java/org/jabref/gui/preferences/groups/GroupsTabViewModel.java	jabgui/src/main/java/org/jabref/gui/preferences/preview/PreviewTabViewModel.java	11	46	4	0.36	true	false
jabgui/src/main/java/org/jabref/gui/preferences/groups/GroupsTabViewModel.java	jablib/src/main/java/org/jabref/logic/preferences/CliPreferences.java	11	115	4	0.36	true	true
jabgui/src/main/java/org/jabref/gui/preferences/preview/PreviewTab.java	jablib/src/main/java/org/jabref/logic/preview/CitationStylePreviewLayout.java	42	11	4	0.36	true	true
jabgui/src/main/java/org/jabref/gui/preferences/table/TableTabViewModel.java	jabgui/src/main/java/org/jabref/gui/search/SearchResultsTable.java	14	11	4	0.36	true	false
jabgui/src/main/java/org/jabref/gui/preview/PreviewPreferences.java	jablib/src/main/java/org/jabref/logic/preview/CitationStylePreviewLayout.java	20	11	4	0.36	true	true
jabgui/src/main/java/org/jabref/gui/preview/PreviewViewer.java	jablib/src/main/java/org/jabref/logic/preview/CitationStylePreviewLayout.java	58	11	4	0.36	true	true
jabgui/src/main/java/org/jabref/gui/search/GlobalSearchBar.java	jabgui/src/main/java/org/jabref/gui/search/SearchResultsTable.java	111	11	4	0.36	false	false
jabgui/src/main/java/org/jabref/gui/search/GlobalSearchResultDialog.java	jabgui/src/main/java/org/jabref/gui/search/SearchResultsTableDataModel.java	26	11	4	0.36	false	false
jabgui/src/main/java/org/jabref/gui/search/SearchResultsTable.java	jablib/src/main/java/org/jabref/logic/preferences/CliPreferences.java	11	115	4	0.36	true	true
jabgui/src/main/java/org/jabref/gui/shared/SharedDatabaseUIManager.java	jablib/src/main/java/org/jabref/logic/shared/DBMSType.java	62	11	4	0.36	true	true
jabgui/src/main/java/org/jabref/gui/texparser/ParseLatexResultViewModel.java	jablib/src/main/java/org/jabref/model/texparser/LatexParserResult.java	11	24	4	0.36	true	true
jabgui/src/main/java/org/jabref/gui/walkthrough/WalkthroughAction.java	jabgui/src/main/java/org/jabref/gui/welcome/WelcomeTab.java	11	23	4	0.36	true	false
jabgui/src/main/java/org/jabref/migrations/PreferencesMigrations.java	jablib/src/main/java/org/jabref/logic/util/io/XMLUtil.java	87	11	4	0.36	true	true
jabkit/src/main/java/module-info.java	jabsrv-cli/src/main/java/module-info.java	14	11	4	0.36	false	true
jablib/src/main/java/org/jabref/logic/bst/util/BstNameFormatter.java	jablib/src/main/java/org/jabref/logic/util/TestEntry.java	22	11	4	0.36	true	false
jablib/src/main/java/org/jabref/logic/bst/util/BstPurifier.java	jablib/src/main/java/org/jabref/logic/layout/format/NameFormatter.java	11	26	4	0.36	true	false
jablib/src/main/java/org/jabref/logic/bst/util/BstTextPrefixer.java	jablib/src/main/java/org/jabref/logic/layout/format/NameFormatter.java	11	26	4	0.36	true	false
jablib/src/main/java/org/jabref/logic/citationkeypattern/CitationKeyGenerator.java	jablib/src/main/java/org/jabref/logic/layout/AbstractParamLayoutFormatter.java	201	11	4	0.36	true	false
jablib/src/main/java/org/jabref/logic/citationkeypattern/CitationKeyGenerator.java	jablib/src/main/java/org/jabref/logic/layout/format/AuthorAndsCommaReplacer.java	201	11	4	0.36	true	false
jablib/src/main/java/org/jabref/logic/citationkeypattern/CitationKeyGenerator.java	jablib/src/main/java/org/jabref/logic/layout/format/AuthorAndsReplacer.java	201	11	4	0.36	true	false
jablib/src/main/java/org/jabref/logic/citationkeypattern/CitationKeyGenerator.java	jablib/src/main/java/org/jabref/logic/util/io/XMLUtil.java	201	11	4	0.36	true	false
jablib/src/main/java/org/jabref/logic/citationstyle/CitationStyleGenerator.java	jablib/src/main/java/org/jabref/logic/util/TestEntry.java	20	11	4	0.36	true	false
jablib/src/main/java/org/jabref/logic/citationstyle/JabRefItemDataProvider.java	jablib/src/main/java/org/jabref/logic/preferences/JabRefCliPreferences.java	11	1078	4	0.36	true	false
jablib/src/main/java/org/jabref/logic/cleanup/DoiCleanup.java	jablib/src/main/java/org/jabref/model/entry/identifier/ISBN.java	26	11	4	0.36	true	false
jablib/src/main/java/org/jabref/logic/database/DuplicateCheck.java	jablib/src/main/java/org/jabref/logic/util/io/XMLUtil.java	86	11	4	0.36	true	false
jablib/src/main/java/org/jabref/logic/formatter/bibtexfields/UnicodeToLatexFormatter.java	jablib/src/main/java/org/jabref/logic/formatter/casechanger/CapitalizeFormatter.java	16	11	4	0.36	true	false
jablib/src/main/java/org/jabref/logic/formatter/bibtexfields/UnicodeToLatexFormatter.java	jablib/src/main/java/org/jabref/logic/formatter/casechanger/LowerCaseFormatter.java	16	11	4	0.36	true	false
jablib/src/main/java/org/jabref/logic/importer/ImportFormatReader.java	jablib/src/main/java/org/jabref/logic/layout/format/AuthorAndsCommaReplacer.java	197	11	4	0.36	true	false
jablib/src/main/java/org/jabref/logic/importer/ImportFormatReader.java	jablib/src/main/java/org/jabref/logic/layout/format/AuthorAndsReplacer.java	197	11	4	0.36	true	false
jablib/src/main/java/org/jabref/logic/importer/SearchBasedFetcher.java	jablib/src/main/java/org/jabref/logic/importer/fetcher/CompositeSearchBasedFetcher.java	16	11	4	0.36	true	false
jablib/src/main/java/org/jabref/logic/importer/SearchBasedFetcher.java	jablib/src/main/java/org/jabref/logic/importer/fetcher/JstorFetcher.java	16	11	4	0.36	true	false
jablib/src/main/java/org/jabref/logic/importer/SearchBasedParserFetcher.java	jablib/src/main/java/org/jabref/logic/importer/fetcher/CompositeSearchBasedFetcher.java	20	11	4	0.36	true	false
jablib/src/main/java/org/jabref/logic/importer/WebFetchers.java	jablib/src/main/java/org/jabref/logic/importer/fetcher/CompositeSearchBasedFetcher.java	102	11	4	0.36	true	false
jablib/src/main/java/org/jabref/logic/importer/WebFetchers.java	jablib/src/main/java/org/jabref/model/entry/identifier/ISBN.java	102	11	4	0.36	true	false
jablib/src/main/java/org/jabref/logic/importer/fetcher/CompositeSearchBasedFetcher.java	jablib/src/main/java/org/jabref/logic/importer/fetcher/GoogleScholar.java	11	36	4	0.36	false	false
jablib/src/main/java/org/jabref/logic/importer/fetcher/DBLPFetcher.java	jablib/src/main/java/org/jabref/logic/importer/fetcher/JstorFetcher.java	15	11	4	0.36	false	false
jablib/src/main/java/org/jabref/logic/importer/fetcher/DoiFetcher.java	jablib/src/main/java/org/jabref/model/entry/identifier/ISBN.java	53	11	4	0.36	true	false
jablib/src/main/java/org/jabref/logic/importer/fetcher/DoiResolution.java	jablib/src/main/java/org/jabref/model/entry/identifier/ISBN.java	48	11	4	0.36	true	false
jablib/src/main/java/org/jabref/logic/importer/fetcher/GoogleScholar.java	jablib/src/main/java/org/jabref/logic/importer/fetcher/IacrEprintFetcher.java	36	11	4	0.36	false	false
jablib/src/main/java/org/jabref/logic/importer/fetcher/INSPIREFetcher.java	jablib/src/main/java/org/jabref/logic/importer/fetcher/JstorFetcher.java	21	11	4	0.36	false	false
jablib/src/main/java/org/jabref/logic/importer/fetcher/JstorFetcher.java	jablib/src/main/java/org/jabref/logic/importer/fetcher/MathSciNet.java	11	32	4	0.36	false	false
jablib/src/main/java/org/jabref/logic/importer/fetcher/JstorFetcher.java	jablib/src/main/java/org/jabref/logic/importer/fetcher/MedlineFetcher.java	11	111	4	0.36	false	false
jablib/src/main/java/org/jabref/logic/importer/fetcher/JstorFetcher.java	jablib/src/main/java/org/jabref/logic/importer/fetcher/ZbMATH.java	11	20	4	0.36	false	false
jablib/src/main/java/org/jabref/logic/importer/fileformat/BibtexParser.java	jablib/src/main/java/org/jabref/logic/layout/format/AuthorAndsCommaReplacer.java	297	11	4	0.36	true	false
jablib/src/main/java/org/jabref/logic/importer/fileformat/BibtexParser.java	jablib/src/main/java/org/jabref/logic/layout/format/AuthorAndsReplacer.java	297	11	4	0.36	true	false
jablib/src/main/java/org/jabref/logic/importer/fileformat/RepecNepImporter.java	jablib/src/main/java/org/jabref/logic/layout/format/AuthorAndsCommaReplacer.java	66	11	4	0.36	true	false
jablib/src/main/java/org/jabref/logic/importer/fileformat/RepecNepImporter.java	jablib/src/main/java/org/jabref/logic/layout/format/AuthorAndsReplacer.java	66	11	4	0.36	true	false
jablib/src/main/java/org/jabref/logic/importer/util/MetaDataParser.java	jablib/src/main/java/org/jabref/logic/layout/AbstractParamLayoutFormatter.java	47	11	4	0.36	true	false
jablib/src/main/java/org/jabref/logic/journals/Abbreviation.java	jablib/src/main/java/org/jabref/logic/layout/format/JournalAbbreviator.java	20	11	4	0.36	true	false
jablib/src/main/java/org/jabref/logic/journals/AbbreviationParser.java	jablib/src/main/java/org/jabref/logic/layout/format/JournalAbbreviator.java	22	11	4	0.36	true	false
jablib/src/main/java/org/jabref/logic/layout/AbstractParamLayoutFormatter.java	jablib/src/main/java/org/jabref/logic/util/io/FileUtil.java	11	142	4	0.36	true	false
jablib/src/main/java/org/jabref/logic/layout/AbstractParamLayoutFormatter.java	jablib/src/main/java/org/jabref/model/entry/IdGenerator.java	11	12	4	0.36	true	false
jablib/src/main/java/org/jabref/logic/layout/Layout.java	jablib/src/main/java/org/jabref/logic/layout/StringInt.java	53	11	4	0.36	false	false
jablib/src/main/java/org/jabref/logic/layout/LayoutEntry.java	jablib/src/main/java/org/jabref/logic/layout/format/JournalAbbreviator.java	120	11	4	0.36	true	false
jablib/src/main/java/org/jabref/logic/layout/LayoutHelper.java	jablib/src/main/java/org/jabref/logic/layout/StringInt.java	63	11	4	0.36	false	false
jablib/src/main/java/org/jabref/logic/layout/format/AuthorAbbreviator.java	jablib/src/main/java/org/jabref/logic/layout/format/AuthorAndsCommaReplacer.java	16	11	4	0.36	false	false
jablib/src/main/java/org/jabref/logic/layout/format/AuthorAndsCommaReplacer.java	jablib/src/main/java/org/jabref/logic/layout/format/HTMLChars.java	11	55	4	0.36	false	false
jablib/src/main/java/org/jabref/logic/layout/format/AuthorAndsCommaReplacer.java	jablib/src/main/java/org/jabref/model/entry/AuthorList.java	11	77	4	0.36	true	false
jablib/src/main/java/org/jabref/logic/layout/format/DOIStrip.java	jablib/src/main/java/org/jabref/model/entry/identifier/ISBN.java	18	11	4	0.36	true	false
jablib/src/main/java/org/jabref/logic/openoffice/oocsltext/CSLCitationOOAdapter.java	jablib/src/main/java/org/jabref/logic/preview/CitationStylePreviewLayout.java	90	11	4	0.36	true	false
jablib/src/main/java/org/jabref/logic/openoffice/style/JStyleGetCitationMarker.java	jablib/src/main/java/org/jabref/logic/preferences/JabRefCliPreferences.java	11	1078	4	0.36	true	false
jablib/src/main/java/org/jabref/logic/shared/DBMSType.java	jablib/src/main/java/org/jabref/model/database/BibDatabaseContext.java	11	99	4	0.36	true	false
jablib/src/main/java/org/jabref/logic/util/CoarseChangeFilter.java	jablib/src/main/java/org/jabref/model/entry/event/FieldChangedEvent.java	11	16	4	0.36	true	false
jablib/src/main/java/org/jabref/logic/util/TestEntry.java	jablib/src/main/java/org/jabref/logic/util/io/FileUtil.java	11	142	4	0.36	true	false
jablib/src/main/java/org/jabref/logic/util/TestEntry.java	jablib/src/main/java/org/jabref/model/entry/IdGenerator.java	11	12	4	0.36	true	false
jablib/src/main/java/org/jabref/logic/util/TestEntry.java	jablib/src/main/java/org/jabref/model/entry/types/BibtexEntryTypeDefinitions.java	11	45	4	0.36	true	false
jablib/src/main/java/org/jabref/logic/util/io/FileFinder.java	jablib/src/main/java/org/jabref/logic/util/io/XMLUtil.java	31	11	4	0.36	false	false
jablib/src/main/java/org/jabref/logic/util/io/FileUtil.java	jablib/src/main/java/org/jabref/logic/util/io/XMLUtil.java	142	11	4	0.36	false	false
jablib/src/main/java/org/jabref/logic/util/io/RegExpBasedFileFinder.java	jablib/src/main/java/org/jabref/logic/util/io/XMLUtil.java	59	11	4	0.36	false	false
jablib/src/main/java/org/jabref/logic/util/io/XMLUtil.java	jablib/src/main/java/org/jabref/model/entry/CanonicalBibEntry.java	11	18	4	0.36	true	false
jablib/src/main/java/org/jabref/logic/util/io/XMLUtil.java	jablib/src/main/java/org/jabref/model/entry/EntryConverter.java	11	13	4	0.36	true	false
jablib/src/main/java/org/jabref/model/entry/BibEntry.java	jablib/src/main/java/org/jabref/model/entry/identifier/ISBN.java	312	11	4	0.36	true	false
jablib/src/main/java/org/jabref/model/entry/BibEntryTypeBuilder.java	jablib/src/main/java/org/jabref/model/entry/BibEntryTypesManager.java	11	20	4	0.36	false	false
jablib/src/main/java/org/jabref/model/entry/BibEntryTypeBuilder.java	jablib/src/main/java/org/jabref/model/entry/field/FieldFactory.java	11	32	4	0.36	true	false
jabls/src/main/java/module-info.java	jabsrv-cli/src/main/java/module-info.java	12	11	4	0.36	false	true
jabgui/src/main/java/org/jabref/gui/JabRefGUI.java	jabgui/src/main/java/org/jabref/gui/frame/JabRefFrame.java	190	1215	69	0.36	true	false
jabgui/src/main/java/org/jabref/gui/entryeditor/EntryEditor.java	jabgui/src/main/java/org/jabref/gui/help/HelpAction.java	655	58	21	0.36	true	false
jablib/src/main/java/org/jabref/logic/importer/fileformat/MedlineImporter.java	jablib/src/main/java/org/jabref/logic/importer/fileformat/RisImporter.java	58	94	21	0.36	false	false
jabgui/src/main/java/org/jabref/gui/entryeditor/EntryEditor.java	jabgui/src/main/java/org/jabref/gui/push/GuiPushToApplicationCommand.java	655	47	17	0.36	true	false
jablib/src/main/java/org/jabref/logic/importer/Importer.java	jablib/src/main/java/org/jabref/logic/importer/fileformat/IsiImporter.java	47	95	17	0.36	true	false
jablib/src/main/java/org/jabref/logic/importer/Importer.java	jablib/src/main/java/org/jabref/logic/importer/fileformat/OvidImporter.java	47	57	17	0.36	true	false
jabgui/src/main/java/org/jabref/gui/LibraryTab.java	jabgui/src/main/java/org/jabref/gui/duplicationFinder/DuplicateResolverDialog.java	1048	86	31	0.36	true	false
jabgui/src/main/java/org/jabref/gui/frame/JabRefFrame.java	jablib/src/main/java/org/jabref/logic/push/AbstractPushToApplication.java	1215	50	18	0.36	true	true
jablib/src/main/java/org/jabref/logic/formatter/bibtexfields/NormalizePagesFormatter.java	jablib/src/main/java/org/jabref/logic/formatter/casechanger/ProtectTermsFormatter.java	25	33	9	0.36	true	false
jablib/src/main/java/org/jabref/logic/exporter/BibDatabaseWriter.java	jablib/src/main/java/org/jabref/logic/preferences/JabRefCliPreferences.java	89	1078	32	0.36	true	false
jabgui/src/main/java/org/jabref/gui/LibraryTab.java	jabgui/src/main/java/org/jabref/gui/sidepane/SidePaneComponent.java	1048	53	19	0.36	true	false
jablib/src/main/java/org/jabref/logic/importer/ImportFormatReader.java	jablib/src/main/java/org/jabref/logic/importer/fileformat/EndnoteImporter.java	197	70	25	0.36	true	false
jabgui/src/main/java/org/jabref/gui/LibraryTab.java	jablib/src/main/java/org/jabref/logic/FilePreferences.java	1048	28	10	0.36	true	true
jabgui/src/main/java/org/jabref/gui/collab/DatabaseChangeMonitor.java	jabgui/src/main/java/org/jabref/gui/exporter/SaveDatabaseAction.java	28	194	10	0.36	true	false
jabgui/src/main/java/org/jabref/gui/maintable/MainTable.java	jabgui/src/main/java/org/jabref/gui/menus/ChangeEntryTypeMenu.java	293	28	10	0.36	true	false
jabgui/src/main/java/org/jabref/gui/LibraryTab.java	jablib/src/main/java/org/jabref/logic/search/SearchPreferences.java	1048	14	5	0.36	true	true
jabgui/src/main/java/org/jabref/gui/LibraryTab.java	jablib/src/main/java/org/jabref/logic/search/sqlbased/SqlBasedLibrarySearcher.java	1048	14	5	0.36	true	true
jabgui/src/main/java/org/jabref/gui/autosaveandbackup/BackupManager.java	jabgui/src/main/java/org/jabref/gui/exporter/CreateModifyExporterDialogViewModel.java	51	14	5	0.36	true	false
jabgui/src/main/java/org/jabref/gui/cleanup/CleanupAction.java	jablib/src/main/java/org/jabref/logic/cleanup/CleanupPreferences.java	66	14	5	0.36	true	true
jabgui/src/main/java/org/jabref/gui/entryeditor/EntryEditor.java	jablib/src/main/java/org/jabref/logic/pdf/FileAnnotationCache.java	655	14	5	0.36	true	true
jabgui/src/main/java/org/jabref/gui/entryeditor/FieldsEditorTab.java	jabgui/src/main/java/org/jabref/gui/externalfiles/ExternalFilesEntryLinker.java	48	14	5	0.36	true	false
jabgui/src/main/java/org/jabref/gui/entryeditor/PreviewTab.java	jabgui/src/main/java/org/jabref/gui/externalfiles/ExternalFilesEntryLinker.java	14	14	5	0.36	true	false
jabgui/src/main/java/org/jabref/gui/entryeditor/PreviewTab.java	jabgui/src/main/java/org/jabref/gui/preferences/preview/PreviewTab.java	14	42	5	0.36	true	false
jabgui/src/main/java/org/jabref/gui/entryeditor/UserDefinedFieldsTab.java	jabgui/src/main/java/org/jabref/gui/externalfiles/ExternalFilesEntryLinker.java	22	14	5	0.36	true	false
jabgui/src/main/java/org/jabref/gui/exporter/CreateModifyExporterDialogViewModel.java	jabgui/src/main/java/org/jabref/gui/exporter/SaveDatabaseAction.java	14	194	5	0.36	false	false
jabgui/src/main/java/org/jabref/gui/exporter/CreateModifyExporterDialogViewModel.java	jabgui/src/main/java/org/jabref/gui/frame/JabRefFrame.java	14	1215	5	0.36	true	false
jabgui/src/main/java/org/jabref/gui/exporter/CreateModifyExporterDialogViewModel.java	jablib/src/main/java/org/jabref/logic/exporter/BibDatabaseWriter.java	14	89	5	0.36	true	true
jabgui/src/main/java/org/jabref/gui/exporter/CreateModifyExporterDialogViewModel.java	jablib/src/main/java/org/jabref/logic/exporter/SaveConfiguration.java	14	35	5	0.36	true	true
jabgui/src/main/java/org/jabref/gui/externalfiles/ExternalFilesEntryLinker.java	jabgui/src/main/java/org/jabref/gui/frame/JabRefFrame.java	14	1215	5	0.36	true	false
jabgui/src/main/java/org/jabref/gui/externalfiles/ExternalFilesEntryLinker.java	jablib/src/main/java/org/jabref/logic/preferences/JabRefCliPreferences.java	14	1078	5	0.36	true	true
jabgui/src/main/java/org/jabref/gui/fieldeditors/AbstractEditorViewModel.java	jabgui/src/main/java/org/jabref/gui/fieldeditors/FieldEditors.java	14	60	5	0.36	false	false
jabgui/src/main/java/org/jabref/gui/fieldeditors/AbstractEditorViewModel.java	jabgui/src/main/java/org/jabref/gui/fieldeditors/LinkedFilesEditorViewModel.java	14	68	5	0.36	false	false
jabgui/src/main/java/org/jabref/gui/fieldeditors/AbstractEditorViewModel.java	jabgui/src/main/java/org/jabref/gui/fieldeditors/identifier/IdentifierEditor.java	14	28	5	0.36	true	false
jabgui/src/main/java/org/jabref/gui/fieldeditors/URLUtil.java	jablib/src/main/java/org/jabref/logic/importer/util/FileFieldParser.java	14	30	5	0.36	true	true
jabgui/src/main/java/org/jabref/gui/frame/JabRefFrame.java	jablib/src/main/java/org/jabref/logic/search/sqlbased/SqlBasedLibrarySearcher.java	1215	14	5	0.36	true	true
jabgui/src/main/java/org/jabref/gui/icon/IconTheme.java	jabgui/src/main/java/org/jabref/gui/util/ViewModelTreeTableCellFactory.java	170	14	5	0.36	true	false
jabgui/src/main/java/org/jabref/gui/maintable/MainTable.java	jabgui/src/main/java/org/jabref/gui/preferences/table/TableTabViewModel.java	293	14	5	0.36	true	false
jabgui/src/main/java/org/jabref/gui/preferences/customentrytypes/FieldViewModel.java	jablib/src/main/java/org/jabref/logic/preferences/JabRefCliPreferences.java	14	1078	5	0.36	true	true
jabgui/src/main/java/org/jabref/gui/preferences/customentrytypes/FieldViewModel.java	jablib/src/main/java/org/jabref/model/entry/field/FieldFactory.java	14	32	5	0.36	true	true
jabgui/src/main/java/org/jabref/gui/search/GlobalSearchResultDialog.java	jablib/src/main/java/org/jabref/logic/search/SearchPreferences.java	26	14	5	0.36	true	true
jabgui/src/main/java/org/jabref/migrations/PreferencesMigrations.java	jablib/src/main/java/org/jabref/logic/cleanup/CleanupPreferences.java	87	14	5	0.36	true	true
jabkit/src/main/java/module-info.java	jabkit/src/main/java/org/jabref/toolkit/commands/CheckConsistency.java	14	16	5	0.36	true	false
jabkit/src/main/java/module-info.java	jabkit/src/main/java/org/jabref/toolkit/commands/JabKit.java	14	18	5	0.36	true	false
jabkit/src/main/java/module-info.java	jabsrv/src/main/java/module-info.java	14	25	5	0.36	false	true
jablib/src/main/java/org/jabref/logic/cleanup/CleanupWorker.java	jablib/src/main/java/org/jabref/logic/cleanup/UpgradePdfPsToFileCleanup.java	42	14	5	0.36	false	false
jablib/src/main/java/org/jabref/logic/cleanup/UpgradePdfPsToFileCleanup.java	jablib/src/main/java/org/jabref/logic/layout/format/WrapFileLinks.java	14	46	5	0.36	true	false
jablib/src/main/java/org/jabref/logic/cleanup/UpgradePdfPsToFileCleanup.java	jablib/src/main/java/org/jabref/model/entry/BibEntry.java	14	312	5	0.36	true	false
jablib/src/main/java/org/jabref/logic/crawler/Crawler.java	jablib/src/main/java/org/jabref/model/study/Study.java	18	14	5	0.36	true	false
jablib/src/main/java/org/jabref/logic/exporter/EmbeddedBibFilePdfExporter.java	jablib/src/main/java/org/jabref/logic/xmp/XmpUtilWriter.java	14	22	5	0.36	true	false
jablib/src/main/java/org/jabref/logic/importer/ParserResult.java	jablib/src/main/java/org/jabref/logic/search/sqlbased/SqlBasedLibrarySearcher.java	66	14	5	0.36	true	false
jablib/src/main/java/org/jabref/logic/importer/fetcher/ArXivFetcher.java	jablib/src/main/java/org/jabref/logic/importer/fetcher/OpenAccessDoi.java	25	14	5	0.36	false	false
jablib/src/main/java/org/jabref/logic/importer/fetcher/CrossRef.java	jablib/src/main/java/org/jabref/logic/importer/fetcher/DOAJFetcher.java	43	14	5	0.36	false	false
jablib/src/main/java/org/jabref/logic/importer/fetcher/DoiResolution.java	jablib/src/main/java/org/jabref/logic/importer/fetcher/OpenAccessDoi.java	48	14	5	0.36	false	false
jablib/src/main/java/org/jabref/logic/importer/fetcher/GoogleScholar.java	jablib/src/main/java/org/jabref/logic/importer/fetcher/OpenAccessDoi.java	36	14	5	0.36	false	false
jablib/src/main/java/org/jabref/logic/importer/fetcher/OpenAccessDoi.java	jablib/src/main/java/org/jabref/logic/importer/fetcher/SpringerNatureWebFetcher.java	14	30	5	0.36	false	false
jablib/src/main/java/org/jabref/logic/importer/fetcher/OpenAccessDoi.java	jablib/src/main/java/org/jabref/logic/net/URLDownload.java	14	95	5	0.36	true	false
jablib/src/main/java/org/jabref/logic/importer/util/MetaDataParser.java	jablib/src/main/java/org/jabref/model/groups/TexGroup.java	47	14	5	0.36	true	false
jablib/src/main/java/org/jabref/logic/layout/format/AuthorFirstFirst.java	jablib/src/main/java/org/jabref/model/entry/AuthorList.java	14	77	5	0.36	true	false
jablib/src/main/java/org/jabref/logic/openoffice/ReferenceMark.java	jablib/src/main/java/org/jabref/logic/openoffice/oocsltext/CSLCitationOOAdapter.java	14	90	5	0.36	true	false
jablib/src/main/java/org/jabref/logic/openoffice/ReferenceMark.java	jablib/src/main/java/org/jabref/logic/openoffice/oocsltext/CSLReferenceMark.java	14	19	5	0.36	true	false
jablib/src/main/java/org/jabref/logic/openoffice/ReferenceMark.java	jablib/src/main/java/org/jabref/logic/openoffice/oocsltext/CSLReferenceMarkManager.java	14	30	5	0.36	true	false
jablib/src/main/java/org/jabref/logic/pdf/EntryAnnotationImporter.java	jablib/src/main/java/org/jabref/logic/pdf/FileAnnotationCache.java	14	14	5	0.36	false	false
jablib/src/main/java/org/jabref/logic/util/URLUtil.java	jablib/src/main/java/org/jabref/logic/util/io/FileUtil.java	14	142	5	0.36	true	false
jablib/src/main/java/org/jabref/model/groups/TexGroup.java	jablib/src/main/java/org/jabref/model/metadata/MetaData.java	14	201	5	0.36	true	false
jabgui/src/main/java/org/jabref/gui/entryeditor/EntryEditor.java	jabgui/src/main/java/org/jabref/gui/importer/actions/CheckForNewEntryTypesAction.java	655	45	16	0.36	true	false
jabgui/src/main/java/org/jabref/gui/importer/actions/OpenDatabaseAction.java	jabgui/src/main/java/org/jabref/gui/shared/SharedDatabaseUIManager.java	224	62	22	0.35	true	false
jabgui/src/main/java/org/jabref/gui/exporter/SaveDatabaseAction.java	jablib/src/main/java/org/jabref/logic/exporter/MSBibExporter.java	194	31	11	0.35	true	true
jablib/src/main/java/org/jabref/logic/importer/fileformat/MedlineImporter.java	jablib/src/main/java/org/jabref/logic/importer/fileformat/ModsImporter.java	58	31	11	0.35	false	false
jabgui/src/main/java/org/jabref/gui/LibraryTab.java	jablib/src/main/java/org/jabref/logic/push/PushToEmacs.java	1048	68	24	0.35	true	true
jabgui/src/main/java/org/jabref/gui/fieldeditors/LinkedFilesEditor.java	jabgui/src/main/java/org/jabref/gui/fieldeditors/LinkedFilesEditorViewModel.java	86	68	24	0.35	false	false
jabgui/src/main/java/org/jabref/gui/preferences/PreferencesDialogView.java	jabgui/src/main/java/org/jabref/gui/preferences/general/GeneralTab.java	34	55	12	0.35	true	false
jabgui/src/main/java/org/jabref/gui/LibraryTab.java	jablib/src/main/java/org/jabref/model/search/matchers/MatcherSet.java	1048	17	6	0.35	true	true
jabgui/src/main/java/org/jabref/gui/entryeditor/AllFieldsTab.java	jabgui/src/main/java/org/jabref/gui/fieldeditors/LinkedFilesEditor.java	17	86	6	0.35	true	false
jablib/src/main/java/org/jabref/logic/openoffice/OpenOfficeFileSearch.java	jablib/src/main/java/org/jabref/logic/preferences/JabRefCliPreferences.java	17	1078	6	0.35	true	false
jablib/src/main/java/org/jabref/model/entry/Author.java	jablib/src/main/java/org/jabref/model/entry/AuthorList.java	17	77	6	0.35	false	false
jablib/src/main/java/org/jabref/model/groups/GroupTreeNode.java	jablib/src/main/java/org/jabref/model/search/matchers/MatcherSet.java	86	17	6	0.35	true	false
jablib/src/main/java/org/jabref/model/groups/KeywordGroup.java	jablib/src/main/java/org/jabref/model/search/matchers/MatcherSet.java	93	17	6	0.35	true	false
jabgui/src/main/java/org/jabref/gui/groups/GroupTreeView.java	jabgui/src/main/java/org/jabref/gui/groups/GroupTreeViewModel.java	92	88	31	0.35	false	false
jabgui/src/main/java/org/jabref/gui/LibraryTab.java	jablib/src/main/java/org/jabref/logic/exporter/ModsExporter.java	1048	37	13	0.35	true	true
jablib/src/main/java/org/jabref/logic/importer/ImportFormatReader.java	jablib/src/main/java/org/jabref/logic/importer/fileformat/CopacImporter.java	197	37	13	0.35	true	false
jabgui/src/main/java/org/jabref/gui/LibraryTab.java	jablib/src/main/java/org/jabref/logic/importer/fileformat/OvidImporter.java	1048	57	20	0.35	true	true
jablib/src/main/java/org/jabref/logic/importer/fileformat/OvidImporter.java	jablib/src/main/java/org/jabref/logic/importer/fileformat/pdf/PdfContentImporter.java	57	108	20	0.35	true	false
jabgui/src/main/java/org/jabref/gui/frame/JabRefFrame.java	jabgui/src/main/java/org/jabref/gui/keyboard/KeyBinding.java	1215	80	28	0.35	true	false
jablib/src/main/java/org/jabref/logic/importer/fileformat/MedlinePlainImporter.java	jablib/src/main/java/org/jabref/logic/importer/fileformat/pdf/PdfContentImporter.java	60	108	21	0.35	true	false
jablib/src/main/java/org/jabref/logic/importer/Importer.java	jablib/src/main/java/org/jabref/logic/importer/fileformat/BibtexImporter.java	47	40	14	0.35	true	false
jablib/src/main/java/org/jabref/logic/importer/fileformat/BiblioscapeImporter.java	jablib/src/main/java/org/jabref/logic/importer/fileformat/BibtexImporter.java	48	40	14	0.35	false	false
jablib/src/main/java/org/jabref/logic/importer/fileformat/BibtexImporter.java	jablib/src/main/java/org/jabref/logic/importer/fileformat/IsiImporter.java	40	95	14	0.35	false	false
jabgui/src/main/java/org/jabref/gui/entryeditor/EntryEditor.java	jablib/src/main/java/org/jabref/logic/util/UpdateField.java	655	20	7	0.35	true	true
jabgui/src/main/java/org/jabref/gui/frame/JabRefFrame.java	jablib/src/main/java/org/jabref/logic/journals/Abbreviation.java	1215	20	7	0.35	true	true
jabgui/src/main/java/org/jabref/gui/help/AboutDialogView.java	jabgui/src/main/java/org/jabref/gui/help/AboutDialogViewModel.java	20	22	7	0.35	false	false
jablib/src/main/java/org/jabref/logic/externalfiles/LinkedFileHandler.java	jablib/src/main/java/org/jabref/model/entry/LinkedFile.java	20	41	7	0.35	true	false
jablib/src/main/java/org/jabref/logic/importer/SearchBasedParserFetcher.java	jablib/src/main/java/org/jabref/logic/importer/fetcher/SpringerNatureWebFetcher.java	20	30	7	0.35	true	false
jablib/src/main/java/org/jabref/logic/importer/fetcher/MathSciNet.java	jablib/src/main/java/org/jabref/logic/importer/fetcher/ZbMATH.java	32	20	7	0.35	false	false
jabgui/src/main/java/org/jabref/gui/externalfiles/DownloadFullTextAction.java	jabgui/src/main/java/org/jabref/gui/frame/JabRefFrame.java	83	1215	29	0.35	true	false
jabgui/src/main/java/org/jabref/gui/auximport/FromAuxDialog.java	jabgui/src/main/java/org/jabref/gui/frame/JabRefFrame.java	86	1215	30	0.35	true	false
jabgui/src/main/java/org/jabref/gui/duplicationFinder/DuplicateResolverDialog.java	jabgui/src/main/java/org/jabref/gui/entryeditor/EntryEditor.java	86	655	30	0.35	true	false
jablib/src/main/java/org/jabref/logic/importer/fileformat/EndnoteImporter.java	jablib/src/main/java/org/jabref/logic/importer/fileformat/RepecNepImporter.java	70	66	23	0.35	false	false
jablib/src/main/java/org/jabref/logic/importer/fileformat/RepecNepImporter.java	jablib/src/main/java/org/jabref/logic/importer/fileformat/RisImporter.java	66	94	23	0.35	false	false
jabgui/src/main/java/org/jabref/gui/frame/JabRefFrame.java	jabgui/src/main/java/org/jabref/gui/welcome/WelcomeTab.java	1215	23	8	0.35	true	false
jabgui/src/main/java/org/jabref/gui/groups/GroupNodeViewModel.java	jablib/src/main/java/org/jabref/logic/exporter/GroupSerializer.java	68	23	8	0.35	true	true
jablib/src/main/java/org/jabref/logic/exporter/GroupSerializer.java	jablib/src/main/java/org/jabref/model/groups/AbstractGroup.java	23	58	8	0.35	true	false
jablib/src/main/java/org/jabref/logic/msbib/BibTeXConverter.java	jablib/src/main/java/org/jabref/logic/msbib/MSBibEntry.java	23	74	8	0.35	false	false
jablib/src/main/java/org/jabref/logic/msbib/BibTeXConverter.java	jablib/src/main/java/org/jabref/logic/msbib/MSBibMapping.java	23	24	8	0.35	false	false
jabgui/src/main/java/org/jabref/gui/LibraryTab.java	jablib/src/main/java/org/jabref/logic/bibtex/comparator/FieldComparator.java	1048	72	25	0.35	true	true
jabgui/src/main/java/org/jabref/gui/frame/JabRefFrame.java	jablib/src/main/java/org/jabref/logic/bibtex/comparator/FieldComparator.java	1215	72	25	0.35	true	true
jabgui/src/main/java/org/jabref/gui/entryeditor/EntryEditor.java	jabgui/src/main/java/org/jabref/gui/entryeditor/SourceTab.java	655	75	26	0.35	false	false
jabgui/src/main/java/org/jabref/gui/entryeditor/EntryEditor.java	jabgui/src/main/java/org/jabref/gui/search/GlobalSearchResultDialog.java	655	26	9	0.35	true	false
jabgui/src/main/java/org/jabref/gui/frame/JabRefFrame.java	jabgui/src/main/java/org/jabref/gui/util/BindingsHelper.java	1215	26	9	0.35	true	false
jabgui/src/main/java/org/jabref/gui/frame/JabRefFrame.java	jablib/src/main/java/org/jabref/logic/layout/format/NameFormatter.java	1215	26	9	0.35	true	true
jabgui/src/main/java/org/jabref/gui/frame/JabRefFrame.java	jablib/src/main/java/org/jabref/logic/util/BackgroundTask.java	1215	26	9	0.35	true	true
jabgui/src/main/java/org/jabref/gui/remote/CLIMessageHandler.java	jablib/src/main/java/org/jabref/logic/preferences/JabRefCliPreferences.java	26	1078	9	0.35	true	true
jabgui/src/main/java/org/jabref/gui/search/GlobalSearchBar.java	jabgui/src/main/java/org/jabref/gui/search/GlobalSearchResultDialog.java	111	26	9	0.35	false	false
jablib/src/main/java/org/jabref/logic/citationkeypattern/CitationKeyGenerator.java	jablib/src/main/java/org/jabref/logic/layout/format/NameFormatter.java	201	26	9	0.35	true	false
jablib/src/main/java/org/jabref/logic/cleanup/DoiCleanup.java	jablib/src/main/java/org/jabref/logic/cleanup/FieldFormatterCleanup.java	26	39	9	0.35	false	false
jablib/src/main/java/org/jabref/logic/layout/Layout.java	jablib/src/main/java/org/jabref/logic/layout/format/NameFormatter.java	53	26	9	0.35	true	false
jablib/src/main/java/org/jabref/logic/layout/format/Authors.java	jablib/src/main/java/org/jabref/logic/layout/format/NameFormatter.java	36	26	9	0.35	false	false
jablib/src/main/java/org/jabref/logic/layout/format/NameFormatter.java	jablib/src/main/java/org/jabref/logic/openoffice/style/JStyle.java	26	104	9	0.35	true	false
jabgui/src/main/java/org/jabref/gui/frame/JabRefFrame.java	jabgui/src/main/java/org/jabref/gui/frame/MainMenu.java	1215	55	19	0.35	false	false
jablib/src/main/java/org/jabref/logic/importer/fileformat/EndnoteImporter.java	jablib/src/main/java/org/jabref/logic/importer/fileformat/MedlineImporter.java	70	58	20	0.34	false	false
jabgui/src/main/java/org/jabref/gui/LibraryTab.java	jabgui/src/main/java/org/jabref/gui/preview/PreviewPanel.java	1048	29	10	0.34	true	false
jabgui/src/main/java/org/jabref/gui/actions/ActionFactory.java	jabgui/src/main/java/org/jabref/gui/actions/StandardActions.java	29	144	10	0.34	false	false
jabgui/src/main/java/org/jabref/gui/entryeditor/FieldsEditorTab.java	jabgui/src/main/java/org/jabref/gui/preview/PreviewPanel.java	48	29	10	0.34	true	false
jabgui/src/main/java/org/jabref/gui/importer/actions/OpenDatabaseAction.java	jablib/src/main/java/org/jabref/logic/push/PushToTeXstudio.java	224	29	10	0.34	true	true
jablib/src/main/java/org/jabref/logic/layout/format/DOICheck.java	jablib/src/main/java/org/jabref/model/entry/identifier/DOI.java	29	61	10	0.34	true	false
jabgui/src/main/java/org/jabref/gui/openoffice/OOBibBase.java	jablib/src/main/java/org/jabref/logic/openoffice/oocsltext/CSLCitationOOAdapter.java	159	90	31	0.34	true	true
jabgui/src/main/java/org/jabref/gui/frame/FileHistoryMenu.java	jabgui/src/main/java/org/jabref/gui/importer/actions/OpenDatabaseAction.java	61	224	21	0.34	true	false
jabgui/src/main/java/org/jabref/gui/JabRefGUI.java	jabgui/src/main/java/org/jabref/gui/dialogs/BackupUIManager.java	190	32	11	0.34	true	false
jabgui/src/main/java/org/jabref/gui/openoffice/OOBibBase.java	jablib/src/main/java/org/jabref/logic/openoffice/style/OOPreFormatter.java	159	32	11	0.34	true	true
jablib/src/main/java/org/jabref/logic/importer/fetcher/GoogleScholar.java	jablib/src/main/java/org/jabref/logic/importer/fetcher/SpringerNatureFullTextFetcher.java	36	32	11	0.34	false	false
jabgui/src/main/java/org/jabref/gui/autosaveandbackup/BackupManager.java	jablib/src/main/java/org/jabref/logic/exporter/SaveConfiguration.java	51	35	12	0.34	true	true
jablib/src/main/java/org/jabref/logic/layout/format/Authors.java	jablib/src/main/java/org/jabref/logic/layout/format/DocBookAuthorFormatter.java	36	35	12	0.34	false	false
jablib/src/main/java/org/jabref/logic/util/io/FileUtil.java	jablib/src/main/java/org/jabref/model/entry/LinkedFile.java	142	41	14	0.34	true	false
jabgui/src/main/java/org/jabref/gui/push/GuiPushToApplicationCommand.java	jablib/src/main/java/org/jabref/logic/preferences/JabRefCliPreferences.java	47	1078	16	0.34	true	true
jabgui/src/main/java/org/jabref/gui/push/GuiPushToApplicationCommand.java	jablib/src/main/java/org/jabref/logic/push/PushToLyx.java	47	49	16	0.34	true	true
jabgui/src/main/java/org/jabref/gui/sidepane/SidePane.java	jabgui/src/main/java/org/jabref/gui/sidepane/SidePaneComponent.java	89	53	18	0.34	false	false
jablib/src/main/java/org/jabref/logic/exporter/TemplateExporter.java	jablib/src/main/java/org/jabref/logic/layout/Layout.java	88	53	18	0.34	true	false
jabgui/src/main/java/org/jabref/gui/shared/SharedDatabaseUIManager.java	jablib/src/main/java/org/jabref/logic/preferences/JabRefCliPreferences.java	62	1078	21	0.34	true	true
jabgui/src/main/java/org/jabref/gui/fieldeditors/LinkedFileViewModel.java	jabgui/src/main/java/org/jabref/gui/fieldeditors/LinkedFilesEditorViewModel.java	114	68	23	0.34	false	false
jabgui/src/main/java/org/jabref/gui/actions/StandardActions.java	jabgui/src/main/java/org/jabref/gui/keyboard/KeyBinding.java	144	80	27	0.34	true	false
jabgui/src/main/java/org/jabref/gui/auximport/FromAuxDialog.java	jabgui/src/main/java/org/jabref/gui/importer/actions/OpenDatabaseAction.java	86	224	29	0.34	true	false
jabgui/src/main/java/org/jabref/gui/auximport/FromAuxDialog.java	jabgui/src/main/java/org/jabref/gui/preferences/customimporter/CustomImporterTab.java	86	101	29	0.34	true	false
jabgui/src/main/java/org/jabref/gui/JabRefGUI.java	jablib/src/main/java/org/jabref/logic/preferences/JabRefCliPreferences.java	190	1078	64	0.34	true	true
jabgui/src/main/java/org/jabref/gui/entryeditor/EntryEditor.java	jabgui/src/main/java/org/jabref/gui/preferences/customimporter/CustomImporterTab.java	655	101	34	0.34	true	false
jabgui/src/main/java/org/jabref/gui/entryeditor/EntryEditorTab.java	jabgui/src/main/java/org/jabref/gui/frame/JabRefFrame.java	143	1215	48	0.34	true	false
jabgui/src/main/java/org/jabref/gui/LibraryTab.java	jablib/src/main/java/org/jabref/model/database/BibDatabase.java	1048	209	70	0.33	true	true
jabgui/src/main/java/org/jabref/gui/LibraryTab.java	jablib/src/main/java/org/jabref/model/groups/ExplicitGroup.java	1048	81	27	0.33	true	true
jabgui/src/main/java/org/jabref/gui/entryeditor/EntryEditor.java	jablib/src/main/java/org/jabref/logic/bibtex/comparator/FieldComparator.java	655	72	24	0.33	true	true
jablib/src/main/java/org/jabref/logic/bibtex/comparator/FieldComparator.java	jablib/src/main/java/org/jabref/model/database/BibDatabase.java	72	209	24	0.33	true	false
jabgui/src/main/java/org/jabref/gui/LibraryTab.java	jablib/src/main/java/org/jabref/logic/importer/ParserResult.java	1048	66	22	0.33	true	true
jabgui/src/main/java/org/jabref/gui/LibraryTab.java	jablib/src/main/java/org/jabref/logic/importer/fileformat/RepecNepImporter.java	1048	66	22	0.33	true	true
jabgui/src/main/java/org/jabref/gui/exporter/ExportToClipboardAction.java	jabgui/src/main/java/org/jabref/gui/frame/SendAsEMailAction.java	79	66	22	0.33	true	false
jabgui/src/main/java/org/jabref/gui/frame/SendAsEMailAction.java	jabgui/src/main/java/org/jabref/gui/maintable/RightClickMenu.java	66	216	22	0.33	true	false
jabgui/src/main/java/org/jabref/gui/preferences/JabRefGuiPreferences.java	jablib/src/main/java/org/jabref/logic/preferences/JabRefCliPreferences.java	60	1078	20	0.33	true	true
jabgui/src/main/java/org/jabref/gui/frame/SendAsEMailAction.java	jablib/src/main/java/org/jabref/logic/util/io/DatabaseFileLookup.java	66	51	17	0.33	true	true
jablib/src/main/java/org/jabref/logic/importer/fileformat/BiblioscapeImporter.java	jablib/src/main/java/org/jabref/logic/importer/fileformat/BibtexParser.java	48	297	16	0.33	false	false
jabgui/src/main/java/org/jabref/gui/maintable/MainTable.java	jabgui/src/main/java/org/jabref/gui/maintable/columns/MainTableColumn.java	293	42	14	0.33	true	false
jablib/src/main/java/org/jabref/logic/exporter/OpenDocumentRepresentation.java	jablib/src/main/java/org/jabref/logic/importer/fileformat/BibtexParser.java	39	297	13	0.33	true	false
jablib/src/main/java/org/jabref/logic/exporter/OpenDocumentRepresentation.java	jablib/src/main/java/org/jabref/logic/preferences/JabRefCliPreferences.java	39	1078	13	0.33	true	false
jabgui/src/main/java/org/jabref/gui/auximport/NewSubLibraryAction.java	jabgui/src/main/java/org/jabref/gui/collab/ChangeScanner.java	36	135	12	0.33	true	false
jablib/src/main/java/org/jabref/logic/exporter/OpenDocumentSpreadsheetCreator.java	jablib/src/main/java/org/jabref/logic/preferences/JabRefCliPreferences.java	36	1078	12	0.33	true	false
jablib/src/main/java/org/jabref/logic/layout/format/Authors.java	jablib/src/main/java/org/jabref/model/entry/AuthorList.java	36	77	12	0.33	true	false
jabgui/src/main/java/org/jabref/gui/importer/actions/OpenDatabaseAction.java	jablib/src/main/java/org/jabref/logic/exporter/OpenOfficeDocumentCreator.java	224	33	11	0.33	true	true
jabgui/src/main/java/org/jabref/gui/shared/SharedDatabaseLoginDialogViewModel.java	jabgui/src/main/java/org/jabref/gui/shared/SharedDatabaseUIManager.java	33	62	11	0.33	false	false
jablib/src/main/java/org/jabref/logic/exporter/OpenOfficeDocumentCreator.java	jablib/src/main/java/org/jabref/logic/preferences/JabRefCliPreferences.java	33	1078	11	0.33	true	false
jabgui/src/main/java/org/jabref/gui/entryeditor/EntryEditor.java	jablib/src/main/java/org/jabref/logic/layout/format/FileLink.java	655	30	10	0.33	true	true
jabgui/src/main/java/org/jabref/gui/exporter/ExportCommand.java	jablib/src/main/java/org/jabref/logic/preferences/CliPreferences.java	30	115	10	0.33	true	true
jabgui/src/main/java/org/jabref/gui/frame/SendAsEMailAction.java	jablib/src/main/java/org/jabref/logic/layout/format/FileLink.java	66	30	10	0.33	true	true
jablib/src/main/java/org/jabref/logic/importer/fetcher/AstrophysicsDataSystem.java	jablib/src/main/java/org/jabref/logic/importer/fetcher/SpringerNatureWebFetcher.java	42	30	10	0.33	false	false
jablib/src/main/java/org/jabref/logic/importer/fetcher/GoogleScholar.java	jablib/src/main/java/org/jabref/logic/importer/fetcher/SpringerNatureWebFetcher.java	36	30	10	0.33	false	false
jablib/src/main/java/org/jabref/logic/importer/fetcher/SpringerNatureFullTextFetcher.java	jablib/src/main/java/org/jabref/logic/importer/fetcher/SpringerNatureWebFetcher.java	32	30	10	0.33	false	false
jablib/src/main/java/org/jabref/logic/layout/format/FileLink.java	jablib/src/main/java/org/jabref/model/metadata/MetaData.java	30	201	10	0.33	true	false
jablib/src/main/java/org/jabref/logic/msbib/MSBibConverter.java	jablib/src/main/java/org/jabref/logic/msbib/MSBibEntry.java	30	74	10	0.33	false	false
jabgui/src/main/java/org/jabref/gui/JabRefGUI.java	jabgui/src/main/java/org/jabref/gui/theme/ThemeManager.java	190	27	9	0.33	true	false
jabgui/src/main/java/org/jabref/gui/LibraryTab.java	jabgui/src/main/java/org/jabref/gui/fieldeditors/FieldNameLabel.java	1048	24	8	0.33	true	false
jabgui/src/main/java/org/jabref/gui/duplicationFinder/DuplicateResolverDialog.java	jabgui/src/main/java/org/jabref/gui/mergeentries/threewaymerge/toolbar/ThreeWayMergeToolbar.java	86	24	8	0.33	true	false
jabgui/src/main/java/org/jabref/gui/edit/EditAction.java	jabgui/src/main/java/org/jabref/gui/frame/JabRefFrame.java	24	1215	8	0.33	true	false
jabgui/src/main/java/org/jabref/gui/edit/EditAction.java	jabgui/src/main/java/org/jabref/gui/maintable/MainTable.java	24	293	8	0.33	true	false
jabgui/src/main/java/org/jabref/gui/exporter/SaveAllAction.java	jabgui/src/main/java/org/jabref/gui/importer/NewDatabaseAction.java	39	24	8	0.33	true	false
jabgui/src/main/java/org/jabref/gui/importer/NewDatabaseAction.java	jablib/src/main/java/org/jabref/logic/preferences/JabRefCliPreferences.java	24	1078	8	0.33	true	true
jabgui/src/main/java/org/jabref/gui/preview/CopyCitationAction.java	jablib/src/main/java/org/jabref/logic/preferences/JabRefCliPreferences.java	24	1078	8	0.33	true	true
jabgui/src/main/java/org/jabref/gui/CoreGuiPreferences.java	jabgui/src/main/java/org/jabref/gui/frame/JabRefFrame.java	21	1215	7	0.33	true	false
jabgui/src/main/java/org/jabref/gui/FXDialog.java	jabgui/src/main/java/org/jabref/gui/JabRefGUI.java	21	190	7	0.33	false	false
jabgui/src/main/java/org/jabref/gui/LibraryTab.java	jabgui/src/main/java/org/jabref/gui/linkedfile/LinkedFileEditDialogViewModel.java	1048	21	7	0.33	true	false
jabgui/src/main/java/org/jabref/gui/frame/JabRefFrame.java	jabgui/src/main/java/org/jabref/gui/preferences/network/NetworkTab.java	1215	21	7	0.33	true	false
jabgui/src/main/java/org/jabref/gui/importer/actions/OpenDatabaseAction.java	jabgui/src/main/java/org/jabref/gui/shared/SharedDatabaseLoginDialogView.java	224	21	7	0.33	true	false
jabgui/src/main/java/org/jabref/gui/preferences/PreferencesDialogViewModel.java	jabgui/src/main/java/org/jabref/gui/preferences/network/NetworkTab.java	59	21	7	0.33	true	false
jablib/src/main/java/org/jabref/logic/importer/fetcher/AstrophysicsDataSystem.java	jablib/src/main/java/org/jabref/logic/importer/fetcher/INSPIREFetcher.java	42	21	7	0.33	false	false
jabgui/src/main/java/org/jabref/Launcher.java	jablib/src/main/java/org/jabref/logic/remote/server/RemoteListenerServer.java	159	18	6	0.33	true	true
jabgui/src/main/java/org/jabref/gui/LibraryTab.java	jabgui/src/main/java/org/jabref/gui/mergeentries/threewaymerge/MergeEntriesAction.java	1048	18	6	0.33	true	false
jabgui/src/main/java/org/jabref/gui/LibraryTab.java	jablib/src/main/java/org/jabref/logic/bibtex/TypedBibEntry.java	1048	18	6	0.33	true	true
jabgui/src/main/java/org/jabref/gui/entryeditor/EntryEditor.java	jablib/src/main/java/org/jabref/logic/layout/format/DOIStrip.java	655	18	6	0.33	true	true
jabgui/src/main/java/org/jabref/gui/fieldeditors/EditorTextArea.java	jabgui/src/main/java/org/jabref/gui/fieldeditors/UrlEditor.java	27	18	6	0.33	false	false
jabgui/src/main/java/org/jabref/gui/fieldeditors/EditorTextArea.java	jabgui/src/main/java/org/jabref/gui/fieldeditors/contextmenu/EditorMenus.java	27	18	6	0.33	true	false
jabgui/src/main/java/org/jabref/gui/fieldeditors/EditorTextField.java	jabgui/src/main/java/org/jabref/gui/fieldeditors/SimpleEditor.java	18	22	6	0.33	false	false
jabgui/src/main/java/org/jabref/gui/importer/NewEntryAction.java	jablib/src/main/java/org/jabref/logic/bibtex/TypedBibEntry.java	44	18	6	0.33	true	true
jabgui/src/main/java/org/jabref/gui/preferences/external/ExternalTab.java	jabgui/src/main/java/org/jabref/gui/preferences/general/GeneralTab.java	18	55	6	0.33	true	false
jablib/src/main/java/org/jabref/logic/citationkeypattern/CitationKeyGenerator.java	jablib/src/main/java/org/jabref/model/entry/CanonicalBibEntry.java	201	18	6	0.33	true	false
jablib/src/main/java/org/jabref/logic/texparser/TexBibEntriesResolver.java	jablib/src/main/java/org/jabref/model/texparser/Citation.java	18	20	6	0.33	true	false
jablib/src/main/java/org/jabref/logic/util/MetadataSerializationConfiguration.java	jablib/src/main/java/org/jabref/model/groups/AbstractGroup.java	18	58	6	0.33	true	false
jablib/src/main/java/org/jabref/model/groups/ExplicitGroup.java	jablib/src/main/java/org/jabref/model/groups/WordKeywordGroup.java	81	18	6	0.33	false	false
jabgui/src/main/java/org/jabref/gui/LibraryTab.java	jablib/src/main/java/org/jabref/logic/citationstyle/CitationStyleCache.java	1048	15	5	0.33	true	true
jabgui/src/main/java/org/jabref/gui/LibraryTab.java	jablib/src/main/java/org/jabref/logic/cleanup/ConvertToBiblatexCleanup.java	1048	15	5	0.33	true	true
jabgui/src/main/java/org/jabref/gui/LibraryTab.java	jablib/src/main/java/org/jabref/logic/shared/DBMSConnectionProperties.java	1048	15	5	0.33	true	true
jabgui/src/main/java/org/jabref/gui/LibraryTab.java	jablib/src/main/java/org/jabref/logic/util/io/CitationKeyBasedFileFinder.java	1048	15	5	0.33	true	true
jabgui/src/main/java/org/jabref/gui/actions/StandardActions.java	jabgui/src/main/java/org/jabref/gui/texparser/ParseLatexDialogView.java	144	15	5	0.33	true	false
jabgui/src/main/java/org/jabref/gui/dialogs/AutosaveUiManager.java	jablib/src/main/java/org/jabref/logic/exporter/BibDatabaseWriter.java	15	89	5	0.33	true	true
jabgui/src/main/java/org/jabref/gui/entryeditor/fileannotationtab/FulltextSearchResultsTab.java	jabgui/src/main/java/org/jabref/gui/frame/JabRefFrame.java	15	1215	5	0.33	true	false
jabgui/src/main/java/org/jabref/gui/errorconsole/ErrorConsoleView.java	jabgui/src/main/java/org/jabref/gui/help/AboutDialogView.java	15	20	5	0.33	true	false
jabgui/src/main/java/org/jabref/gui/errorconsole/ErrorConsoleView.java	jabgui/src/main/java/org/jabref/gui/preferences/journals/JournalAbbreviationsTab.java	15	26	5	0.33	true	false
jabgui/src/main/java/org/jabref/gui/errorconsole/ErrorConsoleView.java	jabgui/src/main/java/org/jabref/gui/util/BaseDialog.java	15	22	5	0.33	true	false
jabgui/src/main/java/org/jabref/gui/libraryproperties/general/GeneralPropertiesViewModel.java	jablib/src/main/java/org/jabref/model/metadata/MetaData.java	15	201	5	0.33	true	true
jabgui/src/main/java/org/jabref/gui/mergeentries/threewaymerge/FieldRowView.java	jabgui/src/main/java/org/jabref/gui/mergeentries/threewaymerge/MergeEntriesDialog.java	15	63	5	0.33	false	false
jabgui/src/main/java/org/jabref/gui/preferences/PreferencesDialogViewModel.java	jabgui/src/main/java/org/jabref/gui/preferences/citationkeypattern/CitationKeyPatternTab.java	59	15	5	0.33	true	false
jabgui/src/main/java/org/jabref/gui/preferences/citationkeypattern/CitationKeyPatternTab.java	jabgui/src/main/java/org/jabref/gui/preferences/general/GeneralTab.java	15	55	5	0.33	true	false
jabgui/src/main/java/org/jabref/gui/preferences/citationkeypattern/CitationKeyPatternTab.java	jablib/src/main/java/org/jabref/logic/citationkeypattern/CitationKeyGenerator.java	15	201	5	0.33	true	true
jabgui/src/main/java/org/jabref/gui/preferences/citationkeypattern/CitationKeyPatternTab.java	jablib/src/main/java/org/jabref/logic/citationkeypattern/CitationKeyPatternPreferences.java	15	20	5	0.33	true	true
jabgui/src/main/java/org/jabref/gui/preferences/citationkeypattern/CitationKeyPatternTab.java	jablib/src/main/java/org/jabref/logic/preferences/CliPreferences.java	15	115	5	0.33	true	true
jabgui/src/main/java/org/jabref/gui/preferences/customimporter/CustomImporterTab.java	jablib/src/main/java/org/jabref/logic/importer/fileformat/CustomImporter.java	101	15	5	0.33	true	true
jabgui/src/main/java/org/jabref/gui/shared/SharedDatabaseLoginDialogView.java	jablib/src/main/java/org/jabref/logic/shared/DBMSConnectionProperties.java	21	15	5	0.33	true	true
jabgui/src/main/java/org/jabref/gui/slr/ExistingStudySearchAction.java	jabgui/src/main/java/org/jabref/gui/slr/ManageStudyDefinitionView.java	15	19	5	0.33	false	false
jabgui/src/main/java/org/jabref/gui/texparser/ParseLatexDialogView.java	jabgui/src/main/java/org/jabref/gui/util/FileNodeViewModel.java	15	16	5	0.33	true	false
jabgui/src/main/java/org/jabref/gui/texparser/ParseLatexDialogView.java	jablib/src/main/java/org/jabref/logic/texparser/DefaultLatexParser.java	15	42	5	0.33	true	true
jabgui/src/main/java/org/jabref/gui/texparser/ParseLatexDialogView.java	jablib/src/main/java/org/jabref/model/texparser/Citation.java	15	20	5	0.33	true	true
jablib/src/main/java/org/jabref/logic/bibtex/comparator/MetaDataDiff.java	jablib/src/main/java/org/jabref/logic/importer/util/MetaDataParser.java	15	47	5	0.33	true	false
jablib/src/main/java/org/jabref/logic/bibtex/comparator/MetaDataDiff.java	jablib/src/main/java/org/jabref/model/metadata/MetaData.java	15	201	5	0.33	true	false
jablib/src/main/java/org/jabref/logic/cleanup/ConvertToBiblatexCleanup.java	jablib/src/main/java/org/jabref/logic/cleanup/FieldFormatterCleanup.java	15	39	5	0.33	false	false
jablib/src/main/java/org/jabref/logic/cleanup/FieldFormatterCleanupActions.java	jablib/src/main/java/org/jabref/logic/importer/util/MetaDataParser.java	15	47	5	0.33	true	false
jablib/src/main/java/org/jabref/logic/cleanup/FieldFormatterCleanupActions.java	jablib/src/main/java/org/jabref/logic/preferences/JabRefCliPreferences.java	15	1078	5	0.33	true	false
jablib/src/main/java/org/jabref/logic/exporter/ModsExporter.java	jablib/src/main/java/org/jabref/logic/msbib/PageNumbers.java	37	15	5	0.33	true	false
jablib/src/main/java/org/jabref/logic/importer/ImportFormatReader.java	jablib/src/main/java/org/jabref/logic/importer/fileformat/CustomImporter.java	197	15	5	0.33	true	false
jablib/src/main/java/org/jabref/logic/importer/fetcher/DBLPFetcher.java	jablib/src/main/java/org/jabref/logic/importer/fetcher/IEEE.java	15	55	5	0.33	false	false
jablib/src/main/java/org/jabref/logic/importer/fetcher/DBLPFetcher.java	jablib/src/main/java/org/jabref/logic/importer/fetcher/INSPIREFetcher.java	15	21	5	0.33	false	false
jablib/src/main/java/org/jabref/logic/importer/fetcher/DBLPFetcher.java	jablib/src/main/java/org/jabref/logic/importer/fetcher/MathSciNet.java	15	32	5	0.33	false	false
jablib/src/main/java/org/jabref/logic/importer/fetcher/DBLPFetcher.java	jablib/src/main/java/org/jabref/logic/importer/fetcher/SpringerNatureWebFetcher.java	15	30	5	0.33	false	false
jablib/src/main/java/org/jabref/logic/importer/fetcher/DBLPFetcher.java	jablib/src/main/java/org/jabref/logic/importer/fetcher/ZbMATH.java	15	20	5	0.33	false	false
jablib/src/main/java/org/jabref/logic/importer/fileformat/CustomImporter.java	jablib/src/main/java/org/jabref/logic/importer/fileformat/IsiImporter.java	15	95	5	0.33	false	false
jablib/src/main/java/org/jabref/logic/importer/fileformat/CustomImporter.java	jablib/src/main/java/org/jabref/logic/importer/fileformat/MedlinePlainImporter.java	15	60	5	0.33	false	false
jablib/src/main/java/org/jabref/logic/importer/fileformat/CustomImporter.java	jablib/src/main/java/org/jabref/logic/importer/fileformat/OvidImporter.java	15	57	5	0.33	false	false
jablib/src/main/java/org/jabref/logic/importer/fileformat/CustomImporter.java	jablib/src/main/java/org/jabref/logic/importer/fileformat/pdf/PdfContentImporter.java	15	108	5	0.33	true	false
jabgui/src/main/java/org/jabref/cli/ArgumentProcessor.java	jabgui/src/main/java/org/jabref/migrations/CustomEntryTypePreferenceMigration.java	123	12	4	0.33	true	false
jabgui/src/main/java/org/jabref/gui/LibraryTab.java	jabgui/src/main/java/org/jabref/gui/copyfiles/CopyFilesTask.java	1048	12	4	0.33	true	false
jabgui/src/main/java/org/jabref/gui/LibraryTab.java	jabgui/src/main/java/org/jabref/gui/maintable/ColumnPreferences.java	1048	12	4	0.33	true	false
jabgui/src/main/java/org/jabref/gui/LibraryTab.java	jablib/src/main/java/org/jabref/logic/remote/Protocol.java	1048	12	4	0.33	true	true
jabgui/src/main/java/org/jabref/gui/collab/DatabaseChangesResolverDialog.java	jabgui/src/main/java/org/jabref/gui/entryeditor/EntryEditor.java	12	655	4	0.33	true	false
jabgui/src/main/java/org/jabref/gui/collab/DatabaseChangesResolverDialog.java	jabgui/src/main/java/org/jabref/gui/openoffice/StyleSelectDialogView.java	12	29	4	0.33	true	false
jabgui/src/main/java/org/jabref/gui/collab/DatabaseChangesResolverDialog.java	jabgui/src/main/java/org/jabref/gui/preferences/preview/PreviewTab.java	12	42	4	0.33	true	false
jabgui/src/main/java/org/jabref/gui/collab/DatabaseChangesResolverDialog.java	jabgui/src/main/java/org/jabref/gui/search/GlobalSearchResultDialog.java	12	26	4	0.33	true	false
jabgui/src/main/java/org/jabref/gui/commonfxcontrols/SaveOrderConfigPanel.java	jablib/src/main/java/org/jabref/logic/preferences/JabRefCliPreferences.java	12	1078	4	0.33	true	true
jabgui/src/main/java/org/jabref/gui/entryeditor/EntryEditor.java	jabgui/src/main/java/org/jabref/gui/entryeditor/citationrelationtab/CitationsRelationsTabViewModel.java	655	12	4	0.33	true	false
jabgui/src/main/java/org/jabref/gui/frame/JabRefFrame.java	jablib/src/main/java/org/jabref/logic/remote/Protocol.java	1215	12	4	0.33	true	true
jabgui/src/main/java/org/jabref/gui/groups/GroupDescriptions.java	jabgui/src/main/java/org/jabref/gui/groups/GroupTreeNodeViewModel.java	12	37	4	0.33	false	false
jabgui/src/main/java/org/jabref/gui/groups/GroupDescriptions.java	jabgui/src/main/java/org/jabref/gui/groups/GroupTreeViewModel.java	12	88	4	0.33	false	false
jabgui/src/main/java/org/jabref/gui/groups/GroupDescriptions.java	jablib/src/main/java/org/jabref/logic/citationkeypattern/CitationKeyGenerator.java	12	201	4	0.33	true	true
jabgui/src/main/java/org/jabref/gui/groups/GroupDescriptions.java	jablib/src/main/java/org/jabref/logic/exporter/MetaDataSerializer.java	12	34	4	0.33	true	true
jabgui/src/main/java/org/jabref/gui/groups/GroupDescriptions.java	jablib/src/main/java/org/jabref/logic/util/io/FileUtil.java	12	142	4	0.33	true	true
jabgui/src/main/java/org/jabref/gui/groups/GroupDescriptions.java	jablib/src/main/java/org/jabref/logic/util/io/RegExpBasedFileFinder.java	12	59	4	0.33	true	true
jabgui/src/main/java/org/jabref/gui/groups/GroupDescriptions.java	jablib/src/main/java/org/jabref/logic/util/strings/HTMLUnicodeConversionMaps.java	12	29	4	0.33	true	true
jabgui/src/main/java/org/jabref/gui/help/VersionWorker.java	jablib/src/main/java/org/jabref/logic/preferences/JabRefCliPreferences.java	12	1078	4	0.33	true	true
jabgui/src/main/java/org/jabref/gui/icon/JabRefMaterialDesignIcon.java	jabgui/src/main/java/org/jabref/gui/sidepane/SidePaneComponent.java	12	53	4	0.33	true	false
jabgui/src/main/java/org/jabref/gui/preferences/PreferencesDialogViewModel.java	jabgui/src/main/java/org/jabref/gui/preferences/ShowPreferencesAction.java	59	12	4	0.33	false	false
jabgui/src/main/java/org/jabref/gui/preferences/customentrytypes/CustomEntryTypeViewModel.java	jabgui/src/main/java/org/jabref/gui/preferences/customentrytypes/FieldViewModel.java	12	14	4	0.33	false	false
jabgui/src/main/java/org/jabref/gui/specialfields/SpecialFieldAction.java	jabgui/src/main/java/org/jabref/gui/specialfields/SpecialFieldValueViewModel.java	25	12	4	0.33	false	false
jabgui/src/main/java/org/jabref/gui/specialfields/SpecialFieldValueViewModel.java	jablib/src/main/java/org/jabref/logic/preferences/JabRefCliPreferences.java	12	1078	4	0.33	true	true
jabgui/src/main/java/org/jabref/migrations/CustomEntryTypePreferenceMigration.java	jablib/src/main/java/org/jabref/model/entry/EntryConverter.java	12	13	4	0.33	true	true
jabgui/src/main/java/org/jabref/migrations/CustomEntryTypePreferenceMigration.java	jablib/src/main/java/org/jabref/model/entry/types/BibtexEntryTypeDefinitions.java	12	45	4	0.33	true	true
jabkit/src/main/java/module-info.java	jabls/src/main/java/module-info.java	14	12	4	0.33	false	true
jablib/src/main/java/org/jabref/logic/auxparser/DefaultAuxParser.java	jablib/src/main/java/org/jabref/model/entry/IdGenerator.java	73	12	4	0.33	true	false
jablib/src/main/java/org/jabref/logic/citationkeypattern/CitationKeyGenerator.java	jablib/src/main/java/org/jabref/model/entry/IdGenerator.java	201	12	4	0.33	true	false
jablib/src/main/java/org/jabref/logic/database/DuplicateCheck.java	jablib/src/main/java/org/jabref/model/database/BibDatabases.java	86	12	4	0.33	true	false
jablib/src/main/java/org/jabref/logic/database/DuplicateCheck.java	jablib/src/main/java/org/jabref/model/entry/IdGenerator.java	86	12	4	0.33	true	false
jablib/src/main/java/org/jabref/logic/formatter/Formatters.java	jablib/src/main/java/org/jabref/model/database/BibDatabases.java	34	12	4	0.33	true	false
jablib/src/main/java/org/jabref/logic/formatter/bibtexfields/NormalizeMonthFormatter.java	jablib/src/main/java/org/jabref/logic/formatter/bibtexfields/UnicodeToLatexFormatter.java	12	16	4	0.33	false	false
jablib/src/main/java/org/jabref/logic/formatter/bibtexfields/UnicodeToLatexFormatter.java	jablib/src/main/java/org/jabref/logic/formatter/casechanger/SentenceCaseFormatter.java	16	12	4	0.33	true	false
jablib/src/main/java/org/jabref/logic/formatter/bibtexfields/UnicodeToLatexFormatter.java	jablib/src/main/java/org/jabref/logic/formatter/casechanger/TitleCaseFormatter.java	16	12	4	0.33	true	false
jablib/src/main/java/org/jabref/logic/formatter/bibtexfields/UnicodeToLatexFormatter.java	jablib/src/main/java/org/jabref/logic/formatter/casechanger/UpperCaseFormatter.java	16	12	4	0.33	true	false
jablib/src/main/java/org/jabref/logic/formatter/bibtexfields/UnicodeToLatexFormatter.java	jablib/src/main/java/org/jabref/logic/formatter/minifier/MinifyNameListFormatter.java	16	12	4	0.33	true	false
jablib/src/main/java/org/jabref/logic/importer/ImportFormatReader.java	jablib/src/main/java/org/jabref/model/entry/IdGenerator.java	197	12	4	0.33	true	false
jablib/src/main/java/org/jabref/logic/importer/fetcher/ArXivFetcher.java	jablib/src/main/java/org/jabref/logic/importer/fetcher/SemanticScholar.java	25	12	4	0.33	false	false
jablib/src/main/java/org/jabref/logic/importer/fetcher/AstrophysicsDataSystem.java	jablib/src/main/java/org/jabref/logic/importer/fetcher/CollectionOfComputerScienceBibliographiesFetcher.java	42	12	4	0.33	false	false
jablib/src/main/java/org/jabref/logic/importer/fetcher/CollectionOfComputerScienceBibliographiesFetcher.java	jablib/src/main/java/org/jabref/logic/importer/fetcher/CrossRef.java	12	43	4	0.33	false	false
jablib/src/main/java/org/jabref/logic/importer/fetcher/CollectionOfComputerScienceBibliographiesFetcher.java	jablib/src/main/java/org/jabref/logic/importer/fetcher/GoogleScholar.java	12	36	4	0.33	false	false
jablib/src/main/java/org/jabref/logic/importer/fetcher/CollectionOfComputerScienceBibliographiesFetcher.java	jablib/src/main/java/org/jabref/logic/importer/fetcher/SpringerNatureWebFetcher.java	12	30	4	0.33	false	false
jablib/src/main/java/org/jabref/logic/importer/fetcher/CollectionOfComputerScienceBibliographiesFetcher.java	jablib/src/main/java/org/jabref/logic/importer/fetcher/ZbMATH.java	12	20	4	0.33	false	false
jablib/src/main/java/org/jabref/logic/importer/fetcher/DBLPFetcher.java	jablib/src/main/java/org/jabref/logic/importer/fetcher/GvkFetcher.java	15	12	4	0.33	false	false
jablib/src/main/java/org/jabref/logic/importer/fetcher/DOAJFetcher.java	jablib/src/main/java/org/jabref/logic/importer/fetcher/GvkFetcher.java	14	12	4	0.33	false	false
jablib/src/main/java/org/jabref/logic/importer/fetcher/GoogleScholar.java	jablib/src/main/java/org/jabref/logic/importer/fetcher/GvkFetcher.java	36	12	4	0.33	false	false
jablib/src/main/java/org/jabref/logic/importer/fetcher/GvkFetcher.java	jablib/src/main/java/org/jabref/logic/importer/fetcher/IEEE.java	12	55	4	0.33	false	false
jablib/src/main/java/org/jabref/logic/importer/fetcher/GvkFetcher.java	jablib/src/main/java/org/jabref/logic/importer/fetcher/INSPIREFetcher.java	12	21	4	0.33	false	false
jablib/src/main/java/org/jabref/logic/importer/fetcher/GvkFetcher.java	jablib/src/main/java/org/jabref/logic/importer/fetcher/MathSciNet.java	12	32	4	0.33	false	false
jablib/src/main/java/org/jabref/logic/importer/fetcher/GvkFetcher.java	jablib/src/main/java/org/jabref/logic/importer/fetcher/MedlineFetcher.java	12	111	4	0.33	false	false
jablib/src/main/java/org/jabref/logic/importer/fetcher/GvkFetcher.java	jablib/src/main/java/org/jabref/logic/importer/fetcher/SpringerNatureWebFetcher.java	12	30	4	0.33	false	false
jablib/src/main/java/org/jabref/logic/importer/fetcher/GvkFetcher.java	jablib/src/main/java/org/jabref/logic/importer/fetcher/ZbMATH.java	12	20	4	0.33	false	false
jablib/src/main/java/org/jabref/logic/importer/fetcher/ScienceDirect.java	jablib/src/main/java/org/jabref/logic/importer/fetcher/SemanticScholar.java	35	12	4	0.33	false	false
jablib/src/main/java/org/jabref/logic/importer/fetcher/SemanticScholar.java	jablib/src/main/java/org/jabref/logic/importer/fetcher/SpringerNatureWebFetcher.java	12	30	4	0.33	false	false
jablib/src/main/java/org/jabref/logic/importer/fileformat/BibtexParser.java	jablib/src/main/java/org/jabref/model/entry/IdGenerator.java	297	12	4	0.33	true	false
jablib/src/main/java/org/jabref/logic/importer/fileformat/OvidImporter.java	jablib/src/main/java/org/jabref/model/entry/IdGenerator.java	57	12	4	0.33	true	false
jablib/src/main/java/org/jabref/logic/importer/util/MetaDataParser.java	jablib/src/main/java/org/jabref/model/database/BibDatabases.java	47	12	4	0.33	true	false
jablib/src/main/java/org/jabref/logic/integrity/EditionChecker.java	jablib/src/main/java/org/jabref/logic/integrity/PagesChecker.java	16	12	4	0.33	false	false
jablib/src/main/java/org/jabref/logic/integrity/ISSNChecker.java	jablib/src/main/java/org/jabref/logic/integrity/PagesChecker.java	13	12	4	0.33	false	false
jablib/src/main/java/org/jabref/logic/l10n/Localization.java	jablib/src/main/java/org/jabref/model/entry/IdGenerator.java	65	12	4	0.33	true	false
jablib/src/main/java/org/jabref/logic/msbib/BibTeXConverter.java	jablib/src/main/java/org/jabref/model/entry/IdGenerator.java	23	12	4	0.33	true	false
jablib/src/main/java/org/jabref/logic/msbib/MSBibMapping.java	jablib/src/main/java/org/jabref/model/entry/IdGenerator.java	24	12	4	0.33	true	false
jablib/src/main/java/org/jabref/logic/search/sqlbased/IndexManager.java	jablib/src/main/java/org/jabref/logic/search/sqlbased/indexing/BibFieldsIndexer.java	12	12	4	0.33	true	false
jablib/src/main/java/org/jabref/logic/util/UpdateField.java	jablib/src/main/java/org/jabref/model/database/BibDatabases.java	20	12	4	0.33	true	false
jablib/src/main/java/org/jabref/logic/util/io/FileNameCleaner.java	jablib/src/main/java/org/jabref/model/entry/IdGenerator.java	19	12	4	0.33	true	false
jablib/src/main/java/org/jabref/logic/util/io/RegExpBasedFileFinder.java	jablib/src/main/java/org/jabref/model/entry/IdGenerator.java	59	12	4	0.33	true	false
jablib/src/main/java/org/jabref/model/database/BibDatabaseModeDetection.java	jablib/src/main/java/org/jabref/model/database/BibDatabases.java	19	12	4	0.33	false	false
jablib/src/main/java/org/jabref/model/database/BibDatabases.java	jablib/src/main/java/org/jabref/model/entry/BibEntry.java	12	312	4	0.33	true	false
jablib/src/main/java/org/jabref/model/entry/CanonicalBibEntry.java	jablib/src/main/java/org/jabref/model/entry/IdGenerator.java	18	12	4	0.33	false	false
jabgui/src/main/java/org/jabref/Launcher.java	jablib/src/main/java/org/jabref/logic/UiCommand.java	159	9	3	0.33	true	true
jabgui/src/main/java/org/jabref/Launcher.java	jablib/src/main/java/org/jabref/logic/net/ProxyPreferences.java	159	9	3	0.33	true	true
jabgui/src/main/java/org/jabref/cli/ArgumentProcessor.java	jablib/src/main/java/org/jabref/logic/importer/fetcher/DiVA.java	123	9	3	0.33	true	true
jabgui/src/main/java/org/jabref/gui/JabRefDialogService.java	jablib/src/main/java/org/jabref/logic/util/TaskExecutor.java	79	9	3	0.33	true	true
jabgui/src/main/java/org/jabref/gui/JabRefGUI.java	jabgui/src/main/java/org/jabref/gui/sidepane/SidePaneViewModel.java	190	9	3	0.33	true	false
jabgui/src/main/java/org/jabref/gui/JabRefGUI.java	jabgui/src/main/java/org/jabref/gui/walkthrough/declarative/NodeResolver.java	190	9	3	0.33	true	false
jabgui/src/main/java/org/jabref/gui/JabRefGUI.java	jablib/src/main/java/org/jabref/logic/xmp/XmpPreferences.java	190	9	3	0.33	true	true
jabgui/src/main/java/org/jabref/gui/LibraryTab.java	jabgui/src/main/java/org/jabref/gui/autocompleter/AutoCompletionTextInputBinding.java	1048	9	3	0.33	true	false
jabgui/src/main/java/org/jabref/gui/LibraryTab.java	jabgui/src/main/java/org/jabref/gui/fieldeditors/DateEditor.java	1048	9	3	0.33	true	false
jabgui/src/main/java/org/jabref/gui/LibraryTab.java	jabgui/src/main/java/org/jabref/gui/sidepane/SidePaneViewModel.java	1048	9	3	0.33	true	false
jabgui/src/main/java/org/jabref/gui/LibraryTab.java	jabgui/src/main/java/org/jabref/gui/util/FileFilterConverter.java	1048	9	3	0.33	true	false
jabgui/src/main/java/org/jabref/gui/LibraryTab.java	jablib/src/main/java/org/jabref/logic/util/TaskExecutor.java	1048	9	3	0.33	true	true
jabgui/src/main/java/org/jabref/gui/LibraryTab.java	jablib/src/main/java/org/jabref/logic/util/io/BackupFileUtil.java	1048	9	3	0.33	true	true
jabgui/src/main/java/org/jabref/gui/LibraryTab.java	jablib/src/main/java/org/jabref/logic/util/strings/QuotedStringTokenizer.java	1048	9	3	0.33	true	true
jabgui/src/main/java/org/jabref/gui/LibraryTab.java	jablib/src/main/java/org/jabref/model/database/CitationKeyListener.java	1048	9	3	0.33	true	true
jabgui/src/main/java/org/jabref/gui/autocompleter/AutoCompletionTextInputBinding.java	jabgui/src/main/java/org/jabref/gui/entryeditor/EntryEditor.java	9	655	3	0.33	true	false
jabgui/src/main/java/org/jabref/gui/cleanup/CleanupDialog.java	jablib/src/main/java/org/jabref/logic/cleanup/CleanupWorker.java	9	42	3	0.33	true	true
jabgui/src/main/java/org/jabref/gui/cleanup/CleanupDialog.java	jablib/src/main/java/org/jabref/logic/preferences/JabRefCliPreferences.java	9	1078	3	0.33	true	true
jabgui/src/main/java/org/jabref/gui/clipboard/ClipBoardManager.java	jablib/src/main/java/org/jabref/logic/importer/fetcher/AbstractIsbnFetcher.java	43	9	3	0.33	true	true
jabgui/src/main/java/org/jabref/gui/clipboard/ClipBoardManager.java	jablib/src/main/java/org/jabref/logic/importer/fetcher/TitleFetcher.java	43	9	3	0.33	true	true
jabgui/src/main/java/org/jabref/gui/commonfxcontrols/CitationKeyPatternsPanelViewModel.java	jabgui/src/main/java/org/jabref/gui/preferences/general/GeneralTab.java	9	55	3	0.33	true	false
jabgui/src/main/java/org/jabref/gui/commonfxcontrols/CitationKeyPatternsPanelViewModel.java	jablib/src/main/java/org/jabref/logic/citationkeypattern/CitationKeyPatternPreferences.java	9	20	3	0.33	true	true
jabgui/src/main/java/org/jabref/gui/commonfxcontrols/CitationKeyPatternsPanelViewModel.java	jablib/src/main/java/org/jabref/logic/exporter/MetaDataSerializer.java	9	34	3	0.33	true	true
jabgui/src/main/java/org/jabref/gui/dialogs/BackupUIManager.java	jablib/src/main/java/org/jabref/logic/journals/AbbreviationWriter.java	32	9	3	0.33	true	true
jabgui/src/main/java/org/jabref/gui/dialogs/BackupUIManager.java	jablib/src/main/java/org/jabref/logic/net/ProxyRegisterer.java	32	9	3	0.33	true	true
jabgui/src/main/java/org/jabref/gui/edit/CopyDoiUrlAction.java	jablib/src/main/java/org/jabref/logic/importer/fetcher/AbstractIsbnFetcher.java	16	9	3	0.33	true	true
jabgui/src/main/java/org/jabref/gui/entryeditor/EntryEditor.java	jabgui/src/main/java/org/jabref/gui/fieldeditors/DateEditor.java	655	9	3	0.33	true	false
jabgui/src/main/java/org/jabref/gui/entryeditor/EntryEditor.java	jabgui/src/main/java/org/jabref/gui/libraryproperties/contentselectors/ContentSelectorView.java	655	9	3	0.33	true	false
jabgui/src/main/java/org/jabref/gui/entryeditor/EntryEditor.java	jablib/src/main/java/org/jabref/logic/util/TaskExecutor.java	655	9	3	0.33	true	true
jabgui/src/main/java/org/jabref/gui/entryeditor/EntryEditor.java	jablib/src/main/java/org/jabref/model/database/CitationKeyListener.java	655	9	3	0.33	true	true
jabgui/src/main/java/org/jabref/gui/entryeditor/EntryEditorTab.java	jabgui/src/main/java/org/jabref/gui/util/comparator/RankingFieldComparator.java	143	9	3	0.33	true	false
jabgui/src/main/java/org/jabref/gui/exporter/SaveAction.java	jabgui/src/main/java/org/jabref/gui/frame/MainMenu.java	9	55	3	0.33	true	false
jabgui/src/main/java/org/jabref/gui/exporter/SaveAction.java	jabgui/src/main/java/org/jabref/gui/frame/MainToolBar.java	9	21	3	0.33	true	false
jabgui/src/main/java/org/jabref/gui/exporter/SaveAction.java	jabgui/src/main/java/org/jabref/gui/importer/actions/OpenDatabaseAction.java	9	224	3	0.33	true	false
jabgui/src/main/java/org/jabref/gui/exporter/SaveAction.java	jabgui/src/main/java/org/jabref/gui/shared/SharedDatabaseLoginDialogView.java	9	21	3	0.33	true	false
jabgui/src/main/java/org/jabref/gui/exporter/SaveAction.java	jabgui/src/main/java/org/jabref/gui/shared/SharedDatabaseUIManager.java	9	62	3	0.33	true	false
jabgui/src/main/java/org/jabref/gui/exporter/SaveDatabaseAction.java	jabgui/src/main/java/org/jabref/gui/util/FileFilterConverter.java	194	9	3	0.33	true	false
jabgui/src/main/java/org/jabref/gui/exporter/SaveDatabaseAction.java	jablib/src/main/java/org/jabref/logic/util/io/BackupFileUtil.java	194	9	3	0.33	true	true
jabgui/src/main/java/org/jabref/gui/externalfiles/DownloadFullTextAction.java	jabgui/src/main/java/org/jabref/gui/maintable/columns/FileColumn.java	83	9	3	0.33	true	false
jabgui/src/main/java/org/jabref/gui/externalfiletype/UnknownExternalFileType.java	jabgui/src/main/java/org/jabref/gui/frame/JabRefFrame.java	9	1215	3	0.33	true	false
jabgui/src/main/java/org/jabref/gui/externalfiletype/UnknownExternalFileType.java	jablib/src/main/java/org/jabref/logic/preferences/JabRefCliPreferences.java	9	1078	3	0.33	true	true
jabgui/src/main/java/org/jabref/gui/fieldeditors/CitationKeyEditor.java	jabgui/src/main/java/org/jabref/gui/fieldeditors/DateEditor.java	11	9	3	0.33	false	false
jabgui/src/main/java/org/jabref/gui/fieldeditors/DateEditor.java	jabgui/src/main/java/org/jabref/gui/fieldeditors/LinkedEntriesEditorViewModel.java	9	10	3	0.33	false	false
jabgui/src/main/java/org/jabref/gui/fieldeditors/DateEditor.java	jabgui/src/main/java/org/jabref/gui/fieldeditors/LinkedFilesEditorViewModel.java	9	68	3	0.33	false	false
jabgui/src/main/java/org/jabref/gui/fieldeditors/DateEditor.java	jablib/src/main/java/org/jabref/model/entry/Date.java	9	31	3	0.33	true	true
jabgui/src/main/java/org/jabref/gui/fieldeditors/LinkedFileViewModel.java	jabgui/src/main/java/org/jabref/gui/maintable/CellFactory.java	114	9	3	0.33	true	false
jabgui/src/main/java/org/jabref/gui/fieldeditors/LinkedFileViewModel.java	jablib/src/main/java/org/jabref/logic/xmp/XmpUtilShared.java	114	9	3	0.33	true	true
jabgui/src/main/java/org/jabref/gui/fieldeditors/LinkedFilesEditorViewModel.java	jabgui/src/main/java/org/jabref/gui/maintable/columns/FileColumn.java	68	9	3	0.33	true	false
jabgui/src/main/java/org/jabref/gui/fieldeditors/URLUtil.java	jablib/src/main/java/org/jabref/logic/journals/AbbreviationWriter.java	14	9	3	0.33	true	true
jabgui/src/main/java/org/jabref/gui/fieldeditors/URLUtil.java	jablib/src/main/java/org/jabref/logic/net/ProxyRegisterer.java	14	9	3	0.33	true	true
jabgui/src/main/java/org/jabref/gui/frame/ExternalApplicationsPreferences.java	jabgui/src/main/java/org/jabref/gui/push/GuiPushToApplicationCommand.java	9	47	3	0.33	true	false
jabgui/src/main/java/org/jabref/gui/frame/ExternalApplicationsPreferences.java	jablib/src/main/java/org/jabref/logic/push/AbstractPushToApplication.java	9	50	3	0.33	true	true
jabgui/src/main/java/org/jabref/gui/frame/JabRefFrame.java	jabgui/src/main/java/org/jabref/gui/walkthrough/declarative/NodeResolver.java	1215	9	3	0.33	true	false
jabgui/src/main/java/org/jabref/gui/frame/JabRefFrame.java	jablib/src/main/java/org/jabref/logic/journals/AbbreviationWriter.java	1215	9	3	0.33	true	true
jabgui/src/main/java/org/jabref/gui/frame/JabRefFrame.java	jablib/src/main/java/org/jabref/logic/util/strings/QuotedStringTokenizer.java	1215	9	3	0.33	true	true
jabgui/src/main/java/org/jabref/gui/frame/JabRefFrame.java	jablib/src/main/java/org/jabref/model/database/BibDatabaseMode.java	1215	9	3	0.33	true	true
jabgui/src/main/java/org/jabref/gui/groups/GroupDescriptions.java	jablib/src/main/java/org/jabref/logic/journals/AbbreviationWriter.java	12	9	3	0.33	true	true
jabgui/src/main/java/org/jabref/gui/groups/GroupDescriptions.java	jablib/src/main/java/org/jabref/logic/net/ProxyRegisterer.java	12	9	3	0.33	true	true
jabgui/src/main/java/org/jabref/gui/importer/ImportEntriesViewModel.java	jabgui/src/main/java/org/jabref/gui/maintable/columns/FileColumn.java	49	9	3	0.33	true	false
jabgui/src/main/java/org/jabref/gui/importer/actions/CheckForNewEntryTypesAction.java	jablib/src/main/java/org/jabref/model/database/BibDatabaseMode.java	45	9	3	0.33	true	true
jabgui/src/main/java/org/jabref/gui/importer/actions/OpenDatabaseAction.java	jabgui/src/main/java/org/jabref/gui/sidepane/SidePaneViewModel.java	224	9	3	0.33	true	false
jabgui/src/main/java/org/jabref/gui/importer/actions/OpenDatabaseAction.java	jabgui/src/main/java/org/jabref/gui/util/FileFilterConverter.java	224	9	3	0.33	true	false
jabgui/src/main/java/org/jabref/gui/importer/actions/OpenDatabaseAction.java	jablib/src/main/java/org/jabref/logic/util/io/BackupFileUtil.java	224	9	3	0.33	true	true
jabgui/src/main/java/org/jabref/gui/importer/fetcher/WebSearchPaneViewModel.java	jablib/src/main/java/org/jabref/logic/importer/fetcher/ComplexSearchQuery.java	28	9	3	0.33	true	true
jabgui/src/main/java/org/jabref/gui/integrity/IntegrityCheckDialog.java	jabgui/src/main/java/org/jabref/gui/libraryproperties/contentselectors/ContentSelectorView.java	11	9	3	0.33	true	false
jabgui/src/main/java/org/jabref/gui/libraryproperties/contentselectors/ContentSelectorView.java	jabgui/src/main/java/org/jabref/gui/openoffice/StyleSelectDialogView.java	9	29	3	0.33	true	false
jabgui/src/main/java/org/jabref/gui/libraryproperties/contentselectors/ContentSelectorView.java	jabgui/src/main/java/org/jabref/gui/preferences/PreferencesDialogView.java	9	34	3	0.33	true	false
jabgui/src/main/java/org/jabref/gui/libraryproperties/contentselectors/ContentSelectorView.java	jabgui/src/main/java/org/jabref/gui/preferences/preview/PreviewTab.java	9	42	3	0.33	true	false
jabgui/src/main/java/org/jabref/gui/libraryproperties/contentselectors/ContentSelectorView.java	jabgui/src/main/java/org/jabref/gui/texparser/ParseLatexDialogView.java	9	15	3	0.33	true	false
jabgui/src/main/java/org/jabref/gui/libraryproperties/contentselectors/ContentSelectorView.java	jabgui/src/main/java/org/jabref/gui/texparser/ParseLatexResultView.java	9	16	3	0.33	true	false
jabgui/src/main/java/org/jabref/gui/maintable/CellFactory.java	jabgui/src/main/java/org/jabref/gui/search/GlobalSearchBar.java	9	111	3	0.33	true	false
jabgui/src/main/java/org/jabref/gui/maintable/CellFactory.java	jabgui/src/main/java/org/jabref/gui/specialfields/SpecialFieldViewModel.java	9	17	3	0.33	true	false
jabgui/src/main/java/org/jabref/gui/maintable/ColumnPreferencesRecorder.java	jabgui/src/main/java/org/jabref/gui/maintable/MainTablePreferences.java	17	9	3	0.33	false	false
jabgui/src/main/java/org/jabref/gui/maintable/MainTable.java	jabgui/src/main/java/org/jabref/gui/maintable/columns/LinkedIdentifierColumn.java	293	9	3	0.33	true	false
jabgui/src/main/java/org/jabref/gui/maintable/MainTableColumnFactory.java	jabgui/src/main/java/org/jabref/gui/maintable/MainTablePreferences.java	64	9	3	0.33	false	false
jabgui/src/main/java/org/jabref/gui/maintable/MainTableColumnFactory.java	jabgui/src/main/java/org/jabref/gui/maintable/columns/FileColumn.java	64	9	3	0.33	true	false
jabgui/src/main/java/org/jabref/gui/maintable/MainTableColumnFactory.java	jabgui/src/main/java/org/jabref/gui/maintable/columns/LinkedIdentifierColumn.java	64	9	3	0.33	true	false
jabgui/src/main/java/org/jabref/gui/maintable/MainTablePreferences.java	jabgui/src/main/java/org/jabref/gui/preferences/JabRefGuiPreferences.java	9	60	3	0.33	true	false
jabgui/src/main/java/org/jabref/gui/maintable/OpenUrlAction.java	jabgui/src/main/java/org/jabref/gui/maintable/columns/LinkedIdentifierColumn.java	10	9	3	0.33	true	false
jabgui/src/main/java/org/jabref/gui/newentry/NewEntryView.java	jablib/src/main/java/org/jabref/model/entry/identifier/Identifier.java	24	9	3	0.33	true	true
jabgui/src/main/java/org/jabref/gui/preferences/customentrytypes/CustomEntryTypesTab.java	jablib/src/main/java/org/jabref/model/entry/field/UnknownField.java	41	9	3	0.33	true	true
jabgui/src/main/java/org/jabref/gui/preferences/customentrytypes/CustomEntryTypesTabViewModel.java	jablib/src/main/java/org/jabref/model/entry/field/UnknownField.java	47	9	3	0.33	true	true
jabgui/src/main/java/org/jabref/gui/preferences/entryeditor/EntryEditorTab.java	jabgui/src/main/java/org/jabref/gui/sidepane/SidePaneViewModel.java	22	9	3	0.33	true	false
jabgui/src/main/java/org/jabref/gui/preferences/entryeditor/EntryEditorTabViewModel.java	jabgui/src/main/java/org/jabref/gui/sidepane/SidePaneViewModel.java	25	9	3	0.33	true	false
jabgui/src/main/java/org/jabref/gui/preferences/general/GeneralTabViewModel.java	jablib/src/main/java/org/jabref/logic/UiCommand.java	79	9	3	0.33	true	true
jabgui/src/main/java/org/jabref/gui/preferences/linkedfiles/LinkedFilesTabViewModel.java	jablib/src/main/java/org/jabref/logic/util/io/AutoLinkPreferences.java	21	9	3	0.33	true	true
jabgui/src/main/java/org/jabref/gui/preferences/network/NetworkTabViewModel.java	jablib/src/main/java/org/jabref/logic/net/ProxyRegisterer.java	23	9	3	0.33	true	true
jabgui/src/main/java/org/jabref/gui/shared/SharedDatabaseLoginDialogView.java	jabgui/src/main/java/org/jabref/gui/sidepane/SidePaneViewModel.java	21	9	3	0.33	true	false
jabgui/src/main/java/org/jabref/gui/shared/SharedDatabaseLoginDialogViewModel.java	jabgui/src/main/java/org/jabref/gui/sidepane/SidePaneViewModel.java	33	9	3	0.33	true	false
jabgui/src/main/java/org/jabref/gui/shared/SharedDatabaseUIManager.java	jabgui/src/main/java/org/jabref/gui/sidepane/SidePaneViewModel.java	62	9	3	0.33	true	false
jabgui/src/main/java/org/jabref/gui/sidepane/SidePaneViewModel.java	jablib/src/main/java/org/jabref/logic/preferences/CliPreferences.java	9	115	3	0.33	true	true
jabgui/src/main/java/org/jabref/gui/util/BindingsHelper.java	jablib/src/main/java/org/jabref/logic/journals/AbbreviationWriter.java	26	9	3	0.33	true	true
jabgui/src/main/java/org/jabref/gui/util/BindingsHelper.java	jablib/src/main/java/org/jabref/logic/net/ProxyRegisterer.java	26	9	3	0.33	true	true
jabgui/src/main/java/org/jabref/gui/util/FileFilterConverter.java	jablib/src/main/java/org/jabref/logic/importer/fileformat/BibtexImporter.java	9	40	3	0.33	true	true
jabgui/src/main/java/org/jabref/gui/util/FileFilterConverter.java	jablib/src/main/java/org/jabref/logic/importer/fileformat/pdf/PdfContentImporter.java	9	108	3	0.33	true	true
jabgui/src/main/java/org/jabref/gui/util/FileFilterConverter.java	jablib/src/main/java/org/jabref/logic/util/FileType.java	9	19	3	0.33	true	true
jabgui/src/main/java/org/jabref/gui/util/FileFilterConverter.java	jablib/src/main/java/org/jabref/logic/util/StandardFileType.java	9	30	3	0.33	true	true
jabgui/src/main/java/org/jabref/gui/walkthrough/declarative/NodeResolver.java	jablib/src/main/java/org/jabref/logic/preferences/JabRefCliPreferences.java	9	1078	3	0.33	true	true
jabgui/src/main/java/org/jabref/migrations/CustomEntryTypePreferenceMigration.java	jablib/src/main/java/org/jabref/logic/journals/AbbreviationWriter.java	12	9	3	0.33	true	true
jabgui/src/main/java/org/jabref/migrations/CustomEntryTypePreferenceMigration.java	jablib/src/main/java/org/jabref/logic/net/ProxyRegisterer.java	12	9	3	0.33	true	true
jabgui/src/main/java/org/jabref/migrations/PreferencesMigrations.java	jablib/src/main/java/org/jabref/logic/journals/AbbreviationWriter.java	87	9	3	0.33	true	true
jabgui/src/main/java/org/jabref/migrations/PreferencesMigrations.java	jablib/src/main/java/org/jabref/logic/net/ProxyPreferences.java	87	9	3	0.33	true	true
jabgui/src/main/java/org/jabref/migrations/PreferencesMigrations.java	jablib/src/main/java/org/jabref/logic/net/ProxyRegisterer.java	87	9	3	0.33	true	true
jabkit/src/main/java/org/jabref/toolkit/commands/JabKit.java	jablib/src/main/java/org/jabref/logic/UiCommand.java	18	9	3	0.33	true	true
jablib/src/main/java/org/jabref/logic/UiCommand.java	jabsrv/src/main/java/org/jabref/http/server/Server.java	9	20	3	0.33	true	true
jablib/src/main/java/org/jabref/logic/bibtex/FieldWriter.java	jablib/src/main/java/org/jabref/logic/layout/format/HTMLParagraphs.java	105	9	3	0.33	true	false
jablib/src/main/java/org/jabref/logic/bibtex/comparator/FieldComparator.java	jablib/src/main/java/org/jabref/logic/layout/format/AuthorLastFirst.java	72	9	3	0.33	true	false
jablib/src/main/java/org/jabref/logic/bst/BstFunctions.java	jablib/src/main/java/org/jabref/logic/preview/BstPreviewLayout.java	9	16	3	0.33	true	false
jablib/src/main/java/org/jabref/logic/bst/util/BstNameFormatter.java	jablib/src/main/java/org/jabref/logic/journals/AbbreviationWriter.java	22	9	3	0.33	true	false
jablib/src/main/java/org/jabref/logic/bst/util/BstNameFormatter.java	jablib/src/main/java/org/jabref/logic/net/ProxyRegisterer.java	22	9	3	0.33	true	false
jablib/src/main/java/org/jabref/logic/bst/util/BstPurifier.java	jablib/src/main/java/org/jabref/logic/journals/AbbreviationWriter.java	11	9	3	0.33	true	false
jablib/src/main/java/org/jabref/logic/bst/util/BstPurifier.java	jablib/src/main/java/org/jabref/logic/net/ProxyRegisterer.java	11	9	3	0.33	true	false
jablib/src/main/java/org/jabref/logic/bst/util/BstTextPrefixer.java	jablib/src/main/java/org/jabref/logic/journals/AbbreviationWriter.java	11	9	3	0.33	true	false
jablib/src/main/java/org/jabref/logic/bst/util/BstTextPrefixer.java	jablib/src/main/java/org/jabref/logic/net/ProxyRegisterer.java	11	9	3	0.33	true	false
jablib/src/main/java/org/jabref/logic/citationkeypattern/CitationKeyGenerator.java	jablib/src/main/java/org/jabref/logic/journals/AbbreviationWriter.java	201	9	3	0.33	true	false
jablib/src/main/java/org/jabref/logic/citationkeypattern/CitationKeyPatternPreferences.java	jablib/src/main/java/org/jabref/logic/xmp/XmpPreferences.java	20	9	3	0.33	true	false
jablib/src/main/java/org/jabref/logic/citationstyle/CitationStyleGenerator.java	jablib/src/main/java/org/jabref/logic/journals/AbbreviationWriter.java	20	9	3	0.33	true	false
jablib/src/main/java/org/jabref/logic/citationstyle/CitationStyleGenerator.java	jablib/src/main/java/org/jabref/logic/net/ProxyRegisterer.java	20	9	3	0.33	true	false
jablib/src/main/java/org/jabref/logic/cleanup/DoiCleanup.java	jablib/src/main/java/org/jabref/logic/importer/fetcher/TitleFetcher.java	26	9	3	0.33	true	false
jablib/src/main/java/org/jabref/logic/database/DuplicateCheck.java	jablib/src/main/java/org/jabref/logic/journals/AbbreviationWriter.java	86	9	3	0.33	true	false
jablib/src/main/java/org/jabref/logic/database/DuplicateCheck.java	jablib/src/main/java/org/jabref/logic/layout/format/AuthorLastFirst.java	86	9	3	0.33	true	false
jablib/src/main/java/org/jabref/logic/database/DuplicateCheck.java	jablib/src/main/java/org/jabref/logic/net/ProxyRegisterer.java	86	9	3	0.33	true	false
jablib/src/main/java/org/jabref/logic/exporter/ExportPreferences.java	jablib/src/main/java/org/jabref/logic/util/io/AutoLinkPreferences.java	15	9	3	0.33	true	false
jablib/src/main/java/org/jabref/logic/exporter/MetaDataSerializer.java	jablib/src/main/java/org/jabref/logic/journals/AbbreviationWriter.java	34	9	3	0.33	true	false
jablib/src/main/java/org/jabref/logic/exporter/MetaDataSerializer.java	jablib/src/main/java/org/jabref/logic/net/ProxyRegisterer.java	34	9	3	0.33	true	false
jablib/src/main/java/org/jabref/logic/formatter/Formatters.java	jablib/src/main/java/org/jabref/logic/journals/AbbreviationWriter.java	34	9	3	0.33	true	false
jablib/src/main/java/org/jabref/logic/formatter/Formatters.java	jablib/src/main/java/org/jabref/logic/net/ProxyRegisterer.java	34	9	3	0.33	true	false
jablib/src/main/java/org/jabref/logic/formatter/IdentityFormatter.java	jablib/src/main/java/org/jabref/logic/formatter/bibtexfields/HtmlToLatexFormatter.java	9	14	3	0.33	true	false
jablib/src/main/java/org/jabref/logic/formatter/IdentityFormatter.java	jablib/src/main/java/org/jabref/logic/layout/format/LatexToUnicodeFormatter.java	9	31	3	0.33	true	false
jablib/src/main/java/org/jabref/logic/formatter/bibtexfields/ClearFormatter.java	jablib/src/main/java/org/jabref/logic/formatter/bibtexfields/HtmlToLatexFormatter.java	9	14	3	0.33	false	false
jablib/src/main/java/org/jabref/logic/formatter/bibtexfields/ClearFormatter.java	jablib/src/main/java/org/jabref/logic/formatter/bibtexfields/RegexFormatter.java	9	13	3	0.33	false	false
jablib/src/main/java/org/jabref/logic/formatter/bibtexfields/ClearFormatter.java	jablib/src/main/java/org/jabref/logic/layout/format/LatexToUnicodeFormatter.java	9	31	3	0.33	true	false
jablib/src/main/java/org/jabref/logic/importer/FulltextFetchers.java	jablib/src/main/java/org/jabref/logic/importer/fetcher/AbstractIsbnFetcher.java	65	9	3	0.33	true	false
jablib/src/main/java/org/jabref/logic/importer/SearchBasedParserFetcher.java	jablib/src/main/java/org/jabref/logic/importer/fetcher/ComplexSearchQuery.java	20	9	3	0.33	true	false
jablib/src/main/java/org/jabref/logic/importer/WebFetchers.java	jablib/src/main/java/org/jabref/logic/journals/AbbreviationWriter.java	102	9	3	0.33	true	false
jablib/src/main/java/org/jabref/logic/importer/WebFetchers.java	jablib/src/main/java/org/jabref/logic/net/ProxyRegisterer.java	102	9	3	0.33	true	false
jablib/src/main/java/org/jabref/logic/importer/fetcher/ACS.java	jablib/src/main/java/org/jabref/logic/importer/fetcher/AbstractIsbnFetcher.java	25	9	3	0.33	false	false
jablib/src/main/java/org/jabref/logic/importer/fetcher/AbstractIsbnFetcher.java	jablib/src/main/java/org/jabref/logic/importer/fetcher/AstrophysicsDataSystem.java	9	42	3	0.33	false	false
jablib/src/main/java/org/jabref/logic/importer/fetcher/AbstractIsbnFetcher.java	jablib/src/main/java/org/jabref/logic/importer/fetcher/DBLPFetcher.java	9	15	3	0.33	false	false
jablib/src/main/java/org/jabref/logic/importer/fetcher/AbstractIsbnFetcher.java	jablib/src/main/java/org/jabref/logic/importer/fetcher/DoiResolution.java	9	48	3	0.33	false	false
jablib/src/main/java/org/jabref/logic/importer/fetcher/AbstractIsbnFetcher.java	jablib/src/main/java/org/jabref/logic/importer/fetcher/GoogleScholar.java	9	36	3	0.33	false	false
jablib/src/main/java/org/jabref/logic/importer/fetcher/AbstractIsbnFetcher.java	jablib/src/main/java/org/jabref/logic/importer/fetcher/ScienceDirect.java	9	35	3	0.33	false	false
jablib/src/main/java/org/jabref/logic/importer/fetcher/AbstractIsbnFetcher.java	jablib/src/main/java/org/jabref/logic/importer/fetcher/SpringerNatureFullTextFetcher.java	9	32	3	0.33	false	false
jablib/src/main/java/org/jabref/logic/importer/fetcher/AbstractIsbnFetcher.java	jablib/src/main/java/org/jabref/logic/importer/fileformat/pdf/PdfContentImporter.java	9	108	3	0.33	true	false
jablib/src/main/java/org/jabref/logic/importer/fetcher/AbstractIsbnFetcher.java	jablib/src/main/java/org/jabref/logic/integrity/ISSNChecker.java	9	13	3	0.33	true	false
jablib/src/main/java/org/jabref/logic/importer/fetcher/AbstractIsbnFetcher.java	jablib/src/main/java/org/jabref/logic/layout/format/DOICheck.java	9	29	3	0.33	true	false
jablib/src/main/java/org/jabref/logic/importer/fetcher/AbstractIsbnFetcher.java	jablib/src/main/java/org/jabref/logic/layout/format/DOIStrip.java	9	18	3	0.33	true	false
jablib/src/main/java/org/jabref/logic/importer/fetcher/ArXivFetcher.java	jablib/src/main/java/org/jabref/logic/importer/fetcher/BiodiversityLibrary.java	25	9	3	0.33	false	false
jablib/src/main/java/org/jabref/logic/importer/fetcher/BiodiversityLibrary.java	jablib/src/main/java/org/jabref/logic/importer/fetcher/ZbMATH.java	9	20	3	0.33	false	false
jablib/src/main/java/org/jabref/logic/importer/fetcher/BiodiversityLibrary.java	jablib/src/main/java/org/jabref/logic/preferences/JabRefCliPreferences.java	9	1078	3	0.33	true	false
jablib/src/main/java/org/jabref/logic/importer/fetcher/ComplexSearchQuery.java	jablib/src/main/java/org/jabref/logic/importer/fetcher/GoogleScholar.java	9	36	3	0.33	false	false
jablib/src/main/java/org/jabref/logic/importer/fetcher/ComplexSearchQuery.java	jablib/src/main/java/org/jabref/logic/importer/fetcher/SpringerNatureWebFetcher.java	9	30	3	0.33	false	false
jablib/src/main/java/org/jabref/logic/importer/fetcher/CrossRef.java	jablib/src/main/java/org/jabref/logic/importer/fetcher/TitleFetcher.java	43	9	3	0.33	false	false
jablib/src/main/java/org/jabref/logic/importer/fetcher/DBLPFetcher.java	jablib/src/main/java/org/jabref/logic/importer/fetcher/DiVA.java	15	9	3	0.33	false	false
jablib/src/main/java/org/jabref/logic/importer/fetcher/DiVA.java	jablib/src/main/java/org/jabref/logic/importer/fetcher/GoogleScholar.java	9	36	3	0.33	false	false
jablib/src/main/java/org/jabref/logic/importer/fetcher/DiVA.java	jablib/src/main/java/org/jabref/logic/importer/fetcher/INSPIREFetcher.java	9	21	3	0.33	false	false
jablib/src/main/java/org/jabref/logic/importer/fetcher/DiVA.java	jablib/src/main/java/org/jabref/logic/importer/fetcher/MathSciNet.java	9	32	3	0.33	false	false
jablib/src/main/java/org/jabref/logic/importer/fetcher/DoiResolution.java	jablib/src/main/java/org/jabref/logic/importer/fetcher/TitleFetcher.java	48	9	3	0.33	false	false
jablib/src/main/java/org/jabref/logic/importer/fetcher/TitleFetcher.java	jablib/src/main/java/org/jabref/logic/integrity/ISSNChecker.java	9	13	3	0.33	true	false
jablib/src/main/java/org/jabref/logic/importer/fetcher/TitleFetcher.java	jablib/src/main/java/org/jabref/logic/layout/format/DOICheck.java	9	29	3	0.33	true	false
jablib/src/main/java/org/jabref/logic/importer/fetcher/TitleFetcher.java	jablib/src/main/java/org/jabref/model/entry/identifier/DOI.java	9	61	3	0.33	true	false
jablib/src/main/java/org/jabref/logic/importer/fetcher/TitleFetcher.java	jablib/src/main/java/org/jabref/model/entry/identifier/ISBN.java	9	11	3	0.33	true	false
jablib/src/main/java/org/jabref/logic/importer/fileformat/MedlinePlainImporter.java	jablib/src/main/java/org/jabref/logic/layout/format/AuthorLastFirst.java	60	9	3	0.33	true	false
jablib/src/main/java/org/jabref/logic/importer/util/FileFieldParser.java	jablib/src/main/java/org/jabref/logic/journals/AbbreviationWriter.java	30	9	3	0.33	true	false
jablib/src/main/java/org/jabref/logic/importer/util/FileFieldParser.java	jablib/src/main/java/org/jabref/logic/net/ProxyRegisterer.java	30	9	3	0.33	true	false
jablib/src/main/java/org/jabref/logic/importer/util/GroupsParser.java	jablib/src/main/java/org/jabref/logic/journals/AbbreviationWriter.java	45	9	3	0.33	true	false
jablib/src/main/java/org/jabref/logic/importer/util/GroupsParser.java	jablib/src/main/java/org/jabref/logic/net/ProxyRegisterer.java	45	9	3	0.33	true	false
jablib/src/main/java/org/jabref/logic/importer/util/MetaDataParser.java	jablib/src/main/java/org/jabref/logic/journals/AbbreviationWriter.java	47	9	3	0.33	true	false
jablib/src/main/java/org/jabref/logic/importer/util/MetaDataParser.java	jablib/src/main/java/org/jabref/logic/net/ProxyRegisterer.java	47	9	3	0.33	true	false
jablib/src/main/java/org/jabref/logic/integrity/FieldCheckers.java	jablib/src/main/java/org/jabref/logic/journals/AbbreviationWriter.java	24	9	3	0.33	true	false
jablib/src/main/java/org/jabref/logic/integrity/FieldCheckers.java	jablib/src/main/java/org/jabref/logic/net/ProxyRegisterer.java	24	9	3	0.33	true	false
jablib/src/main/java/org/jabref/logic/integrity/NoBibtexFieldChecker.java	jablib/src/main/java/org/jabref/model/entry/types/BiblatexEntryTypeDefinitions.java	9	46	3	0.33	true	false
jablib/src/main/java/org/jabref/logic/journals/AbbreviationWriter.java	jablib/src/main/java/org/jabref/logic/l10n/Localization.java	9	65	3	0.33	true	false
jablib/src/main/java/org/jabref/logic/journals/AbbreviationWriter.java	jablib/src/main/java/org/jabref/logic/layout/AbstractParamLayoutFormatter.java	9	11	3	0.33	true	false
jablib/src/main/java/org/jabref/logic/journals/AbbreviationWriter.java	jablib/src/main/java/org/jabref/logic/msbib/BibTeXConverter.java	9	23	3	0.33	true	false
jablib/src/main/java/org/jabref/logic/journals/AbbreviationWriter.java	jablib/src/main/java/org/jabref/logic/msbib/MSBibConverter.java	9	30	3	0.33	true	false
jablib/src/main/java/org/jabref/logic/journals/AbbreviationWriter.java	jablib/src/main/java/org/jabref/logic/msbib/MSBibMapping.java	9	24	3	0.33	true	false
jablib/src/main/java/org/jabref/logic/journals/AbbreviationWriter.java	jablib/src/main/java/org/jabref/logic/net/ProxyRegisterer.java	9	9	3	0.33	true	false
jablib/src/main/java/org/jabref/logic/journals/AbbreviationWriter.java	jablib/src/main/java/org/jabref/logic/remote/RemoteUtil.java	9	10	3	0.33	true	false
jablib/src/main/java/org/jabref/logic/journals/AbbreviationWriter.java	jablib/src/main/java/org/jabref/logic/util/MetadataSerializationConfiguration.java	9	18	3	0.33	true	false
jablib/src/main/java/org/jabref/logic/journals/AbbreviationWriter.java	jablib/src/main/java/org/jabref/logic/util/TestEntry.java	9	11	3	0.33	true	false
jablib/src/main/java/org/jabref/logic/journals/AbbreviationWriter.java	jablib/src/main/java/org/jabref/logic/util/UpdateField.java	9	20	3	0.33	true	false
jablib/src/main/java/org/jabref/logic/journals/AbbreviationWriter.java	jablib/src/main/java/org/jabref/logic/util/io/FileFinder.java	9	31	3	0.33	true	false
jablib/src/main/java/org/jabref/logic/journals/AbbreviationWriter.java	jablib/src/main/java/org/jabref/logic/util/io/FileNameCleaner.java	9	19	3	0.33	true	false
jablib/src/main/java/org/jabref/logic/journals/AbbreviationWriter.java	jablib/src/main/java/org/jabref/logic/util/io/FileUtil.java	9	142	3	0.33	true	false
jablib/src/main/java/org/jabref/logic/journals/AbbreviationWriter.java	jablib/src/main/java/org/jabref/logic/util/io/RegExpBasedFileFinder.java	9	59	3	0.33	true	false
jablib/src/main/java/org/jabref/logic/journals/AbbreviationWriter.java	jablib/src/main/java/org/jabref/logic/util/io/XMLUtil.java	9	11	3	0.33	true	false
jablib/src/main/java/org/jabref/logic/journals/AbbreviationWriter.java	jablib/src/main/java/org/jabref/logic/util/strings/HTMLUnicodeConversionMaps.java	9	29	3	0.33	true	false
jablib/src/main/java/org/jabref/logic/journals/AbbreviationWriter.java	jablib/src/main/java/org/jabref/model/database/BibDatabaseModeDetection.java	9	19	3	0.33	true	false
jablib/src/main/java/org/jabref/logic/journals/AbbreviationWriter.java	jablib/src/main/java/org/jabref/model/database/BibDatabases.java	9	12	3	0.33	true	false
jablib/src/main/java/org/jabref/logic/journals/AbbreviationWriter.java	jablib/src/main/java/org/jabref/model/entry/CanonicalBibEntry.java	9	18	3	0.33	true	false
jablib/src/main/java/org/jabref/logic/journals/AbbreviationWriter.java	jablib/src/main/java/org/jabref/model/entry/EntryConverter.java	9	13	3	0.33	true	false
jablib/src/main/java/org/jabref/logic/journals/AbbreviationWriter.java	jablib/src/main/java/org/jabref/model/entry/IdGenerator.java	9	12	3	0.33	true	false
jablib/src/main/java/org/jabref/logic/journals/AbbreviationWriter.java	jablib/src/main/java/org/jabref/model/entry/types/BiblatexEntryTypeDefinitions.java	9	46	3	0.33	true	false
jablib/src/main/java/org/jabref/logic/journals/AbbreviationWriter.java	jablib/src/main/java/org/jabref/model/entry/types/BibtexEntryTypeDefinitions.java	9	45	3	0.33	true	false
jablib/src/main/java/org/jabref/logic/journals/AbbreviationWriter.java	jablib/src/main/java/org/jabref/model/entry/types/IEEETranEntryTypeDefinitions.java	9	23	3	0.33	true	false
jablib/src/main/java/org/jabref/logic/l10n/Localization.java	jablib/src/main/java/org/jabref/logic/net/ProxyRegisterer.java	65	9	3	0.33	true	false
jablib/src/main/java/org/jabref/logic/layout/AbstractParamLayoutFormatter.java	jablib/src/main/java/org/jabref/logic/net/ProxyRegisterer.java	11	9	3	0.33	true	false
jablib/src/main/java/org/jabref/logic/layout/LayoutEntry.java	jablib/src/main/java/org/jabref/logic/layout/format/HTMLParagraphs.java	120	9	3	0.33	true	false
jablib/src/main/java/org/jabref/logic/layout/StringInt.java	jablib/src/main/java/org/jabref/logic/layout/format/HTMLParagraphs.java	11	9	3	0.33	true	false
jablib/src/main/java/org/jabref/logic/layout/format/AuthorLastFirst.java	jablib/src/main/java/org/jabref/logic/layout/format/CreateDocBook4Editors.java	9	10	3	0.33	false	false
jablib/src/main/java/org/jabref/logic/layout/format/DOIStrip.java	jablib/src/main/java/org/jabref/model/entry/identifier/Identifier.java	18	9	3	0.33	true	false
jablib/src/main/java/org/jabref/logic/layout/format/HTMLChars.java	jablib/src/main/java/org/jabref/logic/layout/format/HTMLParagraphs.java	55	9	3	0.33	false	false
jablib/src/main/java/org/jabref/logic/layout/format/HTMLParagraphs.java	jablib/src/main/java/org/jabref/logic/layout/format/XMLChars.java	9	30	3	0.33	false	false
jablib/src/main/java/org/jabref/logic/layout/format/HTMLParagraphs.java	jablib/src/main/java/org/jabref/logic/util/io/RegExpBasedFileFinder.java	9	59	3	0.33	true	false
jablib/src/main/java/org/jabref/logic/msbib/BibTeXConverter.java	jablib/src/main/java/org/jabref/logic/net/ProxyRegisterer.java	23	9	3	0.33	true	false
jablib/src/main/java/org/jabref/logic/msbib/MSBibConverter.java	jablib/src/main/java/org/jabref/logic/net/ProxyRegisterer.java	30	9	3	0.33	true	false
jablib/src/main/java/org/jabref/logic/msbib/MSBibMapping.java	jablib/src/main/java/org/jabref/logic/net/ProxyRegisterer.java	24	9	3	0.33	true	false
jablib/src/main/java/org/jabref/logic/net/ProxyPreferences.java	jablib/src/main/java/org/jabref/logic/net/ProxyRegisterer.java	9	9	3	0.33	false	false
jablib/src/main/java/org/jabref/logic/net/ProxyPreferences.java	jablib/src/main/java/org/jabref/logic/remote/RemotePreferences.java	9	16	3	0.33	true	false
jablib/src/main/java/org/jabref/logic/net/ProxyRegisterer.java	jablib/src/main/java/org/jabref/logic/remote/RemoteUtil.java	9	10	3	0.33	true	false
jablib/src/main/java/org/jabref/logic/net/ProxyRegisterer.java	jablib/src/main/java/org/jabref/logic/util/MetadataSerializationConfiguration.java	9	18	3	0.33	true	false
jablib/src/main/java/org/jabref/logic/net/ProxyRegisterer.java	jablib/src/main/java/org/jabref/logic/util/TestEntry.java	9	11	3	0.33	true	false
jablib/src/main/java/org/jabref/logic/net/ProxyRegisterer.java	jablib/src/main/java/org/jabref/logic/util/UpdateField.java	9	20	3	0.33	true	false
jablib/src/main/java/org/jabref/logic/net/ProxyRegisterer.java	jablib/src/main/java/org/jabref/logic/util/io/FileFinder.java	9	31	3	0.33	true	false
jablib/src/main/java/org/jabref/logic/net/ProxyRegisterer.java	jablib/src/main/java/org/jabref/logic/util/io/FileNameCleaner.java	9	19	3	0.33	true	false
jablib/src/main/java/org/jabref/logic/net/ProxyRegisterer.java	jablib/src/main/java/org/jabref/logic/util/io/FileUtil.java	9	142	3	0.33	true	false
jablib/src/main/java/org/jabref/logic/net/ProxyRegisterer.java	jablib/src/main/java/org/jabref/logic/util/io/RegExpBasedFileFinder.java	9	59	3	0.33	true	false
jablib/src/main/java/org/jabref/logic/net/ProxyRegisterer.java	jablib/src/main/java/org/jabref/logic/util/io/XMLUtil.java	9	11	3	0.33	true	false
jablib/src/main/java/org/jabref/logic/net/ProxyRegisterer.java	jablib/src/main/java/org/jabref/logic/util/strings/HTMLUnicodeConversionMaps.java	9	29	3	0.33	true	false
jablib/src/main/java/org/jabref/logic/net/ProxyRegisterer.java	jablib/src/main/java/org/jabref/model/database/BibDatabaseModeDetection.java	9	19	3	0.33	true	false
jablib/src/main/java/org/jabref/logic/net/ProxyRegisterer.java	jablib/src/main/java/org/jabref/model/database/BibDatabases.java	9	12	3	0.33	true	false
jablib/src/main/java/org/jabref/logic/net/ProxyRegisterer.java	jablib/src/main/java/org/jabref/model/entry/CanonicalBibEntry.java	9	18	3	0.33	true	false
jablib/src/main/java/org/jabref/logic/net/ProxyRegisterer.java	jablib/src/main/java/org/jabref/model/entry/EntryConverter.java	9	13	3	0.33	true	false
jablib/src/main/java/org/jabref/logic/net/ProxyRegisterer.java	jablib/src/main/java/org/jabref/model/entry/IdGenerator.java	9	12	3	0.33	true	false
jablib/src/main/java/org/jabref/logic/net/ProxyRegisterer.java	jablib/src/main/java/org/jabref/model/entry/types/BiblatexEntryTypeDefinitions.java	9	46	3	0.33	true	false
jablib/src/main/java/org/jabref/logic/net/ProxyRegisterer.java	jablib/src/main/java/org/jabref/model/entry/types/BibtexEntryTypeDefinitions.java	9	45	3	0.33	true	false
jablib/src/main/java/org/jabref/logic/net/ProxyRegisterer.java	jablib/src/main/java/org/jabref/model/entry/types/IEEETranEntryTypeDefinitions.java	9	23	3	0.33	true	false
jablib/src/main/java/org/jabref/logic/net/URLDownload.java	jablib/src/main/java/org/jabref/logic/net/ssl/TrustStoreManager.java	95	9	3	0.33	true	false
jablib/src/main/java/org/jabref/logic/openoffice/OpenOfficeFileSearch.java	jablib/src/main/java/org/jabref/model/openoffice/CitationEntry.java	17	9	3	0.33	true	false
jablib/src/main/java/org/jabref/logic/openoffice/OpenOfficePreferences.java	jablib/src/main/java/org/jabref/logic/openoffice/action/EditMerge.java	33	9	3	0.33	true	false
jablib/src/main/java/org/jabref/logic/openoffice/action/EditMerge.java	jablib/src/main/java/org/jabref/logic/preferences/JabRefCliPreferences.java	9	1078	3	0.33	true	false
jablib/src/main/java/org/jabref/logic/openoffice/frontend/OOFrontend.java	jablib/src/main/java/org/jabref/logic/openoffice/oocsltext/CSLReferenceMarkManager.java	9	30	3	0.33	true	false
jablib/src/main/java/org/jabref/logic/openoffice/style/OOPreFormatter.java	jablib/src/main/java/org/jabref/model/openoffice/CitationEntry.java	32	9	3	0.33	true	false
jablib/src/main/java/org/jabref/logic/preferences/CliPreferences.java	jablib/src/main/java/org/jabref/logic/util/io/AutoLinkPreferences.java	115	9	3	0.33	true	false
jablib/src/main/java/org/jabref/logic/preferences/CliPreferences.java	jablib/src/main/java/org/jabref/logic/xmp/XmpPreferences.java	115	9	3	0.33	true	false
jablib/src/main/java/org/jabref/logic/preferences/JabRefCliPreferences.java	jablib/src/main/java/org/jabref/logic/util/strings/QuotedStringTokenizer.java	1078	9	3	0.33	true	false
jablib/src/main/java/org/jabref/logic/preferences/JabRefCliPreferences.java	jablib/src/main/java/org/jabref/logic/xmp/XmpUtilShared.java	1078	9	3	0.33	true	false
jablib/src/main/java/org/jabref/logic/preferences/JabRefCliPreferences.java	jablib/src/main/java/org/jabref/model/openoffice/CitationEntry.java	1078	9	3	0.33	true	false
jablib/src/main/java/org/jabref/logic/shared/DBMSProcessor.java	jablib/src/main/java/org/jabref/model/database/CitationKeyListener.java	44	9	3	0.33	true	false
jablib/src/main/java/org/jabref/logic/util/io/FileNameCleaner.java	jablib/src/main/java/org/jabref/logic/util/strings/QuotedStringTokenizer.java	19	9	3	0.33	true	false
jablib/src/main/java/org/jabref/logic/util/strings/QuotedStringTokenizer.java	jablib/src/main/java/org/jabref/model/groups/AbstractGroup.java	9	58	3	0.33	true	false
jablib/src/main/java/org/jabref/logic/util/strings/QuotedStringTokenizer.java	jablib/src/main/java/org/jabref/model/groups/KeywordGroup.java	9	93	3	0.33	true	false
jablib/src/main/java/org/jabref/logic/util/strings/QuotedStringTokenizer.java	jablib/src/main/java/org/jabref/model/metadata/MetaData.java	9	201	3	0.33	true	false
jablib/src/main/java/org/jabref/logic/xmp/DublinCoreExtractor.java	jablib/src/main/java/org/jabref/logic/xmp/XmpPreferences.java	19	9	3	0.33	false	false
jablib/src/main/java/org/jabref/logic/xmp/DublinCoreExtractor.java	jablib/src/main/java/org/jabref/logic/xmp/XmpUtilShared.java	19	9	3	0.33	false	false
jablib/src/main/java/org/jabref/logic/xmp/XmpPreferences.java	jablib/src/main/java/org/jabref/logic/xmp/XmpUtilWriter.java	9	22	3	0.33	false	false
jablib/src/main/java/org/jabref/logic/xmp/XmpUtilReader.java	jablib/src/main/java/org/jabref/logic/xmp/XmpUtilShared.java	13	9	3	0.33	false	false
jablib/src/main/java/org/jabref/logic/xmp/XmpUtilShared.java	jablib/src/main/java/org/jabref/model/entry/BibEntry.java	9	312	3	0.33	true	false
jablib/src/main/java/org/jabref/model/database/BibDatabaseMode.java	jablib/src/main/java/org/jabref/model/entry/BibEntry.java	9	312	3	0.33	true	false
jablib/src/main/java/org/jabref/model/database/BibDatabaseMode.java	jablib/src/main/java/org/jabref/model/metadata/MetaData.java	9	201	3	0.33	true	false
jablib/src/main/java/org/jabref/model/entry/identifier/ArXivIdentifier.java	jablib/src/main/java/org/jabref/model/entry/identifier/Identifier.java	18	9	3	0.33	false	false
jabgui/src/main/java/org/jabref/gui/exporter/SaveDatabaseAction.java	jabgui/src/main/java/org/jabref/gui/importer/actions/OpenDatabaseAction.java	194	224	64	0.33	true	false
jabgui/src/main/java/org/jabref/gui/duplicationFinder/DuplicateSearch.java	jabgui/src/main/java/org/jabref/gui/entryeditor/EntryEditor.java	82	655	27	0.33	true	false
jabgui/src/main/java/org/jabref/gui/exporter/ExportToClipboardAction.java	jabgui/src/main/java/org/jabref/gui/exporter/SaveDatabaseAction.java	79	194	26	0.33	false	false
jabgui/src/main/java/org/jabref/gui/LibraryTab.java	jablib/src/main/java/org/jabref/logic/auxparser/DefaultAuxParser.java	1048	73	24	0.33	true	true
jablib/src/main/java/org/jabref/logic/importer/fileformat/MedlineImporter.java	jablib/src/main/java/org/jabref/logic/importer/fileformat/pdf/PdfContentImporter.java	58	108	19	0.33	true	false
jablib/src/main/java/org/jabref/logic/push/AbstractPushToApplication.java	jablib/src/main/java/org/jabref/logic/push/PushToLyx.java	50	49	16	0.33	false	false
jablib/src/main/java/org/jabref/logic/importer/ImportFormatReader.java	jablib/src/main/java/org/jabref/logic/importer/fileformat/BibtexImporter.java	197	40	13	0.33	true	false
jablib/src/main/java/org/jabref/logic/importer/fileformat/BibtexImporter.java	jablib/src/main/java/org/jabref/logic/importer/fileformat/BibtexParser.java	40	297	13	0.33	false	false
jablib/src/main/java/org/jabref/logic/importer/fileformat/BibtexImporter.java	jablib/src/main/java/org/jabref/logic/importer/fileformat/CopacImporter.java	40	37	12	0.32	false	false
jablib/src/main/java/org/jabref/logic/importer/fileformat/BibtexParser.java	jablib/src/main/java/org/jabref/logic/importer/fileformat/CopacImporter.java	297	37	12	0.32	false	false
jabgui/src/main/java/org/jabref/gui/frame/JabRefFrame.java	jabgui/src/main/java/org/jabref/gui/maintable/MainTable.java	1215	293	95	0.32	true	false
jablib/src/main/java/org/jabref/logic/preferences/JabRefCliPreferences.java	jablib/src/main/java/org/jabref/logic/push/PushToEmacs.java	1078	68	22	0.32	true	false
jabgui/src/main/java/org/jabref/gui/LibraryTab.java	jabgui/src/main/java/org/jabref/gui/externalfiletype/ExternalFileType.java	1048	34	11	0.32	true	false
jabgui/src/main/java/org/jabref/gui/preferences/PreferencesDialogView.java	jabgui/src/main/java/org/jabref/gui/preferences/general/GeneralTabViewModel.java	34	79	11	0.32	true	false
jabgui/src/main/java/org/jabref/gui/JabRefGUI.java	jabgui/src/main/java/org/jabref/gui/shared/SharedDatabaseUIManager.java	190	62	20	0.32	true	false
jabgui/src/main/java/org/jabref/gui/frame/JabRefFrame.java	jablib/src/main/java/org/jabref/logic/exporter/MSBibExporter.java	1215	31	10	0.32	true	true
jablib/src/main/java/org/jabref/logic/bibtex/FieldWriter.java	jablib/src/main/java/org/jabref/logic/layout/format/LatexToUnicodeFormatter.java	105	31	10	0.32	true	false
jablib/src/main/java/org/jabref/logic/layout/format/LatexToUnicodeFormatter.java	jablib/src/main/java/org/jabref/logic/preferences/JabRefCliPreferences.java	31	1078	10	0.32	true	false
jablib/src/main/java/org/jabref/logic/preferences/JabRefCliPreferences.java	jablib/src/main/java/org/jabref/logic/util/io/FileFinder.java	1078	31	10	0.32	true	false
jabgui/src/main/java/org/jabref/gui/LibraryTab.java	jabgui/src/main/java/org/jabref/gui/externalfiletype/ExternalFileTypes.java	1048	28	9	0.32	true	false
jabgui/src/main/java/org/jabref/gui/LibraryTab.java	jabgui/src/main/java/org/jabref/gui/menus/ChangeEntryTypeMenu.java	1048	28	9	0.32	true	false
jabgui/src/main/java/org/jabref/gui/maintable/RightClickMenu.java	jabgui/src/main/java/org/jabref/gui/menus/ChangeEntryTypeMenu.java	216	28	9	0.32	true	false
jabgui/src/main/java/org/jabref/gui/sidepane/SidePaneComponent.java	jablib/src/main/java/org/jabref/logic/preferences/JabRefCliPreferences.java	53	1078	17	0.32	true	true
jabgui/src/main/java/org/jabref/gui/entryeditor/EntryEditor.java	jabgui/src/main/java/org/jabref/gui/preferences/entryeditor/EntryEditorTabViewModel.java	655	25	8	0.32	true	false
jabgui/src/main/java/org/jabref/gui/entryeditor/EntryEditorPreferences.java	jabgui/src/main/java/org/jabref/gui/preferences/JabRefGuiPreferences.java	25	60	8	0.32	true	false
jabgui/src/main/java/org/jabref/gui/linkedfile/AttachFileAction.java	jabgui/src/main/java/org/jabref/gui/specialfields/SpecialFieldAction.java	44	25	8	0.32	true	false
jabgui/src/main/java/org/jabref/gui/preferences/entryeditor/EntryEditorTabViewModel.java	jablib/src/main/java/org/jabref/logic/preferences/CliPreferences.java	25	115	8	0.32	true	true
jabgui/src/main/java/org/jabref/gui/specialfields/SpecialFieldAction.java	jablib/src/main/java/org/jabref/logic/preferences/JabRefCliPreferences.java	25	1078	8	0.32	true	true
jablib/src/main/java/org/jabref/logic/formatter/bibtexfields/NormalizeNamesFormatter.java	jablib/src/main/java/org/jabref/logic/formatter/bibtexfields/NormalizePagesFormatter.java	26	25	8	0.32	false	false
jablib/src/main/java/org/jabref/model/entry/field/FieldProperty.java	jablib/src/main/java/org/jabref/model/entry/field/StandardField.java	25	37	8	0.32	false	false
jabgui/src/main/java/org/jabref/gui/preferences/customentrytypes/CustomEntryTypesTabViewModel.java	jablib/src/main/java/org/jabref/logic/preferences/JabRefCliPreferences.java	47	1078	15	0.32	true	true
jablib/src/main/java/org/jabref/logic/importer/Importer.java	jablib/src/main/java/org/jabref/logic/importer/fileformat/MedlineImporter.java	47	58	15	0.32	true	false
jablib/src/main/java/org/jabref/logic/importer/Importer.java	jablib/src/main/java/org/jabref/logic/importer/fileformat/RepecNepImporter.java	47	66	15	0.32	true	false
jablib/src/main/java/org/jabref/logic/importer/Importer.java	jablib/src/main/java/org/jabref/logic/importer/fileformat/pdf/PdfContentImporter.java	47	108	15	0.32	true	false
jablib/src/main/java/org/jabref/logic/preferences/JabRefCliPreferences.java	jablib/src/main/java/org/jabref/model/metadata/MetaData.java	1078	201	64	0.32	true	false
jablib/src/main/java/org/jabref/logic/exporter/TemplateExporter.java	jablib/src/main/java/org/jabref/logic/preferences/JabRefCliPreferences.java	88	1078	28	0.32	true	false
jabgui/src/main/java/org/jabref/gui/cleanup/CleanupAction.java	jablib/src/main/java/org/jabref/logic/preferences/JabRefCliPreferences.java	66	1078	21	0.32	true	true
jabgui/src/main/java/org/jabref/gui/entryeditor/EntryEditor.java	jabgui/src/main/java/org/jabref/gui/importer/NewEntryAction.java	655	44	14	0.32	true	false
jabgui/src/main/java/org/jabref/gui/exporter/ExportToClipboardAction.java	jabgui/src/main/java/org/jabref/gui/linkedfile/AttachFileAction.java	79	44	14	0.32	true	false
jabgui/src/main/java/org/jabref/gui/JabRefDialogService.java	jabgui/src/main/java/org/jabref/gui/util/BaseDialog.java	79	22	7	0.32	true	false
jabgui/src/main/java/org/jabref/gui/entryeditor/FieldsEditorTab.java	jabgui/src/main/java/org/jabref/gui/fieldeditors/SimpleEditor.java	48	22	7	0.32	true	false
jabgui/src/main/java/org/jabref/gui/frame/JabRefFrame.java	jabgui/src/main/java/org/jabref/gui/importer/fetcher/WebSearchPaneView.java	1215	22	7	0.32	true	false
jabgui/src/main/java/org/jabref/gui/openoffice/DetectOpenOfficeInstallation.java	jablib/src/main/java/org/jabref/logic/preferences/JabRefCliPreferences.java	22	1078	7	0.32	true	true
jabgui/src/main/java/org/jabref/gui/preferences/JabRefGuiPreferences.java	jabgui/src/main/java/org/jabref/gui/preferences/entryeditor/EntryEditorTab.java	60	22	7	0.32	true	false
jabgui/src/main/java/org/jabref/gui/preferences/PreferencesDialogViewModel.java	jabgui/src/main/java/org/jabref/gui/preferences/entryeditor/EntryEditorTab.java	59	22	7	0.32	true	false
jabgui/src/main/java/org/jabref/gui/preferences/entryeditor/EntryEditorTab.java	jablib/src/main/java/org/jabref/logic/preferences/CliPreferences.java	22	115	7	0.32	true	true
jablib/src/main/java/org/jabref/logic/bst/util/BstNameFormatter.java	jablib/src/main/java/org/jabref/logic/layout/format/DocBookAuthorFormatter.java	22	35	7	0.32	true	false
jablib/src/main/java/org/jabref/logic/bst/util/BstNameFormatter.java	jablib/src/main/java/org/jabref/logic/layout/format/NameFormatter.java	22	26	7	0.32	true	false
jablib/src/main/java/org/jabref/logic/cleanup/MoveFilesCleanup.java	jablib/src/main/java/org/jabref/logic/preferences/JabRefCliPreferences.java	22	1078	7	0.32	true	false
jablib/src/main/java/org/jabref/logic/cleanup/MoveFilesCleanup.java	jablib/src/main/java/org/jabref/logic/util/io/DatabaseFileLookup.java	22	51	7	0.32	true	false
jabgui/src/main/java/org/jabref/gui/LibraryTab.java	jabgui/src/main/java/org/jabref/gui/mergeentries/threewaymerge/MergeEntriesDialog.java	1048	63	20	0.32	true	false
jabgui/src/main/java/org/jabref/gui/frame/JabRefFrame.java	jablib/src/main/java/org/jabref/logic/layout/LayoutHelper.java	1215	63	20	0.32	true	true
jabgui/src/main/java/org/jabref/Launcher.java	jabgui/src/main/java/org/jabref/cli/ArgumentProcessor.java	159	123	39	0.32	true	false
jabgui/src/main/java/org/jabref/gui/duplicationFinder/DuplicateResolverDialog.java	jabgui/src/main/java/org/jabref/gui/duplicationFinder/DuplicateSearch.java	86	82	26	0.32	false	false
jabgui/src/main/java/org/jabref/gui/importer/actions/OpenDatabaseAction.java	jabgui/src/main/java/org/jabref/gui/preferences/customimporter/CustomImporterTab.java	224	101	32	0.32	true	false
jabgui/src/main/java/org/jabref/gui/JabRefDialogService.java	jabgui/src/main/java/org/jabref/gui/frame/JabRefFrame.java	79	1215	25	0.32	true	false
jabgui/src/main/java/org/jabref/gui/LibraryTab.java	jablib/src/main/java/org/jabref/logic/shared/DBMSSynchronizer.java	1048	38	12	0.32	true	true
jabgui/src/main/java/org/jabref/gui/exporter/SaveDatabaseAction.java	jablib/src/main/java/org/jabref/logic/util/FileType.java	194	19	6	0.32	true	true
jabgui/src/main/java/org/jabref/gui/frame/JabRefFrame.java	jabgui/src/main/java/org/jabref/gui/frame/JabRefFrameViewModel.java	1215	19	6	0.32	false	false
jabgui/src/main/java/org/jabref/gui/frame/JabRefFrameViewModel.java	jablib/src/main/java/org/jabref/logic/preferences/JabRefCliPreferences.java	19	1078	6	0.32	true	true
jabgui/src/main/java/org/jabref/gui/importer/actions/OpenDatabaseAction.java	jablib/src/main/java/org/jabref/logic/util/FileType.java	224	19	6	0.32	true	true
jabgui/src/main/java/org/jabref/gui/openoffice/OOBibBase.java	jablib/src/main/java/org/jabref/logic/openoffice/style/JStyleLoader.java	159	19	6	0.32	true	true
jablib/src/main/java/org/jabref/logic/database/DuplicateCheck.java	jablib/src/main/java/org/jabref/model/database/BibDatabaseModeDetection.java	86	19	6	0.32	true	false
jablib/src/main/java/org/jabref/logic/importer/fileformat/EndnoteXmlImporter.java	jablib/src/main/java/org/jabref/logic/importer/fileformat/MedlineImporter.java	19	58	6	0.32	false	false
jablib/src/main/java/org/jabref/logic/importer/fileformat/EndnoteXmlImporter.java	jablib/src/main/java/org/jabref/logic/importer/fileformat/ModsImporter.java	19	31	6	0.32	false	false
jablib/src/main/java/org/jabref/logic/util/io/FileNameCleaner.java	jablib/src/main/java/org/jabref/logic/util/io/RegExpBasedFileFinder.java	19	59	6	0.32	false	false
jablib/src/main/java/org/jabref/model/database/BibDatabase.java	jablib/src/main/java/org/jabref/model/database/BibDatabaseModeDetection.java	209	19	6	0.32	false	false
jabgui/src/main/java/org/jabref/gui/auximport/FromAuxDialog.java	jablib/src/main/java/org/jabref/logic/auxparser/DefaultAuxParser.java	86	73	23	0.32	true	true
jabgui/src/main/java/org/jabref/gui/frame/JabRefFrame.java	jablib/src/main/java/org/jabref/logic/bibtex/FieldWriter.java	1215	105	33	0.31	true	true
jabgui/src/main/java/org/jabref/gui/entryeditor/EntryEditor.java	jablib/src/main/java/org/jabref/logic/importer/fileformat/EndnoteImporter.java	655	70	22	0.31	true	true
jablib/src/main/java/org/jabref/logic/importer/fileformat/EndnoteImporter.java	jablib/src/main/java/org/jabref/logic/preferences/JabRefCliPreferences.java	70	1078	22	0.31	true	false
jabgui/src/main/java/org/jabref/gui/LibraryTab.java	jablib/src/main/java/org/jabref/logic/exporter/SaveConfiguration.java	1048	35	11	0.31	true	true
jablib/src/main/java/org/jabref/logic/exporter/SaveConfiguration.java	jablib/src/main/java/org/jabref/logic/exporter/TemplateExporter.java	35	88	11	0.31	false	false
jablib/src/main/java/org/jabref/logic/importer/fetcher/GoogleScholar.java	jablib/src/main/java/org/jabref/logic/importer/fetcher/ScienceDirect.java	36	35	11	0.31	false	false
jabgui/src/main/java/org/jabref/gui/autosaveandbackup/BackupManager.java	jablib/src/main/java/org/jabref/logic/exporter/BibDatabaseWriter.java	51	89	16	0.31	true	true
jabgui/src/main/java/org/jabref/gui/maintable/MainTable.java	jabgui/src/main/java/org/jabref/gui/maintable/MainTableColumnFactory.java	293	64	20	0.31	false	false
jabgui/src/main/java/org/jabref/gui/LibraryTab.java	jablib/src/main/java/org/jabref/logic/importer/fileformat/BiblioscapeImporter.java	1048	48	15	0.31	true	true
jabgui/src/main/java/org/jabref/gui/entryeditor/FieldsEditorTab.java	jabgui/src/main/java/org/jabref/gui/frame/JabRefFrame.java	48	1215	15	0.31	true	false
jabgui/src/main/java/org/jabref/gui/frame/JabRefFrame.java	jablib/src/main/java/org/jabref/logic/journals/JournalAbbreviationRepository.java	1215	32	10	0.31	true	true
jablib/src/main/java/org/jabref/logic/openoffice/style/OOPreFormatter.java	jablib/src/main/java/org/jabref/logic/util/strings/StringUtil.java	32	109	10	0.31	true	false
jabgui/src/main/java/org/jabref/gui/JabRefGUI.java	jabgui/src/main/java/org/jabref/gui/WorkspacePreferences.java	190	16	5	0.31	false	false
jabgui/src/main/java/org/jabref/gui/LibraryTab.java	jabgui/src/main/java/org/jabref/gui/edit/CopyDoiUrlAction.java	1048	16	5	0.31	true	false
jabgui/src/main/java/org/jabref/gui/WorkspacePreferences.java	jablib/src/main/java/org/jabref/logic/preferences/CliPreferences.java	16	115	5	0.31	true	true
jabgui/src/main/java/org/jabref/gui/autocompleter/WordSuggestionProvider.java	jabgui/src/main/java/org/jabref/gui/entryeditor/EntryEditorTab.java	16	143	5	0.31	true	false
jabgui/src/main/java/org/jabref/gui/autocompleter/WordSuggestionProvider.java	jabgui/src/main/java/org/jabref/gui/frame/JabRefFrame.java	16	1215	5	0.31	true	false
jabgui/src/main/java/org/jabref/gui/clipboard/ClipBoardManager.java	jabgui/src/main/java/org/jabref/gui/edit/CopyDoiUrlAction.java	43	16	5	0.31	true	false
jabgui/src/main/java/org/jabref/gui/desktop/os/DefaultDesktop.java	jablib/src/main/java/org/jabref/logic/preferences/JabRefCliPreferences.java	16	1078	5	0.31	true	true
jabgui/src/main/java/org/jabref/gui/edit/CopyDoiUrlAction.java	jabgui/src/main/java/org/jabref/gui/fieldeditors/contextmenu/EditorMenus.java	16	18	5	0.31	true	false
jabgui/src/main/java/org/jabref/gui/edit/CopyDoiUrlAction.java	jablib/src/main/java/org/jabref/logic/importer/FulltextFetchers.java	16	65	5	0.31	true	true
jabgui/src/main/java/org/jabref/gui/edit/CopyDoiUrlAction.java	jablib/src/main/java/org/jabref/logic/importer/fetcher/ACS.java	16	25	5	0.31	true	true
jabgui/src/main/java/org/jabref/gui/edit/CopyDoiUrlAction.java	jablib/src/main/java/org/jabref/logic/importer/fetcher/DoiFetcher.java	16	53	5	0.31	true	true
jabgui/src/main/java/org/jabref/gui/edit/CopyDoiUrlAction.java	jablib/src/main/java/org/jabref/logic/importer/fetcher/IEEE.java	16	55	5	0.31	true	true
jabgui/src/main/java/org/jabref/gui/edit/CopyDoiUrlAction.java	jablib/src/main/java/org/jabref/logic/importer/fetcher/ScienceDirect.java	16	35	5	0.31	true	true
jabgui/src/main/java/org/jabref/gui/edit/CopyDoiUrlAction.java	jablib/src/main/java/org/jabref/logic/importer/fetcher/SpringerNatureFullTextFetcher.java	16	32	5	0.31	true	true
jabgui/src/main/java/org/jabref/gui/edit/CopyDoiUrlAction.java	jablib/src/main/java/org/jabref/logic/layout/format/DOIStrip.java	16	18	5	0.31	true	true
jabgui/src/main/java/org/jabref/gui/entryeditor/EntryEditor.java	jabgui/src/main/java/org/jabref/gui/fieldeditors/PersonsEditor.java	655	16	5	0.31	true	false
jabgui/src/main/java/org/jabref/gui/entryeditor/FieldsEditorTab.java	jabgui/src/main/java/org/jabref/gui/fieldeditors/PersonsEditor.java	48	16	5	0.31	true	false
jabgui/src/main/java/org/jabref/gui/entryeditor/LatexCitationsTabViewModel.java	jabgui/src/main/java/org/jabref/gui/texparser/ParseLatexResultView.java	32	16	5	0.31	true	false
jabgui/src/main/java/org/jabref/gui/externalfiles/UnlinkedFilesDialogViewModel.java	jabgui/src/main/java/org/jabref/gui/frame/JabRefFrame.java	16	1215	5	0.31	true	false
jabgui/src/main/java/org/jabref/gui/externalfiles/UnlinkedFilesDialogViewModel.java	jablib/src/main/java/org/jabref/logic/util/io/FileUtil.java	16	142	5	0.31	true	true
jabgui/src/main/java/org/jabref/gui/fieldeditors/LinkedFileViewModel.java	jabgui/src/main/java/org/jabref/gui/preferences/customimporter/CustomImporterTabViewModel.java	114	16	5	0.31	true	false
jabgui/src/main/java/org/jabref/gui/fieldeditors/PersonsEditor.java	jabgui/src/main/java/org/jabref/gui/fieldeditors/identifier/IdentifierEditor.java	16	28	5	0.31	true	false
jabgui/src/main/java/org/jabref/gui/frame/JabRefFrame.java	jabgui/src/main/java/org/jabref/gui/preferences/external/ExternalTabViewModel.java	1215	16	5	0.31	true	false
jabgui/src/main/java/org/jabref/gui/frame/SendAsEMailAction.java	jablib/src/main/java/org/jabref/logic/cleanup/RelativePathsCleanup.java	66	16	5	0.31	true	true
jabgui/src/main/java/org/jabref/gui/icon/IconTheme.java	jabgui/src/main/java/org/jabref/gui/preferences/external/ExternalTabViewModel.java	170	16	5	0.31	true	false
jabgui/src/main/java/org/jabref/gui/maintable/ColumnPreferencesRecorder.java	jabgui/src/main/java/org/jabref/gui/maintable/columns/FieldColumn.java	17	16	5	0.31	true	false
jabgui/src/main/java/org/jabref/gui/maintable/MainTable.java	jabgui/src/main/java/org/jabref/gui/maintable/columns/FieldColumn.java	293	16	5	0.31	true	false
jabgui/src/main/java/org/jabref/gui/maintable/MainTableColumnFactory.java	jabgui/src/main/java/org/jabref/gui/util/ValueTableCellFactory.java	64	16	5	0.31	true	false
jabgui/src/main/java/org/jabref/gui/maintable/columns/FieldColumn.java	jablib/src/main/java/org/jabref/logic/preferences/JabRefCliPreferences.java	16	1078	5	0.31	true	true
jabgui/src/main/java/org/jabref/gui/openoffice/StyleSelectDialogView.java	jablib/src/main/java/org/jabref/logic/preview/BstPreviewLayout.java	29	16	5	0.31	true	true
jabgui/src/main/java/org/jabref/gui/preferences/customimporter/CustomImporterTabViewModel.java	jablib/src/main/java/org/jabref/logic/importer/util/GrobidService.java	16	20	5	0.31	true	true
jabgui/src/main/java/org/jabref/gui/preferences/general/GeneralTabViewModel.java	jablib/src/main/java/org/jabref/logic/remote/RemotePreferences.java	79	16	5	0.31	true	true
jabgui/src/main/java/org/jabref/gui/preferences/preview/PreviewTab.java	jablib/src/main/java/org/jabref/logic/preview/BstPreviewLayout.java	42	16	5	0.31	true	true
jabgui/src/main/java/org/jabref/gui/texparser/ParseLatexResultView.java	jabgui/src/main/java/org/jabref/gui/util/FileNodeViewModel.java	16	16	5	0.31	true	false
jabgui/src/main/java/org/jabref/gui/texparser/ParseLatexResultView.java	jablib/src/main/java/org/jabref/model/texparser/Citation.java	16	20	5	0.31	true	true
jablib/src/main/java/org/jabref/logic/FilePreferences.java	jablib/src/main/java/org/jabref/logic/cleanup/RelativePathsCleanup.java	28	16	5	0.31	true	false
jablib/src/main/java/org/jabref/logic/bibtex/comparator/EntryComparator.java	jablib/src/main/java/org/jabref/logic/layout/format/AuthorAbbreviator.java	55	16	5	0.31	true	false
jablib/src/main/java/org/jabref/logic/bibtex/comparator/FieldComparator.java	jablib/src/main/java/org/jabref/logic/layout/format/AuthorAbbreviator.java	72	16	5	0.31	true	false
jablib/src/main/java/org/jabref/logic/cleanup/RelativePathsCleanup.java	jablib/src/main/java/org/jabref/logic/importer/util/FileFieldParser.java	16	30	5	0.31	true	false
jablib/src/main/java/org/jabref/logic/importer/SearchBasedFetcher.java	jablib/src/main/java/org/jabref/logic/importer/fetcher/MedlineFetcher.java	16	111	5	0.31	true	false
jablib/src/main/java/org/jabref/logic/importer/fetcher/MedlineFetcher.java	jablib/src/main/java/org/jabref/logic/layout/format/AuthorAbbreviator.java	111	16	5	0.31	true	false
jablib/src/main/java/org/jabref/logic/importer/fileformat/BibtexParser.java	jablib/src/main/java/org/jabref/logic/layout/format/AuthorLastFirstAbbreviator.java	297	16	5	0.31	true	false
jablib/src/main/java/org/jabref/logic/importer/fileformat/EndnoteImporter.java	jablib/src/main/java/org/jabref/logic/layout/format/AuthorAbbreviator.java	70	16	5	0.31	true	false
jablib/src/main/java/org/jabref/logic/integrity/EditionChecker.java	jablib/src/main/java/org/jabref/logic/integrity/IntegrityCheck.java	16	81	5	0.31	false	false
jablib/src/main/java/org/jabref/logic/remote/RemotePreferences.java	jablib/src/main/java/org/jabref/logic/remote/server/RemoteListenerServer.java	16	18	5	0.31	true	false
jablib/src/main/java/org/jabref/logic/shared/DBMSSynchronizer.java	jablib/src/main/java/org/jabref/model/entry/event/FieldChangedEvent.java	38	16	5	0.31	true	false
jablib/src/main/java/org/jabref/model/entry/types/BiblatexEntryTypeDefinitions.java	jablib/src/main/java/org/jabref/model/entry/types/EntryType.java	46	16	5	0.31	false	false
jablib/src/main/java/org/jabref/model/entry/types/BibtexEntryTypeDefinitions.java	jablib/src/main/java/org/jabref/model/entry/types/EntryType.java	45	16	5	0.31	false	false
jablib/src/main/java/org/jabref/model/entry/types/EntryType.java	jablib/src/main/java/org/jabref/model/entry/types/IEEETranEntryTypeDefinitions.java	16	23	5	0.31	false	false
jabsrv/src/main/java/org/jabref/http/server/Server.java	jabsrv/src/main/java/org/jabref/http/server/cayw/CAYWResource.java	20	16	5	0.31	true	false
jabgui/src/main/java/org/jabref/gui/frame/JabRefFrame.java	jablib/src/main/java/org/jabref/model/groups/KeywordGroup.java	1215	93	29	0.31	true	true
jabgui/src/main/java/org/jabref/gui/frame/JabRefFrame.java	jabgui/src/main/java/org/jabref/gui/icon/IconTheme.java	1215	170	53	0.31	true	false
jabgui/src/main/java/org/jabref/gui/LibraryTab.java	jabgui/src/main/java/org/jabref/gui/importer/actions/CheckForNewEntryTypesAction.java	1048	45	14	0.31	true	false
jabgui/src/main/java/org/jabref/gui/importer/actions/CheckForNewEntryTypesAction.java	jablib/src/main/java/org/jabref/logic/preferences/JabRefCliPreferences.java	45	1078	14	0.31	true	true
jablib/src/main/java/org/jabref/logic/importer/util/GroupsParser.java	jablib/src/main/java/org/jabref/model/groups/ExplicitGroup.java	45	81	14	0.31	true	false
jabgui/src/main/java/org/jabref/gui/help/HelpAction.java	jabgui/src/main/java/org/jabref/gui/openoffice/OpenOfficePanel.java	58	230	18	0.31	true	false
jabgui/src/main/java/org/jabref/gui/help/HelpAction.java	jablib/src/main/java/org/jabref/logic/preferences/JabRefCliPreferences.java	58	1078	18	0.31	true	true
jablib/src/main/java/org/jabref/logic/importer/ImportFormatReader.java	jablib/src/main/java/org/jabref/logic/importer/fileformat/MedlineImporter.java	197	58	18	0.31	true	false
jabgui/src/main/java/org/jabref/gui/LibraryTab.java	jablib/src/main/java/org/jabref/logic/push/PushToTeXstudio.java	1048	29	9	0.31	true	true
jabgui/src/main/java/org/jabref/gui/frame/JabRefFrame.java	jabgui/src/main/java/org/jabref/gui/preview/PreviewPanel.java	1215	29	9	0.31	true	false
jabgui/src/main/java/org/jabref/gui/openoffice/OpenOfficePanel.java	jabgui/src/main/java/org/jabref/gui/openoffice/StyleSelectDialogView.java	230	29	9	0.31	false	false
jabgui/src/main/java/org/jabref/gui/openoffice/OpenOfficePanel.java	jablib/src/main/java/org/jabref/logic/push/PushToTeXstudio.java	230	29	9	0.31	true	true
jabgui/src/main/java/org/jabref/gui/LibraryTab.java	jablib/src/main/java/org/jabref/logic/cleanup/CleanupWorker.java	1048	42	13	0.31	true	true
jabgui/src/main/java/org/jabref/gui/preferences/PreferencesDialogViewModel.java	jabgui/src/main/java/org/jabref/gui/preferences/general/GeneralTab.java	59	55	17	0.31	true	false
jabgui/src/main/java/org/jabref/cli/ArgumentProcessor.java	jabgui/src/main/java/org/jabref/gui/LibraryTab.java	123	1048	38	0.31	true	false
jabgui/src/main/java/org/jabref/cli/ArgumentProcessor.java	jabgui/src/main/java/org/jabref/gui/frame/JabRefFrame.java	123	1215	38	0.31	true	false
jabgui/src/main/java/org/jabref/gui/openoffice/OpenOfficePanel.java	jablib/src/main/java/org/jabref/logic/openoffice/style/JStyle.java	230	104	32	0.31	true	true
jabgui/src/main/java/org/jabref/gui/maintable/MainTable.java	jablib/src/main/java/org/jabref/logic/exporter/OpenDocumentRepresentation.java	293	39	12	0.31	true	true
jablib/src/main/java/org/jabref/logic/exporter/OpenDocumentRepresentation.java	jablib/src/main/java/org/jabref/model/entry/BibEntry.java	39	312	12	0.31	true	false
jabgui/src/main/java/org/jabref/gui/LibraryTab.java	jablib/src/main/java/org/jabref/logic/layout/format/NameFormatter.java	1048	26	8	0.31	true	true
jabgui/src/main/java/org/jabref/gui/entryeditor/RelatedArticlesTab.java	jablib/src/main/java/org/jabref/logic/importer/fileformat/MrDLibImporter.java	37	26	8	0.31	true	true
jabgui/src/main/java/org/jabref/gui/preview/PreviewPanel.java	jabgui/src/main/java/org/jabref/gui/search/GlobalSearchResultDialog.java	29	26	8	0.31	true	false
jablib/src/main/java/org/jabref/logic/formatter/bibtexfields/NormalizeNamesFormatter.java	jablib/src/main/java/org/jabref/logic/formatter/casechanger/ProtectTermsFormatter.java	26	33	8	0.31	true	false
jablib/src/main/java/org/jabref/logic/formatter/bibtexfields/NormalizeNamesFormatter.java	jablib/src/main/java/org/jabref/logic/preferences/JabRefCliPreferences.java	26	1078	8	0.31	true	false
jablib/src/main/java/org/jabref/logic/importer/fetcher/MrDLibFetcher.java	jablib/src/main/java/org/jabref/logic/importer/fileformat/MrDLibImporter.java	28	26	8	0.31	true	false
jablib/src/main/java/org/jabref/logic/importer/fileformat/MrDLibImporter.java	jablib/src/main/java/org/jabref/logic/importer/fileformat/MsBibImporter.java	26	31	8	0.31	false	false
jablib/src/main/java/org/jabref/logic/layout/format/DocBookAuthorFormatter.java	jablib/src/main/java/org/jabref/logic/layout/format/NameFormatter.java	35	26	8	0.31	false	false
jablib/src/main/java/org/jabref/logic/layout/format/NameFormatter.java	jablib/src/main/java/org/jabref/logic/preferences/JabRefCliPreferences.java	26	1078	8	0.31	true	false
jabgui/src/main/java/org/jabref/cli/ArgumentProcessor.java	jablib/src/main/java/org/jabref/logic/bibtex/FieldPreferences.java	123	13	4	0.31	true	true
jabgui/src/main/java/org/jabref/cli/ArgumentProcessor.java	jablib/src/main/java/org/jabref/logic/externalfiles/ExternalFilesContentImporter.java	123	13	4	0.31	true	true
jabgui/src/main/java/org/jabref/cli/ArgumentProcessor.java	jablib/src/main/java/org/jabref/logic/shared/prefs/SharedDatabasePreferences.java	123	13	4	0.31	true	true
jabgui/src/main/java/org/jabref/gui/JabRefGUI.java	jabgui/src/main/java/org/jabref/gui/slr/StartNewStudyAction.java	190	13	4	0.31	true	false
jabgui/src/main/java/org/jabref/gui/JabRefGUI.java	jablib/src/main/java/org/jabref/logic/externalfiles/ExternalFilesContentImporter.java	190	13	4	0.31	true	true
jabgui/src/main/java/org/jabref/gui/JabRefGUI.java	jablib/src/main/java/org/jabref/logic/shared/prefs/SharedDatabasePreferences.java	190	13	4	0.31	true	true
jabgui/src/main/java/org/jabref/gui/LibraryTab.java	jabgui/src/main/java/org/jabref/gui/autosaveandbackup/AutosaveManager.java	1048	13	4	0.31	true	false
jabgui/src/main/java/org/jabref/gui/LibraryTab.java	jabgui/src/main/java/org/jabref/gui/fieldeditors/LinkedEntriesEditor.java	1048	13	4	0.31	true	false
jabgui/src/main/java/org/jabref/gui/LibraryTab.java	jabgui/src/main/java/org/jabref/gui/slr/StartNewStudyAction.java	1048	13	4	0.31	true	false
jabgui/src/main/java/org/jabref/gui/autocompleter/SuggestionProviders.java	jablib/src/main/java/org/jabref/logic/preferences/JabRefCliPreferences.java	13	1078	4	0.31	true	true
jabgui/src/main/java/org/jabref/gui/autosaveandbackup/AutosaveManager.java	jabgui/src/main/java/org/jabref/gui/exporter/SaveDatabaseAction.java	13	194	4	0.31	true	false
jabgui/src/main/java/org/jabref/gui/autosaveandbackup/AutosaveManager.java	jablib/src/main/java/org/jabref/model/database/BibDatabase.java	13	209	4	0.31	true	true
jabgui/src/main/java/org/jabref/gui/citationkeypattern/GenerateCitationKeyAction.java	jabgui/src/main/java/org/jabref/gui/duplicationFinder/DuplicateSearch.java	13	82	4	0.31	true	false
jabgui/src/main/java/org/jabref/gui/citationkeypattern/GenerateCitationKeyAction.java	jabgui/src/main/java/org/jabref/gui/importer/actions/OpenDatabaseAction.java	13	224	4	0.31	true	false
jabgui/src/main/java/org/jabref/gui/citationkeypattern/GenerateCitationKeyAction.java	jabgui/src/main/java/org/jabref/gui/shared/SharedDatabaseUIManager.java	13	62	4	0.31	true	false
jabgui/src/main/java/org/jabref/gui/cleanup/CleanupAction.java	jabgui/src/main/java/org/jabref/gui/importer/fetcher/LookupIdentifierAction.java	66	13	4	0.31	true	false
jabgui/src/main/java/org/jabref/gui/collab/ChangeScanner.java	jablib/src/main/java/org/jabref/logic/externalfiles/ExternalFilesContentImporter.java	135	13	4	0.31	true	true
jabgui/src/main/java/org/jabref/gui/collab/entrychange/EntryChangeDetailsView.java	jabgui/src/main/java/org/jabref/gui/collab/metedatachange/MetadataChangeDetailsView.java	18	13	4	0.31	true	false
jabgui/src/main/java/org/jabref/gui/entryeditor/EntryEditor.java	jabgui/src/main/java/org/jabref/gui/entryeditor/fileannotationtab/FileAnnotationViewModel.java	655	13	4	0.31	true	false
jabgui/src/main/java/org/jabref/gui/entryeditor/EntryEditor.java	jablib/src/main/java/org/jabref/logic/ai/AiService.java	655	13	4	0.31	true	true
jabgui/src/main/java/org/jabref/gui/entryeditor/fileannotationtab/FileAnnotationTab.java	jabgui/src/main/java/org/jabref/gui/entryeditor/fileannotationtab/FileAnnotationViewModel.java	90	13	4	0.31	false	false
jabgui/src/main/java/org/jabref/gui/entryeditor/fileannotationtab/FileAnnotationTabViewModel.java	jabgui/src/main/java/org/jabref/gui/entryeditor/fileannotationtab/FileAnnotationViewModel.java	21	13	4	0.31	false	false
jabgui/src/main/java/org/jabref/gui/exporter/SaveDatabaseAction.java	jabgui/src/main/java/org/jabref/gui/importer/fetcher/LookupIdentifierAction.java	194	13	4	0.31	true	false
jabgui/src/main/java/org/jabref/gui/fieldeditors/AbstractEditorViewModel.java	jabgui/src/main/java/org/jabref/gui/fieldeditors/OwnerEditor.java	14	13	4	0.31	false	false
jabgui/src/main/java/org/jabref/gui/fieldeditors/JournalEditor.java	jabgui/src/main/java/org/jabref/gui/fieldeditors/LinkedEntriesEditor.java	21	13	4	0.31	false	false
jabgui/src/main/java/org/jabref/gui/fieldeditors/KeywordsEditor.java	jablib/src/main/java/org/jabref/model/entry/KeywordList.java	13	18	4	0.31	true	true
jabgui/src/main/java/org/jabref/gui/fieldeditors/LinkedEntriesEditor.java	jabgui/src/main/java/org/jabref/gui/fieldeditors/LinkedFilesEditor.java	13	86	4	0.31	false	false
jabgui/src/main/java/org/jabref/gui/fieldeditors/LinkedEntriesEditor.java	jabgui/src/main/java/org/jabref/gui/fieldeditors/OwnerEditor.java	13	13	4	0.31	false	false
jabgui/src/main/java/org/jabref/gui/fieldeditors/LinkedEntriesEditor.java	jabgui/src/main/java/org/jabref/gui/fieldeditors/UrlEditor.java	13	18	4	0.31	false	false
jabgui/src/main/java/org/jabref/gui/fieldeditors/LinkedEntriesEditor.java	jabgui/src/main/java/org/jabref/gui/fieldeditors/identifier/IdentifierEditor.java	13	28	4	0.31	true	false
jabgui/src/main/java/org/jabref/gui/fieldeditors/LinkedFileViewModel.java	jablib/src/main/java/org/jabref/logic/externalfiles/ExternalFilesContentImporter.java	114	13	4	0.31	true	true
jabgui/src/main/java/org/jabref/gui/fieldeditors/LinkedFileViewModel.java	jablib/src/main/java/org/jabref/logic/xmp/XmpUtilReader.java	114	13	4	0.31	true	true
jabgui/src/main/java/org/jabref/gui/fieldeditors/LinkedFilesEditor.java	jabgui/src/main/java/org/jabref/gui/fieldeditors/OwnerEditor.java	86	13	4	0.31	false	false
jabgui/src/main/java/org/jabref/gui/frame/JabRefFrame.java	jablib/src/main/java/org/jabref/logic/externalfiles/ExternalFilesContentImporter.java	1215	13	4	0.31	true	true
jabgui/src/main/java/org/jabref/gui/frame/JabRefFrame.java	jablib/src/main/java/org/jabref/logic/layout/format/RemoveLatexCommandsFormatter.java	1215	13	4	0.31	true	true
jabgui/src/main/java/org/jabref/gui/frame/JabRefFrame.java	jablib/src/main/java/org/jabref/logic/shared/DBMSConnection.java	1215	13	4	0.31	true	true
jabgui/src/main/java/org/jabref/gui/frame/SendAsEMailAction.java	jablib/src/main/java/org/jabref/logic/bibtex/FieldPreferences.java	66	13	4	0.31	true	true
jabgui/src/main/java/org/jabref/gui/frame/SendAsEMailAction.java	jablib/src/main/java/org/jabref/logic/bibtex/comparator/BibtexStringComparator.java	66	13	4	0.31	true	true
jabgui/src/main/java/org/jabref/gui/importer/actions/OpenDatabaseAction.java	jabgui/src/main/java/org/jabref/gui/slr/StartNewStudyAction.java	224	13	4	0.31	true	false
jabgui/src/main/java/org/jabref/gui/importer/actions/OpenDatabaseAction.java	jablib/src/main/java/org/jabref/logic/externalfiles/ExternalFilesContentImporter.java	224	13	4	0.31	true	true
jabgui/src/main/java/org/jabref/gui/importer/actions/OpenDatabaseAction.java	jablib/src/main/java/org/jabref/logic/shared/prefs/SharedDatabasePreferences.java	224	13	4	0.31	true	true
jabgui/src/main/java/org/jabref/gui/keyboard/KeyBindingRepository.java	jabgui/src/main/java/org/jabref/gui/preferences/keybindings/KeyBindingViewModel.java	17	13	4	0.31	true	false
jabgui/src/main/java/org/jabref/gui/openoffice/OOBibBase.java	jablib/src/main/java/org/jabref/logic/bibtex/comparator/BibtexStringComparator.java	159	13	4	0.31	true	true
jabgui/src/main/java/org/jabref/gui/openoffice/OpenOfficePanel.java	jablib/src/main/java/org/jabref/logic/openoffice/oocsltext/CSLUpdateBibliography.java	230	13	4	0.31	true	true
jabgui/src/main/java/org/jabref/gui/preferences/customimporter/CustomImporterTabViewModel.java	jablib/src/main/java/org/jabref/logic/externalfiles/ExternalFilesContentImporter.java	16	13	4	0.31	true	true
jabgui/src/main/java/org/jabref/gui/slr/ManageStudyDefinitionView.java	jabgui/src/main/java/org/jabref/gui/slr/StartNewStudyAction.java	19	13	4	0.31	false	false
jabgui/src/main/java/org/jabref/gui/slr/StartNewStudyAction.java	jablib/src/main/java/org/jabref/logic/git/GitHandler.java	13	19	4	0.31	true	true
jabgui/src/main/java/org/jabref/gui/slr/StartNewStudyAction.java	jablib/src/main/java/org/jabref/logic/preferences/JabRefCliPreferences.java	13	1078	4	0.31	true	true
jabgui/src/main/java/org/jabref/gui/slr/StartNewStudyAction.java	jablib/src/main/java/org/jabref/model/study/Study.java	13	14	4	0.31	true	true
jabgui/src/main/java/org/jabref/gui/texparser/ParseLatexDialogViewModel.java	jablib/src/main/java/org/jabref/logic/externalfiles/ExternalFilesContentImporter.java	30	13	4	0.31	true	true
jabkit/src/main/java/org/jabref/toolkit/commands/CheckConsistency.java	jablib/src/main/java/org/jabref/logic/quality/consistency/BibliographyConsistencyCheck.java	16	13	4	0.31	true	true
jablib/src/main/java/org/jabref/logic/bibtex/comparator/BibtexStringComparator.java	jablib/src/main/java/org/jabref/logic/bibtex/comparator/CrossRefEntryComparator.java	13	13	4	0.31	false	false
jablib/src/main/java/org/jabref/logic/bibtex/comparator/BibtexStringComparator.java	jablib/src/main/java/org/jabref/logic/database/DuplicateCheck.java	13	86	4	0.31	true	false
jablib/src/main/java/org/jabref/logic/bibtex/comparator/BibtexStringComparator.java	jablib/src/main/java/org/jabref/logic/exporter/OOCalcDatabase.java	13	38	4	0.31	true	false
jablib/src/main/java/org/jabref/logic/bibtex/comparator/BibtexStringComparator.java	jablib/src/main/java/org/jabref/logic/exporter/OpenDocumentRepresentation.java	13	39	4	0.31	true	false
jablib/src/main/java/org/jabref/logic/bibtex/comparator/BibtexStringComparator.java	jablib/src/main/java/org/jabref/model/database/BibDatabase.java	13	209	4	0.31	true	false
jablib/src/main/java/org/jabref/logic/bibtex/comparator/CrossRefEntryComparator.java	jablib/src/main/java/org/jabref/logic/preferences/JabRefCliPreferences.java	13	1078	4	0.31	true	false
jablib/src/main/java/org/jabref/logic/citationkeypattern/CitationKeyGenerator.java	jablib/src/main/java/org/jabref/model/entry/EntryConverter.java	201	13	4	0.31	true	false
jablib/src/main/java/org/jabref/logic/citationstyle/CitationStyle.java	jablib/src/main/java/org/jabref/logic/openoffice/oocsltext/CSLFormatUtils.java	41	13	4	0.31	true	false
jablib/src/main/java/org/jabref/logic/externalfiles/ExternalFilesContentImporter.java	jablib/src/main/java/org/jabref/logic/preferences/CliPreferences.java	13	115	4	0.31	true	false
jablib/src/main/java/org/jabref/logic/externalfiles/ExternalFilesContentImporter.java	jablib/src/main/java/org/jabref/logic/texparser/TexBibEntriesResolver.java	13	18	4	0.31	true	false
jablib/src/main/java/org/jabref/logic/formatter/Formatter.java	jablib/src/main/java/org/jabref/logic/formatter/bibtexfields/UnicodeToLatexFormatter.java	13	16	4	0.31	true	false
jablib/src/main/java/org/jabref/logic/importer/FulltextFetchers.java	jablib/src/main/java/org/jabref/logic/integrity/ISSNChecker.java	65	13	4	0.31	true	false
jablib/src/main/java/org/jabref/logic/importer/fetcher/ACS.java	jablib/src/main/java/org/jabref/logic/integrity/ISSNChecker.java	25	13	4	0.31	true	false
jablib/src/main/java/org/jabref/logic/importer/fetcher/CrossRef.java	jablib/src/main/java/org/jabref/logic/integrity/ISSNChecker.java	43	13	4	0.31	true	false
jablib/src/main/java/org/jabref/logic/importer/fetcher/DoiResolution.java	jablib/src/main/java/org/jabref/logic/integrity/ISSNChecker.java	48	13	4	0.31	true	false
jablib/src/main/java/org/jabref/logic/importer/fetcher/IEEE.java	jablib/src/main/java/org/jabref/logic/integrity/ISSNChecker.java	55	13	4	0.31	true	false
jablib/src/main/java/org/jabref/logic/importer/fetcher/ScienceDirect.java	jablib/src/main/java/org/jabref/logic/integrity/ISSNChecker.java	35	13	4	0.31	true	false
jablib/src/main/java/org/jabref/logic/importer/fetcher/SpringerNatureFullTextFetcher.java	jablib/src/main/java/org/jabref/logic/integrity/ISSNChecker.java	32	13	4	0.31	true	false
jablib/src/main/java/org/jabref/logic/importer/fileformat/IsiImporter.java	jablib/src/main/java/org/jabref/logic/layout/format/CreateBibORDFAuthors.java	95	13	4	0.31	true	false
jablib/src/main/java/org/jabref/logic/importer/fileformat/MarcXmlParser.java	jablib/src/main/java/org/jabref/logic/importer/fileformat/PicaXmlParser.java	13	37	4	0.31	false	false
jablib/src/main/java/org/jabref/logic/importer/fileformat/pdf/PdfContentImporter.java	jablib/src/main/java/org/jabref/logic/integrity/ISSNChecker.java	108	13	4	0.31	true	false
jablib/src/main/java/org/jabref/logic/l10n/Language.java	jablib/src/main/java/org/jabref/logic/preferences/JabRefCliPreferences.java	13	1078	4	0.31	true	false
jablib/src/main/java/org/jabref/logic/layout/Layout.java	jablib/src/main/java/org/jabref/logic/layout/format/CreateBibORDFAuthors.java	53	13	4	0.31	true	false
jablib/src/main/java/org/jabref/logic/layout/Layout.java	jablib/src/main/java/org/jabref/logic/layout/format/RemoveLatexCommandsFormatter.java	53	13	4	0.31	true	false
jablib/src/main/java/org/jabref/logic/layout/format/CreateBibORDFAuthors.java	jablib/src/main/java/org/jabref/logic/layout/format/HTMLChars.java	13	55	4	0.31	false	false
jablib/src/main/java/org/jabref/logic/layout/format/CreateBibORDFAuthors.java	jablib/src/main/java/org/jabref/logic/layout/format/LatexToUnicodeFormatter.java	13	31	4	0.31	false	false
jablib/src/main/java/org/jabref/logic/layout/format/CreateBibORDFAuthors.java	jablib/src/main/java/org/jabref/logic/layout/format/RTFChars.java	13	39	4	0.31	false	false
jablib/src/main/java/org/jabref/logic/layout/format/CreateBibORDFAuthors.java	jablib/src/main/java/org/jabref/logic/msbib/MSBibEntry.java	13	74	4	0.31	true	false
jablib/src/main/java/org/jabref/logic/layout/format/CreateBibORDFAuthors.java	jablib/src/main/java/org/jabref/logic/util/io/RegExpBasedFileFinder.java	13	59	4	0.31	true	false
jablib/src/main/java/org/jabref/logic/layout/format/CreateBibORDFAuthors.java	jablib/src/main/java/org/jabref/model/groups/ExplicitGroup.java	13	81	4	0.31	true	false
jablib/src/main/java/org/jabref/logic/layout/format/RemoveLatexCommandsFormatter.java	jablib/src/main/java/org/jabref/logic/preferences/JabRefCliPreferences.java	13	1078	4	0.31	true	false
jablib/src/main/java/org/jabref/logic/layout/format/RemoveLatexCommandsFormatter.java	jablib/src/main/java/org/jabref/model/groups/KeywordGroup.java	13	93	4	0.31	true	false
jablib/src/main/java/org/jabref/logic/msbib/MSBibConverter.java	jablib/src/main/java/org/jabref/model/entry/EntryConverter.java	30	13	4	0.31	true	false
jablib/src/main/java/org/jabref/logic/openoffice/oocsltext/CSLFormatUtils.java	jablib/src/main/java/org/jabref/logic/openoffice/oocsltext/CSLReferenceMarkManager.java	13	30	4	0.31	false	false
jablib/src/main/java/org/jabref/logic/openoffice/oocsltext/CSLReferenceMarkManager.java	jablib/src/main/java/org/jabref/logic/openoffice/oocsltext/CSLUpdateBibliography.java	30	13	4	0.31	false	false
jablib/src/main/java/org/jabref/logic/preferences/JabRefCliPreferences.java	jablib/src/main/java/org/jabref/logic/xmp/XmpUtilReader.java	1078	13	4	0.31	true	false
jablib/src/main/java/org/jabref/model/database/BibDatabaseModeDetection.java	jablib/src/main/java/org/jabref/model/entry/EntryConverter.java	19	13	4	0.31	true	false
jablib/src/main/java/org/jabref/model/entry/EntryConverter.java	jablib/src/main/java/org/jabref/model/entry/types/IEEETranEntryTypeDefinitions.java	13	23	4	0.31	true	false
jabgui/src/main/java/org/jabref/gui/entryeditor/EntryEditor.java	jabgui/src/main/java/org/jabref/gui/frame/JabRefFrame.java	655	1215	201	0.31	true	false
jabgui/src/main/java/org/jabref/gui/frame/JabRefFrame.java	jabgui/src/main/java/org/jabref/gui/search/GlobalSearchBar.java	1215	111	34	0.31	true	false
jablib/src/main/java/org/jabref/model/database/BibDatabase.java	jablib/src/main/java/org/jabref/model/entry/BibEntry.java	209	312	64	0.31	true	false
jabgui/src/main/java/org/jabref/gui/importer/actions/OpenDatabaseAction.java	jablib/src/main/java/org/jabref/logic/push/PushToLyx.java	224	49	15	0.31	true	true
jabgui/src/main/java/org/jabref/gui/DialogService.java	jabgui/src/main/java/org/jabref/gui/LibraryTab.java	36	1048	11	0.31	false	false
jabgui/src/main/java/org/jabref/gui/DialogService.java	jabgui/src/main/java/org/jabref/gui/frame/JabRefFrame.java	36	1215	11	0.31	true	false
jabgui/src/main/java/org/jabref/gui/auximport/NewSubLibraryAction.java	jabgui/src/main/java/org/jabref/gui/entryeditor/EntryEditor.java	36	655	11	0.31	true	false
jabgui/src/main/java/org/jabref/gui/auximport/NewSubLibraryAction.java	jablib/src/main/java/org/jabref/logic/preferences/JabRefCliPreferences.java	36	1078	11	0.31	true	true
jabgui/src/main/java/org/jabref/gui/importer/actions/OpenDatabaseAction.java	jablib/src/main/java/org/jabref/logic/exporter/OpenDocumentSpreadsheetCreator.java	224	36	11	0.31	true	true
jablib/src/main/java/org/jabref/logic/importer/FulltextFetchers.java	jablib/src/main/java/org/jabref/logic/importer/fetcher/GoogleScholar.java	65	36	11	0.31	true	false
jabgui/src/main/java/org/jabref/gui/frame/JabRefFrame.java	jablib/src/main/java/org/jabref/logic/util/io/RegExpBasedFileFinder.java	1215	59	18	0.31	true	true
jabgui/src/main/java/org/jabref/gui/LibraryTab.java	jablib/src/main/java/org/jabref/logic/importer/ImportFormatReader.java	1048	197	60	0.30	true	true
jabgui/src/main/java/org/jabref/gui/frame/JabRefFrame.java	jabgui/src/main/java/org/jabref/gui/openoffice/OpenOfficePanel.java	1215	230	70	0.30	true	false
jabgui/src/main/java/org/jabref/gui/preferences/preview/PreviewTabViewModel.java	jablib/src/main/java/org/jabref/logic/preferences/JabRefCliPreferences.java	46	1078	14	0.30	true	true
jabgui/src/main/java/org/jabref/Launcher.java	jabgui/src/main/java/org/jabref/gui/preferences/network/NetworkTabViewModel.java	159	23	7	0.30	true	false
jabgui/src/main/java/org/jabref/gui/openoffice/OOBibBase.java	jabgui/src/main/java/org/jabref/gui/openoffice/StyleSelectDialogViewModel.java	159	23	7	0.30	false	false
jabgui/src/main/java/org/jabref/gui/preferences/PreferencesDialogViewModel.java	jabgui/src/main/java/org/jabref/gui/preferences/network/NetworkTabViewModel.java	59	23	7	0.30	true	false
jabgui/src/main/java/org/jabref/gui/preferences/general/GeneralTabViewModel.java	jabgui/src/main/java/org/jabref/gui/preferences/network/NetworkTabViewModel.java	79	23	7	0.30	true	false
jabgui/src/main/java/org/jabref/gui/preferences/network/NetworkTabViewModel.java	jablib/src/main/java/org/jabref/logic/preferences/CliPreferences.java	23	115	7	0.30	true	true
jablib/src/main/java/org/jabref/logic/msbib/BibTeXConverter.java	jablib/src/main/java/org/jabref/model/entry/types/BiblatexEntryTypeDefinitions.java	23	46	7	0.30	true	false
jabgui/src/main/java/org/jabref/gui/exporter/ExportToClipboardAction.java	jablib/src/main/java/org/jabref/logic/preferences/JabRefCliPreferences.java	79	1078	24	0.30	true	true
jabgui/src/main/java/org/jabref/gui/collab/ChangeScanner.java	jabgui/src/main/java/org/jabref/gui/exporter/SaveDatabaseAction.java	135	194	41	0.30	true	false
jabgui/src/main/java/org/jabref/gui/exporter/SaveDatabaseAction.java	jablib/src/main/java/org/jabref/logic/exporter/BibDatabaseWriter.java	194	89	27	0.30	true	true
jabgui/src/main/java/org/jabref/gui/exporter/SaveDatabaseAction.java	jabgui/src/main/java/org/jabref/gui/frame/SendAsEMailAction.java	194	66	20	0.30	true	false
jabgui/src/main/java/org/jabref/gui/openoffice/OOBibBase.java	jablib/src/main/java/org/jabref/logic/openoffice/OpenOfficePreferences.java	159	33	10	0.30	true	true
jabgui/src/main/java/org/jabref/gui/LibraryTab.java	jablib/src/main/java/org/jabref/logic/util/io/FileUtil.java	1048	142	43	0.30	true	true
jablib/src/main/java/org/jabref/logic/layout/Layout.java	jablib/src/main/java/org/jabref/logic/preferences/JabRefCliPreferences.java	53	1078	16	0.30	true	false
jablib/src/main/java/org/jabref/logic/exporter/TemplateExporter.java	jablib/src/main/java/org/jabref/logic/layout/LayoutHelper.java	88	63	19	0.30	true	false
jablib/src/main/java/org/jabref/logic/auxparser/DefaultAuxParser.java	jablib/src/main/java/org/jabref/model/database/BibDatabase.java	73	209	22	0.30	true	false
jablib/src/main/java/org/jabref/logic/importer/fileformat/BibtexImporter.java	jablib/src/main/java/org/jabref/logic/importer/fileformat/EndnoteImporter.java	40	70	12	0.30	false	false
jablib/src/main/java/org/jabref/logic/importer/fileformat/BibtexImporter.java	jablib/src/main/java/org/jabref/logic/importer/fileformat/InspecImporter.java	40	44	12	0.30	false	false
jablib/src/main/java/org/jabref/logic/importer/fileformat/BibtexImporter.java	jablib/src/main/java/org/jabref/logic/importer/fileformat/MedlinePlainImporter.java	40	60	12	0.30	false	false
jablib/src/main/java/org/jabref/logic/importer/fileformat/BibtexImporter.java	jablib/src/main/java/org/jabref/logic/importer/fileformat/OvidImporter.java	40	57	12	0.30	false	false
jablib/src/main/java/org/jabref/logic/importer/fileformat/BibtexImporter.java	jablib/src/main/java/org/jabref/logic/importer/fileformat/RisImporter.java	40	94	12	0.30	false	false
jablib/src/main/java/org/jabref/logic/importer/fileformat/BibtexImporter.java	jablib/src/main/java/org/jabref/logic/importer/fileformat/pdf/PdfContentImporter.java	40	108	12	0.30	true	false
jabgui/src/main/java/org/jabref/gui/entryeditor/LatexCitationsTab.java	jablib/src/main/java/org/jabref/logic/texparser/DefaultLatexParser.java	30	42	9	0.30	true	true
jabgui/src/main/java/org/jabref/gui/exporter/ExportCommand.java	jabgui/src/main/java/org/jabref/gui/exporter/SaveDatabaseAction.java	30	194	9	0.30	false	false
jabgui/src/main/java/org/jabref/gui/texparser/ParseLatexDialogViewModel.java	jablib/src/main/java/org/jabref/logic/texparser/DefaultLatexParser.java	30	42	9	0.30	true	true
jablib/src/main/java/org/jabref/logic/layout/format/HTMLChars.java	jablib/src/main/java/org/jabref/logic/layout/format/XMLChars.java	55	30	9	0.30	false	false
jabgui/src/main/java/org/jabref/gui/LibraryTab.java	jabgui/src/main/java/org/jabref/gui/externalfiles/AutoSetFileLinksUtil.java	1048	20	6	0.30	true	false
jabgui/src/main/java/org/jabref/gui/LibraryTab.java	jabgui/src/main/java/org/jabref/gui/preview/PreviewPreferences.java	1048	20	6	0.30	true	false
jabgui/src/main/java/org/jabref/gui/frame/JabRefFrame.java	jabgui/src/main/java/org/jabref/gui/preview/PreviewPreferences.java	1215	20	6	0.30	true	false
jabgui/src/main/java/org/jabref/gui/maintable/RightClickMenu.java	jablib/src/main/java/org/jabref/logic/util/UpdateField.java	216	20	6	0.30	true	true
jabgui/src/main/java/org/jabref/gui/preferences/customentrytypes/CustomEntryTypesTabViewModel.java	jablib/src/main/java/org/jabref/model/entry/BibEntryTypesManager.java	47	20	6	0.30	true	true
jabgui/src/main/java/org/jabref/gui/preview/CopyCitationAction.java	jablib/src/main/java/org/jabref/logic/citationstyle/CitationStyleGenerator.java	24	20	6	0.30	true	true
jablib/src/main/java/org/jabref/logic/citationkeypattern/CitationKeyGenerator.java	jablib/src/main/java/org/jabref/logic/util/UpdateField.java	201	20	6	0.30	true	false
jablib/src/main/java/org/jabref/logic/citationkeypattern/CitationKeyPatternPreferences.java	jablib/src/main/java/org/jabref/model/metadata/MetaData.java	20	201	6	0.30	true	false
jablib/src/main/java/org/jabref/logic/citationstyle/CitationStyleGenerator.java	jablib/src/main/java/org/jabref/logic/openoffice/oocsltext/CSLCitationOOAdapter.java	20	90	6	0.30	true	false
jablib/src/main/java/org/jabref/logic/citationstyle/CitationStyleGenerator.java	jablib/src/main/java/org/jabref/logic/preferences/JabRefCliPreferences.java	20	1078	6	0.30	true	false
jablib/src/main/java/org/jabref/logic/importer/ImportFormatReader.java	jablib/src/main/java/org/jabref/logic/importer/util/GrobidService.java	197	20	6	0.30	true	false
jablib/src/main/java/org/jabref/logic/importer/SearchBasedParserFetcher.java	jablib/src/main/java/org/jabref/logic/importer/fetcher/AstrophysicsDataSystem.java	20	42	6	0.30	true	false
jablib/src/main/java/org/jabref/logic/importer/SearchBasedParserFetcher.java	jablib/src/main/java/org/jabref/logic/importer/fetcher/GoogleScholar.java	20	36	6	0.30	true	false
jablib/src/main/java/org/jabref/logic/importer/SearchBasedParserFetcher.java	jablib/src/main/java/org/jabref/logic/importer/fetcher/IEEE.java	20	55	6	0.30	true	false
jablib/src/main/java/org/jabref/logic/importer/WebFetchers.java	jablib/src/main/java/org/jabref/logic/importer/util/GrobidService.java	102	20	6	0.30	true	false
jablib/src/main/java/org/jabref/logic/importer/fetcher/GoogleScholar.java	jablib/src/main/java/org/jabref/logic/importer/fetcher/ZbMATH.java	36	20	6	0.30	false	false
jablib/src/main/java/org/jabref/logic/importer/fetcher/IEEE.java	jablib/src/main/java/org/jabref/logic/importer/fetcher/ZbMATH.java	55	20	6	0.30	false	false
jablib/src/main/java/org/jabref/logic/util/UpdateField.java	jablib/src/main/java/org/jabref/logic/util/io/FileUtil.java	20	142	6	0.30	true	false
jabgui/src/main/java/org/jabref/Launcher.java	jablib/src/main/java/org/jabref/logic/exporter/Exporter.java	159	10	3	0.30	true	true
jabgui/src/main/java/org/jabref/Launcher.java	jablib/src/main/java/org/jabref/logic/journals/AbbreviationPreferences.java	159	10	3	0.30	true	true
jabgui/src/main/java/org/jabref/cli/ArgumentProcessor.java	jablib/src/main/java/org/jabref/logic/journals/AbbreviationPreferences.java	123	10	3	0.30	true	true
jabgui/src/main/java/org/jabref/gui/DialogService.java	jabgui/src/main/java/org/jabref/gui/util/FileDialogConfiguration.java	36	10	3	0.30	true	false
jabgui/src/main/java/org/jabref/gui/JabRefGUI.java	jablib/src/main/java/org/jabref/logic/util/DelayTaskThrottler.java	190	10	3	0.30	true	true
jabgui/src/main/java/org/jabref/gui/LibraryTab.java	jabgui/src/main/java/org/jabref/gui/libraryproperties/LibraryPropertiesAction.java	1048	10	3	0.30	true	false
jabgui/src/main/java/org/jabref/gui/LibraryTab.java	jabgui/src/main/java/org/jabref/gui/libraryproperties/constants/ConstantsPropertiesViewModel.java	1048	10	3	0.30	true	false
jabgui/src/main/java/org/jabref/gui/LibraryTab.java	jabgui/src/main/java/org/jabref/gui/linkedfile/LinkedFileEditDialog.java	1048	10	3	0.30	true	false
jabgui/src/main/java/org/jabref/gui/LibraryTab.java	jabgui/src/main/java/org/jabref/gui/maintable/OpenUrlAction.java	1048	10	3	0.30	true	false
jabgui/src/main/java/org/jabref/gui/LibraryTab.java	jabgui/src/main/java/org/jabref/gui/util/FileDialogConfiguration.java	1048	10	3	0.30	true	false
jabgui/src/main/java/org/jabref/gui/LibraryTab.java	jablib/src/main/java/org/jabref/logic/layout/LayoutFormatterPreferences.java	1048	10	3	0.30	true	true
jabgui/src/main/java/org/jabref/gui/actions/ActionHelper.java	jablib/src/main/java/org/jabref/logic/git/status/GitStatusChecker.java	33	10	3	0.30	true	true
jabgui/src/main/java/org/jabref/gui/autosaveandbackup/AutosaveManager.java	jablib/src/main/java/org/jabref/logic/util/DelayTaskThrottler.java	13	10	3	0.30	true	true
jabgui/src/main/java/org/jabref/gui/autosaveandbackup/BackupManager.java	jablib/src/main/java/org/jabref/logic/util/DelayTaskThrottler.java	51	10	3	0.30	true	true
jabgui/src/main/java/org/jabref/gui/cleanup/CleanupAction.java	jablib/src/main/java/org/jabref/logic/journals/AbbreviationPreferences.java	66	10	3	0.30	true	true
jabgui/src/main/java/org/jabref/gui/collab/ChangeScanner.java	jablib/src/main/java/org/jabref/logic/layout/format/Iso690NamesAuthors.java	135	10	3	0.30	true	true
jabgui/src/main/java/org/jabref/gui/collab/DatabaseChangeDetailsViewFactory.java	jabgui/src/main/java/org/jabref/gui/collab/DatabaseChangeMonitor.java	10	28	3	0.30	false	false
jabgui/src/main/java/org/jabref/gui/collab/DatabaseChangeDetailsViewFactory.java	jabgui/src/main/java/org/jabref/gui/collab/entrychange/EntryChangeResolver.java	10	11	3	0.30	true	false
jabgui/src/main/java/org/jabref/gui/collab/entrychange/EntryChangeDetailsView.java	jabgui/src/main/java/org/jabref/gui/collab/entrychange/PreviewWithSourceTab.java	18	10	3	0.30	false	false
jabgui/src/main/java/org/jabref/gui/dialogs/BackupUIManager.java	jablib/src/main/java/org/jabref/logic/remote/RemoteUtil.java	32	10	3	0.30	true	true
jabgui/src/main/java/org/jabref/gui/duplicationFinder/DuplicateSearch.java	jabgui/src/main/java/org/jabref/gui/externalfiles/FindUnlinkedFilesAction.java	82	10	3	0.30	true	false
jabgui/src/main/java/org/jabref/gui/entryeditor/EntryEditor.java	jabgui/src/main/java/org/jabref/gui/fieldeditors/JournalEditorViewModel.java	655	10	3	0.30	true	false
jabgui/src/main/java/org/jabref/gui/entryeditor/EntryEditor.java	jablib/src/main/java/org/jabref/logic/importer/fileformat/pdf/PdfEmbeddedBibFileImporter.java	655	10	3	0.30	true	true
jabgui/src/main/java/org/jabref/gui/entryeditor/EntryEditor.java	jablib/src/main/java/org/jabref/logic/journals/AbbreviationPreferences.java	655	10	3	0.30	true	true
jabgui/src/main/java/org/jabref/gui/entryeditor/fileannotationtab/FileAnnotationTabView.java	jabgui/src/main/java/org/jabref/gui/entryeditor/fileannotationtab/FileAnnotationViewModel.java	10	13	3	0.30	false	false
jabgui/src/main/java/org/jabref/gui/entryeditor/fileannotationtab/FileAnnotationTabView.java	jabgui/src/main/java/org/jabref/gui/errorconsole/ErrorConsoleView.java	10	15	3	0.30	true	false
jabgui/src/main/java/org/jabref/gui/entryeditor/fileannotationtab/FileAnnotationTabView.java	jabgui/src/main/java/org/jabref/gui/fieldeditors/LinkedFilesEditor.java	10	86	3	0.30	true	false
jabgui/src/main/java/org/jabref/gui/entryeditor/fileannotationtab/FileAnnotationTabView.java	jabgui/src/main/java/org/jabref/gui/importer/ImportEntriesDialog.java	10	33	3	0.30	true	false
jabgui/src/main/java/org/jabref/gui/entryeditor/fileannotationtab/FileAnnotationTabView.java	jabgui/src/main/java/org/jabref/gui/openoffice/StyleSelectDialogView.java	10	29	3	0.30	true	false
jabgui/src/main/java/org/jabref/gui/entryeditor/fileannotationtab/FileAnnotationTabView.java	jabgui/src/main/java/org/jabref/gui/preferences/journals/JournalAbbreviationsTab.java	10	26	3	0.30	true	false
jabgui/src/main/java/org/jabref/gui/exporter/ExportCommand.java	jablib/src/main/java/org/jabref/logic/exporter/Exporter.java	30	10	3	0.30	true	true
jabgui/src/main/java/org/jabref/gui/exporter/ExportCommand.java	jablib/src/main/java/org/jabref/logic/layout/LayoutFormatterPreferences.java	30	10	3	0.30	true	true
jabgui/src/main/java/org/jabref/gui/exporter/SaveDatabaseAction.java	jabgui/src/main/java/org/jabref/gui/util/FileDialogConfiguration.java	194	10	3	0.30	true	false
jabgui/src/main/java/org/jabref/gui/exporter/SaveDatabaseAction.java	jablib/src/main/java/org/jabref/logic/exporter/Exporter.java	194	10	3	0.30	true	true
jabgui/src/main/java/org/jabref/gui/externalfiles/FindUnlinkedFilesAction.java	jabgui/src/main/java/org/jabref/gui/importer/ImportEntriesViewModel.java	10	49	3	0.30	true	false
jabgui/src/main/java/org/jabref/gui/externalfiles/FindUnlinkedFilesAction.java	jabgui/src/main/java/org/jabref/gui/importer/NewEntryAction.java	10	44	3	0.30	true	false
jabgui/src/main/java/org/jabref/gui/externalfiles/FindUnlinkedFilesAction.java	jabgui/src/main/java/org/jabref/gui/libraryproperties/LibraryPropertiesAction.java	10	10	3	0.30	true	false
jabgui/src/main/java/org/jabref/gui/externalfiles/FindUnlinkedFilesAction.java	jabgui/src/main/java/org/jabref/gui/maintable/MainTable.java	10	293	3	0.30	true	false
jabgui/src/main/java/org/jabref/gui/externalfiles/ImportHandler.java	jabgui/src/main/java/org/jabref/gui/libraryproperties/constants/ConstantsPropertiesViewModel.java	86	10	3	0.30	true	false
jabgui/src/main/java/org/jabref/gui/externalfiles/ImportHandler.java	jablib/src/main/java/org/jabref/logic/importer/fileformat/pdf/PdfEmbeddedBibFileImporter.java	86	10	3	0.30	true	true
jabgui/src/main/java/org/jabref/gui/fieldeditors/AbstractEditorViewModel.java	jabgui/src/main/java/org/jabref/gui/fieldeditors/LinkedEntriesEditorViewModel.java	14	10	3	0.30	false	false
jabgui/src/main/java/org/jabref/gui/fieldeditors/JournalEditor.java	jabgui/src/main/java/org/jabref/gui/fieldeditors/LinkedEntriesEditorViewModel.java	21	10	3	0.30	false	false
jabgui/src/main/java/org/jabref/gui/fieldeditors/JournalEditorViewModel.java	jabgui/src/main/java/org/jabref/gui/fieldeditors/LinkedEntriesEditor.java	10	13	3	0.30	false	false
jabgui/src/main/java/org/jabref/gui/fieldeditors/JournalEditorViewModel.java	jabgui/src/main/java/org/jabref/gui/fieldeditors/LinkedEntriesEditorViewModel.java	10	10	3	0.30	false	false
jabgui/src/main/java/org/jabref/gui/fieldeditors/JournalEditorViewModel.java	jabgui/src/main/java/org/jabref/gui/fieldeditors/LinkedFilesEditor.java	10	86	3	0.30	false	false
jabgui/src/main/java/org/jabref/gui/fieldeditors/JournalEditorViewModel.java	jabgui/src/main/java/org/jabref/gui/fieldeditors/LinkedFilesEditorViewModel.java	10	68	3	0.30	false	false
jabgui/src/main/java/org/jabref/gui/fieldeditors/JournalEditorViewModel.java	jablib/src/main/java/org/jabref/logic/preferences/JabRefCliPreferences.java	10	1078	3	0.30	true	true
jabgui/src/main/java/org/jabref/gui/fieldeditors/LinkedEntriesEditorViewModel.java	jabgui/src/main/java/org/jabref/gui/fieldeditors/LinkedFilesEditor.java	10	86	3	0.30	false	false
jabgui/src/main/java/org/jabref/gui/fieldeditors/LinkedEntriesEditorViewModel.java	jabgui/src/main/java/org/jabref/gui/fieldeditors/LinkedFilesEditorViewModel.java	10	68	3	0.30	false	false
jabgui/src/main/java/org/jabref/gui/fieldeditors/LinkedEntriesEditorViewModel.java	jabgui/src/main/java/org/jabref/gui/fieldeditors/OwnerEditor.java	10	13	3	0.30	false	false
jabgui/src/main/java/org/jabref/gui/fieldeditors/LinkedEntriesEditorViewModel.java	jabgui/src/main/java/org/jabref/gui/fieldeditors/PersonsEditor.java	10	16	3	0.30	false	false
jabgui/src/main/java/org/jabref/gui/fieldeditors/LinkedEntriesEditorViewModel.java	jabgui/src/main/java/org/jabref/gui/fieldeditors/SimpleEditor.java	10	22	3	0.30	false	false
jabgui/src/main/java/org/jabref/gui/fieldeditors/LinkedEntriesEditorViewModel.java	jabgui/src/main/java/org/jabref/gui/fieldeditors/UrlEditor.java	10	18	3	0.30	false	false
jabgui/src/main/java/org/jabref/gui/fieldeditors/LinkedEntriesEditorViewModel.java	jabgui/src/main/java/org/jabref/gui/fieldeditors/identifier/IdentifierEditor.java	10	28	3	0.30	true	false
jabgui/src/main/java/org/jabref/gui/fieldeditors/LinkedEntriesEditorViewModel.java	jabgui/src/main/java/org/jabref/gui/frame/JabRefFrame.java	10	1215	3	0.30	true	false
jabgui/src/main/java/org/jabref/gui/fieldeditors/LinkedFilesEditor.java	jabgui/src/main/java/org/jabref/gui/preferences/table/TableTab.java	86	10	3	0.30	true	false
jabgui/src/main/java/org/jabref/gui/fieldeditors/URLUtil.java	jablib/src/main/java/org/jabref/logic/remote/RemoteUtil.java	14	10	3	0.30	true	true
jabgui/src/main/java/org/jabref/gui/frame/JabRefFrame.java	jabgui/src/main/java/org/jabref/gui/maintable/OpenUrlAction.java	1215	10	3	0.30	true	false
jabgui/src/main/java/org/jabref/gui/frame/JabRefFrame.java	jabgui/src/main/java/org/jabref/gui/preferences/table/TableTab.java	1215	10	3	0.30	true	false
jabgui/src/main/java/org/jabref/gui/frame/JabRefFrame.java	jablib/src/main/java/org/jabref/logic/layout/LayoutFormatterPreferences.java	1215	10	3	0.30	true	true
jabgui/src/main/java/org/jabref/gui/frame/JabRefFrame.java	test-support/src/main/java/org/jabref/support/BibEntryAssert.java	1215	10	3	0.30	true	true
jabgui/src/main/java/org/jabref/gui/frame/OpenConsoleAction.java	jabgui/src/main/java/org/jabref/gui/maintable/OpenUrlAction.java	11	10	3	0.30	true	false
jabgui/src/main/java/org/jabref/gui/groups/GroupDescriptions.java	jablib/src/main/java/org/jabref/logic/remote/RemoteUtil.java	12	10	3	0.30	true	true
jabgui/src/main/java/org/jabref/gui/groups/GroupDialogViewModel.java	jabgui/src/main/java/org/jabref/gui/preferences/groups/GroupsTab.java	44	10	3	0.30	true	false
jabgui/src/main/java/org/jabref/gui/groups/GroupTreeView.java	jabgui/src/main/java/org/jabref/gui/preferences/groups/GroupsTab.java	92	10	3	0.30	true	false
jabgui/src/main/java/org/jabref/gui/icon/IconTheme.java	jabgui/src/main/java/org/jabref/gui/preferences/journals/AbbreviationsFileViewModel.java	170	10	3	0.30	true	false
jabgui/src/main/java/org/jabref/gui/icon/IconTheme.java	jablib/src/main/java/org/jabref/model/search/SearchDisplayMode.java	170	10	3	0.30	true	true
jabgui/src/main/java/org/jabref/gui/importer/NewEntryAction.java	jabgui/src/main/java/org/jabref/gui/libraryproperties/LibraryPropertiesAction.java	44	10	3	0.30	true	false
jabgui/src/main/java/org/jabref/gui/importer/actions/OpenDatabaseAction.java	jabgui/src/main/java/org/jabref/gui/util/FileDialogConfiguration.java	224	10	3	0.30	true	false
jabgui/src/main/java/org/jabref/gui/importer/actions/OpenDatabaseAction.java	jablib/src/main/java/org/jabref/logic/exporter/Exporter.java	224	10	3	0.30	true	true
jabgui/src/main/java/org/jabref/gui/importer/fetcher/LookupIdentifierAction.java	jabgui/src/main/java/org/jabref/gui/libraryproperties/LibraryPropertiesAction.java	13	10	3	0.30	true	false
jabgui/src/main/java/org/jabref/gui/libraryproperties/LibraryPropertiesAction.java	jabgui/src/main/java/org/jabref/gui/preferences/ShowPreferencesAction.java	10	12	3	0.30	true	false
jabgui/src/main/java/org/jabref/gui/libraryproperties/constants/ConstantsPropertiesViewModel.java	jablib/src/main/java/org/jabref/model/entry/BibtexString.java	10	34	3	0.30	true	true
jabgui/src/main/java/org/jabref/gui/linkedfile/LinkedFileEditDialog.java	jabgui/src/main/java/org/jabref/gui/maintable/RightClickMenu.java	10	216	3	0.30	true	false
jabgui/src/main/java/org/jabref/gui/linkedfile/LinkedFileEditDialog.java	jablib/src/main/java/org/jabref/logic/FilePreferences.java	10	28	3	0.30	true	true
jabgui/src/main/java/org/jabref/gui/linkedfile/LinkedFileEditDialog.java	jablib/src/main/java/org/jabref/logic/preferences/CliPreferences.java	10	115	3	0.30	true	true
jabgui/src/main/java/org/jabref/gui/maintable/RightClickMenu.java	jablib/src/main/java/org/jabref/logic/layout/LayoutFormatterPreferences.java	216	10	3	0.30	true	true
jabgui/src/main/java/org/jabref/gui/newentry/NewEntryViewModel.java	jablib/src/main/java/org/jabref/logic/util/io/FileNameUniqueness.java	17	10	3	0.30	true	true
jabgui/src/main/java/org/jabref/gui/openoffice/OpenOfficePanel.java	jablib/src/main/java/org/jabref/logic/journals/AbbreviationPreferences.java	230	10	3	0.30	true	true
jabgui/src/main/java/org/jabref/gui/preferences/JabRefGuiPreferences.java	jablib/src/main/java/org/jabref/logic/util/io/FileNameUniqueness.java	60	10	3	0.30	true	true
jabgui/src/main/java/org/jabref/gui/preferences/PreferencesDialogView.java	jabgui/src/main/java/org/jabref/gui/preferences/groups/GroupsTab.java	34	10	3	0.30	true	false
jabgui/src/main/java/org/jabref/gui/preferences/PreferencesDialogView.java	jabgui/src/main/java/org/jabref/gui/preferences/table/TableTab.java	34	10	3	0.30	true	false
jabgui/src/main/java/org/jabref/gui/preferences/PreferencesDialogViewModel.java	jabgui/src/main/java/org/jabref/gui/push/GuiPushToApplicationSettings.java	59	10	3	0.30	true	false
jabgui/src/main/java/org/jabref/gui/preferences/PreferencesDialogViewModel.java	jabgui/src/main/java/org/jabref/gui/util/FieldsUtil.java	59	10	3	0.30	true	false
jabgui/src/main/java/org/jabref/gui/preferences/PreferencesDialogViewModel.java	jablib/src/main/java/org/jabref/logic/InternalPreferences.java	59	10	3	0.30	true	true
jabgui/src/main/java/org/jabref/gui/preferences/citationkeypattern/CitationKeyPatternTabViewModel.java	jabgui/src/main/java/org/jabref/gui/preferences/general/GeneralTab.java	10	55	3	0.30	true	false
jabgui/src/main/java/org/jabref/gui/preferences/citationkeypattern/CitationKeyPatternTabViewModel.java	jabgui/src/main/java/org/jabref/gui/preferences/general/GeneralTabViewModel.java	10	79	3	0.30	true	false
jabgui/src/main/java/org/jabref/gui/preferences/citationkeypattern/CitationKeyPatternTabViewModel.java	jabgui/src/main/java/org/jabref/gui/shared/SharedDatabaseUIManager.java	10	62	3	0.30	true	false
jabgui/src/main/java/org/jabref/gui/preferences/citationkeypattern/CitationKeyPatternTabViewModel.java	jabgui/src/main/java/org/jabref/migrations/PreferencesMigrations.java	10	87	3	0.30	true	false
jabgui/src/main/java/org/jabref/gui/preferences/citationkeypattern/CitationKeyPatternTabViewModel.java	jablib/src/main/java/org/jabref/logic/bibtex/comparator/MetaDataDiff.java	10	15	3	0.30	true	true
jabgui/src/main/java/org/jabref/gui/preferences/citationkeypattern/CitationKeyPatternTabViewModel.java	jablib/src/main/java/org/jabref/logic/preferences/CliPreferences.java	10	115	3	0.30	true	true
jabgui/src/main/java/org/jabref/gui/preferences/customimporter/CustomImporterTab.java	jabgui/src/main/java/org/jabref/gui/util/FileDialogConfiguration.java	101	10	3	0.30	true	false
jabgui/src/main/java/org/jabref/gui/preferences/customimporter/CustomImporterTabViewModel.java	jabgui/src/main/java/org/jabref/gui/preferences/table/TableTab.java	16	10	3	0.30	true	false
jabgui/src/main/java/org/jabref/gui/preferences/entryeditor/EntryEditorTab.java	jabgui/src/main/java/org/jabref/gui/preferences/table/TableTab.java	22	10	3	0.30	true	false
jabgui/src/main/java/org/jabref/gui/preferences/entryeditor/EntryEditorTabViewModel.java	jabgui/src/main/java/org/jabref/gui/preferences/groups/GroupsTab.java	25	10	3	0.30	true	false
jabgui/src/main/java/org/jabref/gui/preferences/entryeditor/EntryEditorTabViewModel.java	jabgui/src/main/java/org/jabref/gui/preferences/xmp/XmpPrivacyTabViewModel.java	25	10	3	0.30	true	false
jabgui/src/main/java/org/jabref/gui/preferences/external/ExternalTab.java	jabgui/src/main/java/org/jabref/gui/preferences/table/TableTab.java	18	10	3	0.30	true	false
jabgui/src/main/java/org/jabref/gui/preferences/external/ExternalTab.java	jabgui/src/main/java/org/jabref/gui/preferences/xmp/XmpPrivacyTabViewModel.java	18	10	3	0.30	true	false
jabgui/src/main/java/org/jabref/gui/preferences/external/ExternalTab.java	jabgui/src/main/java/org/jabref/gui/push/GuiPushToApplicationSettings.java	18	10	3	0.30	true	false
jabgui/src/main/java/org/jabref/gui/preferences/external/ExternalTabViewModel.java	jabgui/src/main/java/org/jabref/gui/preferences/groups/GroupsTab.java	16	10	3	0.30	true	false
jabgui/src/main/java/org/jabref/gui/preferences/general/GeneralTab.java	jabgui/src/main/java/org/jabref/gui/preferences/xmp/XmpPrivacyTabViewModel.java	55	10	3	0.30	true	false
jabgui/src/main/java/org/jabref/gui/preferences/general/GeneralTabViewModel.java	jablib/src/main/java/org/jabref/logic/InternalPreferences.java	79	10	3	0.30	true	true
jabgui/src/main/java/org/jabref/gui/preferences/general/GeneralTabViewModel.java	jablib/src/main/java/org/jabref/logic/exporter/Exporter.java	79	10	3	0.30	true	true
jabgui/src/main/java/org/jabref/gui/preferences/groups/GroupsTab.java	jabgui/src/main/java/org/jabref/gui/preferences/network/NetworkTabViewModel.java	10	23	3	0.30	true	false
jabgui/src/main/java/org/jabref/gui/preferences/groups/GroupsTab.java	jabgui/src/main/java/org/jabref/gui/preferences/table/TableTab.java	10	10	3	0.30	true	false
jabgui/src/main/java/org/jabref/gui/preferences/groups/GroupsTabViewModel.java	jabgui/src/main/java/org/jabref/gui/preferences/table/TableTab.java	11	10	3	0.30	true	false
jabgui/src/main/java/org/jabref/gui/preferences/network/NetworkTab.java	jabgui/src/main/java/org/jabref/gui/preferences/xmp/XmpPrivacyTabViewModel.java	21	10	3	0.30	true	false
jabgui/src/main/java/org/jabref/gui/preferences/network/NetworkTabViewModel.java	jabgui/src/main/java/org/jabref/gui/preferences/xmp/XmpPrivacyTabViewModel.java	23	10	3	0.30	true	false
jabgui/src/main/java/org/jabref/gui/preferences/preview/PreviewTab.java	jabgui/src/main/java/org/jabref/gui/preferences/table/TableTab.java	42	10	3	0.30	true	false
jabgui/src/main/java/org/jabref/gui/preferences/preview/PreviewTab.java	jabgui/src/main/java/org/jabref/gui/preferences/xmp/XmpPrivacyTabViewModel.java	42	10	3	0.30	true	false
jabgui/src/main/java/org/jabref/gui/preferences/preview/PreviewTab.java	jablib/src/main/java/org/jabref/logic/util/io/FileNameUniqueness.java	42	10	3	0.30	true	true
jabgui/src/main/java/org/jabref/gui/preferences/preview/PreviewTabViewModel.java	jabgui/src/main/java/org/jabref/gui/preferences/table/TableTab.java	46	10	3	0.30	true	false
jabgui/src/main/java/org/jabref/gui/preferences/preview/PreviewTabViewModel.java	jablib/src/main/java/org/jabref/logic/util/io/FileNameUniqueness.java	46	10	3	0.30	true	true
jabgui/src/main/java/org/jabref/gui/preferences/protectedterms/NewProtectedTermsFileDialog.java	jabgui/src/main/java/org/jabref/gui/util/FileDialogConfiguration.java	21	10	3	0.30	true	false
jabgui/src/main/java/org/jabref/gui/preferences/table/TableTab.java	jabgui/src/main/java/org/jabref/gui/preferences/xmp/XmpPrivacyTabViewModel.java	10	10	3	0.30	true	false
jabgui/src/main/java/org/jabref/gui/preferences/table/TableTab.java	jablib/src/main/java/org/jabref/logic/preferences/CliPreferences.java	10	115	3	0.30	true	true
jabgui/src/main/java/org/jabref/gui/preferences/xmp/XmpPrivacyTabViewModel.java	jabgui/src/main/java/org/jabref/gui/util/FieldsUtil.java	10	10	3	0.30	true	false
jabgui/src/main/java/org/jabref/gui/preview/PreviewPreferences.java	jablib/src/main/java/org/jabref/logic/util/io/FileNameUniqueness.java	20	10	3	0.30	true	true
jabgui/src/main/java/org/jabref/gui/preview/PreviewViewer.java	jablib/src/main/java/org/jabref/logic/util/io/FileNameUniqueness.java	58	10	3	0.30	true	true
jabgui/src/main/java/org/jabref/gui/push/GuiPushToApplicationSettings.java	jablib/src/main/java/org/jabref/logic/push/AbstractPushToApplication.java	10	50	3	0.30	true	true
jabgui/src/main/java/org/jabref/gui/push/GuiPushToApplicationSettings.java	jablib/src/main/java/org/jabref/logic/push/PushToApplication.java	10	22	3	0.30	true	true
jabgui/src/main/java/org/jabref/gui/push/GuiPushToApplicationSettings.java	jablib/src/main/java/org/jabref/logic/push/PushToEmacs.java	10	68	3	0.30	true	true
jabgui/src/main/java/org/jabref/gui/push/GuiPushToApplicationSettings.java	jablib/src/main/java/org/jabref/logic/push/PushToVim.java	10	58	3	0.30	true	true
jabgui/src/main/java/org/jabref/gui/texparser/ParseLatexDialogViewModel.java	jablib/src/main/java/org/jabref/logic/util/io/FileNameUniqueness.java	30	10	3	0.30	true	true
jabgui/src/main/java/org/jabref/gui/util/BindingsHelper.java	jablib/src/main/java/org/jabref/logic/remote/RemoteUtil.java	26	10	3	0.30	true	true
jabgui/src/main/java/org/jabref/gui/util/FileDialogConfiguration.java	jablib/src/main/java/org/jabref/logic/citationstyle/CitationStyle.java	10	41	3	0.30	true	true
jabgui/src/main/java/org/jabref/gui/util/FileDialogConfiguration.java	jablib/src/main/java/org/jabref/logic/util/FileType.java	10	19	3	0.30	true	true
jabgui/src/main/java/org/jabref/gui/util/FileNodeViewModel.java	jablib/src/main/java/org/jabref/logic/util/io/FileNameUniqueness.java	16	10	3	0.30	true	true
jabgui/src/main/java/org/jabref/migrations/CustomEntryTypePreferenceMigration.java	jablib/src/main/java/org/jabref/logic/remote/RemoteUtil.java	12	10	3	0.30	true	true
jabgui/src/main/java/org/jabref/migrations/PreferencesMigrations.java	jablib/src/main/java/org/jabref/logic/layout/LayoutFormatterPreferences.java	87	10	3	0.30	true	true
jabgui/src/main/java/org/jabref/migrations/PreferencesMigrations.java	jablib/src/main/java/org/jabref/logic/remote/RemoteUtil.java	87	10	3	0.30	true	true
jablib/src/main/java/module-info.java	jablib/src/main/java/org/jabref/logic/git/status/GitStatusChecker.java	56	10	3	0.30	true	false
jablib/src/main/java/org/jabref/logic/bibtex/BibEntryWriter.java	jablib/src/main/java/org/jabref/logic/layout/format/Iso690NamesAuthors.java	109	10	3	0.30	true	false
jablib/src/main/java/org/jabref/logic/bibtex/FieldPreferences.java	jablib/src/main/java/org/jabref/logic/journals/AbbreviationPreferences.java	13	10	3	0.30	true	false
jablib/src/main/java/org/jabref/logic/bibtex/comparator/EntryComparator.java	jablib/src/main/java/org/jabref/logic/layout/format/CreateDocBook4Editors.java	55	10	3	0.30	true	false
jablib/src/main/java/org/jabref/logic/bibtex/comparator/FieldComparator.java	jablib/src/main/java/org/jabref/logic/layout/format/AuthorOrgSci.java	72	10	3	0.30	true	false
jablib/src/main/java/org/jabref/logic/bst/util/BstNameFormatter.java	jablib/src/main/java/org/jabref/logic/remote/RemoteUtil.java	22	10	3	0.30	true	false
jablib/src/main/java/org/jabref/logic/bst/util/BstPurifier.java	jablib/src/main/java/org/jabref/logic/remote/RemoteUtil.java	11	10	3	0.30	true	false
jablib/src/main/java/org/jabref/logic/bst/util/BstTextPrefixer.java	jablib/src/main/java/org/jabref/logic/remote/RemoteUtil.java	11	10	3	0.30	true	false
jablib/src/main/java/org/jabref/logic/citationkeypattern/CitationKeyGenerator.java	jablib/src/main/java/org/jabref/logic/remote/RemoteUtil.java	201	10	3	0.30	true	false
jablib/src/main/java/org/jabref/logic/citationstyle/CitationStyleGenerator.java	jablib/src/main/java/org/jabref/logic/remote/RemoteUtil.java	20	10	3	0.30	true	false
jablib/src/main/java/org/jabref/logic/cleanup/ConvertToBiblatexCleanup.java	jablib/src/main/java/org/jabref/model/FieldChange.java	15	10	3	0.30	true	false
jablib/src/main/java/org/jabref/logic/cleanup/DoiCleanup.java	jablib/src/main/java/org/jabref/logic/cleanup/FileLinksCleanup.java	26	10	3	0.30	false	false
jablib/src/main/java/org/jabref/logic/cleanup/DoiCleanup.java	jablib/src/main/java/org/jabref/model/FieldChange.java	26	10	3	0.30	true	false
jablib/src/main/java/org/jabref/logic/cleanup/FieldFormatterCleanup.java	jablib/src/main/java/org/jabref/logic/cleanup/FileLinksCleanup.java	39	10	3	0.30	false	false
jablib/src/main/java/org/jabref/logic/cleanup/FileLinksCleanup.java	jablib/src/main/java/org/jabref/logic/integrity/FileChecker.java	10	10	3	0.30	true	false
jablib/src/main/java/org/jabref/logic/cleanup/FileLinksCleanup.java	jablib/src/main/java/org/jabref/logic/layout/format/FileLink.java	10	30	3	0.30	true	false
jablib/src/main/java/org/jabref/logic/cleanup/FileLinksCleanup.java	jablib/src/main/java/org/jabref/logic/layout/format/WrapFileLinks.java	10	46	3	0.30	true	false
jablib/src/main/java/org/jabref/logic/cleanup/FileLinksCleanup.java	jablib/src/main/java/org/jabref/logic/preferences/JabRefCliPreferences.java	10	1078	3	0.30	true	false
jablib/src/main/java/org/jabref/logic/cleanup/FileLinksCleanup.java	jablib/src/main/java/org/jabref/logic/util/io/DatabaseFileLookup.java	10	51	3	0.30	true	false
jablib/src/main/java/org/jabref/logic/cleanup/RelativePathsCleanup.java	jablib/src/main/java/org/jabref/logic/integrity/FileChecker.java	16	10	3	0.30	true	false
jablib/src/main/java/org/jabref/logic/database/DuplicateCheck.java	jablib/src/main/java/org/jabref/logic/remote/RemoteUtil.java	86	10	3	0.30	true	false
jablib/src/main/java/org/jabref/logic/exporter/Exporter.java	jablib/src/main/java/org/jabref/logic/exporter/MSBibExporter.java	10	31	3	0.30	false	false
jablib/src/main/java/org/jabref/logic/exporter/Exporter.java	jablib/src/main/java/org/jabref/logic/exporter/ModsExporter.java	10	37	3	0.30	false	false
jablib/src/main/java/org/jabref/logic/exporter/Exporter.java	jablib/src/main/java/org/jabref/logic/exporter/OpenDocumentSpreadsheetCreator.java	10	36	3	0.30	false	false
jablib/src/main/java/org/jabref/logic/exporter/Exporter.java	jablib/src/main/java/org/jabref/logic/exporter/OpenOfficeDocumentCreator.java	10	33	3	0.30	false	false
jablib/src/main/java/org/jabref/logic/exporter/Exporter.java	jablib/src/main/java/org/jabref/logic/importer/fileformat/BibtexImporter.java	10	40	3	0.30	true	false
jablib/src/main/java/org/jabref/logic/exporter/Exporter.java	jablib/src/main/java/org/jabref/logic/importer/fileformat/EndnoteImporter.java	10	70	3	0.30	true	false
jablib/src/main/java/org/jabref/logic/exporter/Exporter.java	jablib/src/main/java/org/jabref/logic/importer/fileformat/MrDLibImporter.java	10	26	3	0.30	true	false
jablib/src/main/java/org/jabref/logic/exporter/Exporter.java	jablib/src/main/java/org/jabref/logic/importer/fileformat/MsBibImporter.java	10	31	3	0.30	true	false
jablib/src/main/java/org/jabref/logic/exporter/Exporter.java	jablib/src/main/java/org/jabref/logic/importer/fileformat/pdf/PdfContentImporter.java	10	108	3	0.30	true	false
jablib/src/main/java/org/jabref/logic/exporter/MetaDataSerializer.java	jablib/src/main/java/org/jabref/logic/remote/RemoteUtil.java	34	10	3	0.30	true	false
jablib/src/main/java/org/jabref/logic/exporter/OpenDocumentSpreadsheetCreator.java	jablib/src/main/java/org/jabref/logic/layout/format/Iso690NamesAuthors.java	36	10	3	0.30	true	false
jablib/src/main/java/org/jabref/logic/externalfiles/ExternalFilesContentImporter.java	jablib/src/main/java/org/jabref/logic/importer/fileformat/pdf/PdfEmbeddedBibFileImporter.java	13	10	3	0.30	true	false
jablib/src/main/java/org/jabref/logic/formatter/Formatters.java	jablib/src/main/java/org/jabref/logic/remote/RemoteUtil.java	34	10	3	0.30	true	false
jablib/src/main/java/org/jabref/logic/formatter/bibtexfields/RegexFormatter.java	jablib/src/main/java/org/jabref/logic/formatter/bibtexfields/RemoveEnclosingBracesFormatter.java	13	10	3	0.30	false	false
jablib/src/main/java/org/jabref/logic/formatter/bibtexfields/RemoveEnclosingBracesFormatter.java	jablib/src/main/java/org/jabref/logic/layout/format/LatexToUnicodeFormatter.java	10	31	3	0.30	true	false
jablib/src/main/java/org/jabref/logic/importer/Importer.java	jablib/src/main/java/org/jabref/logic/importer/fileformat/pdf/PdfEmbeddedBibFileImporter.java	47	10	3	0.30	true	false
jablib/src/main/java/org/jabref/logic/importer/WebFetchers.java	jablib/src/main/java/org/jabref/logic/remote/RemoteUtil.java	102	10	3	0.30	true	false
jablib/src/main/java/org/jabref/logic/importer/fileformat/BibtexImporter.java	jablib/src/main/java/org/jabref/logic/importer/fileformat/pdf/PdfEmbeddedBibFileImporter.java	40	10	3	0.30	true	false
jablib/src/main/java/org/jabref/logic/importer/fileformat/BibtexParser.java	jablib/src/main/java/org/jabref/logic/importer/fileformat/pdf/PdfEmbeddedBibFileImporter.java	297	10	3	0.30	true	false
jablib/src/main/java/org/jabref/logic/importer/fileformat/BibtexParser.java	jablib/src/main/java/org/jabref/logic/layout/format/Iso690NamesAuthors.java	297	10	3	0.30	true	false
jablib/src/main/java/org/jabref/logic/importer/fileformat/EndnoteImporter.java	jablib/src/main/java/org/jabref/logic/layout/format/CreateDocBook4Editors.java	70	10	3	0.30	true	false
jablib/src/main/java/org/jabref/logic/importer/fileformat/InspecImporter.java	jablib/src/main/java/org/jabref/logic/importer/fileformat/pdf/PdfEmbeddedBibFileImporter.java	44	10	3	0.30	true	false
jablib/src/main/java/org/jabref/logic/importer/fileformat/ModsImporter.java	jablib/src/main/java/org/jabref/logic/importer/fileformat/pdf/PdfEmbeddedBibFileImporter.java	31	10	3	0.30	true	false
jablib/src/main/java/org/jabref/logic/importer/fileformat/MrDLibImporter.java	jablib/src/main/java/org/jabref/logic/importer/fileformat/pdf/PdfEmbeddedBibFileImporter.java	26	10	3	0.30	true	false
jablib/src/main/java/org/jabref/logic/importer/fileformat/OvidImporter.java	jablib/src/main/java/org/jabref/logic/importer/fileformat/pdf/PdfEmbeddedBibFileImporter.java	57	10	3	0.30	true	false
jablib/src/main/java/org/jabref/logic/importer/fileformat/RisImporter.java	jablib/src/main/java/org/jabref/logic/importer/fileformat/pdf/PdfEmbeddedBibFileImporter.java	94	10	3	0.30	true	false
jablib/src/main/java/org/jabref/logic/importer/fileformat/pdf/PdfEmbeddedBibFileImporter.java	jablib/src/main/java/org/jabref/logic/importer/util/GrobidService.java	10	20	3	0.30	true	false
jablib/src/main/java/org/jabref/logic/importer/util/FileFieldParser.java	jablib/src/main/java/org/jabref/logic/remote/RemoteUtil.java	30	10	3	0.30	true	false
jablib/src/main/java/org/jabref/logic/importer/util/GroupsParser.java	jablib/src/main/java/org/jabref/logic/remote/RemoteUtil.java	45	10	3	0.30	true	false
jablib/src/main/java/org/jabref/logic/importer/util/GroupsParser.java	test-support/src/main/java/org/jabref/support/BibEntryAssert.java	45	10	3	0.30	true	true
jablib/src/main/java/org/jabref/logic/importer/util/MetaDataParser.java	jablib/src/main/java/org/jabref/logic/remote/RemoteUtil.java	47	10	3	0.30	true	false
jablib/src/main/java/org/jabref/logic/integrity/EditionChecker.java	jablib/src/main/java/org/jabref/logic/integrity/FileChecker.java	16	10	3	0.30	false	false
jablib/src/main/java/org/jabref/logic/integrity/EditionChecker.java	jablib/src/main/java/org/jabref/logic/integrity/PersonNamesChecker.java	16	10	3	0.30	false	false
jablib/src/main/java/org/jabref/logic/integrity/FieldCheckers.java	jablib/src/main/java/org/jabref/logic/remote/RemoteUtil.java	24	10	3	0.30	true	false
jablib/src/main/java/org/jabref/logic/integrity/FileChecker.java	jablib/src/main/java/org/jabref/logic/integrity/PersonNamesChecker.java	10	10	3	0.30	false	false
jablib/src/main/java/org/jabref/logic/integrity/FileChecker.java	jablib/src/main/java/org/jabref/logic/layout/format/FileLink.java	10	30	3	0.30	true	false
jablib/src/main/java/org/jabref/logic/integrity/FileChecker.java	jablib/src/main/java/org/jabref/logic/layout/format/WrapFileLinks.java	10	46	3	0.30	true	false
jablib/src/main/java/org/jabref/logic/integrity/FileChecker.java	jablib/src/main/java/org/jabref/logic/util/io/DatabaseFileLookup.java	10	51	3	0.30	true	false
jablib/src/main/java/org/jabref/logic/integrity/FileChecker.java	jablib/src/main/java/org/jabref/logic/util/io/FileUtil.java	10	142	3	0.30	true	false
jablib/src/main/java/org/jabref/logic/integrity/ISSNChecker.java	jablib/src/main/java/org/jabref/logic/integrity/PersonNamesChecker.java	13	10	3	0.30	false	false
jablib/src/main/java/org/jabref/logic/integrity/PagesChecker.java	jablib/src/main/java/org/jabref/logic/integrity/PersonNamesChecker.java	12	10	3	0.30	false	false
jablib/src/main/java/org/jabref/logic/journals/Abbreviation.java	jablib/src/main/java/org/jabref/logic/journals/AbbreviationPreferences.java	20	10	3	0.30	false	false
jablib/src/main/java/org/jabref/logic/journals/AbbreviationPreferences.java	jablib/src/main/java/org/jabref/logic/layout/format/JournalAbbreviator.java	10	11	3	0.30	true	false
jablib/src/main/java/org/jabref/logic/l10n/Localization.java	jablib/src/main/java/org/jabref/logic/remote/RemoteUtil.java	65	10	3	0.30	true	false
jablib/src/main/java/org/jabref/logic/layout/Layout.java	jablib/src/main/java/org/jabref/logic/layout/LayoutFormatterPreferences.java	53	10	3	0.30	false	false
jablib/src/main/java/org/jabref/logic/layout/LayoutFormatterPreferences.java	jablib/src/main/java/org/jabref/logic/layout/LayoutHelper.java	10	63	3	0.30	false	false
jablib/src/main/java/org/jabref/logic/layout/LayoutFormatterPreferences.java	jablib/src/main/java/org/jabref/logic/layout/format/FileLink.java	10	30	3	0.30	true	false
jablib/src/main/java/org/jabref/logic/layout/LayoutFormatterPreferences.java	jablib/src/main/java/org/jabref/logic/layout/format/WrapFileLinks.java	10	46	3	0.30	true	false
jablib/src/main/java/org/jabref/logic/layout/LayoutFormatterPreferences.java	jablib/src/main/java/org/jabref/logic/preferences/CliPreferences.java	10	115	3	0.30	true	false
jablib/src/main/java/org/jabref/logic/layout/LayoutHelper.java	jablib/src/main/java/org/jabref/logic/layout/format/Iso690NamesAuthors.java	63	10	3	0.30	true	false
jablib/src/main/java/org/jabref/logic/layout/format/AuthorAndsCommaReplacer.java	jablib/src/main/java/org/jabref/logic/layout/format/Iso690NamesAuthors.java	11	10	3	0.30	false	false
jablib/src/main/java/org/jabref/logic/layout/format/AuthorAndsReplacer.java	jablib/src/main/java/org/jabref/logic/layout/format/Iso690NamesAuthors.java	11	10	3	0.30	false	false
jablib/src/main/java/org/jabref/logic/layout/format/AuthorFirstFirst.java	jablib/src/main/java/org/jabref/logic/layout/format/AuthorOrgSci.java	14	10	3	0.30	false	false
jablib/src/main/java/org/jabref/logic/layout/format/AuthorOrgSci.java	jablib/src/main/java/org/jabref/model/entry/Author.java	10	17	3	0.30	true	false
jablib/src/main/java/org/jabref/logic/layout/format/Iso690NamesAuthors.java	jablib/src/main/java/org/jabref/logic/msbib/MSBibEntry.java	10	74	3	0.30	true	false
jablib/src/main/java/org/jabref/logic/layout/format/Iso690NamesAuthors.java	jablib/src/main/java/org/jabref/logic/preferences/JabRefCliPreferences.java	10	1078	3	0.30	true	false
jablib/src/main/java/org/jabref/logic/msbib/BibTeXConverter.java	jablib/src/main/java/org/jabref/logic/remote/RemoteUtil.java	23	10	3	0.30	true	false
jablib/src/main/java/org/jabref/logic/msbib/MSBibConverter.java	jablib/src/main/java/org/jabref/logic/remote/RemoteUtil.java	30	10	3	0.30	true	false
jablib/src/main/java/org/jabref/logic/msbib/MSBibMapping.java	jablib/src/main/java/org/jabref/logic/remote/RemoteUtil.java	24	10	3	0.30	true	false
jablib/src/main/java/org/jabref/logic/preferences/JabRefCliPreferences.java	jablib/src/main/java/org/jabref/logic/remote/RemoteUtil.java	1078	10	3	0.30	true	false
jablib/src/main/java/org/jabref/logic/preferences/JabRefCliPreferences.java	test-support/src/main/java/org/jabref/support/BibEntryAssert.java	1078	10	3	0.30	true	true
jablib/src/main/java/org/jabref/logic/remote/Protocol.java	jablib/src/main/java/org/jabref/logic/remote/RemoteUtil.java	12	10	3	0.30	false	false
jablib/src/main/java/org/jabref/logic/remote/RemoteUtil.java	jablib/src/main/java/org/jabref/logic/remote/server/RemoteListenerServer.java	10	18	3	0.30	true	false
jablib/src/main/java/org/jabref/logic/remote/RemoteUtil.java	jablib/src/main/java/org/jabref/logic/util/MetadataSerializationConfiguration.java	10	18	3	0.30	true	false
jablib/src/main/java/org/jabref/logic/remote/RemoteUtil.java	jablib/src/main/java/org/jabref/logic/util/TestEntry.java	10	11	3	0.30	true	false
jablib/src/main/java/org/jabref/logic/remote/RemoteUtil.java	jablib/src/main/java/org/jabref/logic/util/UpdateField.java	10	20	3	0.30	true	false
jablib/src/main/java/org/jabref/logic/remote/RemoteUtil.java	jablib/src/main/java/org/jabref/logic/util/io/FileFinder.java	10	31	3	0.30	true	false
jablib/src/main/java/org/jabref/logic/remote/RemoteUtil.java	jablib/src/main/java/org/jabref/logic/util/io/FileNameCleaner.java	10	19	3	0.30	true	false
jablib/src/main/java/org/jabref/logic/remote/RemoteUtil.java	jablib/src/main/java/org/jabref/logic/util/io/RegExpBasedFileFinder.java	10	59	3	0.30	true	false
jablib/src/main/java/org/jabref/logic/remote/RemoteUtil.java	jablib/src/main/java/org/jabref/logic/util/io/XMLUtil.java	10	11	3	0.30	true	false
jablib/src/main/java/org/jabref/logic/remote/RemoteUtil.java	jablib/src/main/java/org/jabref/logic/util/strings/HTMLUnicodeConversionMaps.java	10	29	3	0.30	true	false
jablib/src/main/java/org/jabref/logic/remote/RemoteUtil.java	jablib/src/main/java/org/jabref/model/database/BibDatabaseModeDetection.java	10	19	3	0.30	true	false
jablib/src/main/java/org/jabref/logic/remote/RemoteUtil.java	jablib/src/main/java/org/jabref/model/database/BibDatabases.java	10	12	3	0.30	true	false
jablib/src/main/java/org/jabref/logic/remote/RemoteUtil.java	jablib/src/main/java/org/jabref/model/entry/CanonicalBibEntry.java	10	18	3	0.30	true	false
jablib/src/main/java/org/jabref/logic/remote/RemoteUtil.java	jablib/src/main/java/org/jabref/model/entry/EntryConverter.java	10	13	3	0.30	true	false
jablib/src/main/java/org/jabref/logic/remote/RemoteUtil.java	jablib/src/main/java/org/jabref/model/entry/types/BiblatexEntryTypeDefinitions.java	10	46	3	0.30	true	false
jablib/src/main/java/org/jabref/logic/remote/RemoteUtil.java	jablib/src/main/java/org/jabref/model/entry/types/BibtexEntryTypeDefinitions.java	10	45	3	0.30	true	false
jablib/src/main/java/org/jabref/logic/remote/RemoteUtil.java	jablib/src/main/java/org/jabref/model/entry/types/IEEETranEntryTypeDefinitions.java	10	23	3	0.30	true	false
jablib/src/main/java/org/jabref/logic/util/DelayTaskThrottler.java	jablib/src/main/java/org/jabref/logic/util/HeadlessExecutorService.java	10	34	3	0.30	false	false
jablib/src/main/java/org/jabref/logic/util/URLUtil.java	jablib/src/main/java/org/jabref/logic/util/io/FileNameUniqueness.java	14	10	3	0.30	true	false
jablib/src/main/java/org/jabref/model/FieldChange.java	jablib/src/main/java/org/jabref/model/database/BibDatabase.java	10	209	3	0.30	true	false
jablib/src/main/java/org/jabref/model/FieldChange.java	jablib/src/main/java/org/jabref/model/entry/event/FieldChangedEvent.java	10	16	3	0.30	true	false
jablib/src/main/java/org/jabref/model/groups/AbstractGroup.java	jablib/src/main/java/org/jabref/model/groups/SearchGroup.java	58	10	3	0.30	false	false
jablib/src/main/java/org/jabref/model/groups/ExplicitGroup.java	jablib/src/main/java/org/jabref/model/groups/SearchGroup.java	81	10	3	0.30	false	false
jablib/src/main/java/org/jabref/model/groups/KeywordGroup.java	jablib/src/main/java/org/jabref/model/groups/SearchGroup.java	93	10	3	0.30	false	false
jablib/src/main/java/org/jabref/model/groups/TexGroup.java	test-support/src/main/java/org/jabref/support/BibEntryAssert.java	14	10	3	0.30	true	true
